solid OpenSCAD_Model
  facet normal 0 0 1
    outer loop
      vertex -97.6796291321516 62.694095224142075 17.45
      vertex -93.09796092946789 62.026374347597034 17.45
      vertex -92.87500000000001 62.175352077758106 17.45
    endloop
  endfacet
  facet normal 0 0 1
    outer loop
      vertex -97.6796291321516 62.694095224142075 17.45
      vertex -92.63450103634844 62.293953041648145 17.45
      vertex -92.38057904246017 62.380147943892595 17.45
    endloop
  endfacet
  facet normal 0 0 1
    outer loop
      vertex -97.6796291321516 62.694095224142075 17.45
      vertex -92.87500000000001 62.175352077758106 17.45
      vertex -92.63450103634844 62.293953041648145 17.45
    endloop
  endfacet
  facet normal 0 0 1
    outer loop
      vertex -97.6796291321516 62.694095224142075 17.45
      vertex -92.38057904246017 62.380147943892595 17.45
      vertex -92.11757869405112 62.432461965816316 17.45
    endloop
  endfacet
  facet normal 0 0 1
    outer loop
      vertex -97.6796291321516 62.694095224142075 17.45
      vertex -92.11757869405112 62.432461965816316 17.45
      vertex -91.85000000000001 62.45 17.45
    endloop
  endfacet
  facet normal 0 0 1
    outer loop
      vertex -97.80722431093454 62.052630960941315 17.45
      vertex -97.85000000149012 61.399999998509884 17.45
      vertex -93.62535207775811 59.37500000000001 17.45
    endloop
  endfacet
  facet normal 0 0 1
    outer loop
      vertex -97.6796291321516 62.694095224142075 17.45
      vertex -97.80722431093454 62.052630960941315 17.45
      vertex -93.29956890143244 61.84956890143243 17.45
    endloop
  endfacet
  facet normal 0 0 1
    outer loop
      vertex -97.80722431093454 62.052630960941315 17.45
      vertex -93.47637434759704 61.647960929467885 17.45
      vertex -93.29956890143244 61.84956890143243 17.45
    endloop
  endfacet
  facet normal 0 0 1
    outer loop
      vertex -97.80722431093454 62.052630960941315 17.45
      vertex -93.74395304164814 61.184501036348436 17.45
      vertex -93.62535207775811 61.425000000000004 17.45
    endloop
  endfacet
  facet normal 0 0 1
    outer loop
      vertex -97.80722431093454 62.052630960941315 17.45
      vertex -93.62535207775811 61.425000000000004 17.45
      vertex -93.47637434759704 61.647960929467885 17.45
    endloop
  endfacet
  facet normal 0 0 1
    outer loop
      vertex -97.80722431093454 62.052630960941315 17.45
      vertex -93.8301479438926 60.930579042460174 17.45
      vertex -93.74395304164814 61.184501036348436 17.45
    endloop
  endfacet
  facet normal 0 0 1
    outer loop
      vertex -97.80722431093454 62.052630960941315 17.45
      vertex -93.88246196581632 60.66757869405111 17.45
      vertex -93.8301479438926 60.930579042460174 17.45
    endloop
  endfacet
  facet normal 0 0 1
    outer loop
      vertex -97.80722431093454 62.052630960941315 17.45
      vertex -93.9 60.400000000000006 17.45
      vertex -93.88246196581632 60.66757869405111 17.45
    endloop
  endfacet
  facet normal 0 0 1
    outer loop
      vertex -97.80722431093454 62.052630960941315 17.45
      vertex -93.88246196581632 60.1324213059489 17.45
      vertex -93.9 60.400000000000006 17.45
    endloop
  endfacet
  facet normal 0 0 1
    outer loop
      vertex -97.80722431093454 62.052630960941315 17.45
      vertex -93.8301479438926 59.86942095753984 17.45
      vertex -93.88246196581632 60.1324213059489 17.45
    endloop
  endfacet
  facet normal 0 0 1
    outer loop
      vertex -97.80722431093454 62.052630960941315 17.45
      vertex -93.74395304164814 59.615498963651575 17.45
      vertex -93.8301479438926 59.86942095753984 17.45
    endloop
  endfacet
  facet normal 0 0 1
    outer loop
      vertex -97.80722431093454 62.052630960941315 17.45
      vertex -93.62535207775811 59.37500000000001 17.45
      vertex -93.74395304164814 59.615498963651575 17.45
    endloop
  endfacet
  facet normal 0 0 1
    outer loop
      vertex -97.85000000149012 61.399999998509884 17.45
      vertex -93.47637434759704 59.152039070532126 17.45
      vertex -93.62535207775811 59.37500000000001 17.45
    endloop
  endfacet
  facet normal 0 0 1
    outer loop
      vertex -97.85000000149012 61.399999998509884 17.45
      vertex -93.29956890143244 58.950431098567584 17.45
      vertex -93.47637434759704 59.152039070532126 17.45
    endloop
  endfacet
  facet normal 0 0 1
    outer loop
      vertex -97.6796291321516 62.694095224142075 17.45
      vertex -93.29956890143244 61.84956890143243 17.45
      vertex -93.09796092946789 62.026374347597034 17.45
    endloop
  endfacet
  facet normal 0 0 1
    outer loop
      vertex -97.85000000149012 61.399999998509884 17.45
      vertex -93.09796092946789 58.77362565240298 17.45
      vertex -93.29956890143244 58.950431098567584 17.45
    endloop
  endfacet
  facet normal 0 0 1
    outer loop
      vertex -97.85000000149012 61.399999998509884 17.45
      vertex -92.87500000000001 58.624647922241905 17.45
      vertex -93.09796092946789 58.77362565240298 17.45
    endloop
  endfacet
  facet normal 0 0 1
    outer loop
      vertex -97.85000000149012 61.399999998509884 17.45
      vertex -87.28873068839312 55.248036570847034 17.45
      vertex -92.87500000000001 58.624647922241905 17.45
    endloop
  endfacet
  facet normal 0 0 1
    outer loop
      vertex -86.69803657382727 55.838730685412884 17.45
      vertex -90.07464792224191 59.37500000000001 17.45
      vertex -90.22362565240297 59.152039070532126 17.45
    endloop
  endfacet
  facet normal 0 0 1
    outer loop
      vertex -86.35000000149012 56.07128129154444 17.45
      vertex -89.95604695835188 59.615498963651575 17.45
      vertex -90.07464792224191 59.37500000000001 17.45
    endloop
  endfacet
  facet normal 0 0 1
    outer loop
      vertex -87.28873068839312 55.248036570847034 17.45
      vertex -92.63450103634844 58.50604695835187 17.45
      vertex -92.87500000000001 58.624647922241905 17.45
    endloop
  endfacet
  facet normal 0 0 1
    outer loop
      vertex -87.28873068839312 55.248036570847034 17.45
      vertex -92.38057904246017 58.419852056107416 17.45
      vertex -92.63450103634844 58.50604695835187 17.45
    endloop
  endfacet
  facet normal 0 0 1
    outer loop
      vertex -87.28873068839312 55.248036570847034 17.45
      vertex -92.11757869405112 58.367538034183696 17.45
      vertex -92.38057904246017 58.419852056107416 17.45
    endloop
  endfacet
  facet normal 0 0 1
    outer loop
      vertex -97.85000000149012 61.399999998509884 17.45
      vertex -87.52128129452467 54.899999998509884 17.45
      vertex -87.28873068839312 55.248036570847034 17.45
    endloop
  endfacet
  facet normal 0 0 1
    outer loop
      vertex -87.28873068839312 55.248036570847034 17.45
      vertex -91.85000000000001 58.35000000000001 17.45
      vertex -92.11757869405112 58.367538034183696 17.45
    endloop
  endfacet
  facet normal 0 0 1
    outer loop
      vertex -87.28873068839312 55.248036570847034 17.45
      vertex -91.5824213059489 58.367538034183696 17.45
      vertex -91.85000000000001 58.35000000000001 17.45
    endloop
  endfacet
  facet normal 0 0 1
    outer loop
      vertex -97.85000000149012 61.399999998509884 17.45
      vertex -87.70641450583935 54.524586983025074 17.45
      vertex -87.52128129452467 54.899999998509884 17.45
    endloop
  endfacet
  facet normal 0 0 1
    outer loop
      vertex -97.85000000149012 61.399999998509884 17.45
      vertex -87.84096264094114 54.128220938146114 17.45
      vertex -87.70641450583935 54.524586983025074 17.45
    endloop
  endfacet
  facet normal 0 0 1
    outer loop
      vertex -97.85000000149012 61.399999998509884 17.45
      vertex -87.92262355983257 53.717683814466 17.45
      vertex -87.84096264094114 54.128220938146114 17.45
    endloop
  endfacet
  facet normal 0 0 1
    outer loop
      vertex -97.85000000149012 61.399999998509884 17.45
      vertex -87.95000000298023 53.29999999701977 17.45
      vertex -87.92262355983257 53.717683814466 17.45
    endloop
  endfacet
  facet normal 0 0 1
    outer loop
      vertex -87.28873068839312 55.248036570847034 17.45
      vertex -91.31942095753985 58.419852056107416 17.45
      vertex -91.5824213059489 58.367538034183696 17.45
    endloop
  endfacet
  facet normal 0 0 1
    outer loop
      vertex -87.28873068839312 55.248036570847034 17.45
      vertex -91.06549896365158 58.50604695835187 17.45
      vertex -91.31942095753985 58.419852056107416 17.45
    endloop
  endfacet
  facet normal 0 0 1
    outer loop
      vertex -87.28873068839312 55.248036570847034 17.45
      vertex -90.825 58.624647922241905 17.45
      vertex -91.06549896365158 58.50604695835187 17.45
    endloop
  endfacet
  facet normal 0 0 1
    outer loop
      vertex -87.28873068839312 55.248036570847034 17.45
      vertex -90.60203907053213 58.77362565240298 17.45
      vertex -90.825 58.624647922241905 17.45
    endloop
  endfacet
  facet normal 0 0 1
    outer loop
      vertex -86.69803657382727 55.838730685412884 17.45
      vertex -90.22362565240297 59.152039070532126 17.45
      vertex -90.40043109856758 58.950431098567584 17.45
    endloop
  endfacet
  facet normal 0 0 1
    outer loop
      vertex -87.0127416998148 55.562741696834564 17.45
      vertex -90.40043109856758 58.950431098567584 17.45
      vertex -90.60203907053213 58.77362565240298 17.45
    endloop
  endfacet
  facet normal 0 0 1
    outer loop
      vertex -86.35000000149012 56.07128129154444 17.45
      vertex -90.07464792224191 59.37500000000001 17.45
      vertex -86.69803657382727 55.838730685412884 17.45
    endloop
  endfacet
  facet normal 0 0 1
    outer loop
      vertex -85.57822094112635 56.39096263796091 17.45
      vertex -89.95604695835188 59.615498963651575 17.45
      vertex -85.9745869860053 56.256414502859116 17.45
    endloop
  endfacet
  facet normal 0 0 1
    outer loop
      vertex -85.9745869860053 56.256414502859116 17.45
      vertex -89.95604695835188 59.615498963651575 17.45
      vertex -86.35000000149012 56.07128129154444 17.45
    endloop
  endfacet
  facet normal 0 0 1
    outer loop
      vertex -86.69803657382727 55.838730685412884 17.45
      vertex -90.40043109856758 58.950431098567584 17.45
      vertex -87.0127416998148 55.562741696834564 17.45
    endloop
  endfacet
  facet normal 0 0 1
    outer loop
      vertex -87.0127416998148 55.562741696834564 17.45
      vertex -90.60203907053213 58.77362565240298 17.45
      vertex -87.28873068839312 55.248036570847034 17.45
    endloop
  endfacet
  facet normal 0 0 1
    outer loop
      vertex -85.16768381744623 56.47262355685234 17.45
      vertex -89.95604695835188 59.615498963651575 17.45
      vertex -85.57822094112635 56.39096263796091 17.45
    endloop
  endfacet
  facet normal 0 0 1
    outer loop
      vertex -84.75 56.5 17.45
      vertex -89.95604695835188 59.615498963651575 17.45
      vertex -85.16768381744623 56.47262355685234 17.45
    endloop
  endfacet
  facet normal 0 0 1
    outer loop
      vertex -82.10000000149012 51.19903810322285 17.45
      vertex -85.11190908402205 53.27057423442602 17.45
      vertex -85.26597385853529 53.04000000655651 17.45
    endloop
  endfacet
  facet normal 0 0 1
    outer loop
      vertex -82.41066017001867 50.96066016703844 17.45
      vertex -85.26597385853529 53.04000000655651 17.45
      vertex -85.3886246085167 52.79128888249397 17.45
    endloop
  endfacet
  facet normal 0 0 1
    outer loop
      vertex -82.54003001004457 50.81314214318991 17.45
      vertex -85.3886246085167 52.79128888249397 17.45
      vertex -85.47776275128126 52.52869638055563 17.45
    endloop
  endfacet
  facet normal 0 0 1
    outer loop
      vertex -81.35000000149012 51.399999998509884 17.45
      vertex -84.49000000208616 53.81597386300564 17.45
      vertex -84.72057422995567 53.66190908849239 17.45
    endloop
  endfacet
  facet normal 0 0 1
    outer loop
      vertex -81.35000000149012 51.399999998509884 17.45
      vertex -84.24128887802362 53.93862461298704 17.45
      vertex -84.49000000208616 53.81597386300564 17.45
    endloop
  endfacet
  facet normal 0 0 1
    outer loop
      vertex -81.35000000149012 51.399999998509884 17.45
      vertex -83.97869637608528 54.02776275575161 17.45
      vertex -84.24128887802362 53.93862461298704 17.45
    endloop
  endfacet
  facet normal 0 0 1
    outer loop
      vertex -81.35000000149012 51.399999998509884 17.45
      vertex -83.70671552419662 54.08186311274767 17.45
      vertex -83.97869637608528 54.02776275575161 17.45
    endloop
  endfacet
  facet normal 0 0 1
    outer loop
      vertex -81.35000000149012 51.399999998509884 17.45
      vertex -83.42999999970198 54.100000001490116 17.45
      vertex -83.70671552419662 54.08186311274767 17.45
    endloop
  endfacet
  facet normal 0 0 1
    outer loop
      vertex -81.54578928649426 51.387167289853096 17.45
      vertex -84.92906637489796 53.479066379368305 17.45
      vertex -85.11190908402205 53.27057423442602 17.45
    endloop
  endfacet
  facet normal 0 0 1
    outer loop
      vertex -81.35000000149012 51.399999998509884 17.45
      vertex -84.72057422995567 53.66190908849239 17.45
      vertex -84.92906637489796 53.479066379368305 17.45
    endloop
  endfacet
  facet normal 0 0 1
    outer loop
      vertex -82.10000000149012 51.19903810322285 17.45
      vertex -81.9240251481533 51.28581929951906 17.45
      vertex -85.11190908402205 53.27057423442602 17.45
    endloop
  endfacet
  facet normal 0 0 1
    outer loop
      vertex -81.9240251481533 51.28581929951906 17.45
      vertex -81.7382285669446 51.348888739943504 17.45
      vertex -85.11190908402205 53.27057423442602 17.45
    endloop
  endfacet
  facet normal 0 0 1
    outer loop
      vertex -81.54578928649426 51.387167289853096 17.45
      vertex -85.11190908402205 53.27057423442602 17.45
      vertex -81.7382285669446 51.348888739943504 17.45
    endloop
  endfacet
  facet normal 0 0 1
    outer loop
      vertex -81.54578928649426 51.387167289853096 17.45
      vertex -81.35000000149012 51.399999998509884 17.45
      vertex -84.92906637489796 53.479066379368305 17.45
    endloop
  endfacet
  facet normal 0 0 1
    outer loop
      vertex -82.64903810620308 50.649999998509884 17.45
      vertex -85.47776275128126 52.52869638055563 17.45
      vertex -85.53186310827732 52.25671552866697 17.45
    endloop
  endfacet
  facet normal 0 0 1
    outer loop
      vertex -82.79888874292374 50.28822856396437 17.45
      vertex -85.53186310827732 52.25671552866697 17.45
      vertex -85.54999999701977 51.980000004172325 17.45
    endloop
  endfacet
  facet normal 0 0 1
    outer loop
      vertex -82.41066017001867 50.96066016703844 17.45
      vertex -85.3886246085167 52.79128888249397 17.45
      vertex -82.54003001004457 50.81314214318991 17.45
    endloop
  endfacet
  facet normal 0 0 1
    outer loop
      vertex -82.64903810620308 50.649999998509884 17.45
      vertex -82.54003001004457 50.81314214318991 17.45
      vertex -85.47776275128126 52.52869638055563 17.45
    endloop
  endfacet
  facet normal 0 0 1
    outer loop
      vertex -82.64903810620308 50.649999998509884 17.45
      vertex -85.53186310827732 52.25671552866697 17.45
      vertex -82.7358193024993 50.47402514517307 17.45
    endloop
  endfacet
  facet normal 0 0 1
    outer loop
      vertex -82.7358193024993 50.47402514517307 17.45
      vertex -85.53186310827732 52.25671552866697 17.45
      vertex -82.79888874292374 50.28822856396437 17.45
    endloop
  endfacet
  facet normal 0 0 1
    outer loop
      vertex -82.26314214617014 51.09003000706434 17.45
      vertex -82.10000000149012 51.19903810322285 17.45
      vertex -85.26597385853529 53.04000000655651 17.45
    endloop
  endfacet
  facet normal 0 0 1
    outer loop
      vertex -82.41066017001867 50.96066016703844 17.45
      vertex -82.26314214617014 51.09003000706434 17.45
      vertex -85.26597385853529 53.04000000655651 17.45
    endloop
  endfacet
  facet normal 0 0 1
    outer loop
      vertex -82.79888874292374 50.28822856396437 17.45
      vertex -85.54999999701977 51.980000004172325 17.45
      vertex -82.83716729283333 50.09578928351402 17.45
    endloop
  endfacet
  facet normal 0 0 1
    outer loop
      vertex -82.83716729283333 50.09578928351402 17.45
      vertex -85.54999999701977 51.980000004172325 17.45
      vertex -82.85000000149012 49.899999998509884 17.45
    endloop
  endfacet
  facet normal 0 0 1
    outer loop
      vertex -97.85000000149012 61.399999998509884 17.45
      vertex -90.60203907053213 1.626374347597032 17.45
      vertex -87.95000000298023 53.29999999701977 17.45
    endloop
  endfacet
  facet normal 0 0 1
    outer loop
      vertex -97.46939766407013 63.3134171590209 17.45
      vertex -97.6796291321516 62.694095224142075 17.45
      vertex -1.025 62.175352077758106 17.45
    endloop
  endfacet
  facet normal 0 0 1
    outer loop
      vertex -97.6796291321516 62.694095224142075 17.45
      vertex -91.85000000000001 62.45 17.45
      vertex -1.2479609294678773 58.77362565240298 17.45
    endloop
  endfacet
  facet normal 0 0 1
    outer loop
      vertex -91.85000000000001 62.45 17.45
      vertex -91.5824213059489 62.432461965816316 17.45
      vertex -1.2479609294678773 58.77362565240298 17.45
    endloop
  endfacet
  facet normal 0 0 1
    outer loop
      vertex 0.506772579769887 56.5 17.45
      vertex -91.5824213059489 62.432461965816316 17.45
      vertex -91.31942095753985 62.380147943892595 17.45
    endloop
  endfacet
  facet normal 0 0 1
    outer loop
      vertex 0.506772579769887 56.5 17.45
      vertex -91.31942095753985 62.380147943892595 17.45
      vertex -91.06549896365158 62.293953041648145 17.45
    endloop
  endfacet
  facet normal 0 0 1
    outer loop
      vertex 0.506772579769887 56.5 17.45
      vertex -91.06549896365158 62.293953041648145 17.45
      vertex -90.825 62.175352077758106 17.45
    endloop
  endfacet
  facet normal 0 0 1
    outer loop
      vertex 0.506772579769887 56.5 17.45
      vertex -90.825 62.175352077758106 17.45
      vertex -90.60203907053213 62.026374347597034 17.45
    endloop
  endfacet
  facet normal 0 0 1
    outer loop
      vertex 0.506772579769887 56.5 17.45
      vertex -90.60203907053213 62.026374347597034 17.45
      vertex -90.40043109856758 61.84956890143243 17.45
    endloop
  endfacet
  facet normal 0 0 1
    outer loop
      vertex 0.506772579769887 56.5 17.45
      vertex -90.40043109856758 61.84956890143243 17.45
      vertex -90.22362565240297 61.647960929467885 17.45
    endloop
  endfacet
  facet normal 0 0 1
    outer loop
      vertex -90.07464792224191 61.425000000000004 17.45
      vertex 0.506772579769887 56.5 17.45
      vertex -90.22362565240297 61.647960929467885 17.45
    endloop
  endfacet
  facet normal 0 0 1
    outer loop
      vertex 0.506772579769887 56.5 17.45
      vertex -90.07464792224191 61.425000000000004 17.45
      vertex -89.95604695835188 61.184501036348436 17.45
    endloop
  endfacet
  facet normal 0 0 1
    outer loop
      vertex 0.506772579769887 56.5 17.45
      vertex -89.95604695835188 61.184501036348436 17.45
      vertex -89.86985205610742 60.930579042460174 17.45
    endloop
  endfacet
  facet normal 0 0 1
    outer loop
      vertex 0.506772579769887 56.5 17.45
      vertex -89.86985205610742 60.930579042460174 17.45
      vertex -89.8175380341837 60.66757869405111 17.45
    endloop
  endfacet
  facet normal 0 0 1
    outer loop
      vertex 0.506772579769887 56.5 17.45
      vertex -89.8175380341837 60.66757869405111 17.45
      vertex -89.80000000000001 60.400000000000006 17.45
    endloop
  endfacet
  facet normal 0 0 1
    outer loop
      vertex 0.506772579769887 56.5 17.45
      vertex -89.80000000000001 60.400000000000006 17.45
      vertex -89.8175380341837 60.1324213059489 17.45
    endloop
  endfacet
  facet normal 0 0 1
    outer loop
      vertex 0.506772579769887 56.5 17.45
      vertex -89.8175380341837 60.1324213059489 17.45
      vertex -89.86985205610742 59.86942095753984 17.45
    endloop
  endfacet
  facet normal 0 0 1
    outer loop
      vertex 0.506772579769887 56.5 17.45
      vertex -89.86985205610742 59.86942095753984 17.45
      vertex -89.95604695835188 59.615498963651575 17.45
    endloop
  endfacet
  facet normal 0 0 1
    outer loop
      vertex 0.506772579769887 56.5 17.45
      vertex -89.95604695835188 59.615498963651575 17.45
      vertex -84.75 56.5 17.45
    endloop
  endfacet
  facet normal -0.7518398095516428 0.659345812736647 0
    outer loop
      vertex -96.38553390651941 64.93553390353918 17.45
      vertex -96.8167667016387 64.44380713999271 0
      vertex -96.8167667016387 64.44380713999271 17.45
    endloop
  endfacet
  facet normal -0.5555702335211812 0.8314696119674009 0
    outer loop
      vertex -95.89380714297295 65.36676669865847 17.45
      vertex -95.35000000149012 65.73012701421976 17.45
      vertex -95.89380714297295 65.36676669865847 0
    endloop
  endfacet
  facet normal -0.4422886934015517 0.896872739963228 0
    outer loop
      vertex -95.35000000149012 65.73012701421976 17.45
      vertex -94.76341716200113 66.0193976610899 17.45
      vertex -95.35000000149012 65.73012701421976 0
    endloop
  endfacet
  facet normal -0.659345812736647 0.7518398095516428 0
    outer loop
      vertex -96.38553390651941 64.93553390353918 17.45
      vertex -95.89380714297295 65.36676669865847 17.45
      vertex -96.38553390651941 64.93553390353918 0
    endloop
  endfacet
  facet normal -0.896872739963228 0.4422886934015517 0
    outer loop
      vertex -97.1801270172 63.899999998509884 17.45
      vertex -97.46939766407013 63.3134171590209 0
      vertex -97.46939766407013 63.3134171590209 17.45
    endloop
  endfacet
  facet normal -0.8314696119674009 0.5555702335211812 0
    outer loop
      vertex -96.8167667016387 64.44380713999271 17.45
      vertex -97.1801270172 63.899999998509884 0
      vertex -97.1801270172 63.899999998509884 17.45
    endloop
  endfacet
  facet normal -0.9469301296443332 0.3214394648635512 0
    outer loop
      vertex -97.46939766407013 63.3134171590209 17.45
      vertex -97.6796291321516 62.694095224142075 0
      vertex -97.6796291321516 62.694095224142075 17.45
    endloop
  endfacet
  facet normal -0.9807852793499569 0.1950903273112926 0
    outer loop
      vertex -97.6796291321516 62.694095224142075 17.45
      vertex -97.80722431093454 62.052630960941315 0
      vertex -97.80722431093454 62.052630960941315 17.45
    endloop
  endfacet
  facet normal -0.3214394648635512 0.9469301296443332 0
    outer loop
      vertex -94.76341716200113 66.0193976610899 17.45
      vertex -94.1440952271223 66.22962912917137 17.45
      vertex -94.76341716200113 66.0193976610899 0
    endloop
  endfacet
  facet normal -0.1950903273112926 0.9807852793499569 0
    outer loop
      vertex -94.1440952271223 66.22962912917137 17.45
      vertex -93.50263096392155 66.35722430795431 17.45
      vertex -94.1440952271223 66.22962912917137 0
    endloop
  endfacet
  facet normal -0.06540312517646005 0.997858923504296 0
    outer loop
      vertex -93.50263096392155 66.35722430795431 17.45
      vertex -92.85000000149012 66.39999999850988 17.45
      vertex -93.50263096392155 66.35722430795431 0
    endloop
  endfacet
  facet normal -0.997858923504296 0.06540312517646005 0
    outer loop
      vertex -97.80722431093454 62.052630960941315 17.45
      vertex -97.85000000149012 61.399999998509884 0
      vertex -97.85000000149012 61.399999998509884 17.45
    endloop
  endfacet
  facet normal 0 0 1
    outer loop
      vertex -97.85000000149012 61.399999998509884 17.45
      vertex -93.47637434759704 1.2479609294678773 17.45
      vertex -93.29956890143244 1.4495689014324225 17.45
    endloop
  endfacet
  facet normal 0 0 1
    outer loop
      vertex -97.85000000149012 61.399999998509884 17.45
      vertex -93.62535207775811 1.025 17.45
      vertex -93.47637434759704 1.2479609294678773 17.45
    endloop
  endfacet
  facet normal 0 0 1
    outer loop
      vertex -97.85000000149012 61.399999998509884 17.45
      vertex -93.74395304164814 0.7845010363484339 17.45
      vertex -93.62535207775811 1.025 17.45
    endloop
  endfacet
  facet normal 0 0 1
    outer loop
      vertex -97.85000000149012 61.399999998509884 17.45
      vertex -93.8301479438926 0.5305790424601675 17.45
      vertex -93.74395304164814 0.7845010363484339 17.45
    endloop
  endfacet
  facet normal 0 0 1
    outer loop
      vertex -97.85000000149012 61.399999998509884 17.45
      vertex -92.38057904246017 1.98014794389259 17.45
      vertex -92.11757869405112 2.032461965816311 17.45
    endloop
  endfacet
  facet normal 0 0 1
    outer loop
      vertex -97.85000000149012 61.399999998509884 17.45
      vertex -92.11757869405112 2.032461965816311 17.45
      vertex -91.85000000000001 2.05 17.45
    endloop
  endfacet
  facet normal 0 0 1
    outer loop
      vertex -97.85000000149012 61.399999998509884 17.45
      vertex -91.85000000000001 2.05 17.45
      vertex -91.5824213059489 2.032461965816311 17.45
    endloop
  endfacet
  facet normal 0 0 1
    outer loop
      vertex -97.85000000149012 61.399999998509884 17.45
      vertex -91.5824213059489 2.032461965816311 17.45
      vertex -91.31942095753985 1.98014794389259 17.45
    endloop
  endfacet
  facet normal 0 0 1
    outer loop
      vertex -97.85000000149012 61.399999998509884 17.45
      vertex -93.09796092946789 1.626374347597032 17.45
      vertex -92.87500000000001 1.775352077758099 17.45
    endloop
  endfacet
  facet normal 0 0 1
    outer loop
      vertex -97.85000000149012 61.399999998509884 17.45
      vertex -92.87500000000001 1.775352077758099 17.45
      vertex -92.63450103634844 1.8939530416481376 17.45
    endloop
  endfacet
  facet normal 0 0 1
    outer loop
      vertex -97.85000000149012 61.399999998509884 17.45
      vertex -93.29956890143244 1.4495689014324225 17.45
      vertex -93.09796092946789 1.626374347597032 17.45
    endloop
  endfacet
  facet normal 0 0 1
    outer loop
      vertex -97.85000000149012 61.399999998509884 17.45
      vertex -92.63450103634844 1.8939530416481376 17.45
      vertex -92.38057904246017 1.98014794389259 17.45
    endloop
  endfacet
  facet normal 0 0 1
    outer loop
      vertex -97.85000000149012 61.399999998509884 17.45
      vertex -91.31942095753985 1.98014794389259 17.45
      vertex -91.06549896365158 1.8939530416481376 17.45
    endloop
  endfacet
  facet normal 0 0 1
    outer loop
      vertex -97.85000000149012 61.399999998509884 17.45
      vertex -91.06549896365158 1.8939530416481376 17.45
      vertex -90.825 1.775352077758099 17.45
    endloop
  endfacet
  facet normal 0 0 1
    outer loop
      vertex -97.85000000149012 61.399999998509884 17.45
      vertex -90.825 1.775352077758099 17.45
      vertex -90.60203907053213 1.626374347597032 17.45
    endloop
  endfacet
  facet normal 0 0 1
    outer loop
      vertex -97.85000000149012 61.399999998509884 17.45
      vertex -93.88246196581632 0.2675786940511057 17.45
      vertex -93.8301479438926 0.5305790424601675 17.45
    endloop
  endfacet
  facet normal 0 0 1
    outer loop
      vertex -97.85000000149012 61.399999998509884 17.45
      vertex -93.9 0 17.45
      vertex -93.88246196581632 0.2675786940511057 17.45
    endloop
  endfacet
  facet normal 0 0 1
    outer loop
      vertex -87.95000000298023 12.124319838172944 17.45
      vertex -87.95000000298023 53.29999999701977 17.45
      vertex -90.60203907053213 1.626374347597032 17.45
    endloop
  endfacet
  facet normal 0 0 1
    outer loop
      vertex -82.85000000149012 49.899999998509884 17.45
      vertex -85.54999999701977 51.980000004172325 17.45
      vertex -82.85000000149012 -49.899999998509884 17.45
    endloop
  endfacet
  facet normal 0 0 1
    outer loop
      vertex -87.95000000298023 12.124319838172944 17.45
      vertex -90.60203907053213 1.626374347597032 17.45
      vertex -90.40043109856758 1.4495689014324225 17.45
    endloop
  endfacet
  facet normal 0 0 1
    outer loop
      vertex -87.95000000298023 12.124319838172944 17.45
      vertex -90.40043109856758 1.4495689014324225 17.45
      vertex -90.22362565240297 1.2479609294678773 17.45
    endloop
  endfacet
  facet normal 0 0 1
    outer loop
      vertex -87.95000000298023 12.124319838172944 17.45
      vertex -90.22362565240297 1.2479609294678773 17.45
      vertex -90.07464792224191 1.025 17.45
    endloop
  endfacet
  facet normal 0 0 1
    outer loop
      vertex -87.95000000298023 12.124319838172944 17.45
      vertex -90.07464792224191 1.025 17.45
      vertex -89.95604695835188 0.7845010363484339 17.45
    endloop
  endfacet
  facet normal 0 0 1
    outer loop
      vertex -87.95000000298023 12.124319838172944 17.45
      vertex -89.95604695835188 0.7845010363484339 17.45
      vertex -89.86985205610742 0.5305790424601675 17.45
    endloop
  endfacet
  facet normal 0 0 1
    outer loop
      vertex -87.95000000298023 12.124319838172944 17.45
      vertex -89.86985205610742 0.5305790424601675 17.45
      vertex -89.8175380341837 0.2675786940511057 17.45
    endloop
  endfacet
  facet normal 0 0 1
    outer loop
      vertex -87.95000000298023 12.124319838172944 17.45
      vertex -89.8175380341837 0.2675786940511057 17.45
      vertex -89.80000000000001 0 17.45
    endloop
  endfacet
  facet normal 0 0 1
    outer loop
      vertex -87.95000000298023 12.124319838172944 17.45
      vertex -89.80000000000001 0 17.45
      vertex -89.8175380341837 -0.2675786940511057 17.45
    endloop
  endfacet
  facet normal 0 0 1
    outer loop
      vertex -97.1801270172 63.899999998509884 17.45
      vertex -97.46939766407013 63.3134171590209 17.45
      vertex 90.825 62.175352077758106 17.45
    endloop
  endfacet
  facet normal 0 0 1
    outer loop
      vertex -94.1440952271223 66.22962912917137 17.45
      vertex 95.35000000149012 65.73012701421976 17.45
      vertex -93.50263096392155 66.35722430795431 17.45
    endloop
  endfacet
  facet normal 0 0 1
    outer loop
      vertex -94.76341716200113 66.0193976610899 17.45
      vertex 95.89380714297295 65.36676669865847 17.45
      vertex -94.1440952271223 66.22962912917137 17.45
    endloop
  endfacet
  facet normal 0 0 1
    outer loop
      vertex -95.35000000149012 65.73012701421976 17.45
      vertex 96.38553390651941 64.93553390353918 17.45
      vertex -94.76341716200113 66.0193976610899 17.45
    endloop
  endfacet
  facet normal 0 0 1
    outer loop
      vertex -95.89380714297295 65.36676669865847 17.45
      vertex 96.8167667016387 64.44380713999271 17.45
      vertex -95.35000000149012 65.73012701421976 17.45
    endloop
  endfacet
  facet normal 0 0 1
    outer loop
      vertex -96.38553390651941 64.93553390353918 17.45
      vertex 97.1801270172 63.899999998509884 17.45
      vertex -95.89380714297295 65.36676669865847 17.45
    endloop
  endfacet
  facet normal 0 0 1
    outer loop
      vertex -97.6796291321516 62.694095224142075 17.45
      vertex -1.2479609294678773 62.026374347597034 17.45
      vertex -1.025 62.175352077758106 17.45
    endloop
  endfacet
  facet normal 0 0 1
    outer loop
      vertex -97.46939766407013 63.3134171590209 17.45
      vertex -1.025 62.175352077758106 17.45
      vertex -0.7845010363484339 62.293953041648145 17.45
    endloop
  endfacet
  facet normal 0 0 1
    outer loop
      vertex -97.46939766407013 63.3134171590209 17.45
      vertex -0.7845010363484339 62.293953041648145 17.45
      vertex -0.5305790424601675 62.380147943892595 17.45
    endloop
  endfacet
  facet normal 0 0 1
    outer loop
      vertex -97.46939766407013 63.3134171590209 17.45
      vertex -0.5305790424601675 62.380147943892595 17.45
      vertex -0.2675786940511057 62.432461965816316 17.45
    endloop
  endfacet
  facet normal 0 0 1
    outer loop
      vertex -97.46939766407013 63.3134171590209 17.45
      vertex -0.2675786940511057 62.432461965816316 17.45
      vertex 0 62.45 17.45
    endloop
  endfacet
  facet normal 0 0 1
    outer loop
      vertex -96.38553390651941 64.93553390353918 17.45
      vertex -96.8167667016387 64.44380713999271 17.45
      vertex 97.46939766407013 63.3134171590209 17.45
    endloop
  endfacet
  facet normal 0 0 1
    outer loop
      vertex -96.8167667016387 64.44380713999271 17.45
      vertex -97.1801270172 63.899999998509884 17.45
      vertex 97.6796291321516 62.694095224142075 17.45
    endloop
  endfacet
  facet normal 0 0 1
    outer loop
      vertex -97.6796291321516 62.694095224142075 17.45
      vertex -1.775352077758099 61.425000000000004 17.45
      vertex -1.626374347597032 61.647960929467885 17.45
    endloop
  endfacet
  facet normal 0 0 1
    outer loop
      vertex -97.6796291321516 62.694095224142075 17.45
      vertex -1.8939530416481376 61.184501036348436 17.45
      vertex -1.775352077758099 61.425000000000004 17.45
    endloop
  endfacet
  facet normal 0 0 1
    outer loop
      vertex -97.6796291321516 62.694095224142075 17.45
      vertex -1.98014794389259 60.930579042460174 17.45
      vertex -1.8939530416481376 61.184501036348436 17.45
    endloop
  endfacet
  facet normal 0 0 1
    outer loop
      vertex -97.6796291321516 62.694095224142075 17.45
      vertex -2.032461965816311 60.66757869405111 17.45
      vertex -1.98014794389259 60.930579042460174 17.45
    endloop
  endfacet
  facet normal 0 0 1
    outer loop
      vertex -97.6796291321516 62.694095224142075 17.45
      vertex -2.05 60.400000000000006 17.45
      vertex -2.032461965816311 60.66757869405111 17.45
    endloop
  endfacet
  facet normal 0 0 1
    outer loop
      vertex -97.6796291321516 62.694095224142075 17.45
      vertex -2.032461965816311 60.1324213059489 17.45
      vertex -2.05 60.400000000000006 17.45
    endloop
  endfacet
  facet normal 0 0 1
    outer loop
      vertex -97.6796291321516 62.694095224142075 17.45
      vertex -1.98014794389259 59.86942095753984 17.45
      vertex -2.032461965816311 60.1324213059489 17.45
    endloop
  endfacet
  facet normal 0 0 1
    outer loop
      vertex -97.6796291321516 62.694095224142075 17.45
      vertex -1.8939530416481376 59.615498963651575 17.45
      vertex -1.98014794389259 59.86942095753984 17.45
    endloop
  endfacet
  facet normal 0 0 1
    outer loop
      vertex -97.6796291321516 62.694095224142075 17.45
      vertex -1.775352077758099 59.37500000000001 17.45
      vertex -1.8939530416481376 59.615498963651575 17.45
    endloop
  endfacet
  facet normal 0 0 1
    outer loop
      vertex -97.6796291321516 62.694095224142075 17.45
      vertex -1.626374347597032 59.152039070532126 17.45
      vertex -1.775352077758099 59.37500000000001 17.45
    endloop
  endfacet
  facet normal 0 0 1
    outer loop
      vertex -97.6796291321516 62.694095224142075 17.45
      vertex -1.4495689014324225 61.84956890143243 17.45
      vertex -1.2479609294678773 62.026374347597034 17.45
    endloop
  endfacet
  facet normal 0 0 1
    outer loop
      vertex -97.6796291321516 62.694095224142075 17.45
      vertex -1.626374347597032 61.647960929467885 17.45
      vertex -1.4495689014324225 61.84956890143243 17.45
    endloop
  endfacet
  facet normal 0 0 1
    outer loop
      vertex -97.6796291321516 62.694095224142075 17.45
      vertex -1.4495689014324225 58.950431098567584 17.45
      vertex -1.626374347597032 59.152039070532126 17.45
    endloop
  endfacet
  facet normal 0 0 1
    outer loop
      vertex -97.6796291321516 62.694095224142075 17.45
      vertex -1.2479609294678773 58.77362565240298 17.45
      vertex -1.4495689014324225 58.950431098567584 17.45
    endloop
  endfacet
  facet normal 0 0 1
    outer loop
      vertex 0.506772579769887 56.5 17.45
      vertex -1.2479609294678773 58.77362565240298 17.45
      vertex -91.5824213059489 62.432461965816316 17.45
    endloop
  endfacet
  facet normal 0 0 1
    outer loop
      vertex -93.50263096392155 66.35722430795431 17.45
      vertex 94.76341716200113 66.0193976610899 17.45
      vertex -92.85000000149012 66.39999999850988 17.45
    endloop
  endfacet
  facet normal 0 0 1
    outer loop
      vertex -81.35000000149012 51.399999998509884 17.45
      vertex 81.35000000149012 51.399999998509884 17.45
      vertex -83.42999999970198 54.100000001490116 17.45
    endloop
  endfacet
  facet normal 0 0 1
    outer loop
      vertex -97.46939766407013 63.3134171590209 17.45
      vertex 0 62.45 17.45
      vertex 90.825 62.175352077758106 17.45
    endloop
  endfacet
  facet normal 0 0 1
    outer loop
      vertex 0.506772579769887 56.5 17.45
      vertex -1.025 58.624647922241905 17.45
      vertex -1.2479609294678773 58.77362565240298 17.45
    endloop
  endfacet
  facet normal 0 0 1
    outer loop
      vertex 0.506772579769887 56.5 17.45
      vertex -0.7845010363484339 58.50604695835187 17.45
      vertex -1.025 58.624647922241905 17.45
    endloop
  endfacet
  facet normal 0 0 1
    outer loop
      vertex 0.506772579769887 56.5 17.45
      vertex -0.5305790424601675 58.419852056107416 17.45
      vertex -0.7845010363484339 58.50604695835187 17.45
    endloop
  endfacet
  facet normal 0 0 1
    outer loop
      vertex 0.506772579769887 56.5 17.45
      vertex -0.2675786940511057 58.367538034183696 17.45
      vertex -0.5305790424601675 58.419852056107416 17.45
    endloop
  endfacet
  facet normal 0 1 0
    outer loop
      vertex -92.85000000149012 66.39999999850988 17.45
      vertex 92.85000000149012 66.39999999850988 17.45
      vertex -92.85000000149012 66.39999999850988 0
    endloop
  endfacet
  facet normal -0.7518398095516428 0.659345812736647 0
    outer loop
      vertex -96.38553390651941 64.93553390353918 17.45
      vertex -96.38553390651941 64.93553390353918 0
      vertex -96.8167667016387 64.44380713999271 0
    endloop
  endfacet
  facet normal -0.4422886934015517 0.896872739963228 0
    outer loop
      vertex -94.76341716200113 66.0193976610899 17.45
      vertex -94.76341716200113 66.0193976610899 0
      vertex -95.35000000149012 65.73012701421976 0
    endloop
  endfacet
  facet normal -0.5555702335211812 0.8314696119674009 0
    outer loop
      vertex -95.35000000149012 65.73012701421976 17.45
      vertex -95.35000000149012 65.73012701421976 0
      vertex -95.89380714297295 65.36676669865847 0
    endloop
  endfacet
  facet normal -0.659345812736647 0.7518398095516428 0
    outer loop
      vertex -95.89380714297295 65.36676669865847 17.45
      vertex -95.89380714297295 65.36676669865847 0
      vertex -96.38553390651941 64.93553390353918 0
    endloop
  endfacet
  facet normal -0.896872739963228 0.4422886934015517 0
    outer loop
      vertex -97.1801270172 63.899999998509884 17.45
      vertex -97.1801270172 63.899999998509884 0
      vertex -97.46939766407013 63.3134171590209 0
    endloop
  endfacet
  facet normal -0.8314696119674009 0.5555702335211812 0
    outer loop
      vertex -96.8167667016387 64.44380713999271 17.45
      vertex -96.8167667016387 64.44380713999271 0
      vertex -97.1801270172 63.899999998509884 0
    endloop
  endfacet
  facet normal -0.9469301296443332 0.3214394648635512 0
    outer loop
      vertex -97.46939766407013 63.3134171590209 17.45
      vertex -97.46939766407013 63.3134171590209 0
      vertex -97.6796291321516 62.694095224142075 0
    endloop
  endfacet
  facet normal -0.9807852793499569 0.1950903273112926 0
    outer loop
      vertex -97.6796291321516 62.694095224142075 17.45
      vertex -97.6796291321516 62.694095224142075 0
      vertex -97.80722431093454 62.052630960941315 0
    endloop
  endfacet
  facet normal -0.3214394648635512 0.9469301296443332 0
    outer loop
      vertex -94.1440952271223 66.22962912917137 17.45
      vertex -94.1440952271223 66.22962912917137 0
      vertex -94.76341716200113 66.0193976610899 0
    endloop
  endfacet
  facet normal -0.1950903273112926 0.9807852793499569 0
    outer loop
      vertex -93.50263096392155 66.35722430795431 17.45
      vertex -93.50263096392155 66.35722430795431 0
      vertex -94.1440952271223 66.22962912917137 0
    endloop
  endfacet
  facet normal -0.06540312517646005 0.997858923504296 0
    outer loop
      vertex -92.85000000149012 66.39999999850988 17.45
      vertex -92.85000000149012 66.39999999850988 0
      vertex -93.50263096392155 66.35722430795431 0
    endloop
  endfacet
  facet normal -0.997858923504296 0.06540312517646005 0
    outer loop
      vertex -97.80722431093454 62.052630960941315 17.45
      vertex -97.80722431093454 62.052630960941315 0
      vertex -97.85000000149012 61.399999998509884 0
    endloop
  endfacet
  facet normal -1 0 0
    outer loop
      vertex -97.85000000149012 61.399999998509884 17.45
      vertex -97.85000000149012 61.399999998509884 0
      vertex -97.85000000149012 -61.399999998509884 0
    endloop
  endfacet
  facet normal 0 0 -1
    outer loop
      vertex -94.1440952271223 66.22962912917137 0
      vertex -93.50263096392155 66.35722430795431 0
      vertex 95.35000000149012 65.73012701421976 0
    endloop
  endfacet
  facet normal 0 0 -1
    outer loop
      vertex -94.76341716200113 66.0193976610899 0
      vertex -94.1440952271223 66.22962912917137 0
      vertex 95.89380714297295 65.36676669865847 0
    endloop
  endfacet
  facet normal 0 0 -1
    outer loop
      vertex -95.35000000149012 65.73012701421976 0
      vertex -94.76341716200113 66.0193976610899 0
      vertex 96.38553390651941 64.93553390353918 0
    endloop
  endfacet
  facet normal 0 0 -1
    outer loop
      vertex -95.89380714297295 65.36676669865847 0
      vertex -95.35000000149012 65.73012701421976 0
      vertex 96.8167667016387 64.44380713999271 0
    endloop
  endfacet
  facet normal 0 0 -1
    outer loop
      vertex -96.38553390651941 64.93553390353918 0
      vertex -95.89380714297295 65.36676669865847 0
      vertex 97.1801270172 63.899999998509884 0
    endloop
  endfacet
  facet normal 0 0 -1
    outer loop
      vertex -97.1801270172 63.899999998509884 0
      vertex 97.80722431093454 62.052630960941315 0
      vertex -97.46939766407013 63.3134171590209 0
    endloop
  endfacet
  facet normal 0 0 -1
    outer loop
      vertex -97.46939766407013 63.3134171590209 0
      vertex 97.85000000149012 61.399999998509884 0
      vertex -97.6796291321516 62.694095224142075 0
    endloop
  endfacet
  facet normal 0 0 -1
    outer loop
      vertex -96.38553390651941 64.93553390353918 0
      vertex 97.46939766407013 63.3134171590209 0
      vertex -96.8167667016387 64.44380713999271 0
    endloop
  endfacet
  facet normal 0 0 -1
    outer loop
      vertex -96.8167667016387 64.44380713999271 0
      vertex 97.6796291321516 62.694095224142075 0
      vertex -97.1801270172 63.899999998509884 0
    endloop
  endfacet
  facet normal 0 0 -1
    outer loop
      vertex -93.50263096392155 66.35722430795431 0
      vertex -92.85000000149012 66.39999999850988 0
      vertex 94.76341716200113 66.0193976610899 0
    endloop
  endfacet
  facet normal 0 0 -1
    outer loop
      vertex -97.6796291321516 62.694095224142075 0
      vertex -3.05 40.682754963085074 0
      vertex -3.713444716953196 40.23945537577653 0
    endloop
  endfacet
  facet normal 0 0 -1
    outer loop
      vertex -97.6796291321516 62.694095224142075 0
      vertex -1.5787961751253765 41.29214754036332 0
      vertex -2.3343689374270475 41.03566514831885 0
    endloop
  endfacet
  facet normal 0 0 -1
    outer loop
      vertex -97.6796291321516 62.694095224142075 0
      vertex -2.3343689374270475 41.03566514831885 0
      vertex -3.05 40.682754963085074 0
    endloop
  endfacet
  facet normal 0 0 -1
    outer loop
      vertex -97.6796291321516 62.694095224142075 0
      vertex -4.839455375776534 39.1134447169532 0
      vertex -5.282754963085075 38.449999999999996 0
    endloop
  endfacet
  facet normal 0 0 -1
    outer loop
      vertex -97.6796291321516 62.694095224142075 0
      vertex -3.713444716953196 40.23945537577653 0
      vertex -4.31335136523794 39.71335136523794 0
    endloop
  endfacet
  facet normal 0 0 -1
    outer loop
      vertex -97.6796291321516 62.694095224142075 0
      vertex -4.31335136523794 39.71335136523794 0
      vertex -4.839455375776534 39.1134447169532 0
    endloop
  endfacet
  facet normal 0 0 -1
    outer loop
      vertex -97.6796291321516 62.694095224142075 0
      vertex -5.282754963085075 38.449999999999996 0
      vertex -5.635665148318849 37.73436893742705 0
    endloop
  endfacet
  facet normal 0 0 -1
    outer loop
      vertex -97.6796291321516 62.694095224142075 0
      vertex -5.635665148318849 37.73436893742705 0
      vertex -5.892147540363316 36.978796175125375 0
    endloop
  endfacet
  facet normal 0 0 -1
    outer loop
      vertex -97.6796291321516 62.694095224142075 0
      vertex -0.7962097725423145 41.44781365438024 0
      vertex -1.5787961751253765 41.29214754036332 0
    endloop
  endfacet
  facet normal 0 0 -1
    outer loop
      vertex -97.6796291321516 62.694095224142075 0
      vertex 0 41.5 0
      vertex -0.7962097725423145 41.44781365438024 0
    endloop
  endfacet
  facet normal 0 0 -1
    outer loop
      vertex -97.6796291321516 62.694095224142075 0
      vertex 0.7962097725423145 41.44781365438024 0
      vertex 0 41.5 0
    endloop
  endfacet
  facet normal 0 0 -1
    outer loop
      vertex -97.6796291321516 62.694095224142075 0
      vertex 1.5787961751253765 41.29214754036332 0
      vertex 0.7962097725423145 41.44781365438024 0
    endloop
  endfacet
  facet normal 0 0 -1
    outer loop
      vertex -97.6796291321516 62.694095224142075 0
      vertex -5.892147540363316 36.978796175125375 0
      vertex -6.047813654380243 36.19620977254231 0
    endloop
  endfacet
  facet normal 0 0 -1
    outer loop
      vertex -97.6796291321516 62.694095224142075 0
      vertex -6.047813654380243 36.19620977254231 0
      vertex -6.1 35.4 0
    endloop
  endfacet
  facet normal 0 0 -1
    outer loop
      vertex -97.6796291321516 62.694095224142075 0
      vertex -6.1 35.4 0
      vertex -6.047813654380243 34.60379022745769 0
    endloop
  endfacet
  facet normal 0 0 -1
    outer loop
      vertex -97.6796291321516 62.694095224142075 0
      vertex -6.047813654380243 34.60379022745769 0
      vertex -5.892147540363316 33.82120382487462 0
    endloop
  endfacet
  facet normal 0 0 -1
    outer loop
      vertex -97.6796291321516 62.694095224142075 0
      vertex -5.892147540363316 33.82120382487462 0
      vertex -5.635665148318849 33.06563106257295 0
    endloop
  endfacet
  facet normal 0 0 -1
    outer loop
      vertex -97.6796291321516 62.694095224142075 0
      vertex -5.635665148318849 33.06563106257295 0
      vertex -5.282754963085075 32.35 0
    endloop
  endfacet
  facet normal 0 0 -1
    outer loop
      vertex -97.6796291321516 62.694095224142075 0
      vertex -5.282754963085075 32.35 0
      vertex -4.839455375776534 31.686555283046804 0
    endloop
  endfacet
  facet normal 0 0 -1
    outer loop
      vertex -97.6796291321516 62.694095224142075 0
      vertex -4.839455375776534 31.686555283046804 0
      vertex -4.31335136523794 31.086648634762057 0
    endloop
  endfacet
  facet normal 0 0 -1
    outer loop
      vertex -97.6796291321516 62.694095224142075 0
      vertex 97.85000000149012 -61.399999998509884 0
      vertex -97.80722431093454 62.052630960941315 0
    endloop
  endfacet
  facet normal 0 0 -1
    outer loop
      vertex -97.80722431093454 62.052630960941315 0
      vertex 97.80722431093454 -62.052630960941315 0
      vertex -97.85000000149012 61.399999998509884 0
    endloop
  endfacet
  facet normal 0 0 -1
    outer loop
      vertex -97.6796291321516 62.694095224142075 0
      vertex -4.31335136523794 31.086648634762057 0
      vertex 97.85000000149012 -61.399999998509884 0
    endloop
  endfacet
  facet normal 0 0 1
    outer loop
      vertex -97.85000000149012 61.399999998509884 17.45
      vertex -97.85000000149012 -61.399999998509884 17.45
      vertex -93.9 0 17.45
    endloop
  endfacet
  facet normal 0 0 1
    outer loop
      vertex -97.85000000149012 -61.399999998509884 17.45
      vertex -87.95000000298023 12.124319838172944 17.45
      vertex -89.8175380341837 -0.2675786940511057 17.45
    endloop
  endfacet
  facet normal 0 0 1
    outer loop
      vertex -97.85000000149012 -61.399999998509884 17.45
      vertex -93.88246196581632 -0.2675786940511057 17.45
      vertex -93.9 0 17.45
    endloop
  endfacet
  facet normal 0 0 1
    outer loop
      vertex -97.85000000149012 -61.399999998509884 17.45
      vertex -93.8301479438926 -0.5305790424601675 17.45
      vertex -93.88246196581632 -0.2675786940511057 17.45
    endloop
  endfacet
  facet normal 0 0 1
    outer loop
      vertex -97.85000000149012 -61.399999998509884 17.45
      vertex -89.8175380341837 -0.2675786940511057 17.45
      vertex -89.86985205610742 -0.5305790424601675 17.45
    endloop
  endfacet
  facet normal 0 0 1
    outer loop
      vertex -97.85000000149012 -61.399999998509884 17.45
      vertex -93.74395304164814 -0.7845010363484339 17.45
      vertex -93.8301479438926 -0.5305790424601675 17.45
    endloop
  endfacet
  facet normal 0 0 1
    outer loop
      vertex -97.85000000149012 -61.399999998509884 17.45
      vertex -93.62535207775811 -1.025 17.45
      vertex -93.74395304164814 -0.7845010363484339 17.45
    endloop
  endfacet
  facet normal 0 0 1
    outer loop
      vertex -97.85000000149012 -61.399999998509884 17.45
      vertex -93.47637434759704 -1.2479609294678773 17.45
      vertex -93.62535207775811 -1.025 17.45
    endloop
  endfacet
  facet normal 0 0 1
    outer loop
      vertex -97.85000000149012 -61.399999998509884 17.45
      vertex -93.29956890143244 -1.4495689014324225 17.45
      vertex -93.47637434759704 -1.2479609294678773 17.45
    endloop
  endfacet
  facet normal 0 0 1
    outer loop
      vertex -97.85000000149012 -61.399999998509884 17.45
      vertex -93.09796092946789 -1.626374347597032 17.45
      vertex -93.29956890143244 -1.4495689014324225 17.45
    endloop
  endfacet
  facet normal 0 0 1
    outer loop
      vertex -97.85000000149012 -61.399999998509884 17.45
      vertex -92.87500000000001 -1.775352077758099 17.45
      vertex -93.09796092946789 -1.626374347597032 17.45
    endloop
  endfacet
  facet normal 0 0 1
    outer loop
      vertex -97.85000000149012 -61.399999998509884 17.45
      vertex -92.63450103634844 -1.8939530416481376 17.45
      vertex -92.87500000000001 -1.775352077758099 17.45
    endloop
  endfacet
  facet normal 0 0 1
    outer loop
      vertex -97.85000000149012 -61.399999998509884 17.45
      vertex -92.38057904246017 -1.98014794389259 17.45
      vertex -92.63450103634844 -1.8939530416481376 17.45
    endloop
  endfacet
  facet normal 0 0 1
    outer loop
      vertex -97.85000000149012 -61.399999998509884 17.45
      vertex -91.06549896365158 -1.8939530416481376 17.45
      vertex -91.31942095753985 -1.98014794389259 17.45
    endloop
  endfacet
  facet normal 0 0 1
    outer loop
      vertex -97.85000000149012 -61.399999998509884 17.45
      vertex -92.11757869405112 -2.032461965816311 17.45
      vertex -92.38057904246017 -1.98014794389259 17.45
    endloop
  endfacet
  facet normal 0 0 1
    outer loop
      vertex -97.85000000149012 -61.399999998509884 17.45
      vertex -91.85000000000001 -2.05 17.45
      vertex -92.11757869405112 -2.032461965816311 17.45
    endloop
  endfacet
  facet normal 0 0 1
    outer loop
      vertex -97.85000000149012 -61.399999998509884 17.45
      vertex -91.5824213059489 -2.032461965816311 17.45
      vertex -91.85000000000001 -2.05 17.45
    endloop
  endfacet
  facet normal 0 0 1
    outer loop
      vertex -97.85000000149012 -61.399999998509884 17.45
      vertex -91.31942095753985 -1.98014794389259 17.45
      vertex -91.5824213059489 -2.032461965816311 17.45
    endloop
  endfacet
  facet normal 0 0 1
    outer loop
      vertex -97.85000000149012 -61.399999998509884 17.45
      vertex -89.86985205610742 -0.5305790424601675 17.45
      vertex -89.95604695835188 -0.7845010363484339 17.45
    endloop
  endfacet
  facet normal 0 0 1
    outer loop
      vertex -97.85000000149012 -61.399999998509884 17.45
      vertex -90.07464792224191 -1.025 17.45
      vertex -90.22362565240297 -1.2479609294678773 17.45
    endloop
  endfacet
  facet normal 0 0 1
    outer loop
      vertex -97.85000000149012 -61.399999998509884 17.45
      vertex -89.95604695835188 -0.7845010363484339 17.45
      vertex -90.07464792224191 -1.025 17.45
    endloop
  endfacet
  facet normal 0 0 1
    outer loop
      vertex -97.85000000149012 -61.399999998509884 17.45
      vertex -90.40043109856758 -1.4495689014324225 17.45
      vertex -90.60203907053213 -1.626374347597032 17.45
    endloop
  endfacet
  facet normal 0 0 1
    outer loop
      vertex -97.85000000149012 -61.399999998509884 17.45
      vertex -90.60203907053213 -1.626374347597032 17.45
      vertex -90.825 -1.775352077758099 17.45
    endloop
  endfacet
  facet normal 0 0 1
    outer loop
      vertex -97.85000000149012 -61.399999998509884 17.45
      vertex -90.825 -1.775352077758099 17.45
      vertex -91.06549896365158 -1.8939530416481376 17.45
    endloop
  endfacet
  facet normal 0 0 1
    outer loop
      vertex -97.85000000149012 -61.399999998509884 17.45
      vertex -90.22362565240297 -1.2479609294678773 17.45
      vertex -90.40043109856758 -1.4495689014324225 17.45
    endloop
  endfacet
  facet normal 0 0 1
    outer loop
      vertex -82.85000000149012 -49.899999998509884 17.45
      vertex -85.54999999701977 51.980000004172325 17.45
      vertex -85.54999999701977 -51.980000004172325 17.45
    endloop
  endfacet
  facet normal -1 0 0
    outer loop
      vertex -97.85000000149012 61.399999998509884 17.45
      vertex -97.85000000149012 -61.399999998509884 0
      vertex -97.85000000149012 -61.399999998509884 17.45
    endloop
  endfacet
  facet normal 0 0 1
    outer loop
      vertex -97.85000000149012 -61.399999998509884 17.45
      vertex -87.95000000298023 -53.29999999701977 17.45
      vertex -87.95000000298023 12.124319838172944 17.45
    endloop
  endfacet
  facet normal 0 0 1
    outer loop
      vertex -97.85000000149012 -61.399999998509884 17.45
      vertex -87.92262355983257 -53.717683814466 17.45
      vertex -87.95000000298023 -53.29999999701977 17.45
    endloop
  endfacet
  facet normal 0 0 1
    outer loop
      vertex -97.85000000149012 -61.399999998509884 17.45
      vertex -87.84096264094114 -54.128220938146114 17.45
      vertex -87.92262355983257 -53.717683814466 17.45
    endloop
  endfacet
  facet normal 0 0 1
    outer loop
      vertex -97.85000000149012 -61.399999998509884 17.45
      vertex -87.70641450583935 -54.524586983025074 17.45
      vertex -87.84096264094114 -54.128220938146114 17.45
    endloop
  endfacet
  facet normal 0 0 1
    outer loop
      vertex -97.85000000149012 -61.399999998509884 17.45
      vertex -87.52128129452467 -54.899999998509884 17.45
      vertex -87.70641450583935 -54.524586983025074 17.45
    endloop
  endfacet
  facet normal 0 0 1
    outer loop
      vertex -87.52128129452467 -54.899999998509884 17.45
      vertex -92.87500000000001 -58.624647922241905 17.45
      vertex -92.63450103634844 -58.50604695835187 17.45
    endloop
  endfacet
  facet normal 0 0 1
    outer loop
      vertex -87.52128129452467 -54.899999998509884 17.45
      vertex -92.63450103634844 -58.50604695835187 17.45
      vertex -92.38057904246017 -58.419852056107416 17.45
    endloop
  endfacet
  facet normal 0 0 1
    outer loop
      vertex -87.52128129452467 -54.899999998509884 17.45
      vertex -92.38057904246017 -58.419852056107416 17.45
      vertex -92.11757869405112 -58.367538034183696 17.45
    endloop
  endfacet
  facet normal 0 0 1
    outer loop
      vertex -87.52128129452467 -54.899999998509884 17.45
      vertex -92.11757869405112 -58.367538034183696 17.45
      vertex -91.85000000000001 -58.35000000000001 17.45
    endloop
  endfacet
  facet normal 0 0 1
    outer loop
      vertex -87.52128129452467 -54.899999998509884 17.45
      vertex -91.85000000000001 -58.35000000000001 17.45
      vertex -91.5824213059489 -58.367538034183696 17.45
    endloop
  endfacet
  facet normal 0 0 1
    outer loop
      vertex -87.52128129452467 -54.899999998509884 17.45
      vertex -91.5824213059489 -58.367538034183696 17.45
      vertex -87.28873068839312 -55.248036570847034 17.45
    endloop
  endfacet
  facet normal 0 0 1
    outer loop
      vertex -87.28873068839312 -55.248036570847034 17.45
      vertex -91.5824213059489 -58.367538034183696 17.45
      vertex -87.0127416998148 -55.562741696834564 17.45
    endloop
  endfacet
  facet normal 0 0 1
    outer loop
      vertex -87.0127416998148 -55.562741696834564 17.45
      vertex -91.5824213059489 -58.367538034183696 17.45
      vertex -86.69803657382727 -55.838730685412884 17.45
    endloop
  endfacet
  facet normal 0 0 1
    outer loop
      vertex -86.69803657382727 -55.838730685412884 17.45
      vertex -91.5824213059489 -58.367538034183696 17.45
      vertex -86.35000000149012 -56.07128129154444 17.45
    endloop
  endfacet
  facet normal 0 0 1
    outer loop
      vertex -86.35000000149012 -56.07128129154444 17.45
      vertex -91.5824213059489 -58.367538034183696 17.45
      vertex -85.9745869860053 -56.256414502859116 17.45
    endloop
  endfacet
  facet normal 0 0 1
    outer loop
      vertex -85.9745869860053 -56.256414502859116 17.45
      vertex -91.5824213059489 -58.367538034183696 17.45
      vertex -85.57822094112635 -56.39096263796091 17.45
    endloop
  endfacet
  facet normal 0 0 1
    outer loop
      vertex -85.57822094112635 -56.39096263796091 17.45
      vertex -91.5824213059489 -58.367538034183696 17.45
      vertex -85.16768381744623 -56.47262355685234 17.45
    endloop
  endfacet
  facet normal 0 0 1
    outer loop
      vertex -85.16768381744623 -56.47262355685234 17.45
      vertex -91.5824213059489 -58.367538034183696 17.45
      vertex -84.75 -56.5 17.45
    endloop
  endfacet
  facet normal 0 0 1
    outer loop
      vertex -97.85000000149012 -61.399999998509884 17.45
      vertex -93.47637434759704 -59.152039070532126 17.45
      vertex -93.29956890143244 -58.950431098567584 17.45
    endloop
  endfacet
  facet normal 0 0 1
    outer loop
      vertex -97.85000000149012 -61.399999998509884 17.45
      vertex -93.62535207775811 -59.37500000000001 17.45
      vertex -93.47637434759704 -59.152039070532126 17.45
    endloop
  endfacet
  facet normal 0 0 1
    outer loop
      vertex -97.85000000149012 -61.399999998509884 17.45
      vertex -93.74395304164814 -59.615498963651575 17.45
      vertex -93.62535207775811 -59.37500000000001 17.45
    endloop
  endfacet
  facet normal 0 0 1
    outer loop
      vertex -97.85000000149012 -61.399999998509884 17.45
      vertex -97.80722431093454 -62.052630960941315 17.45
      vertex -93.62535207775811 -61.425000000000004 17.45
    endloop
  endfacet
  facet normal 0 0 1
    outer loop
      vertex -97.85000000149012 -61.399999998509884 17.45
      vertex -93.88246196581632 -60.1324213059489 17.45
      vertex -93.8301479438926 -59.86942095753984 17.45
    endloop
  endfacet
  facet normal 0 0 1
    outer loop
      vertex -97.85000000149012 -61.399999998509884 17.45
      vertex -93.9 -60.400000000000006 17.45
      vertex -93.88246196581632 -60.1324213059489 17.45
    endloop
  endfacet
  facet normal 0 0 1
    outer loop
      vertex -97.85000000149012 -61.399999998509884 17.45
      vertex -93.8301479438926 -59.86942095753984 17.45
      vertex -93.74395304164814 -59.615498963651575 17.45
    endloop
  endfacet
  facet normal 0 0 1
    outer loop
      vertex -97.85000000149012 -61.399999998509884 17.45
      vertex -93.88246196581632 -60.66757869405111 17.45
      vertex -93.9 -60.400000000000006 17.45
    endloop
  endfacet
  facet normal 0 0 1
    outer loop
      vertex -97.85000000149012 -61.399999998509884 17.45
      vertex -93.8301479438926 -60.930579042460174 17.45
      vertex -93.88246196581632 -60.66757869405111 17.45
    endloop
  endfacet
  facet normal 0 0 1
    outer loop
      vertex -97.85000000149012 -61.399999998509884 17.45
      vertex -93.74395304164814 -61.184501036348436 17.45
      vertex -93.8301479438926 -60.930579042460174 17.45
    endloop
  endfacet
  facet normal 0 0 1
    outer loop
      vertex -97.85000000149012 -61.399999998509884 17.45
      vertex -93.62535207775811 -61.425000000000004 17.45
      vertex -93.74395304164814 -61.184501036348436 17.45
    endloop
  endfacet
  facet normal 0 0 1
    outer loop
      vertex -97.80722431093454 -62.052630960941315 17.45
      vertex -93.47637434759704 -61.647960929467885 17.45
      vertex -93.62535207775811 -61.425000000000004 17.45
    endloop
  endfacet
  facet normal 0 0 1
    outer loop
      vertex -97.80722431093454 -62.052630960941315 17.45
      vertex -93.29956890143244 -61.84956890143243 17.45
      vertex -93.47637434759704 -61.647960929467885 17.45
    endloop
  endfacet
  facet normal 0 0 1
    outer loop
      vertex -97.85000000149012 -61.399999998509884 17.45
      vertex -93.09796092946789 -58.77362565240298 17.45
      vertex -92.87500000000001 -58.624647922241905 17.45
    endloop
  endfacet
  facet normal 0 0 1
    outer loop
      vertex -97.85000000149012 -61.399999998509884 17.45
      vertex -93.29956890143244 -58.950431098567584 17.45
      vertex -93.09796092946789 -58.77362565240298 17.45
    endloop
  endfacet
  facet normal 0 0 1
    outer loop
      vertex -97.85000000149012 -61.399999998509884 17.45
      vertex -92.87500000000001 -58.624647922241905 17.45
      vertex -87.52128129452467 -54.899999998509884 17.45
    endloop
  endfacet
  facet normal 0 0 1
    outer loop
      vertex -97.80722431093454 -62.052630960941315 17.45
      vertex -93.09796092946789 -62.026374347597034 17.45
      vertex -93.29956890143244 -61.84956890143243 17.45
    endloop
  endfacet
  facet normal 0 0 1
    outer loop
      vertex -97.80722431093454 -62.052630960941315 17.45
      vertex -97.6796291321516 -62.694095224142075 17.45
      vertex -93.09796092946789 -62.026374347597034 17.45
    endloop
  endfacet
  facet normal 0 0 1
    outer loop
      vertex -97.6796291321516 -62.694095224142075 17.45
      vertex -92.87500000000001 -62.175352077758106 17.45
      vertex -93.09796092946789 -62.026374347597034 17.45
    endloop
  endfacet
  facet normal 0 0 1
    outer loop
      vertex -97.6796291321516 -62.694095224142075 17.45
      vertex -92.63450103634844 -62.293953041648145 17.45
      vertex -92.87500000000001 -62.175352077758106 17.45
    endloop
  endfacet
  facet normal 0 0 1
    outer loop
      vertex -97.6796291321516 -62.694095224142075 17.45
      vertex -92.38057904246017 -62.380147943892595 17.45
      vertex -92.63450103634844 -62.293953041648145 17.45
    endloop
  endfacet
  facet normal 0 0 1
    outer loop
      vertex -97.6796291321516 -62.694095224142075 17.45
      vertex -92.11757869405112 -62.432461965816316 17.45
      vertex -92.38057904246017 -62.380147943892595 17.45
    endloop
  endfacet
  facet normal 0 0 1
    outer loop
      vertex -97.6796291321516 -62.694095224142075 17.45
      vertex -91.85000000000001 -62.45 17.45
      vertex -92.11757869405112 -62.432461965816316 17.45
    endloop
  endfacet
  facet normal 0 0 1
    outer loop
      vertex -94.1440952271223 -66.22962912917137 17.45
      vertex -93.50263096392155 -66.35722430795431 17.45
      vertex -92.85000000149012 -66.39999999850988 17.45
    endloop
  endfacet
  facet normal 0 0 1
    outer loop
      vertex -82.83716729283333 -50.09578928351402 17.45
      vertex -85.54999999701977 -51.980000004172325 17.45
      vertex -85.53186310827732 -52.25671552866697 17.45
    endloop
  endfacet
  facet normal 0 0 1
    outer loop
      vertex -82.79888874292374 -50.28822856396437 17.45
      vertex -85.53186310827732 -52.25671552866697 17.45
      vertex -85.47776275128126 -52.52869638055563 17.45
    endloop
  endfacet
  facet normal 0 0 1
    outer loop
      vertex -82.85000000149012 -49.899999998509884 17.45
      vertex -85.54999999701977 -51.980000004172325 17.45
      vertex -82.83716729283333 -50.09578928351402 17.45
    endloop
  endfacet
  facet normal 0 0 1
    outer loop
      vertex -82.83716729283333 -50.09578928351402 17.45
      vertex -85.53186310827732 -52.25671552866697 17.45
      vertex -82.79888874292374 -50.28822856396437 17.45
    endloop
  endfacet
  facet normal 0 0 1
    outer loop
      vertex -82.79888874292374 -50.28822856396437 17.45
      vertex -85.47776275128126 -52.52869638055563 17.45
      vertex -82.7358193024993 -50.47402514517307 17.45
    endloop
  endfacet
  facet normal 0 0 1
    outer loop
      vertex -82.7358193024993 -50.47402514517307 17.45
      vertex -85.47776275128126 -52.52869638055563 17.45
      vertex -82.64903810620308 -50.649999998509884 17.45
    endloop
  endfacet
  facet normal 0 0 1
    outer loop
      vertex -82.64903810620308 -50.649999998509884 17.45
      vertex -85.3886246085167 -52.79128888249397 17.45
      vertex -82.54003001004457 -50.81314214318991 17.45
    endloop
  endfacet
  facet normal 0 0 1
    outer loop
      vertex -82.54003001004457 -50.81314214318991 17.45
      vertex -85.26597385853529 -53.04000000655651 17.45
      vertex -82.41066017001867 -50.96066016703844 17.45
    endloop
  endfacet
  facet normal 0 0 1
    outer loop
      vertex -82.26314214617014 -51.09003000706434 17.45
      vertex -85.11190908402205 -53.27057423442602 17.45
      vertex -82.10000000149012 -51.19903810322285 17.45
    endloop
  endfacet
  facet normal 0 0 1
    outer loop
      vertex -82.41066017001867 -50.96066016703844 17.45
      vertex -85.11190908402205 -53.27057423442602 17.45
      vertex -82.26314214617014 -51.09003000706434 17.45
    endloop
  endfacet
  facet normal 0 0 1
    outer loop
      vertex -82.64903810620308 -50.649999998509884 17.45
      vertex -85.47776275128126 -52.52869638055563 17.45
      vertex -85.3886246085167 -52.79128888249397 17.45
    endloop
  endfacet
  facet normal 0 0 1
    outer loop
      vertex -82.54003001004457 -50.81314214318991 17.45
      vertex -85.3886246085167 -52.79128888249397 17.45
      vertex -85.26597385853529 -53.04000000655651 17.45
    endloop
  endfacet
  facet normal 0 0 1
    outer loop
      vertex -82.41066017001867 -50.96066016703844 17.45
      vertex -85.26597385853529 -53.04000000655651 17.45
      vertex -85.11190908402205 -53.27057423442602 17.45
    endloop
  endfacet
  facet normal 0 0 1
    outer loop
      vertex -82.10000000149012 -51.19903810322285 17.45
      vertex -85.11190908402205 -53.27057423442602 17.45
      vertex -84.92906637489796 -53.479066379368305 17.45
    endloop
  endfacet
  facet normal 0 0 1
    outer loop
      vertex -81.54578928649426 -51.387167289853096 17.45
      vertex -84.92906637489796 -53.479066379368305 17.45
      vertex -84.72057422995567 -53.66190908849239 17.45
    endloop
  endfacet
  facet normal 0 0 1
    outer loop
      vertex -82.10000000149012 -51.19903810322285 17.45
      vertex -84.92906637489796 -53.479066379368305 17.45
      vertex -81.9240251481533 -51.28581929951906 17.45
    endloop
  endfacet
  facet normal 0 0 1
    outer loop
      vertex -81.9240251481533 -51.28581929951906 17.45
      vertex -84.92906637489796 -53.479066379368305 17.45
      vertex -81.7382285669446 -51.348888739943504 17.45
    endloop
  endfacet
  facet normal 0 0 1
    outer loop
      vertex -81.7382285669446 -51.348888739943504 17.45
      vertex -84.92906637489796 -53.479066379368305 17.45
      vertex -81.54578928649426 -51.387167289853096 17.45
    endloop
  endfacet
  facet normal 0 0 1
    outer loop
      vertex -81.35000000149012 -51.399999998509884 17.45
      vertex -84.72057422995567 -53.66190908849239 17.45
      vertex -84.49000000208616 -53.81597386300564 17.45
    endloop
  endfacet
  facet normal 0 0 1
    outer loop
      vertex -81.35000000149012 -51.399999998509884 17.45
      vertex -84.49000000208616 -53.81597386300564 17.45
      vertex -84.24128887802362 -53.93862461298704 17.45
    endloop
  endfacet
  facet normal 0 0 1
    outer loop
      vertex -81.35000000149012 -51.399999998509884 17.45
      vertex -84.24128887802362 -53.93862461298704 17.45
      vertex -83.97869637608528 -54.02776275575161 17.45
    endloop
  endfacet
  facet normal 0 0 1
    outer loop
      vertex -81.35000000149012 -51.399999998509884 17.45
      vertex -83.97869637608528 -54.02776275575161 17.45
      vertex -83.70671552419662 -54.08186311274767 17.45
    endloop
  endfacet
  facet normal 0 0 1
    outer loop
      vertex -81.35000000149012 -51.399999998509884 17.45
      vertex -83.70671552419662 -54.08186311274767 17.45
      vertex -83.42999999970198 -54.100000001490116 17.45
    endloop
  endfacet
  facet normal 0 0 1
    outer loop
      vertex -81.54578928649426 -51.387167289853096 17.45
      vertex -84.72057422995567 -53.66190908849239 17.45
      vertex -81.35000000149012 -51.399999998509884 17.45
    endloop
  endfacet
  facet normal 0 0 1
    outer loop
      vertex -91.5824213059489 -58.367538034183696 17.45
      vertex -0.2675786940511057 -58.367538034183696 17.45
      vertex -84.75 -56.5 17.45
    endloop
  endfacet
  facet normal 0 0 1
    outer loop
      vertex -91.31942095753985 -58.419852056107416 17.45
      vertex -91.06549896365158 -58.50604695835187 17.45
      vertex -0.5305790424601675 -58.419852056107416 17.45
    endloop
  endfacet
  facet normal 0 0 1
    outer loop
      vertex -91.5824213059489 -58.367538034183696 17.45
      vertex -91.31942095753985 -58.419852056107416 17.45
      vertex -0.2675786940511057 -58.367538034183696 17.45
    endloop
  endfacet
  facet normal 0 0 1
    outer loop
      vertex -91.06549896365158 -58.50604695835187 17.45
      vertex -90.825 -58.624647922241905 17.45
      vertex -0.7845010363484339 -58.50604695835187 17.45
    endloop
  endfacet
  facet normal 0 0 1
    outer loop
      vertex -90.825 -58.624647922241905 17.45
      vertex -90.60203907053213 -58.77362565240298 17.45
      vertex -1.025 -58.624647922241905 17.45
    endloop
  endfacet
  facet normal 0 0 1
    outer loop
      vertex -90.60203907053213 -58.77362565240298 17.45
      vertex -90.40043109856758 -58.950431098567584 17.45
      vertex -1.2479609294678773 -58.77362565240298 17.45
    endloop
  endfacet
  facet normal 0 0 1
    outer loop
      vertex -90.40043109856758 -58.950431098567584 17.45
      vertex -90.22362565240297 -59.152039070532126 17.45
      vertex -1.4495689014324225 -58.950431098567584 17.45
    endloop
  endfacet
  facet normal 0 0 1
    outer loop
      vertex -90.07464792224191 -59.37500000000001 17.45
      vertex -1.626374347597032 -59.152039070532126 17.45
      vertex -90.22362565240297 -59.152039070532126 17.45
    endloop
  endfacet
  facet normal 0 0 1
    outer loop
      vertex -89.95604695835188 -59.615498963651575 17.45
      vertex -1.775352077758099 -59.37500000000001 17.45
      vertex -90.07464792224191 -59.37500000000001 17.45
    endloop
  endfacet
  facet normal 0 0 1
    outer loop
      vertex -89.86985205610742 -59.86942095753984 17.45
      vertex -1.775352077758099 -59.37500000000001 17.45
      vertex -89.95604695835188 -59.615498963651575 17.45
    endloop
  endfacet
  facet normal 0 0 1
    outer loop
      vertex -89.8175380341837 -60.1324213059489 17.45
      vertex -1.775352077758099 -59.37500000000001 17.45
      vertex -89.86985205610742 -59.86942095753984 17.45
    endloop
  endfacet
  facet normal 0 0 1
    outer loop
      vertex -89.80000000000001 -60.400000000000006 17.45
      vertex -1.4495689014324225 -61.84956890143243 17.45
      vertex -89.8175380341837 -60.1324213059489 17.45
    endloop
  endfacet
  facet normal 0 0 1
    outer loop
      vertex -89.8175380341837 -60.66757869405111 17.45
      vertex -1.4495689014324225 -61.84956890143243 17.45
      vertex -89.80000000000001 -60.400000000000006 17.45
    endloop
  endfacet
  facet normal 0 0 1
    outer loop
      vertex -1.2479609294678773 -62.026374347597034 17.45
      vertex -89.8175380341837 -60.66757869405111 17.45
      vertex -89.86985205610742 -60.930579042460174 17.45
    endloop
  endfacet
  facet normal 0 0 1
    outer loop
      vertex -1.2479609294678773 -62.026374347597034 17.45
      vertex -89.95604695835188 -61.184501036348436 17.45
      vertex -90.07464792224191 -61.425000000000004 17.45
    endloop
  endfacet
  facet normal 0 0 1
    outer loop
      vertex -90.22362565240297 -61.647960929467885 17.45
      vertex -1.2479609294678773 -62.026374347597034 17.45
      vertex -90.07464792224191 -61.425000000000004 17.45
    endloop
  endfacet
  facet normal 0 0 1
    outer loop
      vertex -0.7845010363484339 -62.293953041648145 17.45
      vertex -90.22362565240297 -61.647960929467885 17.45
      vertex -90.40043109856758 -61.84956890143243 17.45
    endloop
  endfacet
  facet normal 0 0 1
    outer loop
      vertex -0.7845010363484339 -62.293953041648145 17.45
      vertex -90.40043109856758 -61.84956890143243 17.45
      vertex -90.60203907053213 -62.026374347597034 17.45
    endloop
  endfacet
  facet normal 0 0 1
    outer loop
      vertex -0.7845010363484339 -62.293953041648145 17.45
      vertex -90.60203907053213 -62.026374347597034 17.45
      vertex -90.825 -62.175352077758106 17.45
    endloop
  endfacet
  facet normal 0 0 1
    outer loop
      vertex -1.2479609294678773 -62.026374347597034 17.45
      vertex -89.86985205610742 -60.930579042460174 17.45
      vertex -89.95604695835188 -61.184501036348436 17.45
    endloop
  endfacet
  facet normal -0.997858923504296 -0.06540312517646005 0
    outer loop
      vertex -97.85000000149012 -61.399999998509884 17.45
      vertex -97.80722431093454 -62.052630960941315 0
      vertex -97.80722431093454 -62.052630960941315 17.45
    endloop
  endfacet
  facet normal -0.9807852793499569 -0.1950903273112926 0
    outer loop
      vertex -97.80722431093454 -62.052630960941315 17.45
      vertex -97.6796291321516 -62.694095224142075 0
      vertex -97.6796291321516 -62.694095224142075 17.45
    endloop
  endfacet
  facet normal -0.9469301296443332 -0.3214394648635512 0
    outer loop
      vertex -97.6796291321516 -62.694095224142075 17.45
      vertex -97.46939766407013 -63.3134171590209 0
      vertex -97.46939766407013 -63.3134171590209 17.45
    endloop
  endfacet
  facet normal -0.896872739963228 -0.4422886934015517 0
    outer loop
      vertex -97.46939766407013 -63.3134171590209 17.45
      vertex -97.1801270172 -63.899999998509884 0
      vertex -97.1801270172 -63.899999998509884 17.45
    endloop
  endfacet
  facet normal -0.8314696119674009 -0.5555702335211812 0
    outer loop
      vertex -97.1801270172 -63.899999998509884 17.45
      vertex -96.8167667016387 -64.44380713999271 0
      vertex -96.8167667016387 -64.44380713999271 17.45
    endloop
  endfacet
  facet normal -0.7518398095516428 -0.659345812736647 0
    outer loop
      vertex -96.8167667016387 -64.44380713999271 17.45
      vertex -96.38553390651941 -64.93553390353918 0
      vertex -96.38553390651941 -64.93553390353918 17.45
    endloop
  endfacet
  facet normal -0.659345812736647 -0.7518398095516428 0
    outer loop
      vertex -96.38553390651941 -64.93553390353918 17.45
      vertex -95.89380714297295 -65.36676669865847 0
      vertex -95.89380714297295 -65.36676669865847 17.45
    endloop
  endfacet
  facet normal -0.5555702335211812 -0.8314696119674009 0
    outer loop
      vertex -95.89380714297295 -65.36676669865847 17.45
      vertex -95.35000000149012 -65.73012701421976 0
      vertex -95.35000000149012 -65.73012701421976 17.45
    endloop
  endfacet
  facet normal -0.4422886934015517 -0.896872739963228 0
    outer loop
      vertex -95.35000000149012 -65.73012701421976 17.45
      vertex -94.76341716200113 -66.0193976610899 0
      vertex -94.76341716200113 -66.0193976610899 17.45
    endloop
  endfacet
  facet normal -0.3214394648635512 -0.9469301296443332 0
    outer loop
      vertex -94.76341716200113 -66.0193976610899 17.45
      vertex -94.1440952271223 -66.22962912917137 0
      vertex -94.1440952271223 -66.22962912917137 17.45
    endloop
  endfacet
  facet normal -0.1950903273112926 -0.9807852793499569 0
    outer loop
      vertex -94.1440952271223 -66.22962912917137 17.45
      vertex -93.50263096392155 -66.35722430795431 0
      vertex -93.50263096392155 -66.35722430795431 17.45
    endloop
  endfacet
  facet normal -0.06540312517646005 -0.997858923504296 0
    outer loop
      vertex -93.50263096392155 -66.35722430795431 17.45
      vertex -92.85000000149012 -66.39999999850988 0
      vertex -92.85000000149012 -66.39999999850988 17.45
    endloop
  endfacet
  facet normal 0 0 1
    outer loop
      vertex -81.35000000149012 -51.399999998509884 17.45
      vertex -83.42999999970198 -54.100000001490116 17.45
      vertex 83.42999999970198 -54.100000001490116 17.45
    endloop
  endfacet
  facet normal 0 0 1
    outer loop
      vertex -0.506772579769887 -56.5 17.45
      vertex -84.75 -56.5 17.45
      vertex -0.2675786940511057 -58.367538034183696 17.45
    endloop
  endfacet
  facet normal 0 0 1
    outer loop
      vertex -91.06549896365158 -58.50604695835187 17.45
      vertex -0.7845010363484339 -58.50604695835187 17.45
      vertex -0.5305790424601675 -58.419852056107416 17.45
    endloop
  endfacet
  facet normal 0 0 1
    outer loop
      vertex -90.825 -58.624647922241905 17.45
      vertex -1.025 -58.624647922241905 17.45
      vertex -0.7845010363484339 -58.50604695835187 17.45
    endloop
  endfacet
  facet normal 0 0 1
    outer loop
      vertex -91.31942095753985 -58.419852056107416 17.45
      vertex -0.5305790424601675 -58.419852056107416 17.45
      vertex -0.2675786940511057 -58.367538034183696 17.45
    endloop
  endfacet
  facet normal 0 0 1
    outer loop
      vertex -90.40043109856758 -58.950431098567584 17.45
      vertex -1.4495689014324225 -58.950431098567584 17.45
      vertex -1.2479609294678773 -58.77362565240298 17.45
    endloop
  endfacet
  facet normal 0 0 1
    outer loop
      vertex -90.22362565240297 -59.152039070532126 17.45
      vertex -1.626374347597032 -59.152039070532126 17.45
      vertex -1.4495689014324225 -58.950431098567584 17.45
    endloop
  endfacet
  facet normal 0 0 1
    outer loop
      vertex -90.60203907053213 -58.77362565240298 17.45
      vertex -1.2479609294678773 -58.77362565240298 17.45
      vertex -1.025 -58.624647922241905 17.45
    endloop
  endfacet
  facet normal 0 0 1
    outer loop
      vertex -90.07464792224191 -59.37500000000001 17.45
      vertex -1.775352077758099 -59.37500000000001 17.45
      vertex -1.626374347597032 -59.152039070532126 17.45
    endloop
  endfacet
  facet normal 0 0 1
    outer loop
      vertex -89.8175380341837 -60.1324213059489 17.45
      vertex -1.8939530416481376 -59.615498963651575 17.45
      vertex -1.775352077758099 -59.37500000000001 17.45
    endloop
  endfacet
  facet normal 0 0 1
    outer loop
      vertex -89.8175380341837 -60.1324213059489 17.45
      vertex -1.98014794389259 -59.86942095753984 17.45
      vertex -1.8939530416481376 -59.615498963651575 17.45
    endloop
  endfacet
  facet normal 0 0 1
    outer loop
      vertex -89.8175380341837 -60.1324213059489 17.45
      vertex -2.032461965816311 -60.1324213059489 17.45
      vertex -1.98014794389259 -59.86942095753984 17.45
    endloop
  endfacet
  facet normal 0 0 1
    outer loop
      vertex -89.8175380341837 -60.1324213059489 17.45
      vertex -2.05 -60.400000000000006 17.45
      vertex -2.032461965816311 -60.1324213059489 17.45
    endloop
  endfacet
  facet normal 0 0 1
    outer loop
      vertex -89.8175380341837 -60.1324213059489 17.45
      vertex -2.032461965816311 -60.66757869405111 17.45
      vertex -2.05 -60.400000000000006 17.45
    endloop
  endfacet
  facet normal 0 0 1
    outer loop
      vertex -89.8175380341837 -60.1324213059489 17.45
      vertex -1.98014794389259 -60.930579042460174 17.45
      vertex -2.032461965816311 -60.66757869405111 17.45
    endloop
  endfacet
  facet normal 0 0 1
    outer loop
      vertex -89.8175380341837 -60.1324213059489 17.45
      vertex -1.8939530416481376 -61.184501036348436 17.45
      vertex -1.98014794389259 -60.930579042460174 17.45
    endloop
  endfacet
  facet normal 0 0 1
    outer loop
      vertex -89.8175380341837 -60.1324213059489 17.45
      vertex -1.775352077758099 -61.425000000000004 17.45
      vertex -1.8939530416481376 -61.184501036348436 17.45
    endloop
  endfacet
  facet normal 0 0 1
    outer loop
      vertex -89.8175380341837 -60.1324213059489 17.45
      vertex -1.626374347597032 -61.647960929467885 17.45
      vertex -1.775352077758099 -61.425000000000004 17.45
    endloop
  endfacet
  facet normal 0 0 1
    outer loop
      vertex -89.8175380341837 -60.1324213059489 17.45
      vertex -1.4495689014324225 -61.84956890143243 17.45
      vertex -1.626374347597032 -61.647960929467885 17.45
    endloop
  endfacet
  facet normal 0 0 1
    outer loop
      vertex -89.8175380341837 -60.66757869405111 17.45
      vertex -1.2479609294678773 -62.026374347597034 17.45
      vertex -1.4495689014324225 -61.84956890143243 17.45
    endloop
  endfacet
  facet normal 0 0 1
    outer loop
      vertex -90.22362565240297 -61.647960929467885 17.45
      vertex -1.025 -62.175352077758106 17.45
      vertex -1.2479609294678773 -62.026374347597034 17.45
    endloop
  endfacet
  facet normal 0 0 1
    outer loop
      vertex -90.22362565240297 -61.647960929467885 17.45
      vertex -0.7845010363484339 -62.293953041648145 17.45
      vertex -1.025 -62.175352077758106 17.45
    endloop
  endfacet
  facet normal 0 0 1
    outer loop
      vertex -97.6796291321516 -62.694095224142075 17.45
      vertex -97.46939766407013 -63.3134171590209 17.45
      vertex 96.8167667016387 -64.44380713999271 17.45
    endloop
  endfacet
  facet normal 0 0 1
    outer loop
      vertex -97.46939766407013 -63.3134171590209 17.45
      vertex -97.1801270172 -63.899999998509884 17.45
      vertex 96.38553390651941 -64.93553390353918 17.45
    endloop
  endfacet
  facet normal 0 0 1
    outer loop
      vertex -90.825 -62.175352077758106 17.45
      vertex -0.5305790424601675 -62.380147943892595 17.45
      vertex -0.7845010363484339 -62.293953041648145 17.45
    endloop
  endfacet
  facet normal 0 0 1
    outer loop
      vertex -97.6796291321516 -62.694095224142075 17.45
      vertex 97.1801270172 -63.899999998509884 17.45
      vertex -91.85000000000001 -62.45 17.45
    endloop
  endfacet
  facet normal 0 0 1
    outer loop
      vertex -97.1801270172 -63.899999998509884 17.45
      vertex -96.8167667016387 -64.44380713999271 17.45
      vertex 95.89380714297295 -65.36676669865847 17.45
    endloop
  endfacet
  facet normal 0 0 1
    outer loop
      vertex -96.8167667016387 -64.44380713999271 17.45
      vertex -96.38553390651941 -64.93553390353918 17.45
      vertex 95.35000000149012 -65.73012701421976 17.45
    endloop
  endfacet
  facet normal 0 0 1
    outer loop
      vertex -96.38553390651941 -64.93553390353918 17.45
      vertex -95.89380714297295 -65.36676669865847 17.45
      vertex 94.76341716200113 -66.0193976610899 17.45
    endloop
  endfacet
  facet normal 0 0 1
    outer loop
      vertex -95.89380714297295 -65.36676669865847 17.45
      vertex -95.35000000149012 -65.73012701421976 17.45
      vertex 94.1440952271223 -66.22962912917137 17.45
    endloop
  endfacet
  facet normal 0 0 1
    outer loop
      vertex -95.35000000149012 -65.73012701421976 17.45
      vertex -94.76341716200113 -66.0193976610899 17.45
      vertex 93.50263096392155 -66.35722430795431 17.45
    endloop
  endfacet
  facet normal 0 0 1
    outer loop
      vertex -94.76341716200113 -66.0193976610899 17.45
      vertex -94.1440952271223 -66.22962912917137 17.45
      vertex 92.85000000149012 -66.39999999850988 17.45
    endloop
  endfacet
  facet normal 0 0 1
    outer loop
      vertex -94.1440952271223 -66.22962912917137 17.45
      vertex -92.85000000149012 -66.39999999850988 17.45
      vertex 92.85000000149012 -66.39999999850988 17.45
    endloop
  endfacet
  facet normal 0 0 1
    outer loop
      vertex -90.825 -62.175352077758106 17.45
      vertex -0.2675786940511057 -62.432461965816316 17.45
      vertex -0.5305790424601675 -62.380147943892595 17.45
    endloop
  endfacet
  facet normal 0 0 1
    outer loop
      vertex -90.825 -62.175352077758106 17.45
      vertex 0 -62.45 17.45
      vertex -0.2675786940511057 -62.432461965816316 17.45
    endloop
  endfacet
  facet normal 0 0 1
    outer loop
      vertex 97.1801270172 -63.899999998509884 17.45
      vertex -91.5824213059489 -62.432461965816316 17.45
      vertex -91.85000000000001 -62.45 17.45
    endloop
  endfacet
  facet normal 0 0 1
    outer loop
      vertex 97.1801270172 -63.899999998509884 17.45
      vertex -91.31942095753985 -62.380147943892595 17.45
      vertex -91.5824213059489 -62.432461965816316 17.45
    endloop
  endfacet
  facet normal 0 0 1
    outer loop
      vertex 97.1801270172 -63.899999998509884 17.45
      vertex -91.06549896365158 -62.293953041648145 17.45
      vertex -91.31942095753985 -62.380147943892595 17.45
    endloop
  endfacet
  facet normal 0 0 1
    outer loop
      vertex 97.1801270172 -63.899999998509884 17.45
      vertex -90.825 -62.175352077758106 17.45
      vertex -91.06549896365158 -62.293953041648145 17.45
    endloop
  endfacet
  facet normal 0 0 1
    outer loop
      vertex -0.506772579769887 -56.5 17.45
      vertex -0.2675786940511057 -58.367538034183696 17.45
      vertex 0 -58.35000000000001 17.45
    endloop
  endfacet
  facet normal 0 0 1
    outer loop
      vertex -0.506772579769887 -56.5 17.45
      vertex 0 -58.35000000000001 17.45
      vertex 0.2675786940511057 -58.367538034183696 17.45
    endloop
  endfacet
  facet normal -0.997858923504296 -0.06540312517646005 0
    outer loop
      vertex -97.85000000149012 -61.399999998509884 17.45
      vertex -97.85000000149012 -61.399999998509884 0
      vertex -97.80722431093454 -62.052630960941315 0
    endloop
  endfacet
  facet normal -0.9807852793499569 -0.1950903273112926 0
    outer loop
      vertex -97.80722431093454 -62.052630960941315 17.45
      vertex -97.80722431093454 -62.052630960941315 0
      vertex -97.6796291321516 -62.694095224142075 0
    endloop
  endfacet
  facet normal -0.9469301296443332 -0.3214394648635512 0
    outer loop
      vertex -97.6796291321516 -62.694095224142075 17.45
      vertex -97.6796291321516 -62.694095224142075 0
      vertex -97.46939766407013 -63.3134171590209 0
    endloop
  endfacet
  facet normal -0.896872739963228 -0.4422886934015517 0
    outer loop
      vertex -97.46939766407013 -63.3134171590209 17.45
      vertex -97.46939766407013 -63.3134171590209 0
      vertex -97.1801270172 -63.899999998509884 0
    endloop
  endfacet
  facet normal -0.8314696119674009 -0.5555702335211812 0
    outer loop
      vertex -97.1801270172 -63.899999998509884 17.45
      vertex -97.1801270172 -63.899999998509884 0
      vertex -96.8167667016387 -64.44380713999271 0
    endloop
  endfacet
  facet normal -0.7518398095516428 -0.659345812736647 0
    outer loop
      vertex -96.8167667016387 -64.44380713999271 17.45
      vertex -96.8167667016387 -64.44380713999271 0
      vertex -96.38553390651941 -64.93553390353918 0
    endloop
  endfacet
  facet normal -0.659345812736647 -0.7518398095516428 0
    outer loop
      vertex -96.38553390651941 -64.93553390353918 17.45
      vertex -96.38553390651941 -64.93553390353918 0
      vertex -95.89380714297295 -65.36676669865847 0
    endloop
  endfacet
  facet normal -0.5555702335211812 -0.8314696119674009 0
    outer loop
      vertex -95.89380714297295 -65.36676669865847 17.45
      vertex -95.89380714297295 -65.36676669865847 0
      vertex -95.35000000149012 -65.73012701421976 0
    endloop
  endfacet
  facet normal -0.4422886934015517 -0.896872739963228 0
    outer loop
      vertex -95.35000000149012 -65.73012701421976 17.45
      vertex -95.35000000149012 -65.73012701421976 0
      vertex -94.76341716200113 -66.0193976610899 0
    endloop
  endfacet
  facet normal -0.3214394648635512 -0.9469301296443332 0
    outer loop
      vertex -94.76341716200113 -66.0193976610899 17.45
      vertex -94.76341716200113 -66.0193976610899 0
      vertex -94.1440952271223 -66.22962912917137 0
    endloop
  endfacet
  facet normal -0.1950903273112926 -0.9807852793499569 0
    outer loop
      vertex -94.1440952271223 -66.22962912917137 17.45
      vertex -94.1440952271223 -66.22962912917137 0
      vertex -93.50263096392155 -66.35722430795431 0
    endloop
  endfacet
  facet normal -0.06540312517646005 -0.997858923504296 0
    outer loop
      vertex -93.50263096392155 -66.35722430795431 17.45
      vertex -93.50263096392155 -66.35722430795431 0
      vertex -92.85000000149012 -66.39999999850988 0
    endloop
  endfacet
  facet normal 0 0 -1
    outer loop
      vertex -94.1440952271223 -66.22962912917137 0
      vertex -92.85000000149012 -66.39999999850988 0
      vertex -93.50263096392155 -66.35722430795431 0
    endloop
  endfacet
  facet normal 0 0 -1
    outer loop
      vertex -97.85000000149012 61.399999998509884 0
      vertex 97.6796291321516 -62.694095224142075 0
      vertex -97.85000000149012 -61.399999998509884 0
    endloop
  endfacet
  facet normal 0 -1 0
    outer loop
      vertex -92.85000000149012 -66.39999999850988 17.45
      vertex -92.85000000149012 -66.39999999850988 0
      vertex 92.85000000149012 -66.39999999850988 0
    endloop
  endfacet
  facet normal 0 0 -1
    outer loop
      vertex -97.85000000149012 -61.399999998509884 0
      vertex 97.46939766407013 -63.3134171590209 0
      vertex -97.80722431093454 -62.052630960941315 0
    endloop
  endfacet
  facet normal 0 0 -1
    outer loop
      vertex -97.80722431093454 -62.052630960941315 0
      vertex 97.1801270172 -63.899999998509884 0
      vertex -97.6796291321516 -62.694095224142075 0
    endloop
  endfacet
  facet normal 0 0 -1
    outer loop
      vertex -97.6796291321516 -62.694095224142075 0
      vertex 96.8167667016387 -64.44380713999271 0
      vertex -97.46939766407013 -63.3134171590209 0
    endloop
  endfacet
  facet normal 0 0 -1
    outer loop
      vertex -97.46939766407013 -63.3134171590209 0
      vertex 96.38553390651941 -64.93553390353918 0
      vertex -97.1801270172 -63.899999998509884 0
    endloop
  endfacet
  facet normal 0 0 -1
    outer loop
      vertex -97.1801270172 -63.899999998509884 0
      vertex 95.89380714297295 -65.36676669865847 0
      vertex -96.8167667016387 -64.44380713999271 0
    endloop
  endfacet
  facet normal 0 0 -1
    outer loop
      vertex -96.8167667016387 -64.44380713999271 0
      vertex 95.35000000149012 -65.73012701421976 0
      vertex -96.38553390651941 -64.93553390353918 0
    endloop
  endfacet
  facet normal 0 0 -1
    outer loop
      vertex -96.38553390651941 -64.93553390353918 0
      vertex 94.76341716200113 -66.0193976610899 0
      vertex -95.89380714297295 -65.36676669865847 0
    endloop
  endfacet
  facet normal 0 0 -1
    outer loop
      vertex -95.89380714297295 -65.36676669865847 0
      vertex 94.1440952271223 -66.22962912917137 0
      vertex -95.35000000149012 -65.73012701421976 0
    endloop
  endfacet
  facet normal 0 0 -1
    outer loop
      vertex -95.35000000149012 -65.73012701421976 0
      vertex 93.50263096392155 -66.35722430795431 0
      vertex -94.76341716200113 -66.0193976610899 0
    endloop
  endfacet
  facet normal 0 0 -1
    outer loop
      vertex -94.76341716200113 -66.0193976610899 0
      vertex 92.85000000149012 -66.39999999850988 0
      vertex -94.1440952271223 -66.22962912917137 0
    endloop
  endfacet
  facet normal 0 0 -1
    outer loop
      vertex -94.1440952271223 -66.22962912917137 0
      vertex 92.85000000149012 -66.39999999850988 0
      vertex -92.85000000149012 -66.39999999850988 0
    endloop
  endfacet
  facet normal 0 0 1
    outer loop
      vertex 0.506772579769887 56.5 17.45
      vertex 0 58.35000000000001 17.45
      vertex -0.2675786940511057 58.367538034183696 17.45
    endloop
  endfacet
  facet normal 0 0 1
    outer loop
      vertex 0.506772579769887 56.5 17.45
      vertex 0.2675786940511057 58.367538034183696 17.45
      vertex 0 58.35000000000001 17.45
    endloop
  endfacet
  facet normal 0 0 1
    outer loop
      vertex -97.1801270172 63.899999998509884 17.45
      vertex 90.825 62.175352077758106 17.45
      vertex 91.06549896365158 62.293953041648145 17.45
    endloop
  endfacet
  facet normal 0 0 1
    outer loop
      vertex -97.1801270172 63.899999998509884 17.45
      vertex 91.06549896365158 62.293953041648145 17.45
      vertex 91.31942095753985 62.380147943892595 17.45
    endloop
  endfacet
  facet normal 0 0 1
    outer loop
      vertex -97.1801270172 63.899999998509884 17.45
      vertex 91.31942095753985 62.380147943892595 17.45
      vertex 91.5824213059489 62.432461965816316 17.45
    endloop
  endfacet
  facet normal 0 0 1
    outer loop
      vertex -97.1801270172 63.899999998509884 17.45
      vertex 91.5824213059489 62.432461965816316 17.45
      vertex 91.85000000000001 62.45 17.45
    endloop
  endfacet
  facet normal 0 0 1
    outer loop
      vertex 90.825 62.175352077758106 17.45
      vertex 0 62.45 17.45
      vertex 0.2675786940511057 62.432461965816316 17.45
    endloop
  endfacet
  facet normal 0 0 1
    outer loop
      vertex 90.825 62.175352077758106 17.45
      vertex 0.2675786940511057 62.432461965816316 17.45
      vertex 0.5305790424601675 62.380147943892595 17.45
    endloop
  endfacet
  facet normal 0 0 1
    outer loop
      vertex -92.85000000149012 66.39999999850988 17.45
      vertex 94.1440952271223 66.22962912917137 17.45
      vertex 92.85000000149012 66.39999999850988 17.45
    endloop
  endfacet
  facet normal 0 0 1
    outer loop
      vertex -92.85000000149012 66.39999999850988 17.45
      vertex 94.76341716200113 66.0193976610899 17.45
      vertex 94.1440952271223 66.22962912917137 17.45
    endloop
  endfacet
  facet normal 0 0 1
    outer loop
      vertex -93.50263096392155 66.35722430795431 17.45
      vertex 95.35000000149012 65.73012701421976 17.45
      vertex 94.76341716200113 66.0193976610899 17.45
    endloop
  endfacet
  facet normal 0 0 1
    outer loop
      vertex -94.1440952271223 66.22962912917137 17.45
      vertex 95.89380714297295 65.36676669865847 17.45
      vertex 95.35000000149012 65.73012701421976 17.45
    endloop
  endfacet
  facet normal 0 0 1
    outer loop
      vertex -94.76341716200113 66.0193976610899 17.45
      vertex 96.38553390651941 64.93553390353918 17.45
      vertex 95.89380714297295 65.36676669865847 17.45
    endloop
  endfacet
  facet normal 0 0 1
    outer loop
      vertex -95.35000000149012 65.73012701421976 17.45
      vertex 96.8167667016387 64.44380713999271 17.45
      vertex 96.38553390651941 64.93553390353918 17.45
    endloop
  endfacet
  facet normal 0 0 1
    outer loop
      vertex -95.89380714297295 65.36676669865847 17.45
      vertex 97.1801270172 63.899999998509884 17.45
      vertex 96.8167667016387 64.44380713999271 17.45
    endloop
  endfacet
  facet normal 0 0 1
    outer loop
      vertex -97.1801270172 63.899999998509884 17.45
      vertex 91.85000000000001 62.45 17.45
      vertex 97.6796291321516 62.694095224142075 17.45
    endloop
  endfacet
  facet normal 0 0 1
    outer loop
      vertex 90.825 62.175352077758106 17.45
      vertex 0.5305790424601675 62.380147943892595 17.45
      vertex 0.7845010363484339 62.293953041648145 17.45
    endloop
  endfacet
  facet normal 0 0 1
    outer loop
      vertex -96.38553390651941 64.93553390353918 17.45
      vertex 97.46939766407013 63.3134171590209 17.45
      vertex 97.1801270172 63.899999998509884 17.45
    endloop
  endfacet
  facet normal 0 0 1
    outer loop
      vertex -96.8167667016387 64.44380713999271 17.45
      vertex 97.6796291321516 62.694095224142075 17.45
      vertex 97.46939766407013 63.3134171590209 17.45
    endloop
  endfacet
  facet normal 0 0 1
    outer loop
      vertex 90.22362565240297 61.647960929467885 17.45
      vertex 0.7845010363484339 62.293953041648145 17.45
      vertex 1.025 62.175352077758106 17.45
    endloop
  endfacet
  facet normal 0 0 1
    outer loop
      vertex 90.22362565240297 61.647960929467885 17.45
      vertex 1.025 62.175352077758106 17.45
      vertex 1.2479609294678773 62.026374347597034 17.45
    endloop
  endfacet
  facet normal 0 0 1
    outer loop
      vertex 1.2479609294678773 62.026374347597034 17.45
      vertex 1.4495689014324225 61.84956890143243 17.45
      vertex 89.8175380341837 60.66757869405111 17.45
    endloop
  endfacet
  facet normal 0 0 1
    outer loop
      vertex 1.4495689014324225 61.84956890143243 17.45
      vertex 1.626374347597032 61.647960929467885 17.45
      vertex 89.8175380341837 60.1324213059489 17.45
    endloop
  endfacet
  facet normal 0 0 1
    outer loop
      vertex 1.775352077758099 61.425000000000004 17.45
      vertex 89.8175380341837 60.1324213059489 17.45
      vertex 1.626374347597032 61.647960929467885 17.45
    endloop
  endfacet
  facet normal 0 0 1
    outer loop
      vertex 1.8939530416481376 61.184501036348436 17.45
      vertex 89.8175380341837 60.1324213059489 17.45
      vertex 1.775352077758099 61.425000000000004 17.45
    endloop
  endfacet
  facet normal 0 0 1
    outer loop
      vertex 1.98014794389259 60.930579042460174 17.45
      vertex 89.8175380341837 60.1324213059489 17.45
      vertex 1.8939530416481376 61.184501036348436 17.45
    endloop
  endfacet
  facet normal 0 0 1
    outer loop
      vertex 2.032461965816311 60.66757869405111 17.45
      vertex 89.8175380341837 60.1324213059489 17.45
      vertex 1.98014794389259 60.930579042460174 17.45
    endloop
  endfacet
  facet normal 0 0 1
    outer loop
      vertex 2.05 60.400000000000006 17.45
      vertex 89.8175380341837 60.1324213059489 17.45
      vertex 2.032461965816311 60.66757869405111 17.45
    endloop
  endfacet
  facet normal 0 0 1
    outer loop
      vertex 2.032461965816311 60.1324213059489 17.45
      vertex 89.8175380341837 60.1324213059489 17.45
      vertex 2.05 60.400000000000006 17.45
    endloop
  endfacet
  facet normal 0 0 1
    outer loop
      vertex 1.98014794389259 59.86942095753984 17.45
      vertex 89.8175380341837 60.1324213059489 17.45
      vertex 2.032461965816311 60.1324213059489 17.45
    endloop
  endfacet
  facet normal 0 0 1
    outer loop
      vertex 1.8939530416481376 59.615498963651575 17.45
      vertex 89.8175380341837 60.1324213059489 17.45
      vertex 1.98014794389259 59.86942095753984 17.45
    endloop
  endfacet
  facet normal 0 0 1
    outer loop
      vertex 1.775352077758099 59.37500000000001 17.45
      vertex 89.8175380341837 60.1324213059489 17.45
      vertex 1.8939530416481376 59.615498963651575 17.45
    endloop
  endfacet
  facet normal 0 0 1
    outer loop
      vertex 1.626374347597032 59.152039070532126 17.45
      vertex 90.07464792224191 59.37500000000001 17.45
      vertex 1.775352077758099 59.37500000000001 17.45
    endloop
  endfacet
  facet normal 0 0 1
    outer loop
      vertex 1.2479609294678773 58.77362565240298 17.45
      vertex 1.025 58.624647922241905 17.45
      vertex 90.60203907053213 58.77362565240298 17.45
    endloop
  endfacet
  facet normal 0 0 1
    outer loop
      vertex 1.4495689014324225 58.950431098567584 17.45
      vertex 90.22362565240297 59.152039070532126 17.45
      vertex 1.626374347597032 59.152039070532126 17.45
    endloop
  endfacet
  facet normal 0 0 1
    outer loop
      vertex 1.2479609294678773 58.77362565240298 17.45
      vertex 90.40043109856758 58.950431098567584 17.45
      vertex 1.4495689014324225 58.950431098567584 17.45
    endloop
  endfacet
  facet normal 0 0 1
    outer loop
      vertex 0.5305790424601675 58.419852056107416 17.45
      vertex 0.2675786940511057 58.367538034183696 17.45
      vertex 91.31942095753985 58.419852056107416 17.45
    endloop
  endfacet
  facet normal 0 0 1
    outer loop
      vertex 1.025 58.624647922241905 17.45
      vertex 0.7845010363484339 58.50604695835187 17.45
      vertex 90.825 58.624647922241905 17.45
    endloop
  endfacet
  facet normal 0 0 1
    outer loop
      vertex 0.7845010363484339 58.50604695835187 17.45
      vertex 0.5305790424601675 58.419852056107416 17.45
      vertex 91.06549896365158 58.50604695835187 17.45
    endloop
  endfacet
  facet normal 0 0 1
    outer loop
      vertex 0.506772579769887 56.5 17.45
      vertex 84.75 56.5 17.45
      vertex 0.2675786940511057 58.367538034183696 17.45
    endloop
  endfacet
  facet normal 0 0 1
    outer loop
      vertex 81.35000000149012 51.399999998509884 17.45
      vertex 83.42999999970198 54.100000001490116 17.45
      vertex -83.42999999970198 54.100000001490116 17.45
    endloop
  endfacet
  facet normal 0 0 1
    outer loop
      vertex 1.2479609294678773 62.026374347597034 17.45
      vertex 89.86985205610742 60.930579042460174 17.45
      vertex 89.95604695835188 61.184501036348436 17.45
    endloop
  endfacet
  facet normal 0 0 1
    outer loop
      vertex 0.7845010363484339 62.293953041648145 17.45
      vertex 90.60203907053213 62.026374347597034 17.45
      vertex 90.825 62.175352077758106 17.45
    endloop
  endfacet
  facet normal 0 0 1
    outer loop
      vertex 0.7845010363484339 62.293953041648145 17.45
      vertex 90.40043109856758 61.84956890143243 17.45
      vertex 90.60203907053213 62.026374347597034 17.45
    endloop
  endfacet
  facet normal 0 0 1
    outer loop
      vertex 0.7845010363484339 62.293953041648145 17.45
      vertex 90.22362565240297 61.647960929467885 17.45
      vertex 90.40043109856758 61.84956890143243 17.45
    endloop
  endfacet
  facet normal 0 0 1
    outer loop
      vertex 1.2479609294678773 62.026374347597034 17.45
      vertex 90.07464792224191 61.425000000000004 17.45
      vertex 90.22362565240297 61.647960929467885 17.45
    endloop
  endfacet
  facet normal 0 0 1
    outer loop
      vertex 1.2479609294678773 62.026374347597034 17.45
      vertex 89.95604695835188 61.184501036348436 17.45
      vertex 90.07464792224191 61.425000000000004 17.45
    endloop
  endfacet
  facet normal 0 0 1
    outer loop
      vertex 1.2479609294678773 62.026374347597034 17.45
      vertex 89.8175380341837 60.66757869405111 17.45
      vertex 89.86985205610742 60.930579042460174 17.45
    endloop
  endfacet
  facet normal 0 0 1
    outer loop
      vertex 1.4495689014324225 61.84956890143243 17.45
      vertex 89.80000000000001 60.400000000000006 17.45
      vertex 89.8175380341837 60.66757869405111 17.45
    endloop
  endfacet
  facet normal 0 0 1
    outer loop
      vertex 1.4495689014324225 61.84956890143243 17.45
      vertex 89.8175380341837 60.1324213059489 17.45
      vertex 89.80000000000001 60.400000000000006 17.45
    endloop
  endfacet
  facet normal 0 0 1
    outer loop
      vertex 1.775352077758099 59.37500000000001 17.45
      vertex 89.86985205610742 59.86942095753984 17.45
      vertex 89.8175380341837 60.1324213059489 17.45
    endloop
  endfacet
  facet normal 0 0 1
    outer loop
      vertex 1.775352077758099 59.37500000000001 17.45
      vertex 89.95604695835188 59.615498963651575 17.45
      vertex 89.86985205610742 59.86942095753984 17.45
    endloop
  endfacet
  facet normal 0 0 1
    outer loop
      vertex 1.775352077758099 59.37500000000001 17.45
      vertex 90.07464792224191 59.37500000000001 17.45
      vertex 89.95604695835188 59.615498963651575 17.45
    endloop
  endfacet
  facet normal 0 0 1
    outer loop
      vertex 1.626374347597032 59.152039070532126 17.45
      vertex 90.22362565240297 59.152039070532126 17.45
      vertex 90.07464792224191 59.37500000000001 17.45
    endloop
  endfacet
  facet normal 0 0 1
    outer loop
      vertex 1.4495689014324225 58.950431098567584 17.45
      vertex 90.40043109856758 58.950431098567584 17.45
      vertex 90.22362565240297 59.152039070532126 17.45
    endloop
  endfacet
  facet normal 0 0 1
    outer loop
      vertex 1.2479609294678773 58.77362565240298 17.45
      vertex 90.60203907053213 58.77362565240298 17.45
      vertex 90.40043109856758 58.950431098567584 17.45
    endloop
  endfacet
  facet normal 0 0 1
    outer loop
      vertex 1.025 58.624647922241905 17.45
      vertex 90.825 58.624647922241905 17.45
      vertex 90.60203907053213 58.77362565240298 17.45
    endloop
  endfacet
  facet normal 0 0 1
    outer loop
      vertex 0.7845010363484339 58.50604695835187 17.45
      vertex 91.06549896365158 58.50604695835187 17.45
      vertex 90.825 58.624647922241905 17.45
    endloop
  endfacet
  facet normal 0 0 1
    outer loop
      vertex 0.5305790424601675 58.419852056107416 17.45
      vertex 91.31942095753985 58.419852056107416 17.45
      vertex 91.06549896365158 58.50604695835187 17.45
    endloop
  endfacet
  facet normal 0 0 1
    outer loop
      vertex 0.2675786940511057 58.367538034183696 17.45
      vertex 91.5824213059489 58.367538034183696 17.45
      vertex 91.31942095753985 58.419852056107416 17.45
    endloop
  endfacet
  facet normal 0 0 1
    outer loop
      vertex 0.2675786940511057 58.367538034183696 17.45
      vertex 84.75 56.5 17.45
      vertex 91.5824213059489 58.367538034183696 17.45
    endloop
  endfacet
  facet normal 0 0 1
    outer loop
      vertex 81.35000000149012 51.399999998509884 17.45
      vertex 81.54578928649426 51.387167289853096 17.45
      vertex 84.72057422995567 53.66190908849239 17.45
    endloop
  endfacet
  facet normal 0 0 1
    outer loop
      vertex 81.35000000149012 51.399999998509884 17.45
      vertex 83.70671552419662 54.08186311274767 17.45
      vertex 83.42999999970198 54.100000001490116 17.45
    endloop
  endfacet
  facet normal 0 0 1
    outer loop
      vertex 81.35000000149012 51.399999998509884 17.45
      vertex 83.97869637608528 54.02776275575161 17.45
      vertex 83.70671552419662 54.08186311274767 17.45
    endloop
  endfacet
  facet normal 0 0 1
    outer loop
      vertex 81.35000000149012 51.399999998509884 17.45
      vertex 84.24128887802362 53.93862461298704 17.45
      vertex 83.97869637608528 54.02776275575161 17.45
    endloop
  endfacet
  facet normal 0 0 1
    outer loop
      vertex 81.35000000149012 51.399999998509884 17.45
      vertex 84.49000000208616 53.81597386300564 17.45
      vertex 84.24128887802362 53.93862461298704 17.45
    endloop
  endfacet
  facet normal 0 0 1
    outer loop
      vertex 81.35000000149012 51.399999998509884 17.45
      vertex 84.72057422995567 53.66190908849239 17.45
      vertex 84.49000000208616 53.81597386300564 17.45
    endloop
  endfacet
  facet normal 0 0 1
    outer loop
      vertex 81.54578928649426 51.387167289853096 17.45
      vertex 81.7382285669446 51.348888739943504 17.45
      vertex 84.92906637489796 53.479066379368305 17.45
    endloop
  endfacet
  facet normal 0 0 1
    outer loop
      vertex 81.7382285669446 51.348888739943504 17.45
      vertex 81.9240251481533 51.28581929951906 17.45
      vertex 84.92906637489796 53.479066379368305 17.45
    endloop
  endfacet
  facet normal 0 0 1
    outer loop
      vertex 81.9240251481533 51.28581929951906 17.45
      vertex 82.10000000149012 51.19903810322285 17.45
      vertex 84.92906637489796 53.479066379368305 17.45
    endloop
  endfacet
  facet normal 0 0 1
    outer loop
      vertex 81.54578928649426 51.387167289853096 17.45
      vertex 84.92906637489796 53.479066379368305 17.45
      vertex 84.72057422995567 53.66190908849239 17.45
    endloop
  endfacet
  facet normal 0 0 1
    outer loop
      vertex 82.10000000149012 51.19903810322285 17.45
      vertex 85.11190908402205 53.27057423442602 17.45
      vertex 84.92906637489796 53.479066379368305 17.45
    endloop
  endfacet
  facet normal 0 0 1
    outer loop
      vertex 82.41066017001867 50.96066016703844 17.45
      vertex 85.26597385853529 53.04000000655651 17.45
      vertex 85.11190908402205 53.27057423442602 17.45
    endloop
  endfacet
  facet normal 0 0 1
    outer loop
      vertex 82.54003001004457 50.81314214318991 17.45
      vertex 85.3886246085167 52.79128888249397 17.45
      vertex 85.26597385853529 53.04000000655651 17.45
    endloop
  endfacet
  facet normal 0 0 1
    outer loop
      vertex 82.64903810620308 50.649999998509884 17.45
      vertex 85.47776275128126 52.52869638055563 17.45
      vertex 85.3886246085167 52.79128888249397 17.45
    endloop
  endfacet
  facet normal 0 0 1
    outer loop
      vertex 82.10000000149012 51.19903810322285 17.45
      vertex 82.26314214617014 51.09003000706434 17.45
      vertex 85.11190908402205 53.27057423442602 17.45
    endloop
  endfacet
  facet normal 0 0 1
    outer loop
      vertex 82.26314214617014 51.09003000706434 17.45
      vertex 82.41066017001867 50.96066016703844 17.45
      vertex 85.11190908402205 53.27057423442602 17.45
    endloop
  endfacet
  facet normal 0 0 1
    outer loop
      vertex 82.41066017001867 50.96066016703844 17.45
      vertex 82.54003001004457 50.81314214318991 17.45
      vertex 85.26597385853529 53.04000000655651 17.45
    endloop
  endfacet
  facet normal 0 0 1
    outer loop
      vertex 82.54003001004457 50.81314214318991 17.45
      vertex 82.64903810620308 50.649999998509884 17.45
      vertex 85.3886246085167 52.79128888249397 17.45
    endloop
  endfacet
  facet normal 0 0 1
    outer loop
      vertex 82.64903810620308 50.649999998509884 17.45
      vertex 82.7358193024993 50.47402514517307 17.45
      vertex 85.47776275128126 52.52869638055563 17.45
    endloop
  endfacet
  facet normal 0 0 1
    outer loop
      vertex 82.7358193024993 50.47402514517307 17.45
      vertex 82.79888874292374 50.28822856396437 17.45
      vertex 85.47776275128126 52.52869638055563 17.45
    endloop
  endfacet
  facet normal 0 0 1
    outer loop
      vertex 82.79888874292374 50.28822856396437 17.45
      vertex 82.83716729283333 50.09578928351402 17.45
      vertex 85.53186310827732 52.25671552866697 17.45
    endloop
  endfacet
  facet normal 0 0 1
    outer loop
      vertex 82.83716729283333 50.09578928351402 17.45
      vertex 82.85000000149012 49.899999998509884 17.45
      vertex 85.54999999701977 51.980000004172325 17.45
    endloop
  endfacet
  facet normal 0 0 1
    outer loop
      vertex 82.79888874292374 50.28822856396437 17.45
      vertex 85.53186310827732 52.25671552866697 17.45
      vertex 85.47776275128126 52.52869638055563 17.45
    endloop
  endfacet
  facet normal 0 0 1
    outer loop
      vertex 82.83716729283333 50.09578928351402 17.45
      vertex 85.54999999701977 51.980000004172325 17.45
      vertex 85.53186310827732 52.25671552866697 17.45
    endloop
  endfacet
  facet normal 0 0 1
    outer loop
      vertex 92.85000000149012 66.39999999850988 17.45
      vertex 94.1440952271223 66.22962912917137 17.45
      vertex 93.50263096392155 66.35722430795431 17.45
    endloop
  endfacet
  facet normal 0 0 1
    outer loop
      vertex 97.6796291321516 62.694095224142075 17.45
      vertex 91.85000000000001 62.45 17.45
      vertex 92.11757869405112 62.432461965816316 17.45
    endloop
  endfacet
  facet normal 0 0 1
    outer loop
      vertex 97.6796291321516 62.694095224142075 17.45
      vertex 92.11757869405112 62.432461965816316 17.45
      vertex 92.38057904246017 62.380147943892595 17.45
    endloop
  endfacet
  facet normal 0 0 1
    outer loop
      vertex 97.6796291321516 62.694095224142075 17.45
      vertex 92.63450103634844 62.293953041648145 17.45
      vertex 92.87500000000001 62.175352077758106 17.45
    endloop
  endfacet
  facet normal 0 0 1
    outer loop
      vertex 97.6796291321516 62.694095224142075 17.45
      vertex 92.38057904246017 62.380147943892595 17.45
      vertex 92.63450103634844 62.293953041648145 17.45
    endloop
  endfacet
  facet normal 0 0 1
    outer loop
      vertex 97.6796291321516 62.694095224142075 17.45
      vertex 92.87500000000001 62.175352077758106 17.45
      vertex 93.09796092946789 62.026374347597034 17.45
    endloop
  endfacet
  facet normal 0 0 1
    outer loop
      vertex 97.6796291321516 62.694095224142075 17.45
      vertex 93.09796092946789 62.026374347597034 17.45
      vertex 97.80722431093454 62.052630960941315 17.45
    endloop
  endfacet
  facet normal 0 0 1
    outer loop
      vertex 97.80722431093454 62.052630960941315 17.45
      vertex 93.09796092946789 62.026374347597034 17.45
      vertex 93.29956890143244 61.84956890143243 17.45
    endloop
  endfacet
  facet normal 0 0 1
    outer loop
      vertex 97.85000000149012 61.399999998509884 17.45
      vertex 92.87500000000001 58.624647922241905 17.45
      vertex 87.52128129452467 54.899999998509884 17.45
    endloop
  endfacet
  facet normal 0 0 1
    outer loop
      vertex 97.85000000149012 61.399999998509884 17.45
      vertex 93.29956890143244 58.950431098567584 17.45
      vertex 93.09796092946789 58.77362565240298 17.45
    endloop
  endfacet
  facet normal 0 0 1
    outer loop
      vertex 97.85000000149012 61.399999998509884 17.45
      vertex 93.09796092946789 58.77362565240298 17.45
      vertex 92.87500000000001 58.624647922241905 17.45
    endloop
  endfacet
  facet normal 0 0 1
    outer loop
      vertex 97.80722431093454 62.052630960941315 17.45
      vertex 93.29956890143244 61.84956890143243 17.45
      vertex 93.47637434759704 61.647960929467885 17.45
    endloop
  endfacet
  facet normal 0 0 1
    outer loop
      vertex 97.80722431093454 62.052630960941315 17.45
      vertex 93.47637434759704 61.647960929467885 17.45
      vertex 93.62535207775811 61.425000000000004 17.45
    endloop
  endfacet
  facet normal 0 0 1
    outer loop
      vertex 97.85000000149012 61.399999998509884 17.45
      vertex 93.62535207775811 61.425000000000004 17.45
      vertex 93.74395304164814 61.184501036348436 17.45
    endloop
  endfacet
  facet normal 0 0 1
    outer loop
      vertex 97.85000000149012 61.399999998509884 17.45
      vertex 93.74395304164814 61.184501036348436 17.45
      vertex 93.8301479438926 60.930579042460174 17.45
    endloop
  endfacet
  facet normal 0 0 1
    outer loop
      vertex 97.85000000149012 61.399999998509884 17.45
      vertex 93.8301479438926 60.930579042460174 17.45
      vertex 93.88246196581632 60.66757869405111 17.45
    endloop
  endfacet
  facet normal 0 0 1
    outer loop
      vertex 97.85000000149012 61.399999998509884 17.45
      vertex 93.88246196581632 60.66757869405111 17.45
      vertex 93.9 60.400000000000006 17.45
    endloop
  endfacet
  facet normal 0 0 1
    outer loop
      vertex 97.85000000149012 61.399999998509884 17.45
      vertex 93.8301479438926 59.86942095753984 17.45
      vertex 93.74395304164814 59.615498963651575 17.45
    endloop
  endfacet
  facet normal 0 0 1
    outer loop
      vertex 97.85000000149012 61.399999998509884 17.45
      vertex 93.9 60.400000000000006 17.45
      vertex 93.88246196581632 60.1324213059489 17.45
    endloop
  endfacet
  facet normal 0 0 1
    outer loop
      vertex 97.85000000149012 61.399999998509884 17.45
      vertex 93.88246196581632 60.1324213059489 17.45
      vertex 93.8301479438926 59.86942095753984 17.45
    endloop
  endfacet
  facet normal 0 0 1
    outer loop
      vertex 97.80722431093454 62.052630960941315 17.45
      vertex 93.62535207775811 61.425000000000004 17.45
      vertex 97.85000000149012 61.399999998509884 17.45
    endloop
  endfacet
  facet normal 0 0 1
    outer loop
      vertex 97.85000000149012 61.399999998509884 17.45
      vertex 93.74395304164814 59.615498963651575 17.45
      vertex 93.62535207775811 59.37500000000001 17.45
    endloop
  endfacet
  facet normal 0 0 1
    outer loop
      vertex 97.85000000149012 61.399999998509884 17.45
      vertex 93.62535207775811 59.37500000000001 17.45
      vertex 93.47637434759704 59.152039070532126 17.45
    endloop
  endfacet
  facet normal 0 0 1
    outer loop
      vertex 97.85000000149012 61.399999998509884 17.45
      vertex 93.47637434759704 59.152039070532126 17.45
      vertex 93.29956890143244 58.950431098567584 17.45
    endloop
  endfacet
  facet normal 0 0 1
    outer loop
      vertex 84.75 56.5 17.45
      vertex 85.16768381744623 56.47262355685234 17.45
      vertex 91.5824213059489 58.367538034183696 17.45
    endloop
  endfacet
  facet normal 0 0 1
    outer loop
      vertex 85.57822094112635 56.39096263796091 17.45
      vertex 91.5824213059489 58.367538034183696 17.45
      vertex 85.16768381744623 56.47262355685234 17.45
    endloop
  endfacet
  facet normal 0 0 1
    outer loop
      vertex 85.9745869860053 56.256414502859116 17.45
      vertex 91.5824213059489 58.367538034183696 17.45
      vertex 85.57822094112635 56.39096263796091 17.45
    endloop
  endfacet
  facet normal 0 0 1
    outer loop
      vertex 86.35000000149012 56.07128129154444 17.45
      vertex 91.5824213059489 58.367538034183696 17.45
      vertex 85.9745869860053 56.256414502859116 17.45
    endloop
  endfacet
  facet normal 0 0 1
    outer loop
      vertex 86.69803657382727 55.838730685412884 17.45
      vertex 91.5824213059489 58.367538034183696 17.45
      vertex 86.35000000149012 56.07128129154444 17.45
    endloop
  endfacet
  facet normal 0 0 1
    outer loop
      vertex 87.0127416998148 55.562741696834564 17.45
      vertex 91.5824213059489 58.367538034183696 17.45
      vertex 86.69803657382727 55.838730685412884 17.45
    endloop
  endfacet
  facet normal 0 0 1
    outer loop
      vertex 87.28873068839312 55.248036570847034 17.45
      vertex 91.5824213059489 58.367538034183696 17.45
      vertex 87.0127416998148 55.562741696834564 17.45
    endloop
  endfacet
  facet normal 0 0 1
    outer loop
      vertex 87.52128129452467 54.899999998509884 17.45
      vertex 91.5824213059489 58.367538034183696 17.45
      vertex 87.28873068839312 55.248036570847034 17.45
    endloop
  endfacet
  facet normal 0 0 1
    outer loop
      vertex 87.52128129452467 54.899999998509884 17.45
      vertex 91.85000000000001 58.35000000000001 17.45
      vertex 91.5824213059489 58.367538034183696 17.45
    endloop
  endfacet
  facet normal 0 0 1
    outer loop
      vertex 87.52128129452467 54.899999998509884 17.45
      vertex 92.11757869405112 58.367538034183696 17.45
      vertex 91.85000000000001 58.35000000000001 17.45
    endloop
  endfacet
  facet normal 0 0 1
    outer loop
      vertex 87.52128129452467 54.899999998509884 17.45
      vertex 92.38057904246017 58.419852056107416 17.45
      vertex 92.11757869405112 58.367538034183696 17.45
    endloop
  endfacet
  facet normal 0 0 1
    outer loop
      vertex 87.52128129452467 54.899999998509884 17.45
      vertex 92.63450103634844 58.50604695835187 17.45
      vertex 92.38057904246017 58.419852056107416 17.45
    endloop
  endfacet
  facet normal 0 0 1
    outer loop
      vertex 87.52128129452467 54.899999998509884 17.45
      vertex 92.87500000000001 58.624647922241905 17.45
      vertex 92.63450103634844 58.50604695835187 17.45
    endloop
  endfacet
  facet normal 0 0 1
    outer loop
      vertex 97.85000000149012 61.399999998509884 17.45
      vertex 87.52128129452467 54.899999998509884 17.45
      vertex 87.70641450583935 54.524586983025074 17.45
    endloop
  endfacet
  facet normal 0 0 1
    outer loop
      vertex 97.85000000149012 61.399999998509884 17.45
      vertex 87.70641450583935 54.524586983025074 17.45
      vertex 87.84096264094114 54.128220938146114 17.45
    endloop
  endfacet
  facet normal 0 0 1
    outer loop
      vertex 97.85000000149012 61.399999998509884 17.45
      vertex 87.84096264094114 54.128220938146114 17.45
      vertex 87.92262355983257 53.717683814466 17.45
    endloop
  endfacet
  facet normal 0 0 1
    outer loop
      vertex 97.85000000149012 61.399999998509884 17.45
      vertex 87.92262355983257 53.717683814466 17.45
      vertex 87.95000000298023 53.29999999701977 17.45
    endloop
  endfacet
  facet normal 0 0 1
    outer loop
      vertex 97.85000000149012 61.399999998509884 17.45
      vertex 87.95000000298023 53.29999999701977 17.45
      vertex 87.95000000298023 -12.124319838172944 17.45
    endloop
  endfacet
  facet normal 0.06540312517646005 0.997858923504296 0
    outer loop
      vertex 92.85000000149012 66.39999999850988 17.45
      vertex 93.50263096392155 66.35722430795431 17.45
      vertex 92.85000000149012 66.39999999850988 0
    endloop
  endfacet
  facet normal 0.1950903273112926 0.9807852793499569 0
    outer loop
      vertex 93.50263096392155 66.35722430795431 17.45
      vertex 94.1440952271223 66.22962912917137 17.45
      vertex 93.50263096392155 66.35722430795431 0
    endloop
  endfacet
  facet normal 0.3214394648635512 0.9469301296443332 0
    outer loop
      vertex 94.1440952271223 66.22962912917137 17.45
      vertex 94.76341716200113 66.0193976610899 17.45
      vertex 94.1440952271223 66.22962912917137 0
    endloop
  endfacet
  facet normal 0.4422886934015517 0.896872739963228 0
    outer loop
      vertex 94.76341716200113 66.0193976610899 17.45
      vertex 95.35000000149012 65.73012701421976 17.45
      vertex 94.76341716200113 66.0193976610899 0
    endloop
  endfacet
  facet normal 0.5555702335211812 0.8314696119674009 0
    outer loop
      vertex 95.35000000149012 65.73012701421976 17.45
      vertex 95.89380714297295 65.36676669865847 17.45
      vertex 95.35000000149012 65.73012701421976 0
    endloop
  endfacet
  facet normal 0.659345812736647 0.7518398095516428 0
    outer loop
      vertex 95.89380714297295 65.36676669865847 17.45
      vertex 96.38553390651941 64.93553390353918 17.45
      vertex 95.89380714297295 65.36676669865847 0
    endloop
  endfacet
  facet normal 0.7518398095516428 0.659345812736647 0
    outer loop
      vertex 96.38553390651941 64.93553390353918 17.45
      vertex 96.8167667016387 64.44380713999271 17.45
      vertex 96.38553390651941 64.93553390353918 0
    endloop
  endfacet
  facet normal 0.8314696119674009 0.5555702335211812 0
    outer loop
      vertex 96.8167667016387 64.44380713999271 17.45
      vertex 97.1801270172 63.899999998509884 17.45
      vertex 96.8167667016387 64.44380713999271 0
    endloop
  endfacet
  facet normal 0.896872739963228 0.4422886934015517 0
    outer loop
      vertex 97.1801270172 63.899999998509884 17.45
      vertex 97.46939766407013 63.3134171590209 17.45
      vertex 97.1801270172 63.899999998509884 0
    endloop
  endfacet
  facet normal 0.9469301296443332 0.3214394648635512 0
    outer loop
      vertex 97.46939766407013 63.3134171590209 17.45
      vertex 97.6796291321516 62.694095224142075 17.45
      vertex 97.46939766407013 63.3134171590209 0
    endloop
  endfacet
  facet normal 0.9807852793499569 0.1950903273112926 0
    outer loop
      vertex 97.6796291321516 62.694095224142075 17.45
      vertex 97.80722431093454 62.052630960941315 17.45
      vertex 97.6796291321516 62.694095224142075 0
    endloop
  endfacet
  facet normal 0.997858923504296 0.06540312517646005 0
    outer loop
      vertex 97.80722431093454 62.052630960941315 17.45
      vertex 97.85000000149012 61.399999998509884 17.45
      vertex 97.80722431093454 62.052630960941315 0
    endloop
  endfacet
  facet normal 0 0 1
    outer loop
      vertex 82.85000000149012 49.899999998509884 17.45
      vertex 82.85000000149012 -49.899999998509884 17.45
      vertex 85.54999999701977 51.980000004172325 17.45
    endloop
  endfacet
  facet normal 0 0 1
    outer loop
      vertex 97.85000000149012 61.399999998509884 17.45
      vertex 90.22362565240297 1.2479609294678773 17.45
      vertex 90.40043109856758 1.4495689014324225 17.45
    endloop
  endfacet
  facet normal 0 0 1
    outer loop
      vertex 97.85000000149012 61.399999998509884 17.45
      vertex 90.825 1.775352077758099 17.45
      vertex 91.06549896365158 1.8939530416481376 17.45
    endloop
  endfacet
  facet normal 0 0 1
    outer loop
      vertex 97.85000000149012 61.399999998509884 17.45
      vertex 90.60203907053213 1.626374347597032 17.45
      vertex 90.825 1.775352077758099 17.45
    endloop
  endfacet
  facet normal 0 0 1
    outer loop
      vertex 97.85000000149012 61.399999998509884 17.45
      vertex 90.40043109856758 1.4495689014324225 17.45
      vertex 90.60203907053213 1.626374347597032 17.45
    endloop
  endfacet
  facet normal 0 0 1
    outer loop
      vertex 97.85000000149012 61.399999998509884 17.45
      vertex 89.95604695835188 0.7845010363484339 17.45
      vertex 90.07464792224191 1.025 17.45
    endloop
  endfacet
  facet normal 0 0 1
    outer loop
      vertex 97.85000000149012 61.399999998509884 17.45
      vertex 90.07464792224191 1.025 17.45
      vertex 90.22362565240297 1.2479609294678773 17.45
    endloop
  endfacet
  facet normal 0 0 1
    outer loop
      vertex 97.85000000149012 61.399999998509884 17.45
      vertex 89.86985205610742 0.5305790424601675 17.45
      vertex 89.95604695835188 0.7845010363484339 17.45
    endloop
  endfacet
  facet normal 0 0 1
    outer loop
      vertex 97.85000000149012 61.399999998509884 17.45
      vertex 91.31942095753985 1.98014794389259 17.45
      vertex 91.5824213059489 2.032461965816311 17.45
    endloop
  endfacet
  facet normal 0 0 1
    outer loop
      vertex 97.85000000149012 61.399999998509884 17.45
      vertex 91.5824213059489 2.032461965816311 17.45
      vertex 91.85000000000001 2.05 17.45
    endloop
  endfacet
  facet normal 0 0 1
    outer loop
      vertex 97.85000000149012 61.399999998509884 17.45
      vertex 91.85000000000001 2.05 17.45
      vertex 92.11757869405112 2.032461965816311 17.45
    endloop
  endfacet
  facet normal 0 0 1
    outer loop
      vertex 97.85000000149012 61.399999998509884 17.45
      vertex 92.11757869405112 2.032461965816311 17.45
      vertex 92.38057904246017 1.98014794389259 17.45
    endloop
  endfacet
  facet normal 0 0 1
    outer loop
      vertex 97.85000000149012 61.399999998509884 17.45
      vertex 91.06549896365158 1.8939530416481376 17.45
      vertex 91.31942095753985 1.98014794389259 17.45
    endloop
  endfacet
  facet normal 0 0 1
    outer loop
      vertex 97.85000000149012 61.399999998509884 17.45
      vertex 92.38057904246017 1.98014794389259 17.45
      vertex 92.63450103634844 1.8939530416481376 17.45
    endloop
  endfacet
  facet normal 0 0 1
    outer loop
      vertex 97.85000000149012 61.399999998509884 17.45
      vertex 92.63450103634844 1.8939530416481376 17.45
      vertex 92.87500000000001 1.775352077758099 17.45
    endloop
  endfacet
  facet normal 0 0 1
    outer loop
      vertex 97.85000000149012 61.399999998509884 17.45
      vertex 92.87500000000001 1.775352077758099 17.45
      vertex 93.09796092946789 1.626374347597032 17.45
    endloop
  endfacet
  facet normal 0 0 1
    outer loop
      vertex 97.85000000149012 61.399999998509884 17.45
      vertex 93.09796092946789 1.626374347597032 17.45
      vertex 93.29956890143244 1.4495689014324225 17.45
    endloop
  endfacet
  facet normal 0 0 1
    outer loop
      vertex 97.85000000149012 61.399999998509884 17.45
      vertex 93.29956890143244 1.4495689014324225 17.45
      vertex 93.47637434759704 1.2479609294678773 17.45
    endloop
  endfacet
  facet normal 0 0 1
    outer loop
      vertex 97.85000000149012 61.399999998509884 17.45
      vertex 93.47637434759704 1.2479609294678773 17.45
      vertex 93.62535207775811 1.025 17.45
    endloop
  endfacet
  facet normal 0 0 1
    outer loop
      vertex 97.85000000149012 61.399999998509884 17.45
      vertex 93.62535207775811 1.025 17.45
      vertex 93.74395304164814 0.7845010363484339 17.45
    endloop
  endfacet
  facet normal 0 0 1
    outer loop
      vertex 97.85000000149012 61.399999998509884 17.45
      vertex 93.74395304164814 0.7845010363484339 17.45
      vertex 93.8301479438926 0.5305790424601675 17.45
    endloop
  endfacet
  facet normal 0 0 1
    outer loop
      vertex 97.85000000149012 61.399999998509884 17.45
      vertex 89.8175380341837 0.2675786940511057 17.45
      vertex 89.86985205610742 0.5305790424601675 17.45
    endloop
  endfacet
  facet normal 0 0 1
    outer loop
      vertex 97.85000000149012 61.399999998509884 17.45
      vertex 93.8301479438926 0.5305790424601675 17.45
      vertex 93.88246196581632 0.2675786940511057 17.45
    endloop
  endfacet
  facet normal 0 0 1
    outer loop
      vertex 97.85000000149012 61.399999998509884 17.45
      vertex 93.88246196581632 0.2675786940511057 17.45
      vertex 93.9 0 17.45
    endloop
  endfacet
  facet normal 0 0 1
    outer loop
      vertex 97.85000000149012 61.399999998509884 17.45
      vertex 87.95000000298023 -12.124319838172944 17.45
      vertex 89.8175380341837 0.2675786940511057 17.45
    endloop
  endfacet
  facet normal 1 0 0
    outer loop
      vertex 97.85000000149012 61.399999998509884 17.45
      vertex 97.85000000149012 -61.399999998509884 17.45
      vertex 97.85000000149012 61.399999998509884 0
    endloop
  endfacet
  facet normal 0 1 0
    outer loop
      vertex -92.85000000149012 66.39999999850988 0
      vertex 92.85000000149012 66.39999999850988 17.45
      vertex 92.85000000149012 66.39999999850988 0
    endloop
  endfacet
  facet normal 0 0 -1
    outer loop
      vertex -97.6796291321516 62.694095224142075 0
      vertex 97.85000000149012 61.399999998509884 0
      vertex 1.5787961751253765 41.29214754036332 0
    endloop
  endfacet
  facet normal 0 0 -1
    outer loop
      vertex -92.85000000149012 66.39999999850988 0
      vertex 92.85000000149012 66.39999999850988 0
      vertex 94.1440952271223 66.22962912917137 0
    endloop
  endfacet
  facet normal 0 0 -1
    outer loop
      vertex -92.85000000149012 66.39999999850988 0
      vertex 94.1440952271223 66.22962912917137 0
      vertex 94.76341716200113 66.0193976610899 0
    endloop
  endfacet
  facet normal 0 0 -1
    outer loop
      vertex -93.50263096392155 66.35722430795431 0
      vertex 94.76341716200113 66.0193976610899 0
      vertex 95.35000000149012 65.73012701421976 0
    endloop
  endfacet
  facet normal 0 0 -1
    outer loop
      vertex -94.1440952271223 66.22962912917137 0
      vertex 95.35000000149012 65.73012701421976 0
      vertex 95.89380714297295 65.36676669865847 0
    endloop
  endfacet
  facet normal 0 0 -1
    outer loop
      vertex -94.76341716200113 66.0193976610899 0
      vertex 95.89380714297295 65.36676669865847 0
      vertex 96.38553390651941 64.93553390353918 0
    endloop
  endfacet
  facet normal 0 0 -1
    outer loop
      vertex -95.35000000149012 65.73012701421976 0
      vertex 96.38553390651941 64.93553390353918 0
      vertex 96.8167667016387 64.44380713999271 0
    endloop
  endfacet
  facet normal 0 0 -1
    outer loop
      vertex -95.89380714297295 65.36676669865847 0
      vertex 96.8167667016387 64.44380713999271 0
      vertex 97.1801270172 63.899999998509884 0
    endloop
  endfacet
  facet normal 0 0 -1
    outer loop
      vertex -96.38553390651941 64.93553390353918 0
      vertex 97.1801270172 63.899999998509884 0
      vertex 97.46939766407013 63.3134171590209 0
    endloop
  endfacet
  facet normal 0 0 -1
    outer loop
      vertex -96.8167667016387 64.44380713999271 0
      vertex 97.46939766407013 63.3134171590209 0
      vertex 97.6796291321516 62.694095224142075 0
    endloop
  endfacet
  facet normal 0 0 -1
    outer loop
      vertex -97.1801270172 63.899999998509884 0
      vertex 97.6796291321516 62.694095224142075 0
      vertex 97.80722431093454 62.052630960941315 0
    endloop
  endfacet
  facet normal 0 0 -1
    outer loop
      vertex -97.46939766407013 63.3134171590209 0
      vertex 97.80722431093454 62.052630960941315 0
      vertex 97.85000000149012 61.399999998509884 0
    endloop
  endfacet
  facet normal 0 0 -1
    outer loop
      vertex 97.85000000149012 61.399999998509884 0
      vertex 2.3343689374270475 41.03566514831885 0
      vertex 1.5787961751253765 41.29214754036332 0
    endloop
  endfacet
  facet normal 0 0 -1
    outer loop
      vertex 97.85000000149012 61.399999998509884 0
      vertex 3.05 40.682754963085074 0
      vertex 2.3343689374270475 41.03566514831885 0
    endloop
  endfacet
  facet normal 0 0 -1
    outer loop
      vertex 97.85000000149012 61.399999998509884 0
      vertex 3.713444716953196 40.23945537577653 0
      vertex 3.05 40.682754963085074 0
    endloop
  endfacet
  facet normal 0 0 -1
    outer loop
      vertex 97.85000000149012 61.399999998509884 0
      vertex 4.31335136523794 39.71335136523794 0
      vertex 3.713444716953196 40.23945537577653 0
    endloop
  endfacet
  facet normal 0 0 -1
    outer loop
      vertex 97.85000000149012 61.399999998509884 0
      vertex 4.839455375776534 39.1134447169532 0
      vertex 4.31335136523794 39.71335136523794 0
    endloop
  endfacet
  facet normal 0 0 -1
    outer loop
      vertex 97.85000000149012 61.399999998509884 0
      vertex 5.282754963085075 38.449999999999996 0
      vertex 4.839455375776534 39.1134447169532 0
    endloop
  endfacet
  facet normal 0 0 -1
    outer loop
      vertex 97.85000000149012 61.399999998509884 0
      vertex 5.635665148318849 37.73436893742705 0
      vertex 5.282754963085075 38.449999999999996 0
    endloop
  endfacet
  facet normal 0 0 -1
    outer loop
      vertex 97.85000000149012 61.399999998509884 0
      vertex 5.892147540363316 36.978796175125375 0
      vertex 5.635665148318849 37.73436893742705 0
    endloop
  endfacet
  facet normal 0 0 -1
    outer loop
      vertex 97.85000000149012 61.399999998509884 0
      vertex 6.047813654380243 36.19620977254231 0
      vertex 5.892147540363316 36.978796175125375 0
    endloop
  endfacet
  facet normal 0 0 -1
    outer loop
      vertex 97.85000000149012 61.399999998509884 0
      vertex 6.1 35.4 0
      vertex 6.047813654380243 36.19620977254231 0
    endloop
  endfacet
  facet normal 0 0 -1
    outer loop
      vertex 97.85000000149012 -61.399999998509884 0
      vertex -4.31335136523794 31.086648634762057 0
      vertex -3.713444716953196 30.560544624223464 0
    endloop
  endfacet
  facet normal 0 0 -1
    outer loop
      vertex 97.85000000149012 -61.399999998509884 0
      vertex 6.047813654380243 34.60379022745769 0
      vertex 6.1 35.4 0
    endloop
  endfacet
  facet normal 0 0 -1
    outer loop
      vertex 97.85000000149012 -61.399999998509884 0
      vertex 5.892147540363316 33.82120382487462 0
      vertex 6.047813654380243 34.60379022745769 0
    endloop
  endfacet
  facet normal 0 0 -1
    outer loop
      vertex 97.85000000149012 -61.399999998509884 0
      vertex 5.635665148318849 33.06563106257295 0
      vertex 5.892147540363316 33.82120382487462 0
    endloop
  endfacet
  facet normal 0 0 -1
    outer loop
      vertex 97.85000000149012 -61.399999998509884 0
      vertex 5.282754963085075 32.35 0
      vertex 5.635665148318849 33.06563106257295 0
    endloop
  endfacet
  facet normal 0 0 -1
    outer loop
      vertex 97.85000000149012 -61.399999998509884 0
      vertex 3.713444716953196 30.560544624223464 0
      vertex 4.31335136523794 31.086648634762057 0
    endloop
  endfacet
  facet normal 0 0 -1
    outer loop
      vertex 97.85000000149012 -61.399999998509884 0
      vertex 4.31335136523794 31.086648634762057 0
      vertex 4.839455375776534 31.686555283046804 0
    endloop
  endfacet
  facet normal 0 0 -1
    outer loop
      vertex 97.85000000149012 -61.399999998509884 0
      vertex 4.839455375776534 31.686555283046804 0
      vertex 5.282754963085075 32.35 0
    endloop
  endfacet
  facet normal 0.06540312517646005 0.997858923504296 0
    outer loop
      vertex 93.50263096392155 66.35722430795431 17.45
      vertex 93.50263096392155 66.35722430795431 0
      vertex 92.85000000149012 66.39999999850988 0
    endloop
  endfacet
  facet normal 0.1950903273112926 0.9807852793499569 0
    outer loop
      vertex 94.1440952271223 66.22962912917137 17.45
      vertex 94.1440952271223 66.22962912917137 0
      vertex 93.50263096392155 66.35722430795431 0
    endloop
  endfacet
  facet normal 0.3214394648635512 0.9469301296443332 0
    outer loop
      vertex 94.76341716200113 66.0193976610899 17.45
      vertex 94.76341716200113 66.0193976610899 0
      vertex 94.1440952271223 66.22962912917137 0
    endloop
  endfacet
  facet normal 0.4422886934015517 0.896872739963228 0
    outer loop
      vertex 95.35000000149012 65.73012701421976 17.45
      vertex 95.35000000149012 65.73012701421976 0
      vertex 94.76341716200113 66.0193976610899 0
    endloop
  endfacet
  facet normal 0.5555702335211812 0.8314696119674009 0
    outer loop
      vertex 95.89380714297295 65.36676669865847 17.45
      vertex 95.89380714297295 65.36676669865847 0
      vertex 95.35000000149012 65.73012701421976 0
    endloop
  endfacet
  facet normal 0.659345812736647 0.7518398095516428 0
    outer loop
      vertex 96.38553390651941 64.93553390353918 17.45
      vertex 96.38553390651941 64.93553390353918 0
      vertex 95.89380714297295 65.36676669865847 0
    endloop
  endfacet
  facet normal 0.7518398095516428 0.659345812736647 0
    outer loop
      vertex 96.8167667016387 64.44380713999271 17.45
      vertex 96.8167667016387 64.44380713999271 0
      vertex 96.38553390651941 64.93553390353918 0
    endloop
  endfacet
  facet normal 0.8314696119674009 0.5555702335211812 0
    outer loop
      vertex 97.1801270172 63.899999998509884 17.45
      vertex 97.1801270172 63.899999998509884 0
      vertex 96.8167667016387 64.44380713999271 0
    endloop
  endfacet
  facet normal 0.896872739963228 0.4422886934015517 0
    outer loop
      vertex 97.46939766407013 63.3134171590209 17.45
      vertex 97.46939766407013 63.3134171590209 0
      vertex 97.1801270172 63.899999998509884 0
    endloop
  endfacet
  facet normal 0.9469301296443332 0.3214394648635512 0
    outer loop
      vertex 97.6796291321516 62.694095224142075 17.45
      vertex 97.6796291321516 62.694095224142075 0
      vertex 97.46939766407013 63.3134171590209 0
    endloop
  endfacet
  facet normal 0.9807852793499569 0.1950903273112926 0
    outer loop
      vertex 97.80722431093454 62.052630960941315 17.45
      vertex 97.80722431093454 62.052630960941315 0
      vertex 97.6796291321516 62.694095224142075 0
    endloop
  endfacet
  facet normal 0.997858923504296 0.06540312517646005 0
    outer loop
      vertex 97.85000000149012 61.399999998509884 17.45
      vertex 97.85000000149012 61.399999998509884 0
      vertex 97.80722431093454 62.052630960941315 0
    endloop
  endfacet
  facet normal 0 0 -1
    outer loop
      vertex 92.85000000149012 66.39999999850988 0
      vertex 93.50263096392155 66.35722430795431 0
      vertex 94.1440952271223 66.22962912917137 0
    endloop
  endfacet
  facet normal 0 0 -1
    outer loop
      vertex 97.85000000149012 61.399999998509884 0
      vertex 97.85000000149012 -61.399999998509884 0
      vertex 6.1 35.4 0
    endloop
  endfacet
  facet normal 0 0 1
    outer loop
      vertex -0.506772579769887 -56.5 17.45
      vertex 0.2675786940511057 -58.367538034183696 17.45
      vertex 0.5305790424601675 -58.419852056107416 17.45
    endloop
  endfacet
  facet normal 0 0 1
    outer loop
      vertex -0.506772579769887 -56.5 17.45
      vertex 0.5305790424601675 -58.419852056107416 17.45
      vertex 0.7845010363484339 -58.50604695835187 17.45
    endloop
  endfacet
  facet normal 0 0 1
    outer loop
      vertex -0.506772579769887 -56.5 17.45
      vertex 0.7845010363484339 -58.50604695835187 17.45
      vertex 1.025 -58.624647922241905 17.45
    endloop
  endfacet
  facet normal 0 0 1
    outer loop
      vertex -0.506772579769887 -56.5 17.45
      vertex 1.025 -58.624647922241905 17.45
      vertex 1.2479609294678773 -58.77362565240298 17.45
    endloop
  endfacet
  facet normal 0 0 1
    outer loop
      vertex 97.46939766407013 -63.3134171590209 17.45
      vertex 0 -62.45 17.45
      vertex -90.825 -62.175352077758106 17.45
    endloop
  endfacet
  facet normal 0 0 1
    outer loop
      vertex -81.35000000149012 -51.399999998509884 17.45
      vertex 83.42999999970198 -54.100000001490116 17.45
      vertex 81.35000000149012 -51.399999998509884 17.45
    endloop
  endfacet
  facet normal 0 0 1
    outer loop
      vertex -94.76341716200113 -66.0193976610899 17.45
      vertex 92.85000000149012 -66.39999999850988 17.45
      vertex 93.50263096392155 -66.35722430795431 17.45
    endloop
  endfacet
  facet normal 0 0 1
    outer loop
      vertex -0.506772579769887 -56.5 17.45
      vertex 1.2479609294678773 -58.77362565240298 17.45
      vertex 91.5824213059489 -62.432461965816316 17.45
    endloop
  endfacet
  facet normal 0 0 1
    outer loop
      vertex 97.6796291321516 -62.694095224142075 17.45
      vertex 1.2479609294678773 -58.77362565240298 17.45
      vertex 1.4495689014324225 -58.950431098567584 17.45
    endloop
  endfacet
  facet normal 0 0 1
    outer loop
      vertex 97.6796291321516 -62.694095224142075 17.45
      vertex 1.4495689014324225 -58.950431098567584 17.45
      vertex 1.626374347597032 -59.152039070532126 17.45
    endloop
  endfacet
  facet normal 0 0 1
    outer loop
      vertex 97.6796291321516 -62.694095224142075 17.45
      vertex 1.626374347597032 -61.647960929467885 17.45
      vertex 1.4495689014324225 -61.84956890143243 17.45
    endloop
  endfacet
  facet normal 0 0 1
    outer loop
      vertex 97.6796291321516 -62.694095224142075 17.45
      vertex 1.4495689014324225 -61.84956890143243 17.45
      vertex 1.2479609294678773 -62.026374347597034 17.45
    endloop
  endfacet
  facet normal 0 0 1
    outer loop
      vertex 97.6796291321516 -62.694095224142075 17.45
      vertex 1.626374347597032 -59.152039070532126 17.45
      vertex 1.775352077758099 -59.37500000000001 17.45
    endloop
  endfacet
  facet normal 0 0 1
    outer loop
      vertex 97.6796291321516 -62.694095224142075 17.45
      vertex 1.775352077758099 -59.37500000000001 17.45
      vertex 1.8939530416481376 -59.615498963651575 17.45
    endloop
  endfacet
  facet normal 0 0 1
    outer loop
      vertex 97.6796291321516 -62.694095224142075 17.45
      vertex 1.8939530416481376 -59.615498963651575 17.45
      vertex 1.98014794389259 -59.86942095753984 17.45
    endloop
  endfacet
  facet normal 0 0 1
    outer loop
      vertex 97.6796291321516 -62.694095224142075 17.45
      vertex 1.98014794389259 -59.86942095753984 17.45
      vertex 2.032461965816311 -60.1324213059489 17.45
    endloop
  endfacet
  facet normal 0 0 1
    outer loop
      vertex 97.6796291321516 -62.694095224142075 17.45
      vertex 2.032461965816311 -60.1324213059489 17.45
      vertex 2.05 -60.400000000000006 17.45
    endloop
  endfacet
  facet normal 0 0 1
    outer loop
      vertex 97.6796291321516 -62.694095224142075 17.45
      vertex 2.05 -60.400000000000006 17.45
      vertex 2.032461965816311 -60.66757869405111 17.45
    endloop
  endfacet
  facet normal 0 0 1
    outer loop
      vertex 97.6796291321516 -62.694095224142075 17.45
      vertex 2.032461965816311 -60.66757869405111 17.45
      vertex 1.98014794389259 -60.930579042460174 17.45
    endloop
  endfacet
  facet normal 0 0 1
    outer loop
      vertex 97.6796291321516 -62.694095224142075 17.45
      vertex 1.98014794389259 -60.930579042460174 17.45
      vertex 1.8939530416481376 -61.184501036348436 17.45
    endloop
  endfacet
  facet normal 0 0 1
    outer loop
      vertex 97.6796291321516 -62.694095224142075 17.45
      vertex 1.8939530416481376 -61.184501036348436 17.45
      vertex 1.775352077758099 -61.425000000000004 17.45
    endloop
  endfacet
  facet normal 0 0 1
    outer loop
      vertex 97.6796291321516 -62.694095224142075 17.45
      vertex 1.775352077758099 -61.425000000000004 17.45
      vertex 1.626374347597032 -61.647960929467885 17.45
    endloop
  endfacet
  facet normal 0 0 1
    outer loop
      vertex -97.6796291321516 -62.694095224142075 17.45
      vertex 96.8167667016387 -64.44380713999271 17.45
      vertex 97.1801270172 -63.899999998509884 17.45
    endloop
  endfacet
  facet normal 0 0 1
    outer loop
      vertex -97.46939766407013 -63.3134171590209 17.45
      vertex 96.38553390651941 -64.93553390353918 17.45
      vertex 96.8167667016387 -64.44380713999271 17.45
    endloop
  endfacet
  facet normal 0 0 1
    outer loop
      vertex 97.46939766407013 -63.3134171590209 17.45
      vertex 0.2675786940511057 -62.432461965816316 17.45
      vertex 0 -62.45 17.45
    endloop
  endfacet
  facet normal 0 0 1
    outer loop
      vertex 97.46939766407013 -63.3134171590209 17.45
      vertex 0.5305790424601675 -62.380147943892595 17.45
      vertex 0.2675786940511057 -62.432461965816316 17.45
    endloop
  endfacet
  facet normal 0 0 1
    outer loop
      vertex 97.46939766407013 -63.3134171590209 17.45
      vertex 0.7845010363484339 -62.293953041648145 17.45
      vertex 0.5305790424601675 -62.380147943892595 17.45
    endloop
  endfacet
  facet normal 0 0 1
    outer loop
      vertex 97.46939766407013 -63.3134171590209 17.45
      vertex 1.025 -62.175352077758106 17.45
      vertex 0.7845010363484339 -62.293953041648145 17.45
    endloop
  endfacet
  facet normal 0 0 1
    outer loop
      vertex 97.6796291321516 -62.694095224142075 17.45
      vertex 1.2479609294678773 -62.026374347597034 17.45
      vertex 1.025 -62.175352077758106 17.45
    endloop
  endfacet
  facet normal 0 0 1
    outer loop
      vertex -97.1801270172 -63.899999998509884 17.45
      vertex 95.89380714297295 -65.36676669865847 17.45
      vertex 96.38553390651941 -64.93553390353918 17.45
    endloop
  endfacet
  facet normal 0 0 1
    outer loop
      vertex -96.8167667016387 -64.44380713999271 17.45
      vertex 95.35000000149012 -65.73012701421976 17.45
      vertex 95.89380714297295 -65.36676669865847 17.45
    endloop
  endfacet
  facet normal 0 0 1
    outer loop
      vertex -96.38553390651941 -64.93553390353918 17.45
      vertex 94.76341716200113 -66.0193976610899 17.45
      vertex 95.35000000149012 -65.73012701421976 17.45
    endloop
  endfacet
  facet normal 0 0 1
    outer loop
      vertex -95.89380714297295 -65.36676669865847 17.45
      vertex 94.1440952271223 -66.22962912917137 17.45
      vertex 94.76341716200113 -66.0193976610899 17.45
    endloop
  endfacet
  facet normal 0 0 1
    outer loop
      vertex -95.35000000149012 -65.73012701421976 17.45
      vertex 93.50263096392155 -66.35722430795431 17.45
      vertex 94.1440952271223 -66.22962912917137 17.45
    endloop
  endfacet
  facet normal 0 0 1
    outer loop
      vertex 97.46939766407013 -63.3134171590209 17.45
      vertex -90.825 -62.175352077758106 17.45
      vertex 97.1801270172 -63.899999998509884 17.45
    endloop
  endfacet
  facet normal 0 -1 0
    outer loop
      vertex -92.85000000149012 -66.39999999850988 17.45
      vertex 92.85000000149012 -66.39999999850988 0
      vertex 92.85000000149012 -66.39999999850988 17.45
    endloop
  endfacet
  facet normal 0 0 1
    outer loop
      vertex 87.95000000298023 -12.124319838172944 17.45
      vertex 89.80000000000001 0 17.45
      vertex 89.8175380341837 0.2675786940511057 17.45
    endloop
  endfacet
  facet normal 0 0 1
    outer loop
      vertex 87.95000000298023 -12.124319838172944 17.45
      vertex 89.8175380341837 -0.2675786940511057 17.45
      vertex 89.80000000000001 0 17.45
    endloop
  endfacet
  facet normal 0 0 1
    outer loop
      vertex 87.95000000298023 -12.124319838172944 17.45
      vertex 89.86985205610742 -0.5305790424601675 17.45
      vertex 89.8175380341837 -0.2675786940511057 17.45
    endloop
  endfacet
  facet normal 0 0 1
    outer loop
      vertex 87.95000000298023 -12.124319838172944 17.45
      vertex 89.95604695835188 -0.7845010363484339 17.45
      vertex 89.86985205610742 -0.5305790424601675 17.45
    endloop
  endfacet
  facet normal 0 0 1
    outer loop
      vertex 87.95000000298023 -12.124319838172944 17.45
      vertex 90.07464792224191 -1.025 17.45
      vertex 89.95604695835188 -0.7845010363484339 17.45
    endloop
  endfacet
  facet normal 0 0 1
    outer loop
      vertex 87.95000000298023 -12.124319838172944 17.45
      vertex 90.22362565240297 -1.2479609294678773 17.45
      vertex 90.07464792224191 -1.025 17.45
    endloop
  endfacet
  facet normal 0 0 1
    outer loop
      vertex 87.95000000298023 -12.124319838172944 17.45
      vertex 90.40043109856758 -1.4495689014324225 17.45
      vertex 90.22362565240297 -1.2479609294678773 17.45
    endloop
  endfacet
  facet normal 0 0 1
    outer loop
      vertex 87.95000000298023 -12.124319838172944 17.45
      vertex 90.60203907053213 -1.626374347597032 17.45
      vertex 90.40043109856758 -1.4495689014324225 17.45
    endloop
  endfacet
  facet normal 0 0 1
    outer loop
      vertex 87.95000000298023 -12.124319838172944 17.45
      vertex 90.825 -1.775352077758099 17.45
      vertex 90.60203907053213 -1.626374347597032 17.45
    endloop
  endfacet
  facet normal 0 0 1
    outer loop
      vertex 87.95000000298023 -12.124319838172944 17.45
      vertex 91.06549896365158 -1.8939530416481376 17.45
      vertex 90.825 -1.775352077758099 17.45
    endloop
  endfacet
  facet normal 0 0 1
    outer loop
      vertex 87.95000000298023 -12.124319838172944 17.45
      vertex 91.31942095753985 -1.98014794389259 17.45
      vertex 91.06549896365158 -1.8939530416481376 17.45
    endloop
  endfacet
  facet normal 0 0 1
    outer loop
      vertex 87.95000000298023 -12.124319838172944 17.45
      vertex 91.5824213059489 -2.032461965816311 17.45
      vertex 91.31942095753985 -1.98014794389259 17.45
    endloop
  endfacet
  facet normal 0 0 1
    outer loop
      vertex 87.95000000298023 -12.124319838172944 17.45
      vertex 91.85000000000001 -2.05 17.45
      vertex 91.5824213059489 -2.032461965816311 17.45
    endloop
  endfacet
  facet normal 0 0 1
    outer loop
      vertex 87.95000000298023 -12.124319838172944 17.45
      vertex 92.11757869405112 -2.032461965816311 17.45
      vertex 91.85000000000001 -2.05 17.45
    endloop
  endfacet
  facet normal 0 0 1
    outer loop
      vertex 87.95000000298023 -12.124319838172944 17.45
      vertex 92.38057904246017 -1.98014794389259 17.45
      vertex 92.11757869405112 -2.032461965816311 17.45
    endloop
  endfacet
  facet normal 0 0 1
    outer loop
      vertex 87.95000000298023 -12.124319838172944 17.45
      vertex 92.87500000000001 -1.775352077758099 17.45
      vertex 92.63450103634844 -1.8939530416481376 17.45
    endloop
  endfacet
  facet normal 0 0 1
    outer loop
      vertex 87.95000000298023 -12.124319838172944 17.45
      vertex 92.63450103634844 -1.8939530416481376 17.45
      vertex 92.38057904246017 -1.98014794389259 17.45
    endloop
  endfacet
  facet normal 0 0 1
    outer loop
      vertex 97.85000000149012 61.399999998509884 17.45
      vertex 93.9 0 17.45
      vertex 97.85000000149012 -61.399999998509884 17.45
    endloop
  endfacet
  facet normal 0 0 1
    outer loop
      vertex 82.85000000149012 -49.899999998509884 17.45
      vertex 85.54999999701977 -51.980000004172325 17.45
      vertex 85.54999999701977 51.980000004172325 17.45
    endloop
  endfacet
  facet normal 0 0 1
    outer loop
      vertex 97.85000000149012 -61.399999998509884 17.45
      vertex 93.9 0 17.45
      vertex 93.88246196581632 -0.2675786940511057 17.45
    endloop
  endfacet
  facet normal 0 0 1
    outer loop
      vertex 97.85000000149012 -61.399999998509884 17.45
      vertex 93.88246196581632 -0.2675786940511057 17.45
      vertex 93.8301479438926 -0.5305790424601675 17.45
    endloop
  endfacet
  facet normal 0 0 1
    outer loop
      vertex 97.85000000149012 -61.399999998509884 17.45
      vertex 93.29956890143244 -1.4495689014324225 17.45
      vertex 93.09796092946789 -1.626374347597032 17.45
    endloop
  endfacet
  facet normal 0 0 1
    outer loop
      vertex 97.85000000149012 -61.399999998509884 17.45
      vertex 93.09796092946789 -1.626374347597032 17.45
      vertex 92.87500000000001 -1.775352077758099 17.45
    endloop
  endfacet
  facet normal 0 0 1
    outer loop
      vertex 97.85000000149012 -61.399999998509884 17.45
      vertex 93.8301479438926 -0.5305790424601675 17.45
      vertex 93.74395304164814 -0.7845010363484339 17.45
    endloop
  endfacet
  facet normal 0 0 1
    outer loop
      vertex 97.85000000149012 -61.399999998509884 17.45
      vertex 93.74395304164814 -0.7845010363484339 17.45
      vertex 93.62535207775811 -1.025 17.45
    endloop
  endfacet
  facet normal 0 0 1
    outer loop
      vertex 97.85000000149012 -61.399999998509884 17.45
      vertex 93.62535207775811 -1.025 17.45
      vertex 93.47637434759704 -1.2479609294678773 17.45
    endloop
  endfacet
  facet normal 0 0 1
    outer loop
      vertex 97.85000000149012 -61.399999998509884 17.45
      vertex 93.47637434759704 -1.2479609294678773 17.45
      vertex 93.29956890143244 -1.4495689014324225 17.45
    endloop
  endfacet
  facet normal 0 0 1
    outer loop
      vertex 97.85000000149012 -61.399999998509884 17.45
      vertex 92.87500000000001 -1.775352077758099 17.45
      vertex 87.95000000298023 -12.124319838172944 17.45
    endloop
  endfacet
  facet normal 0 0 1
    outer loop
      vertex -0.506772579769887 -56.5 17.45
      vertex 89.95604695835188 -59.615498963651575 17.45
      vertex 84.75 -56.5 17.45
    endloop
  endfacet
  facet normal 0 0 1
    outer loop
      vertex -0.506772579769887 -56.5 17.45
      vertex 89.86985205610742 -59.86942095753984 17.45
      vertex 89.95604695835188 -59.615498963651575 17.45
    endloop
  endfacet
  facet normal 0 0 1
    outer loop
      vertex -0.506772579769887 -56.5 17.45
      vertex 89.8175380341837 -60.1324213059489 17.45
      vertex 89.86985205610742 -59.86942095753984 17.45
    endloop
  endfacet
  facet normal 0 0 1
    outer loop
      vertex -0.506772579769887 -56.5 17.45
      vertex 89.80000000000001 -60.400000000000006 17.45
      vertex 89.8175380341837 -60.1324213059489 17.45
    endloop
  endfacet
  facet normal 0 0 1
    outer loop
      vertex -0.506772579769887 -56.5 17.45
      vertex 89.8175380341837 -60.66757869405111 17.45
      vertex 89.80000000000001 -60.400000000000006 17.45
    endloop
  endfacet
  facet normal 0 0 1
    outer loop
      vertex -0.506772579769887 -56.5 17.45
      vertex 89.86985205610742 -60.930579042460174 17.45
      vertex 89.8175380341837 -60.66757869405111 17.45
    endloop
  endfacet
  facet normal 0 0 1
    outer loop
      vertex -0.506772579769887 -56.5 17.45
      vertex 89.95604695835188 -61.184501036348436 17.45
      vertex 89.86985205610742 -60.930579042460174 17.45
    endloop
  endfacet
  facet normal 0 0 1
    outer loop
      vertex -0.506772579769887 -56.5 17.45
      vertex 90.07464792224191 -61.425000000000004 17.45
      vertex 89.95604695835188 -61.184501036348436 17.45
    endloop
  endfacet
  facet normal 0 0 1
    outer loop
      vertex -0.506772579769887 -56.5 17.45
      vertex 90.22362565240297 -61.647960929467885 17.45
      vertex 90.07464792224191 -61.425000000000004 17.45
    endloop
  endfacet
  facet normal 0 0 1
    outer loop
      vertex -0.506772579769887 -56.5 17.45
      vertex 90.40043109856758 -61.84956890143243 17.45
      vertex 90.22362565240297 -61.647960929467885 17.45
    endloop
  endfacet
  facet normal 0 0 1
    outer loop
      vertex -0.506772579769887 -56.5 17.45
      vertex 90.60203907053213 -62.026374347597034 17.45
      vertex 90.40043109856758 -61.84956890143243 17.45
    endloop
  endfacet
  facet normal 0 0 1
    outer loop
      vertex -0.506772579769887 -56.5 17.45
      vertex 90.825 -62.175352077758106 17.45
      vertex 90.60203907053213 -62.026374347597034 17.45
    endloop
  endfacet
  facet normal 0 0 1
    outer loop
      vertex -0.506772579769887 -56.5 17.45
      vertex 91.06549896365158 -62.293953041648145 17.45
      vertex 90.825 -62.175352077758106 17.45
    endloop
  endfacet
  facet normal 0 0 1
    outer loop
      vertex -0.506772579769887 -56.5 17.45
      vertex 91.31942095753985 -62.380147943892595 17.45
      vertex 91.06549896365158 -62.293953041648145 17.45
    endloop
  endfacet
  facet normal 0 0 1
    outer loop
      vertex -0.506772579769887 -56.5 17.45
      vertex 91.5824213059489 -62.432461965816316 17.45
      vertex 91.31942095753985 -62.380147943892595 17.45
    endloop
  endfacet
  facet normal 0 0 1
    outer loop
      vertex 1.2479609294678773 -58.77362565240298 17.45
      vertex 91.85000000000001 -62.45 17.45
      vertex 91.5824213059489 -62.432461965816316 17.45
    endloop
  endfacet
  facet normal 0 0 1
    outer loop
      vertex 97.6796291321516 -62.694095224142075 17.45
      vertex 91.85000000000001 -62.45 17.45
      vertex 1.2479609294678773 -58.77362565240298 17.45
    endloop
  endfacet
  facet normal 0 0 1
    outer loop
      vertex 97.6796291321516 -62.694095224142075 17.45
      vertex 1.025 -62.175352077758106 17.45
      vertex 97.46939766407013 -63.3134171590209 17.45
    endloop
  endfacet
  facet normal 0 0 1
    outer loop
      vertex 97.85000000149012 -61.399999998509884 17.45
      vertex 87.95000000298023 -12.124319838172944 17.45
      vertex 87.95000000298023 -53.29999999701977 17.45
    endloop
  endfacet
  facet normal 0 0 1
    outer loop
      vertex 82.85000000149012 -49.899999998509884 17.45
      vertex 82.83716729283333 -50.09578928351402 17.45
      vertex 85.54999999701977 -51.980000004172325 17.45
    endloop
  endfacet
  facet normal 0 0 1
    outer loop
      vertex 82.83716729283333 -50.09578928351402 17.45
      vertex 82.79888874292374 -50.28822856396437 17.45
      vertex 85.54999999701977 -51.980000004172325 17.45
    endloop
  endfacet
  facet normal 0 0 1
    outer loop
      vertex 82.26314214617014 -51.09003000706434 17.45
      vertex 85.26597385853529 -53.04000000655651 17.45
      vertex 82.41066017001867 -50.96066016703844 17.45
    endloop
  endfacet
  facet normal 0 0 1
    outer loop
      vertex 82.10000000149012 -51.19903810322285 17.45
      vertex 85.26597385853529 -53.04000000655651 17.45
      vertex 82.26314214617014 -51.09003000706434 17.45
    endloop
  endfacet
  facet normal 0 0 1
    outer loop
      vertex 82.79888874292374 -50.28822856396437 17.45
      vertex 82.7358193024993 -50.47402514517307 17.45
      vertex 85.53186310827732 -52.25671552866697 17.45
    endloop
  endfacet
  facet normal 0 0 1
    outer loop
      vertex 82.7358193024993 -50.47402514517307 17.45
      vertex 82.64903810620308 -50.649999998509884 17.45
      vertex 85.53186310827732 -52.25671552866697 17.45
    endloop
  endfacet
  facet normal 0 0 1
    outer loop
      vertex 82.54003001004457 -50.81314214318991 17.45
      vertex 85.47776275128126 -52.52869638055563 17.45
      vertex 82.64903810620308 -50.649999998509884 17.45
    endloop
  endfacet
  facet normal 0 0 1
    outer loop
      vertex 82.54003001004457 -50.81314214318991 17.45
      vertex 82.41066017001867 -50.96066016703844 17.45
      vertex 85.3886246085167 -52.79128888249397 17.45
    endloop
  endfacet
  facet normal 0 0 1
    outer loop
      vertex 82.79888874292374 -50.28822856396437 17.45
      vertex 85.53186310827732 -52.25671552866697 17.45
      vertex 85.54999999701977 -51.980000004172325 17.45
    endloop
  endfacet
  facet normal 0 0 1
    outer loop
      vertex 82.64903810620308 -50.649999998509884 17.45
      vertex 85.47776275128126 -52.52869638055563 17.45
      vertex 85.53186310827732 -52.25671552866697 17.45
    endloop
  endfacet
  facet normal 0 0 1
    outer loop
      vertex 81.35000000149012 -51.399999998509884 17.45
      vertex 84.92906637489796 -53.479066379368305 17.45
      vertex 81.54578928649426 -51.387167289853096 17.45
    endloop
  endfacet
  facet normal 0 0 1
    outer loop
      vertex 81.7382285669446 -51.348888739943504 17.45
      vertex 81.54578928649426 -51.387167289853096 17.45
      vertex 85.11190908402205 -53.27057423442602 17.45
    endloop
  endfacet
  facet normal 0 0 1
    outer loop
      vertex 81.7382285669446 -51.348888739943504 17.45
      vertex 85.11190908402205 -53.27057423442602 17.45
      vertex 81.9240251481533 -51.28581929951906 17.45
    endloop
  endfacet
  facet normal 0 0 1
    outer loop
      vertex 81.9240251481533 -51.28581929951906 17.45
      vertex 85.11190908402205 -53.27057423442602 17.45
      vertex 82.10000000149012 -51.19903810322285 17.45
    endloop
  endfacet
  facet normal 0 0 1
    outer loop
      vertex 81.35000000149012 -51.399999998509884 17.45
      vertex 84.72057422995567 -53.66190908849239 17.45
      vertex 84.92906637489796 -53.479066379368305 17.45
    endloop
  endfacet
  facet normal 0 0 1
    outer loop
      vertex 81.54578928649426 -51.387167289853096 17.45
      vertex 84.92906637489796 -53.479066379368305 17.45
      vertex 85.11190908402205 -53.27057423442602 17.45
    endloop
  endfacet
  facet normal 0 0 1
    outer loop
      vertex 81.35000000149012 -51.399999998509884 17.45
      vertex 83.42999999970198 -54.100000001490116 17.45
      vertex 83.70671552419662 -54.08186311274767 17.45
    endloop
  endfacet
  facet normal 0 0 1
    outer loop
      vertex 81.35000000149012 -51.399999998509884 17.45
      vertex 83.70671552419662 -54.08186311274767 17.45
      vertex 83.97869637608528 -54.02776275575161 17.45
    endloop
  endfacet
  facet normal 0 0 1
    outer loop
      vertex 81.35000000149012 -51.399999998509884 17.45
      vertex 83.97869637608528 -54.02776275575161 17.45
      vertex 84.24128887802362 -53.93862461298704 17.45
    endloop
  endfacet
  facet normal 0 0 1
    outer loop
      vertex 81.35000000149012 -51.399999998509884 17.45
      vertex 84.24128887802362 -53.93862461298704 17.45
      vertex 84.49000000208616 -53.81597386300564 17.45
    endloop
  endfacet
  facet normal 0 0 1
    outer loop
      vertex 81.35000000149012 -51.399999998509884 17.45
      vertex 84.49000000208616 -53.81597386300564 17.45
      vertex 84.72057422995567 -53.66190908849239 17.45
    endloop
  endfacet
  facet normal 0 0 1
    outer loop
      vertex 82.54003001004457 -50.81314214318991 17.45
      vertex 85.3886246085167 -52.79128888249397 17.45
      vertex 85.47776275128126 -52.52869638055563 17.45
    endloop
  endfacet
  facet normal 0 0 1
    outer loop
      vertex 82.41066017001867 -50.96066016703844 17.45
      vertex 85.26597385853529 -53.04000000655651 17.45
      vertex 85.3886246085167 -52.79128888249397 17.45
    endloop
  endfacet
  facet normal 0 0 1
    outer loop
      vertex 82.10000000149012 -51.19903810322285 17.45
      vertex 85.11190908402205 -53.27057423442602 17.45
      vertex 85.26597385853529 -53.04000000655651 17.45
    endloop
  endfacet
  facet normal 0 0 1
    outer loop
      vertex 84.75 -56.5 17.45
      vertex 89.95604695835188 -59.615498963651575 17.45
      vertex 85.16768381744623 -56.47262355685234 17.45
    endloop
  endfacet
  facet normal 0 0 1
    outer loop
      vertex 85.16768381744623 -56.47262355685234 17.45
      vertex 89.95604695835188 -59.615498963651575 17.45
      vertex 85.57822094112635 -56.39096263796091 17.45
    endloop
  endfacet
  facet normal 0 0 1
    outer loop
      vertex 87.0127416998148 -55.562741696834564 17.45
      vertex 90.60203907053213 -58.77362565240298 17.45
      vertex 87.28873068839312 -55.248036570847034 17.45
    endloop
  endfacet
  facet normal 0 0 1
    outer loop
      vertex 86.69803657382727 -55.838730685412884 17.45
      vertex 90.40043109856758 -58.950431098567584 17.45
      vertex 87.0127416998148 -55.562741696834564 17.45
    endloop
  endfacet
  facet normal 0 0 1
    outer loop
      vertex 85.9745869860053 -56.256414502859116 17.45
      vertex 89.95604695835188 -59.615498963651575 17.45
      vertex 86.35000000149012 -56.07128129154444 17.45
    endloop
  endfacet
  facet normal 0 0 1
    outer loop
      vertex 85.57822094112635 -56.39096263796091 17.45
      vertex 89.95604695835188 -59.615498963651575 17.45
      vertex 85.9745869860053 -56.256414502859116 17.45
    endloop
  endfacet
  facet normal 0 0 1
    outer loop
      vertex 86.35000000149012 -56.07128129154444 17.45
      vertex 90.07464792224191 -59.37500000000001 17.45
      vertex 86.69803657382727 -55.838730685412884 17.45
    endloop
  endfacet
  facet normal 0 0 1
    outer loop
      vertex 87.0127416998148 -55.562741696834564 17.45
      vertex 90.40043109856758 -58.950431098567584 17.45
      vertex 90.60203907053213 -58.77362565240298 17.45
    endloop
  endfacet
  facet normal 0 0 1
    outer loop
      vertex 86.69803657382727 -55.838730685412884 17.45
      vertex 90.22362565240297 -59.152039070532126 17.45
      vertex 90.40043109856758 -58.950431098567584 17.45
    endloop
  endfacet
  facet normal 0 0 1
    outer loop
      vertex 87.28873068839312 -55.248036570847034 17.45
      vertex 90.60203907053213 -58.77362565240298 17.45
      vertex 90.825 -58.624647922241905 17.45
    endloop
  endfacet
  facet normal 0 0 1
    outer loop
      vertex 87.28873068839312 -55.248036570847034 17.45
      vertex 90.825 -58.624647922241905 17.45
      vertex 91.06549896365158 -58.50604695835187 17.45
    endloop
  endfacet
  facet normal 0 0 1
    outer loop
      vertex 87.28873068839312 -55.248036570847034 17.45
      vertex 91.06549896365158 -58.50604695835187 17.45
      vertex 91.31942095753985 -58.419852056107416 17.45
    endloop
  endfacet
  facet normal 0 0 1
    outer loop
      vertex 87.28873068839312 -55.248036570847034 17.45
      vertex 91.31942095753985 -58.419852056107416 17.45
      vertex 91.5824213059489 -58.367538034183696 17.45
    endloop
  endfacet
  facet normal 0 0 1
    outer loop
      vertex 97.85000000149012 -61.399999998509884 17.45
      vertex 87.95000000298023 -53.29999999701977 17.45
      vertex 87.92262355983257 -53.717683814466 17.45
    endloop
  endfacet
  facet normal 0 0 1
    outer loop
      vertex 97.85000000149012 -61.399999998509884 17.45
      vertex 87.92262355983257 -53.717683814466 17.45
      vertex 87.84096264094114 -54.128220938146114 17.45
    endloop
  endfacet
  facet normal 0 0 1
    outer loop
      vertex 97.85000000149012 -61.399999998509884 17.45
      vertex 87.84096264094114 -54.128220938146114 17.45
      vertex 87.70641450583935 -54.524586983025074 17.45
    endloop
  endfacet
  facet normal 0 0 1
    outer loop
      vertex 97.85000000149012 -61.399999998509884 17.45
      vertex 87.70641450583935 -54.524586983025074 17.45
      vertex 87.52128129452467 -54.899999998509884 17.45
    endloop
  endfacet
  facet normal 0 0 1
    outer loop
      vertex 87.28873068839312 -55.248036570847034 17.45
      vertex 91.5824213059489 -58.367538034183696 17.45
      vertex 91.85000000000001 -58.35000000000001 17.45
    endloop
  endfacet
  facet normal 0 0 1
    outer loop
      vertex 87.28873068839312 -55.248036570847034 17.45
      vertex 91.85000000000001 -58.35000000000001 17.45
      vertex 92.11757869405112 -58.367538034183696 17.45
    endloop
  endfacet
  facet normal 0 0 1
    outer loop
      vertex 97.85000000149012 -61.399999998509884 17.45
      vertex 87.52128129452467 -54.899999998509884 17.45
      vertex 87.28873068839312 -55.248036570847034 17.45
    endloop
  endfacet
  facet normal 0 0 1
    outer loop
      vertex 87.28873068839312 -55.248036570847034 17.45
      vertex 92.11757869405112 -58.367538034183696 17.45
      vertex 92.38057904246017 -58.419852056107416 17.45
    endloop
  endfacet
  facet normal 0 0 1
    outer loop
      vertex 87.28873068839312 -55.248036570847034 17.45
      vertex 92.38057904246017 -58.419852056107416 17.45
      vertex 92.63450103634844 -58.50604695835187 17.45
    endloop
  endfacet
  facet normal 0 0 1
    outer loop
      vertex 87.28873068839312 -55.248036570847034 17.45
      vertex 92.63450103634844 -58.50604695835187 17.45
      vertex 92.87500000000001 -58.624647922241905 17.45
    endloop
  endfacet
  facet normal 0 0 1
    outer loop
      vertex 86.35000000149012 -56.07128129154444 17.45
      vertex 89.95604695835188 -59.615498963651575 17.45
      vertex 90.07464792224191 -59.37500000000001 17.45
    endloop
  endfacet
  facet normal 0 0 1
    outer loop
      vertex 86.69803657382727 -55.838730685412884 17.45
      vertex 90.07464792224191 -59.37500000000001 17.45
      vertex 90.22362565240297 -59.152039070532126 17.45
    endloop
  endfacet
  facet normal 0 0 1
    outer loop
      vertex 97.85000000149012 -61.399999998509884 17.45
      vertex 87.28873068839312 -55.248036570847034 17.45
      vertex 92.87500000000001 -58.624647922241905 17.45
    endloop
  endfacet
  facet normal 0 0 1
    outer loop
      vertex 97.85000000149012 -61.399999998509884 17.45
      vertex 92.87500000000001 -58.624647922241905 17.45
      vertex 93.09796092946789 -58.77362565240298 17.45
    endloop
  endfacet
  facet normal 0 0 1
    outer loop
      vertex 97.85000000149012 -61.399999998509884 17.45
      vertex 93.09796092946789 -58.77362565240298 17.45
      vertex 93.29956890143244 -58.950431098567584 17.45
    endloop
  endfacet
  facet normal 0 0 1
    outer loop
      vertex 97.6796291321516 -62.694095224142075 17.45
      vertex 93.29956890143244 -61.84956890143243 17.45
      vertex 93.09796092946789 -62.026374347597034 17.45
    endloop
  endfacet
  facet normal 0 0 1
    outer loop
      vertex 97.85000000149012 -61.399999998509884 17.45
      vertex 93.29956890143244 -58.950431098567584 17.45
      vertex 93.47637434759704 -59.152039070532126 17.45
    endloop
  endfacet
  facet normal 0 0 1
    outer loop
      vertex 97.85000000149012 -61.399999998509884 17.45
      vertex 93.47637434759704 -59.152039070532126 17.45
      vertex 93.62535207775811 -59.37500000000001 17.45
    endloop
  endfacet
  facet normal 0 0 1
    outer loop
      vertex 97.80722431093454 -62.052630960941315 17.45
      vertex 93.62535207775811 -59.37500000000001 17.45
      vertex 93.74395304164814 -59.615498963651575 17.45
    endloop
  endfacet
  facet normal 0 0 1
    outer loop
      vertex 97.80722431093454 -62.052630960941315 17.45
      vertex 93.74395304164814 -59.615498963651575 17.45
      vertex 93.8301479438926 -59.86942095753984 17.45
    endloop
  endfacet
  facet normal 0 0 1
    outer loop
      vertex 97.80722431093454 -62.052630960941315 17.45
      vertex 93.8301479438926 -59.86942095753984 17.45
      vertex 93.88246196581632 -60.1324213059489 17.45
    endloop
  endfacet
  facet normal 0 0 1
    outer loop
      vertex 97.80722431093454 -62.052630960941315 17.45
      vertex 93.88246196581632 -60.1324213059489 17.45
      vertex 93.9 -60.400000000000006 17.45
    endloop
  endfacet
  facet normal 0 0 1
    outer loop
      vertex 97.80722431093454 -62.052630960941315 17.45
      vertex 93.9 -60.400000000000006 17.45
      vertex 93.88246196581632 -60.66757869405111 17.45
    endloop
  endfacet
  facet normal 0 0 1
    outer loop
      vertex 97.80722431093454 -62.052630960941315 17.45
      vertex 93.88246196581632 -60.66757869405111 17.45
      vertex 93.8301479438926 -60.930579042460174 17.45
    endloop
  endfacet
  facet normal 0 0 1
    outer loop
      vertex 97.80722431093454 -62.052630960941315 17.45
      vertex 93.8301479438926 -60.930579042460174 17.45
      vertex 93.74395304164814 -61.184501036348436 17.45
    endloop
  endfacet
  facet normal 0 0 1
    outer loop
      vertex 97.80722431093454 -62.052630960941315 17.45
      vertex 93.62535207775811 -61.425000000000004 17.45
      vertex 93.47637434759704 -61.647960929467885 17.45
    endloop
  endfacet
  facet normal 0 0 1
    outer loop
      vertex 97.80722431093454 -62.052630960941315 17.45
      vertex 93.74395304164814 -61.184501036348436 17.45
      vertex 93.62535207775811 -61.425000000000004 17.45
    endloop
  endfacet
  facet normal 0 0 1
    outer loop
      vertex 97.80722431093454 -62.052630960941315 17.45
      vertex 93.47637434759704 -61.647960929467885 17.45
      vertex 93.29956890143244 -61.84956890143243 17.45
    endloop
  endfacet
  facet normal 0 0 1
    outer loop
      vertex 97.80722431093454 -62.052630960941315 17.45
      vertex 93.29956890143244 -61.84956890143243 17.45
      vertex 97.6796291321516 -62.694095224142075 17.45
    endloop
  endfacet
  facet normal 0 0 1
    outer loop
      vertex 97.85000000149012 -61.399999998509884 17.45
      vertex 93.62535207775811 -59.37500000000001 17.45
      vertex 97.80722431093454 -62.052630960941315 17.45
    endloop
  endfacet
  facet normal 0 0 1
    outer loop
      vertex 97.6796291321516 -62.694095224142075 17.45
      vertex 92.11757869405112 -62.432461965816316 17.45
      vertex 91.85000000000001 -62.45 17.45
    endloop
  endfacet
  facet normal 0 0 1
    outer loop
      vertex 97.6796291321516 -62.694095224142075 17.45
      vertex 92.38057904246017 -62.380147943892595 17.45
      vertex 92.11757869405112 -62.432461965816316 17.45
    endloop
  endfacet
  facet normal 0 0 1
    outer loop
      vertex 97.6796291321516 -62.694095224142075 17.45
      vertex 92.63450103634844 -62.293953041648145 17.45
      vertex 92.38057904246017 -62.380147943892595 17.45
    endloop
  endfacet
  facet normal 0 0 1
    outer loop
      vertex 97.6796291321516 -62.694095224142075 17.45
      vertex 92.87500000000001 -62.175352077758106 17.45
      vertex 92.63450103634844 -62.293953041648145 17.45
    endloop
  endfacet
  facet normal 0 0 1
    outer loop
      vertex 97.6796291321516 -62.694095224142075 17.45
      vertex 93.09796092946789 -62.026374347597034 17.45
      vertex 92.87500000000001 -62.175352077758106 17.45
    endloop
  endfacet
  facet normal 0.997858923504296 -0.06540312517646005 0
    outer loop
      vertex 97.85000000149012 -61.399999998509884 17.45
      vertex 97.80722431093454 -62.052630960941315 17.45
      vertex 97.85000000149012 -61.399999998509884 0
    endloop
  endfacet
  facet normal 0.06540312517646005 -0.997858923504296 0
    outer loop
      vertex 92.85000000149012 -66.39999999850988 17.45
      vertex 93.50263096392155 -66.35722430795431 0
      vertex 93.50263096392155 -66.35722430795431 17.45
    endloop
  endfacet
  facet normal 0.1950903273112926 -0.9807852793499569 0
    outer loop
      vertex 93.50263096392155 -66.35722430795431 17.45
      vertex 94.1440952271223 -66.22962912917137 0
      vertex 94.1440952271223 -66.22962912917137 17.45
    endloop
  endfacet
  facet normal 0.3214394648635512 -0.9469301296443332 0
    outer loop
      vertex 94.1440952271223 -66.22962912917137 17.45
      vertex 94.76341716200113 -66.0193976610899 0
      vertex 94.76341716200113 -66.0193976610899 17.45
    endloop
  endfacet
  facet normal 0.9807852793499569 -0.1950903273112926 0
    outer loop
      vertex 97.80722431093454 -62.052630960941315 17.45
      vertex 97.6796291321516 -62.694095224142075 17.45
      vertex 97.80722431093454 -62.052630960941315 0
    endloop
  endfacet
  facet normal 0.9469301296443332 -0.3214394648635512 0
    outer loop
      vertex 97.6796291321516 -62.694095224142075 17.45
      vertex 97.46939766407013 -63.3134171590209 17.45
      vertex 97.6796291321516 -62.694095224142075 0
    endloop
  endfacet
  facet normal 0.8314696119674009 -0.5555702335211812 0
    outer loop
      vertex 97.1801270172 -63.899999998509884 17.45
      vertex 96.8167667016387 -64.44380713999271 17.45
      vertex 97.1801270172 -63.899999998509884 0
    endloop
  endfacet
  facet normal 0.896872739963228 -0.4422886934015517 0
    outer loop
      vertex 97.46939766407013 -63.3134171590209 17.45
      vertex 97.1801270172 -63.899999998509884 17.45
      vertex 97.46939766407013 -63.3134171590209 0
    endloop
  endfacet
  facet normal 0.659345812736647 -0.7518398095516428 0
    outer loop
      vertex 95.89380714297295 -65.36676669865847 17.45
      vertex 96.38553390651941 -64.93553390353918 0
      vertex 96.38553390651941 -64.93553390353918 17.45
    endloop
  endfacet
  facet normal 0.4422886934015517 -0.896872739963228 0
    outer loop
      vertex 94.76341716200113 -66.0193976610899 17.45
      vertex 95.35000000149012 -65.73012701421976 0
      vertex 95.35000000149012 -65.73012701421976 17.45
    endloop
  endfacet
  facet normal 0.5555702335211812 -0.8314696119674009 0
    outer loop
      vertex 95.35000000149012 -65.73012701421976 17.45
      vertex 95.89380714297295 -65.36676669865847 0
      vertex 95.89380714297295 -65.36676669865847 17.45
    endloop
  endfacet
  facet normal 0.7518398095516428 -0.659345812736647 0
    outer loop
      vertex 96.8167667016387 -64.44380713999271 17.45
      vertex 96.38553390651941 -64.93553390353918 17.45
      vertex 96.8167667016387 -64.44380713999271 0
    endloop
  endfacet
  facet normal 0 0 -1
    outer loop
      vertex 97.85000000149012 -61.399999998509884 0
      vertex -3.713444716953196 30.560544624223464 0
      vertex -3.05 30.117245036914923 0
    endloop
  endfacet
  facet normal 0 0 -1
    outer loop
      vertex 97.85000000149012 -61.399999998509884 0
      vertex -3.05 30.117245036914923 0
      vertex -2.3343689374270475 29.76433485168115 0
    endloop
  endfacet
  facet normal 0 0 -1
    outer loop
      vertex 97.85000000149012 -61.399999998509884 0
      vertex -2.3343689374270475 29.76433485168115 0
      vertex -1.5787961751253765 29.50785245963668 0
    endloop
  endfacet
  facet normal 0 0 -1
    outer loop
      vertex 97.85000000149012 -61.399999998509884 0
      vertex -1.5787961751253765 29.50785245963668 0
      vertex -0.7962097725423145 29.352186345619756 0
    endloop
  endfacet
  facet normal 0 0 -1
    outer loop
      vertex 97.85000000149012 -61.399999998509884 0
      vertex -0.7962097725423145 29.352186345619756 0
      vertex 0 29.299999999999997 0
    endloop
  endfacet
  facet normal 0 0 -1
    outer loop
      vertex 97.85000000149012 -61.399999998509884 0
      vertex 0 29.299999999999997 0
      vertex 0.7962097725423145 29.352186345619756 0
    endloop
  endfacet
  facet normal 0 0 -1
    outer loop
      vertex 97.85000000149012 -61.399999998509884 0
      vertex 0.7962097725423145 29.352186345619756 0
      vertex 1.5787961751253765 29.50785245963668 0
    endloop
  endfacet
  facet normal 0 0 -1
    outer loop
      vertex 97.85000000149012 -61.399999998509884 0
      vertex 1.5787961751253765 29.50785245963668 0
      vertex 2.3343689374270475 29.76433485168115 0
    endloop
  endfacet
  facet normal 0 0 -1
    outer loop
      vertex 97.85000000149012 -61.399999998509884 0
      vertex 2.3343689374270475 29.76433485168115 0
      vertex 3.05 30.117245036914923 0
    endloop
  endfacet
  facet normal 0 0 -1
    outer loop
      vertex 97.85000000149012 -61.399999998509884 0
      vertex 3.05 30.117245036914923 0
      vertex 3.713444716953196 30.560544624223464 0
    endloop
  endfacet
  facet normal 0 0 -1
    outer loop
      vertex -97.80722431093454 62.052630960941315 0
      vertex 97.85000000149012 -61.399999998509884 0
      vertex 97.80722431093454 -62.052630960941315 0
    endloop
  endfacet
  facet normal 0 0 -1
    outer loop
      vertex -97.85000000149012 61.399999998509884 0
      vertex 97.80722431093454 -62.052630960941315 0
      vertex 97.6796291321516 -62.694095224142075 0
    endloop
  endfacet
  facet normal 0 0 -1
    outer loop
      vertex -94.76341716200113 -66.0193976610899 0
      vertex 93.50263096392155 -66.35722430795431 0
      vertex 92.85000000149012 -66.39999999850988 0
    endloop
  endfacet
  facet normal 0 0 -1
    outer loop
      vertex -97.6796291321516 -62.694095224142075 0
      vertex 97.1801270172 -63.899999998509884 0
      vertex 96.8167667016387 -64.44380713999271 0
    endloop
  endfacet
  facet normal 0 0 -1
    outer loop
      vertex -97.46939766407013 -63.3134171590209 0
      vertex 96.8167667016387 -64.44380713999271 0
      vertex 96.38553390651941 -64.93553390353918 0
    endloop
  endfacet
  facet normal 0 0 -1
    outer loop
      vertex -97.85000000149012 -61.399999998509884 0
      vertex 97.6796291321516 -62.694095224142075 0
      vertex 97.46939766407013 -63.3134171590209 0
    endloop
  endfacet
  facet normal 0 0 -1
    outer loop
      vertex -97.80722431093454 -62.052630960941315 0
      vertex 97.46939766407013 -63.3134171590209 0
      vertex 97.1801270172 -63.899999998509884 0
    endloop
  endfacet
  facet normal 0 0 -1
    outer loop
      vertex -97.1801270172 -63.899999998509884 0
      vertex 96.38553390651941 -64.93553390353918 0
      vertex 95.89380714297295 -65.36676669865847 0
    endloop
  endfacet
  facet normal 0 0 -1
    outer loop
      vertex -96.8167667016387 -64.44380713999271 0
      vertex 95.89380714297295 -65.36676669865847 0
      vertex 95.35000000149012 -65.73012701421976 0
    endloop
  endfacet
  facet normal 0 0 -1
    outer loop
      vertex -96.38553390651941 -64.93553390353918 0
      vertex 95.35000000149012 -65.73012701421976 0
      vertex 94.76341716200113 -66.0193976610899 0
    endloop
  endfacet
  facet normal 0 0 -1
    outer loop
      vertex -95.89380714297295 -65.36676669865847 0
      vertex 94.76341716200113 -66.0193976610899 0
      vertex 94.1440952271223 -66.22962912917137 0
    endloop
  endfacet
  facet normal 0 0 -1
    outer loop
      vertex -95.35000000149012 -65.73012701421976 0
      vertex 94.1440952271223 -66.22962912917137 0
      vertex 93.50263096392155 -66.35722430795431 0
    endloop
  endfacet
  facet normal 1 0 0
    outer loop
      vertex 97.85000000149012 61.399999998509884 0
      vertex 97.85000000149012 -61.399999998509884 17.45
      vertex 97.85000000149012 -61.399999998509884 0
    endloop
  endfacet
  facet normal 0.997858923504296 -0.06540312517646005 0
    outer loop
      vertex 97.80722431093454 -62.052630960941315 17.45
      vertex 97.80722431093454 -62.052630960941315 0
      vertex 97.85000000149012 -61.399999998509884 0
    endloop
  endfacet
  facet normal 0.06540312517646005 -0.997858923504296 0
    outer loop
      vertex 92.85000000149012 -66.39999999850988 17.45
      vertex 92.85000000149012 -66.39999999850988 0
      vertex 93.50263096392155 -66.35722430795431 0
    endloop
  endfacet
  facet normal 0.1950903273112926 -0.9807852793499569 0
    outer loop
      vertex 93.50263096392155 -66.35722430795431 17.45
      vertex 93.50263096392155 -66.35722430795431 0
      vertex 94.1440952271223 -66.22962912917137 0
    endloop
  endfacet
  facet normal 0.3214394648635512 -0.9469301296443332 0
    outer loop
      vertex 94.1440952271223 -66.22962912917137 17.45
      vertex 94.1440952271223 -66.22962912917137 0
      vertex 94.76341716200113 -66.0193976610899 0
    endloop
  endfacet
  facet normal 0.9807852793499569 -0.1950903273112926 0
    outer loop
      vertex 97.6796291321516 -62.694095224142075 17.45
      vertex 97.6796291321516 -62.694095224142075 0
      vertex 97.80722431093454 -62.052630960941315 0
    endloop
  endfacet
  facet normal 0.9469301296443332 -0.3214394648635512 0
    outer loop
      vertex 97.46939766407013 -63.3134171590209 17.45
      vertex 97.46939766407013 -63.3134171590209 0
      vertex 97.6796291321516 -62.694095224142075 0
    endloop
  endfacet
  facet normal 0.8314696119674009 -0.5555702335211812 0
    outer loop
      vertex 96.8167667016387 -64.44380713999271 17.45
      vertex 96.8167667016387 -64.44380713999271 0
      vertex 97.1801270172 -63.899999998509884 0
    endloop
  endfacet
  facet normal 0.896872739963228 -0.4422886934015517 0
    outer loop
      vertex 97.1801270172 -63.899999998509884 17.45
      vertex 97.1801270172 -63.899999998509884 0
      vertex 97.46939766407013 -63.3134171590209 0
    endloop
  endfacet
  facet normal 0.659345812736647 -0.7518398095516428 0
    outer loop
      vertex 95.89380714297295 -65.36676669865847 17.45
      vertex 95.89380714297295 -65.36676669865847 0
      vertex 96.38553390651941 -64.93553390353918 0
    endloop
  endfacet
  facet normal 0.5555702335211812 -0.8314696119674009 0
    outer loop
      vertex 95.35000000149012 -65.73012701421976 17.45
      vertex 95.35000000149012 -65.73012701421976 0
      vertex 95.89380714297295 -65.36676669865847 0
    endloop
  endfacet
  facet normal 0.4422886934015517 -0.896872739963228 0
    outer loop
      vertex 94.76341716200113 -66.0193976610899 17.45
      vertex 94.76341716200113 -66.0193976610899 0
      vertex 95.35000000149012 -65.73012701421976 0
    endloop
  endfacet
  facet normal 0.7518398095516428 -0.659345812736647 0
    outer loop
      vertex 96.38553390651941 -64.93553390353918 17.45
      vertex 96.38553390651941 -64.93553390353918 0
      vertex 96.8167667016387 -64.44380713999271 0
    endloop
  endfacet
  facet normal 0.8314696119753574 -0.5555702335092735 0
    outer loop
      vertex -82.64903810620308 50.649999998509884 17.45
      vertex -82.64903810620308 50.649999998509884 3
      vertex -82.54003001004457 50.81314214318991 17.45
    endloop
  endfacet
  facet normal 0.9469301300366788 -0.32143946370773846 0
    outer loop
      vertex -82.7358193024993 50.47402514517307 17.45
      vertex -82.79888874292374 50.28822856396437 17.45
      vertex -82.79888874292374 50.28822856396437 3
    endloop
  endfacet
  facet normal 0.8968727369300094 -0.4422886995523108 0
    outer loop
      vertex -82.64903810620308 50.649999998509884 17.45
      vertex -82.7358193024993 50.47402514517307 17.45
      vertex -82.7358193024993 50.47402514517307 3
    endloop
  endfacet
  facet normal 0.9807852832718772 -0.1950903075944672 0
    outer loop
      vertex -82.79888874292374 50.28822856396437 17.45
      vertex -82.83716729283333 50.09578928351402 17.45
      vertex -82.83716729283333 50.09578928351402 3
    endloop
  endfacet
  facet normal 0.9978589229274387 -0.06540313397759875 0
    outer loop
      vertex -82.83716729283333 50.09578928351402 17.45
      vertex -82.85000000149012 49.899999998509884 17.45
      vertex -82.85000000149012 49.899999998509884 3
    endloop
  endfacet
  facet normal 0.5555702335092735 -0.8314696119753574 0
    outer loop
      vertex -82.26314214617014 51.09003000706434 17.45
      vertex -82.26314214617014 51.09003000706434 3
      vertex -82.10000000149012 51.19903810322285 17.45
    endloop
  endfacet
  facet normal 0.7518397942312052 -0.6593458302062577 0
    outer loop
      vertex -82.41066017001867 50.96066016703844 17.45
      vertex -82.54003001004457 50.81314214318991 17.45
      vertex -82.54003001004457 50.81314214318991 3
    endloop
  endfacet
  facet normal 0.6593458302062577 -0.7518397942312052 0
    outer loop
      vertex -82.41066017001867 50.96066016703844 17.45
      vertex -82.41066017001867 50.96066016703844 3
      vertex -82.26314214617014 51.09003000706434 17.45
    endloop
  endfacet
  facet normal 0.4422886995523108 -0.8968727369300094 0
    outer loop
      vertex -82.10000000149012 51.19903810322285 17.45
      vertex -82.10000000149012 51.19903810322285 3
      vertex -81.9240251481533 51.28581929951906 17.45
    endloop
  endfacet
  facet normal 0.32143946370773846 -0.9469301300366788 0
    outer loop
      vertex -81.9240251481533 51.28581929951906 17.45
      vertex -81.9240251481533 51.28581929951906 3
      vertex -81.7382285669446 51.348888739943504 17.45
    endloop
  endfacet
  facet normal 0.1950903075944672 -0.9807852832718772 0
    outer loop
      vertex -81.54578928649426 51.387167289853096 17.45
      vertex -81.7382285669446 51.348888739943504 17.45
      vertex -81.7382285669446 51.348888739943504 3
    endloop
  endfacet
  facet normal 0.06540313397759875 -0.9978589229274387 0
    outer loop
      vertex -81.54578928649426 51.387167289853096 17.45
      vertex -81.54578928649426 51.387167289853096 3
      vertex -81.35000000149012 51.399999998509884 17.45
    endloop
  endfacet
  facet normal 0 -1 0
    outer loop
      vertex -81.35000000149012 51.399999998509884 17.45
      vertex -81.35000000149012 51.399999998509884 3
      vertex 81.35000000149012 51.399999998509884 17.45
    endloop
  endfacet
  facet normal 0.8314696119753574 -0.5555702335092735 0
    outer loop
      vertex -82.54003001004457 50.81314214318991 17.45
      vertex -82.64903810620308 50.649999998509884 3
      vertex -82.54003001004457 50.81314214318991 3
    endloop
  endfacet
  facet normal 0.8968727369300094 -0.4422886995523108 0
    outer loop
      vertex -82.64903810620308 50.649999998509884 17.45
      vertex -82.7358193024993 50.47402514517307 3
      vertex -82.64903810620308 50.649999998509884 3
    endloop
  endfacet
  facet normal 0.9469301300366788 -0.32143946370773846 0
    outer loop
      vertex -82.7358193024993 50.47402514517307 17.45
      vertex -82.79888874292374 50.28822856396437 3
      vertex -82.7358193024993 50.47402514517307 3
    endloop
  endfacet
  facet normal 0.9807852832718772 -0.1950903075944672 0
    outer loop
      vertex -82.79888874292374 50.28822856396437 17.45
      vertex -82.83716729283333 50.09578928351402 3
      vertex -82.79888874292374 50.28822856396437 3
    endloop
  endfacet
  facet normal 0.9978589229274387 -0.06540313397759875 0
    outer loop
      vertex -82.83716729283333 50.09578928351402 17.45
      vertex -82.85000000149012 49.899999998509884 3
      vertex -82.83716729283333 50.09578928351402 3
    endloop
  endfacet
  facet normal 0.7518397942312052 -0.6593458302062577 0
    outer loop
      vertex -82.41066017001867 50.96066016703844 17.45
      vertex -82.54003001004457 50.81314214318991 3
      vertex -82.41066017001867 50.96066016703844 3
    endloop
  endfacet
  facet normal 0.6593458302062577 -0.7518397942312052 0
    outer loop
      vertex -82.26314214617014 51.09003000706434 17.45
      vertex -82.41066017001867 50.96066016703844 3
      vertex -82.26314214617014 51.09003000706434 3
    endloop
  endfacet
  facet normal 0.5555702335092735 -0.8314696119753574 0
    outer loop
      vertex -82.10000000149012 51.19903810322285 17.45
      vertex -82.26314214617014 51.09003000706434 3
      vertex -82.10000000149012 51.19903810322285 3
    endloop
  endfacet
  facet normal 0.4422886995523108 -0.8968727369300094 0
    outer loop
      vertex -81.9240251481533 51.28581929951906 17.45
      vertex -82.10000000149012 51.19903810322285 3
      vertex -81.9240251481533 51.28581929951906 3
    endloop
  endfacet
  facet normal 0.32143946370773846 -0.9469301300366788 0
    outer loop
      vertex -81.7382285669446 51.348888739943504 17.45
      vertex -81.9240251481533 51.28581929951906 3
      vertex -81.7382285669446 51.348888739943504 3
    endloop
  endfacet
  facet normal 0.1950903075944672 -0.9807852832718772 0
    outer loop
      vertex -81.54578928649426 51.387167289853096 17.45
      vertex -81.7382285669446 51.348888739943504 3
      vertex -81.54578928649426 51.387167289853096 3
    endloop
  endfacet
  facet normal 0.06540313397759875 -0.9978589229274387 0
    outer loop
      vertex -81.35000000149012 51.399999998509884 17.45
      vertex -81.54578928649426 51.387167289853096 3
      vertex -81.35000000149012 51.399999998509884 3
    endloop
  endfacet
  facet normal 0 0 1
    outer loop
      vertex -82.79888874292374 50.28822856396437 3
      vertex -78.97573372946036 49.655518130045145 3
      vertex -78.48027618041007 49.82370330515627 3
    endloop
  endfacet
  facet normal 0 0 1
    outer loop
      vertex -82.79888874292374 50.28822856396437 3
      vertex -78.48027618041007 49.82370330515627 3
      vertex -77.9671047688802 49.925779445495245 3
    endloop
  endfacet
  facet normal 0 0 1
    outer loop
      vertex -82.79888874292374 50.28822856396437 3
      vertex -77.9671047688802 49.925779445495245 3
      vertex -77.445 49.96 3
    endloop
  endfacet
  facet normal 0 0 1
    outer loop
      vertex -82.79888874292374 50.28822856396437 3
      vertex -82.83716729283333 50.09578928351402 3
      vertex -80.27342712474618 48.78842712474619 3
    endloop
  endfacet
  facet normal 0 0 1
    outer loop
      vertex -82.83716729283333 50.09578928351402 3
      vertex -82.85000000149012 49.899999998509884 3
      vertex -80.27342712474618 48.78842712474619 3
    endloop
  endfacet
  facet normal 0 0 1
    outer loop
      vertex -82.85000000149012 49.899999998509884 3
      vertex -80.61841336116494 48.395045716034886 3
      vertex -80.27342712474618 48.78842712474619 3
    endloop
  endfacet
  facet normal 0 0 1
    outer loop
      vertex -82.85000000149012 49.899999998509884 3
      vertex -81.41077944549524 46.482104768880205 3
      vertex -81.30870330515627 46.99527618041009 3
    endloop
  endfacet
  facet normal 0 0 1
    outer loop
      vertex -82.85000000149012 49.899999998509884 3
      vertex -80.90910161513774 47.96 3
      vertex -80.61841336116494 48.395045716034886 3
    endloop
  endfacet
  facet normal 0 0 1
    outer loop
      vertex -82.85000000149012 49.899999998509884 3
      vertex -81.14051813004514 47.49073372946036 3
      vertex -80.90910161513774 47.96 3
    endloop
  endfacet
  facet normal 0 0 1
    outer loop
      vertex -82.85000000149012 49.899999998509884 3
      vertex -81.30870330515627 46.99527618041009 3
      vertex -81.14051813004514 47.49073372946036 3
    endloop
  endfacet
  facet normal 0 0 1
    outer loop
      vertex -82.79888874292374 50.28822856396437 3
      vertex -79.88004571603487 49.13341336116494 3
      vertex -79.445 49.42410161513776 3
    endloop
  endfacet
  facet normal 0 0 1
    outer loop
      vertex -82.79888874292374 50.28822856396437 3
      vertex -80.27342712474618 48.78842712474619 3
      vertex -79.88004571603487 49.13341336116494 3
    endloop
  endfacet
  facet normal 0 0 1
    outer loop
      vertex -82.79888874292374 50.28822856396437 3
      vertex -79.445 49.42410161513776 3
      vertex -78.97573372946036 49.655518130045145 3
    endloop
  endfacet
  facet normal 0 0 1
    outer loop
      vertex -82.85000000149012 49.899999998509884 3
      vertex -81.445 45.96 3
      vertex -81.41077944549524 46.482104768880205 3
    endloop
  endfacet
  facet normal 0 0 1
    outer loop
      vertex -82.85000000149012 49.899999998509884 3
      vertex -81.41077944549524 45.437895231119796 3
      vertex -81.445 45.96 3
    endloop
  endfacet
  facet normal 1 0 0
    outer loop
      vertex -82.85000000149012 49.899999998509884 17.45
      vertex -82.85000000149012 -49.899999998509884 3
      vertex -82.85000000149012 49.899999998509884 3
    endloop
  endfacet
  facet normal 0 0 1
    outer loop
      vertex -82.85000000149012 49.899999998509884 3
      vertex -75.445 -42.495898384862244 3
      vertex -81.41077944549524 45.437895231119796 3
    endloop
  endfacet
  facet normal 0 0 1
    outer loop
      vertex -81.41077944549524 45.437895231119796 3
      vertex -75.445 -42.495898384862244 3
      vertex -81.30870330515627 44.924723819589914 3
    endloop
  endfacet
  facet normal 0 0 1
    outer loop
      vertex -81.30870330515627 44.924723819589914 3
      vertex -75.445 -42.495898384862244 3
      vertex -81.14051813004514 44.42926627053964 3
    endloop
  endfacet
  facet normal 0 0 1
    outer loop
      vertex -81.14051813004514 44.42926627053964 3
      vertex -75.445 -42.495898384862244 3
      vertex -80.90910161513774 43.96 3
    endloop
  endfacet
  facet normal 0 0 1
    outer loop
      vertex -80.90910161513774 43.96 3
      vertex -75.445 -42.495898384862244 3
      vertex -80.61841336116494 43.524954283965116 3
    endloop
  endfacet
  facet normal 0 0 1
    outer loop
      vertex -80.61841336116494 43.524954283965116 3
      vertex -75.445 -42.495898384862244 3
      vertex -80.27342712474618 43.13157287525381 3
    endloop
  endfacet
  facet normal 0 0 1
    outer loop
      vertex -80.27342712474618 43.13157287525381 3
      vertex -75.445 -42.495898384862244 3
      vertex -79.88004571603487 42.78658663883506 3
    endloop
  endfacet
  facet normal 0 0 1
    outer loop
      vertex -79.88004571603487 42.78658663883506 3
      vertex -75.445 -42.495898384862244 3
      vertex -79.445 42.495898384862244 3
    endloop
  endfacet
  facet normal 0 0 1
    outer loop
      vertex -79.445 42.495898384862244 3
      vertex -75.445 -42.495898384862244 3
      vertex -78.97573372946036 42.26448186995486 3
    endloop
  endfacet
  facet normal 0 0 1
    outer loop
      vertex -78.97573372946036 42.26448186995486 3
      vertex -75.445 -42.495898384862244 3
      vertex -78.48027618041007 42.09629669484373 3
    endloop
  endfacet
  facet normal 0 0 1
    outer loop
      vertex -82.7358193024993 50.47402514517307 3
      vertex -82.79888874292374 50.28822856396437 3
      vertex 76.92289523111978 49.925779445495245 3
    endloop
  endfacet
  facet normal 0 0 1
    outer loop
      vertex -81.54578928649426 51.387167289853096 3
      vertex 81.9240251481533 51.28581929951906 3
      vertex -81.35000000149012 51.399999998509884 3
    endloop
  endfacet
  facet normal 0 0 1
    outer loop
      vertex -82.10000000149012 51.19903810322285 3
      vertex 82.41066017001867 50.96066016703844 3
      vertex -81.9240251481533 51.28581929951906 3
    endloop
  endfacet
  facet normal 0 0 1
    outer loop
      vertex -82.41066017001867 50.96066016703844 3
      vertex 82.64903810620308 50.649999998509884 3
      vertex -82.26314214617014 51.09003000706434 3
    endloop
  endfacet
  facet normal 0 0 1
    outer loop
      vertex -82.26314214617014 51.09003000706434 3
      vertex 82.54003001004457 50.81314214318991 3
      vertex -82.10000000149012 51.19903810322285 3
    endloop
  endfacet
  facet normal 0 0 1
    outer loop
      vertex -81.54578928649426 51.387167289853096 3
      vertex -81.7382285669446 51.348888739943504 3
      vertex 82.10000000149012 51.19903810322285 3
    endloop
  endfacet
  facet normal 0 0 1
    outer loop
      vertex -81.9240251481533 51.28581929951906 3
      vertex 82.26314214617014 51.09003000706434 3
      vertex -81.7382285669446 51.348888739943504 3
    endloop
  endfacet
  facet normal 0 0 1
    outer loop
      vertex -82.41066017001867 50.96066016703844 3
      vertex -82.54003001004457 50.81314214318991 3
      vertex 82.7358193024993 50.47402514517307 3
    endloop
  endfacet
  facet normal 0 0 1
    outer loop
      vertex -82.64903810620308 50.649999998509884 3
      vertex 82.79888874292374 50.28822856396437 3
      vertex -82.54003001004457 50.81314214318991 3
    endloop
  endfacet
  facet normal 0 0 1
    outer loop
      vertex -82.64903810620308 50.649999998509884 3
      vertex -82.7358193024993 50.47402514517307 3
      vertex 82.83716729283333 50.09578928351402 3
    endloop
  endfacet
  facet normal 0 0 1
    outer loop
      vertex -82.79888874292374 50.28822856396437 3
      vertex -77.445 49.96 3
      vertex 75.445 42.495898384862244 3
    endloop
  endfacet
  facet normal 0 0 1
    outer loop
      vertex -77.445 49.96 3
      vertex -76.92289523111978 49.925779445495245 3
      vertex 75.445 42.495898384862244 3
    endloop
  endfacet
  facet normal 0 0 1
    outer loop
      vertex -76.92289523111978 49.925779445495245 3
      vertex -76.40972381958991 49.82370330515627 3
      vertex 75.445 42.495898384862244 3
    endloop
  endfacet
  facet normal 0 0 1
    outer loop
      vertex -76.40972381958991 49.82370330515627 3
      vertex -75.91426627053963 49.655518130045145 3
      vertex 75.445 42.495898384862244 3
    endloop
  endfacet
  facet normal 0 0 1
    outer loop
      vertex -75.91426627053963 49.655518130045145 3
      vertex -75.445 49.42410161513776 3
      vertex 75.445 42.495898384862244 3
    endloop
  endfacet
  facet normal 0 0 1
    outer loop
      vertex -75.445 49.42410161513776 3
      vertex -75.00995428396511 49.13341336116494 3
      vertex 75.445 42.495898384862244 3
    endloop
  endfacet
  facet normal 0 0 1
    outer loop
      vertex -75.00995428396511 49.13341336116494 3
      vertex -74.61657287525381 48.78842712474619 3
      vertex 75.445 42.495898384862244 3
    endloop
  endfacet
  facet normal 0 0 1
    outer loop
      vertex -74.61657287525381 48.78842712474619 3
      vertex -4.839455375776534 39.1134447169532 3
      vertex -4.31335136523794 39.71335136523794 3
    endloop
  endfacet
  facet normal 0 0 1
    outer loop
      vertex -74.61657287525381 48.78842712474619 3
      vertex -4.31335136523794 39.71335136523794 3
      vertex -3.713444716953196 40.23945537577653 3
    endloop
  endfacet
  facet normal 0 0 1
    outer loop
      vertex -74.61657287525381 48.78842712474619 3
      vertex -5.635665148318849 37.73436893742705 3
      vertex -5.282754963085075 38.449999999999996 3
    endloop
  endfacet
  facet normal 0 0 1
    outer loop
      vertex -74.61657287525381 48.78842712474619 3
      vertex -5.282754963085075 38.449999999999996 3
      vertex -4.839455375776534 39.1134447169532 3
    endloop
  endfacet
  facet normal 0 0 1
    outer loop
      vertex -74.61657287525381 48.78842712474619 3
      vertex -2.3343689374270475 41.03566514831885 3
      vertex -1.5787961751253765 41.29214754036332 3
    endloop
  endfacet
  facet normal 0 0 1
    outer loop
      vertex -74.61657287525381 48.78842712474619 3
      vertex -1.5787961751253765 41.29214754036332 3
      vertex -0.7962097725423145 41.44781365438024 3
    endloop
  endfacet
  facet normal 0 0 1
    outer loop
      vertex -74.61657287525381 48.78842712474619 3
      vertex -0.7962097725423145 41.44781365438024 3
      vertex 0 41.5 3
    endloop
  endfacet
  facet normal 0 0 1
    outer loop
      vertex -74.61657287525381 48.78842712474619 3
      vertex 0 41.5 3
      vertex 0.7962097725423145 41.44781365438024 3
    endloop
  endfacet
  facet normal 0 0 1
    outer loop
      vertex -74.61657287525381 48.78842712474619 3
      vertex -3.713444716953196 40.23945537577653 3
      vertex -3.05 40.682754963085074 3
    endloop
  endfacet
  facet normal 0 0 1
    outer loop
      vertex -74.61657287525381 48.78842712474619 3
      vertex -3.05 40.682754963085074 3
      vertex -2.3343689374270475 41.03566514831885 3
    endloop
  endfacet
  facet normal 0 0 1
    outer loop
      vertex -74.61657287525381 48.78842712474619 3
      vertex -5.892147540363316 36.978796175125375 3
      vertex -5.635665148318849 37.73436893742705 3
    endloop
  endfacet
  facet normal 0 0 1
    outer loop
      vertex -74.61657287525381 48.78842712474619 3
      vertex -6.047813654380243 36.19620977254231 3
      vertex -5.892147540363316 36.978796175125375 3
    endloop
  endfacet
  facet normal 0 0 1
    outer loop
      vertex -74.61657287525381 48.78842712474619 3
      vertex -6.1 35.4 3
      vertex -6.047813654380243 36.19620977254231 3
    endloop
  endfacet
  facet normal 0 0 1
    outer loop
      vertex -74.61657287525381 48.78842712474619 3
      vertex -6.047813654380243 34.60379022745769 3
      vertex -6.1 35.4 3
    endloop
  endfacet
  facet normal 0 0 1
    outer loop
      vertex -74.61657287525381 48.78842712474619 3
      vertex -5.892147540363316 33.82120382487462 3
      vertex -6.047813654380243 34.60379022745769 3
    endloop
  endfacet
  facet normal 0 0 1
    outer loop
      vertex -74.61657287525381 48.78842712474619 3
      vertex -5.635665148318849 33.06563106257295 3
      vertex -5.892147540363316 33.82120382487462 3
    endloop
  endfacet
  facet normal 0 0 1
    outer loop
      vertex -74.61657287525381 48.78842712474619 3
      vertex -5.282754963085075 32.35 3
      vertex -5.635665148318849 33.06563106257295 3
    endloop
  endfacet
  facet normal 0 0 1
    outer loop
      vertex -74.61657287525381 48.78842712474619 3
      vertex -4.839455375776534 31.686555283046804 3
      vertex -5.282754963085075 32.35 3
    endloop
  endfacet
  facet normal 0 0 1
    outer loop
      vertex -74.61657287525381 48.78842712474619 3
      vertex -4.31335136523794 31.086648634762057 3
      vertex -4.839455375776534 31.686555283046804 3
    endloop
  endfacet
  facet normal 0 0 1
    outer loop
      vertex -73.74948186995485 44.42926627053964 3
      vertex -73.98089838486224 43.96 3
      vertex 73.74948186995485 -44.42926627053964 3
    endloop
  endfacet
  facet normal 0 0 1
    outer loop
      vertex -76.40972381958991 42.09629669484373 3
      vertex 73.47922055450475 -46.482104768880205 3
      vertex -75.91426627053963 42.26448186995486 3
    endloop
  endfacet
  facet normal 0 0 1
    outer loop
      vertex -75.00995428396511 42.78658663883506 3
      vertex 73.58129669484372 -44.924723819589914 3
      vertex -74.61657287525381 43.13157287525381 3
    endloop
  endfacet
  facet normal 0 0 1
    outer loop
      vertex -74.61657287525381 43.13157287525381 3
      vertex 73.74948186995485 -44.42926627053964 3
      vertex -74.27158663883505 43.524954283965116 3
    endloop
  endfacet
  facet normal 0 0 1
    outer loop
      vertex -73.98089838486224 43.96 3
      vertex -74.27158663883505 43.524954283965116 3
      vertex 73.74948186995485 -44.42926627053964 3
    endloop
  endfacet
  facet normal 0 0 1
    outer loop
      vertex -75.00995428396511 42.78658663883506 3
      vertex -75.445 42.495898384862244 3
      vertex 73.47922055450475 -45.437895231119796 3
    endloop
  endfacet
  facet normal 0 0 1
    outer loop
      vertex -75.91426627053963 42.26448186995486 3
      vertex 73.445 -45.96 3
      vertex -75.445 42.495898384862244 3
    endloop
  endfacet
  facet normal 0 0 1
    outer loop
      vertex -77.9671047688802 41.99422055450476 3
      vertex 73.98089838486224 -47.96 3
      vertex -77.445 41.96 3
    endloop
  endfacet
  facet normal 0 0 1
    outer loop
      vertex -77.445 41.96 3
      vertex 73.74948186995485 -47.49073372946036 3
      vertex -76.92289523111978 41.99422055450476 3
    endloop
  endfacet
  facet normal 0 0 1
    outer loop
      vertex -78.48027618041007 42.09629669484373 3
      vertex 74.27158663883505 -48.395045716034886 3
      vertex -77.9671047688802 41.99422055450476 3
    endloop
  endfacet
  facet normal 0 0 1
    outer loop
      vertex -76.92289523111978 41.99422055450476 3
      vertex 73.58129669484372 -46.99527618041009 3
      vertex -76.40972381958991 42.09629669484373 3
    endloop
  endfacet
  facet normal 0 0 1
    outer loop
      vertex -74.61657287525381 48.78842712474619 3
      vertex -74.27158663883505 48.395045716034886 3
      vertex 78.48027618041007 -42.09629669484373 3
    endloop
  endfacet
  facet normal 0 0 1
    outer loop
      vertex -74.27158663883505 48.395045716034886 3
      vertex -73.98089838486224 47.96 3
      vertex 77.9671047688802 -41.99422055450476 3
    endloop
  endfacet
  facet normal 0 0 1
    outer loop
      vertex -73.98089838486224 47.96 3
      vertex -73.74948186995485 47.49073372946036 3
      vertex 77.445 -41.96 3
    endloop
  endfacet
  facet normal 0 0 1
    outer loop
      vertex -73.74948186995485 47.49073372946036 3
      vertex -73.58129669484372 46.99527618041009 3
      vertex 76.92289523111978 -41.99422055450476 3
    endloop
  endfacet
  facet normal 0 0 1
    outer loop
      vertex -73.58129669484372 46.99527618041009 3
      vertex -73.47922055450475 46.482104768880205 3
      vertex 76.40972381958991 -42.09629669484373 3
    endloop
  endfacet
  facet normal 0 0 1
    outer loop
      vertex -73.47922055450475 46.482104768880205 3
      vertex -73.445 45.96 3
      vertex 75.91426627053963 -42.26448186995486 3
    endloop
  endfacet
  facet normal 0 0 1
    outer loop
      vertex -73.445 45.96 3
      vertex -73.47922055450475 45.437895231119796 3
      vertex 75.445 -42.495898384862244 3
    endloop
  endfacet
  facet normal 0 0 1
    outer loop
      vertex -73.47922055450475 45.437895231119796 3
      vertex -73.58129669484372 44.924723819589914 3
      vertex 75.00995428396511 -42.78658663883506 3
    endloop
  endfacet
  facet normal 0 0 1
    outer loop
      vertex -73.58129669484372 44.924723819589914 3
      vertex -73.74948186995485 44.42926627053964 3
      vertex 74.61657287525381 -43.13157287525381 3
    endloop
  endfacet
  facet normal 0 0 1
    outer loop
      vertex -74.61657287525381 48.78842712474619 3
      vertex 78.48027618041007 -42.09629669484373 3
      vertex -4.31335136523794 31.086648634762057 3
    endloop
  endfacet
  facet normal 1 0 0
    outer loop
      vertex -82.85000000149012 49.899999998509884 17.45
      vertex -82.85000000149012 -49.899999998509884 17.45
      vertex -82.85000000149012 -49.899999998509884 3
    endloop
  endfacet
  facet normal 0.9978589229274387 0.06540313397759875 0
    outer loop
      vertex -82.85000000149012 -49.899999998509884 17.45
      vertex -82.83716729283333 -50.09578928351402 17.45
      vertex -82.83716729283333 -50.09578928351402 3
    endloop
  endfacet
  facet normal 0.9807852832718772 0.1950903075944672 0
    outer loop
      vertex -82.83716729283333 -50.09578928351402 17.45
      vertex -82.79888874292374 -50.28822856396437 17.45
      vertex -82.79888874292374 -50.28822856396437 3
    endloop
  endfacet
  facet normal 0.9469301300366788 0.32143946370773846 0
    outer loop
      vertex -82.79888874292374 -50.28822856396437 17.45
      vertex -82.7358193024993 -50.47402514517307 17.45
      vertex -82.7358193024993 -50.47402514517307 3
    endloop
  endfacet
  facet normal 0.8968727369300094 0.4422886995523108 0
    outer loop
      vertex -82.7358193024993 -50.47402514517307 17.45
      vertex -82.64903810620308 -50.649999998509884 17.45
      vertex -82.64903810620308 -50.649999998509884 3
    endloop
  endfacet
  facet normal 0.8314696119753574 0.5555702335092735 0
    outer loop
      vertex -82.64903810620308 -50.649999998509884 17.45
      vertex -82.54003001004457 -50.81314214318991 17.45
      vertex -82.54003001004457 -50.81314214318991 3
    endloop
  endfacet
  facet normal 0.7518397942312052 0.6593458302062577 0
    outer loop
      vertex -82.54003001004457 -50.81314214318991 17.45
      vertex -82.41066017001867 -50.96066016703844 17.45
      vertex -82.41066017001867 -50.96066016703844 3
    endloop
  endfacet
  facet normal 0.6593458302062577 0.7518397942312052 0
    outer loop
      vertex -82.41066017001867 -50.96066016703844 17.45
      vertex -82.26314214617014 -51.09003000706434 17.45
      vertex -82.26314214617014 -51.09003000706434 3
    endloop
  endfacet
  facet normal 0.5555702335092735 0.8314696119753574 0
    outer loop
      vertex -82.26314214617014 -51.09003000706434 17.45
      vertex -82.10000000149012 -51.19903810322285 17.45
      vertex -82.10000000149012 -51.19903810322285 3
    endloop
  endfacet
  facet normal 0.4422886995523108 0.8968727369300094 0
    outer loop
      vertex -82.10000000149012 -51.19903810322285 17.45
      vertex -81.9240251481533 -51.28581929951906 17.45
      vertex -81.9240251481533 -51.28581929951906 3
    endloop
  endfacet
  facet normal 0.32143946370773846 0.9469301300366788 0
    outer loop
      vertex -81.9240251481533 -51.28581929951906 17.45
      vertex -81.7382285669446 -51.348888739943504 17.45
      vertex -81.7382285669446 -51.348888739943504 3
    endloop
  endfacet
  facet normal 0.1950903075944672 0.9807852832718772 0
    outer loop
      vertex -81.7382285669446 -51.348888739943504 17.45
      vertex -81.54578928649426 -51.387167289853096 17.45
      vertex -81.54578928649426 -51.387167289853096 3
    endloop
  endfacet
  facet normal 0.06540313397759875 0.9978589229274387 0
    outer loop
      vertex -81.54578928649426 -51.387167289853096 17.45
      vertex -81.35000000149012 -51.399999998509884 17.45
      vertex -81.35000000149012 -51.399999998509884 3
    endloop
  endfacet
  facet normal 0 0 1
    outer loop
      vertex -82.85000000149012 49.899999998509884 3
      vertex -80.61841336116494 -43.524954283965116 3
      vertex -80.27342712474618 -43.13157287525381 3
    endloop
  endfacet
  facet normal 0 0 1
    outer loop
      vertex -82.85000000149012 49.899999998509884 3
      vertex -78.48027618041007 -42.09629669484373 3
      vertex -77.9671047688802 -41.99422055450476 3
    endloop
  endfacet
  facet normal 0 0 1
    outer loop
      vertex -82.85000000149012 49.899999998509884 3
      vertex -79.88004571603487 -42.78658663883506 3
      vertex -79.445 -42.495898384862244 3
    endloop
  endfacet
  facet normal 0 0 1
    outer loop
      vertex -82.85000000149012 49.899999998509884 3
      vertex -79.445 -42.495898384862244 3
      vertex -78.97573372946036 -42.26448186995486 3
    endloop
  endfacet
  facet normal 0 0 1
    outer loop
      vertex -82.85000000149012 49.899999998509884 3
      vertex -80.27342712474618 -43.13157287525381 3
      vertex -79.88004571603487 -42.78658663883506 3
    endloop
  endfacet
  facet normal 0 0 1
    outer loop
      vertex -82.85000000149012 49.899999998509884 3
      vertex -78.97573372946036 -42.26448186995486 3
      vertex -78.48027618041007 -42.09629669484373 3
    endloop
  endfacet
  facet normal 0 0 1
    outer loop
      vertex -82.85000000149012 49.899999998509884 3
      vertex -80.90910161513774 -43.96 3
      vertex -80.61841336116494 -43.524954283965116 3
    endloop
  endfacet
  facet normal 0 0 1
    outer loop
      vertex -82.85000000149012 49.899999998509884 3
      vertex -81.14051813004514 -44.42926627053964 3
      vertex -80.90910161513774 -43.96 3
    endloop
  endfacet
  facet normal 0 0 1
    outer loop
      vertex -82.85000000149012 49.899999998509884 3
      vertex -81.30870330515627 -44.924723819589914 3
      vertex -81.14051813004514 -44.42926627053964 3
    endloop
  endfacet
  facet normal 0 0 1
    outer loop
      vertex -82.85000000149012 49.899999998509884 3
      vertex -81.41077944549524 -45.437895231119796 3
      vertex -81.30870330515627 -44.924723819589914 3
    endloop
  endfacet
  facet normal 0 0 1
    outer loop
      vertex -82.85000000149012 49.899999998509884 3
      vertex -81.445 -45.96 3
      vertex -81.41077944549524 -45.437895231119796 3
    endloop
  endfacet
  facet normal 0 0 1
    outer loop
      vertex -82.85000000149012 49.899999998509884 3
      vertex -82.85000000149012 -49.899999998509884 3
      vertex -81.445 -45.96 3
    endloop
  endfacet
  facet normal 0 0 1
    outer loop
      vertex -82.85000000149012 49.899999998509884 3
      vertex -77.9671047688802 -41.99422055450476 3
      vertex -77.445 -41.96 3
    endloop
  endfacet
  facet normal 0 0 1
    outer loop
      vertex -82.85000000149012 49.899999998509884 3
      vertex -77.445 -41.96 3
      vertex -76.92289523111978 -41.99422055450476 3
    endloop
  endfacet
  facet normal 0 0 1
    outer loop
      vertex -82.85000000149012 49.899999998509884 3
      vertex -76.92289523111978 -41.99422055450476 3
      vertex -76.40972381958991 -42.09629669484373 3
    endloop
  endfacet
  facet normal 0 0 1
    outer loop
      vertex -82.85000000149012 49.899999998509884 3
      vertex -76.40972381958991 -42.09629669484373 3
      vertex -75.91426627053963 -42.26448186995486 3
    endloop
  endfacet
  facet normal 0 0 1
    outer loop
      vertex -82.85000000149012 49.899999998509884 3
      vertex -75.91426627053963 -42.26448186995486 3
      vertex -75.445 -42.495898384862244 3
    endloop
  endfacet
  facet normal 0.9978589229274387 0.06540313397759875 0
    outer loop
      vertex -82.85000000149012 -49.899999998509884 17.45
      vertex -82.83716729283333 -50.09578928351402 3
      vertex -82.85000000149012 -49.899999998509884 3
    endloop
  endfacet
  facet normal 0.9807852832718772 0.1950903075944672 0
    outer loop
      vertex -82.83716729283333 -50.09578928351402 17.45
      vertex -82.79888874292374 -50.28822856396437 3
      vertex -82.83716729283333 -50.09578928351402 3
    endloop
  endfacet
  facet normal 0.9469301300366788 0.32143946370773846 0
    outer loop
      vertex -82.79888874292374 -50.28822856396437 17.45
      vertex -82.7358193024993 -50.47402514517307 3
      vertex -82.79888874292374 -50.28822856396437 3
    endloop
  endfacet
  facet normal 0.8968727369300094 0.4422886995523108 0
    outer loop
      vertex -82.7358193024993 -50.47402514517307 17.45
      vertex -82.64903810620308 -50.649999998509884 3
      vertex -82.7358193024993 -50.47402514517307 3
    endloop
  endfacet
  facet normal 0.8314696119753574 0.5555702335092735 0
    outer loop
      vertex -82.64903810620308 -50.649999998509884 17.45
      vertex -82.54003001004457 -50.81314214318991 3
      vertex -82.64903810620308 -50.649999998509884 3
    endloop
  endfacet
  facet normal 0.7518397942312052 0.6593458302062577 0
    outer loop
      vertex -82.54003001004457 -50.81314214318991 17.45
      vertex -82.41066017001867 -50.96066016703844 3
      vertex -82.54003001004457 -50.81314214318991 3
    endloop
  endfacet
  facet normal 0.6593458302062577 0.7518397942312052 0
    outer loop
      vertex -82.41066017001867 -50.96066016703844 17.45
      vertex -82.26314214617014 -51.09003000706434 3
      vertex -82.41066017001867 -50.96066016703844 3
    endloop
  endfacet
  facet normal 0.5555702335092735 0.8314696119753574 0
    outer loop
      vertex -82.26314214617014 -51.09003000706434 17.45
      vertex -82.10000000149012 -51.19903810322285 3
      vertex -82.26314214617014 -51.09003000706434 3
    endloop
  endfacet
  facet normal 0.4422886995523108 0.8968727369300094 0
    outer loop
      vertex -82.10000000149012 -51.19903810322285 17.45
      vertex -81.9240251481533 -51.28581929951906 3
      vertex -82.10000000149012 -51.19903810322285 3
    endloop
  endfacet
  facet normal 0.32143946370773846 0.9469301300366788 0
    outer loop
      vertex -81.9240251481533 -51.28581929951906 17.45
      vertex -81.7382285669446 -51.348888739943504 3
      vertex -81.9240251481533 -51.28581929951906 3
    endloop
  endfacet
  facet normal 0.1950903075944672 0.9807852832718772 0
    outer loop
      vertex -81.7382285669446 -51.348888739943504 17.45
      vertex -81.54578928649426 -51.387167289853096 3
      vertex -81.7382285669446 -51.348888739943504 3
    endloop
  endfacet
  facet normal 0.06540313397759875 0.9978589229274387 0
    outer loop
      vertex -81.54578928649426 -51.387167289853096 17.45
      vertex -81.35000000149012 -51.399999998509884 3
      vertex -81.54578928649426 -51.387167289853096 3
    endloop
  endfacet
  facet normal 0 0 1
    outer loop
      vertex -81.445 -45.96 3
      vertex -82.85000000149012 -49.899999998509884 3
      vertex -81.41077944549524 -46.482104768880205 3
    endloop
  endfacet
  facet normal 0 0 1
    outer loop
      vertex -81.41077944549524 -46.482104768880205 3
      vertex -82.85000000149012 -49.899999998509884 3
      vertex -81.30870330515627 -46.99527618041009 3
    endloop
  endfacet
  facet normal 0 0 1
    outer loop
      vertex -81.30870330515627 -46.99527618041009 3
      vertex -82.85000000149012 -49.899999998509884 3
      vertex -81.14051813004514 -47.49073372946036 3
    endloop
  endfacet
  facet normal 0 0 1
    outer loop
      vertex -81.14051813004514 -47.49073372946036 3
      vertex -82.85000000149012 -49.899999998509884 3
      vertex -80.90910161513774 -47.96 3
    endloop
  endfacet
  facet normal 0 0 1
    outer loop
      vertex -80.90910161513774 -47.96 3
      vertex -82.85000000149012 -49.899999998509884 3
      vertex -80.61841336116494 -48.395045716034886 3
    endloop
  endfacet
  facet normal 0 0 1
    outer loop
      vertex -80.61841336116494 -48.395045716034886 3
      vertex -82.85000000149012 -49.899999998509884 3
      vertex -80.27342712474618 -48.78842712474619 3
    endloop
  endfacet
  facet normal 0 0 1
    outer loop
      vertex -80.27342712474618 -48.78842712474619 3
      vertex -82.85000000149012 -49.899999998509884 3
      vertex -79.88004571603487 -49.13341336116494 3
    endloop
  endfacet
  facet normal 0 0 1
    outer loop
      vertex -79.88004571603487 -49.13341336116494 3
      vertex -82.85000000149012 -49.899999998509884 3
      vertex -79.445 -49.42410161513776 3
    endloop
  endfacet
  facet normal 0 0 1
    outer loop
      vertex -79.445 -49.42410161513776 3
      vertex -82.85000000149012 -49.899999998509884 3
      vertex -78.97573372946036 -49.655518130045145 3
    endloop
  endfacet
  facet normal 0 0 1
    outer loop
      vertex -78.97573372946036 -49.655518130045145 3
      vertex -82.85000000149012 -49.899999998509884 3
      vertex -78.48027618041007 -49.82370330515627 3
    endloop
  endfacet
  facet normal 0 0 1
    outer loop
      vertex -82.85000000149012 -49.899999998509884 3
      vertex -82.83716729283333 -50.09578928351402 3
      vertex -78.48027618041007 -49.82370330515627 3
    endloop
  endfacet
  facet normal 0 0 1
    outer loop
      vertex -81.7382285669446 -51.348888739943504 3
      vertex -81.54578928649426 -51.387167289853096 3
      vertex -81.35000000149012 -51.399999998509884 3
    endloop
  endfacet
  facet normal 0 0 1
    outer loop
      vertex -82.83716729283333 -50.09578928351402 3
      vertex -77.9671047688802 -49.925779445495245 3
      vertex -78.48027618041007 -49.82370330515627 3
    endloop
  endfacet
  facet normal 0 0 1
    outer loop
      vertex -82.83716729283333 -50.09578928351402 3
      vertex -77.445 -49.96 3
      vertex -77.9671047688802 -49.925779445495245 3
    endloop
  endfacet
  facet normal 0 0 1
    outer loop
      vertex -78.48027618041007 42.09629669484373 3
      vertex -75.445 -42.495898384862244 3
      vertex 74.61657287525381 -48.78842712474619 3
    endloop
  endfacet
  facet normal 0 1 0
    outer loop
      vertex -81.35000000149012 -51.399999998509884 17.45
      vertex 81.35000000149012 -51.399999998509884 3
      vertex -81.35000000149012 -51.399999998509884 3
    endloop
  endfacet
  facet normal 0 0 1
    outer loop
      vertex -82.83716729283333 -50.09578928351402 3
      vertex -82.79888874292374 -50.28822856396437 3
      vertex 82.64903810620308 -50.649999998509884 3
    endloop
  endfacet
  facet normal 0 0 1
    outer loop
      vertex -82.79888874292374 -50.28822856396437 3
      vertex -82.7358193024993 -50.47402514517307 3
      vertex 82.54003001004457 -50.81314214318991 3
    endloop
  endfacet
  facet normal 0 0 1
    outer loop
      vertex -82.7358193024993 -50.47402514517307 3
      vertex -82.64903810620308 -50.649999998509884 3
      vertex 82.41066017001867 -50.96066016703844 3
    endloop
  endfacet
  facet normal 0 0 1
    outer loop
      vertex -82.64903810620308 -50.649999998509884 3
      vertex -82.54003001004457 -50.81314214318991 3
      vertex 82.26314214617014 -51.09003000706434 3
    endloop
  endfacet
  facet normal 0 0 1
    outer loop
      vertex -82.54003001004457 -50.81314214318991 3
      vertex -82.41066017001867 -50.96066016703844 3
      vertex 82.10000000149012 -51.19903810322285 3
    endloop
  endfacet
  facet normal 0 0 1
    outer loop
      vertex -82.41066017001867 -50.96066016703844 3
      vertex -82.26314214617014 -51.09003000706434 3
      vertex 81.9240251481533 -51.28581929951906 3
    endloop
  endfacet
  facet normal 0 0 1
    outer loop
      vertex -82.26314214617014 -51.09003000706434 3
      vertex -82.10000000149012 -51.19903810322285 3
      vertex 81.7382285669446 -51.348888739943504 3
    endloop
  endfacet
  facet normal 0 0 1
    outer loop
      vertex -82.10000000149012 -51.19903810322285 3
      vertex -81.9240251481533 -51.28581929951906 3
      vertex 81.54578928649426 -51.387167289853096 3
    endloop
  endfacet
  facet normal 0 0 1
    outer loop
      vertex -81.9240251481533 -51.28581929951906 3
      vertex -81.7382285669446 -51.348888739943504 3
      vertex 81.35000000149012 -51.399999998509884 3
    endloop
  endfacet
  facet normal 0 0 1
    outer loop
      vertex -81.7382285669446 -51.348888739943504 3
      vertex -81.35000000149012 -51.399999998509884 3
      vertex 81.35000000149012 -51.399999998509884 3
    endloop
  endfacet
  facet normal 0 0 1
    outer loop
      vertex -82.83716729283333 -50.09578928351402 3
      vertex 82.7358193024993 -50.47402514517307 3
      vertex -77.445 -49.96 3
    endloop
  endfacet
  facet normal 0 0 1
    outer loop
      vertex -75.445 -42.495898384862244 3
      vertex -75.00995428396511 -42.78658663883506 3
      vertex 82.79888874292374 -50.28822856396437 3
    endloop
  endfacet
  facet normal 0 0 1
    outer loop
      vertex -75.00995428396511 -42.78658663883506 3
      vertex -74.61657287525381 -43.13157287525381 3
      vertex 82.79888874292374 -50.28822856396437 3
    endloop
  endfacet
  facet normal 0 0 1
    outer loop
      vertex -74.61657287525381 -43.13157287525381 3
      vertex -74.27158663883505 -43.524954283965116 3
      vertex 82.79888874292374 -50.28822856396437 3
    endloop
  endfacet
  facet normal 0 0 1
    outer loop
      vertex -74.27158663883505 -43.524954283965116 3
      vertex -73.98089838486224 -43.96 3
      vertex 82.79888874292374 -50.28822856396437 3
    endloop
  endfacet
  facet normal 0 0 1
    outer loop
      vertex -73.98089838486224 -43.96 3
      vertex -73.74948186995485 -44.42926627053964 3
      vertex 82.79888874292374 -50.28822856396437 3
    endloop
  endfacet
  facet normal 0 0 1
    outer loop
      vertex -73.74948186995485 -44.42926627053964 3
      vertex -73.58129669484372 -44.924723819589914 3
      vertex 82.79888874292374 -50.28822856396437 3
    endloop
  endfacet
  facet normal 0 0 1
    outer loop
      vertex -73.58129669484372 -44.924723819589914 3
      vertex -73.47922055450475 -45.437895231119796 3
      vertex 82.79888874292374 -50.28822856396437 3
    endloop
  endfacet
  facet normal 0 0 1
    outer loop
      vertex -73.47922055450475 -46.482104768880205 3
      vertex -73.58129669484372 -46.99527618041009 3
      vertex 82.79888874292374 -50.28822856396437 3
    endloop
  endfacet
  facet normal 0 0 1
    outer loop
      vertex -73.58129669484372 -46.99527618041009 3
      vertex -73.74948186995485 -47.49073372946036 3
      vertex 82.79888874292374 -50.28822856396437 3
    endloop
  endfacet
  facet normal 0 0 1
    outer loop
      vertex -73.74948186995485 -47.49073372946036 3
      vertex -73.98089838486224 -47.96 3
      vertex 82.79888874292374 -50.28822856396437 3
    endloop
  endfacet
  facet normal 0 0 1
    outer loop
      vertex -75.91426627053963 -49.655518130045145 3
      vertex 82.79888874292374 -50.28822856396437 3
      vertex -75.445 -49.42410161513776 3
    endloop
  endfacet
  facet normal 0 0 1
    outer loop
      vertex -75.00995428396511 -49.13341336116494 3
      vertex -75.445 -49.42410161513776 3
      vertex 82.79888874292374 -50.28822856396437 3
    endloop
  endfacet
  facet normal 0 0 1
    outer loop
      vertex -75.00995428396511 -49.13341336116494 3
      vertex 82.79888874292374 -50.28822856396437 3
      vertex -74.61657287525381 -48.78842712474619 3
    endloop
  endfacet
  facet normal 0 0 1
    outer loop
      vertex -74.27158663883505 -48.395045716034886 3
      vertex 82.79888874292374 -50.28822856396437 3
      vertex -73.98089838486224 -47.96 3
    endloop
  endfacet
  facet normal 0 0 1
    outer loop
      vertex -74.27158663883505 -48.395045716034886 3
      vertex -74.61657287525381 -48.78842712474619 3
      vertex 82.79888874292374 -50.28822856396437 3
    endloop
  endfacet
  facet normal 0 0 1
    outer loop
      vertex -73.47922055450475 -45.437895231119796 3
      vertex -73.445 -45.96 3
      vertex 82.79888874292374 -50.28822856396437 3
    endloop
  endfacet
  facet normal 0 0 1
    outer loop
      vertex -73.445 -45.96 3
      vertex -73.47922055450475 -46.482104768880205 3
      vertex 82.79888874292374 -50.28822856396437 3
    endloop
  endfacet
  facet normal 0 0 1
    outer loop
      vertex -77.445 -49.96 3
      vertex 82.7358193024993 -50.47402514517307 3
      vertex -76.92289523111978 -49.925779445495245 3
    endloop
  endfacet
  facet normal 0 0 1
    outer loop
      vertex -76.92289523111978 -49.925779445495245 3
      vertex 82.79888874292374 -50.28822856396437 3
      vertex -76.40972381958991 -49.82370330515627 3
    endloop
  endfacet
  facet normal 0 0 1
    outer loop
      vertex -75.91426627053963 -49.655518130045145 3
      vertex -76.40972381958991 -49.82370330515627 3
      vertex 82.79888874292374 -50.28822856396437 3
    endloop
  endfacet
  facet normal -0.06540313397759875 -0.9978589229274387 0
    outer loop
      vertex 81.35000000149012 51.399999998509884 17.45
      vertex 81.35000000149012 51.399999998509884 3
      vertex 81.54578928649426 51.387167289853096 17.45
    endloop
  endfacet
  facet normal -0.1950903075944672 -0.9807852832718772 0
    outer loop
      vertex 81.54578928649426 51.387167289853096 17.45
      vertex 81.54578928649426 51.387167289853096 3
      vertex 81.7382285669446 51.348888739943504 17.45
    endloop
  endfacet
  facet normal -0.32143946370773846 -0.9469301300366788 0
    outer loop
      vertex 81.7382285669446 51.348888739943504 17.45
      vertex 81.7382285669446 51.348888739943504 3
      vertex 81.9240251481533 51.28581929951906 17.45
    endloop
  endfacet
  facet normal -0.4422886995523108 -0.8968727369300094 0
    outer loop
      vertex 81.9240251481533 51.28581929951906 17.45
      vertex 81.9240251481533 51.28581929951906 3
      vertex 82.10000000149012 51.19903810322285 17.45
    endloop
  endfacet
  facet normal -0.5555702335092735 -0.8314696119753574 0
    outer loop
      vertex 82.10000000149012 51.19903810322285 17.45
      vertex 82.10000000149012 51.19903810322285 3
      vertex 82.26314214617014 51.09003000706434 17.45
    endloop
  endfacet
  facet normal -0.6593458302062577 -0.7518397942312052 0
    outer loop
      vertex 82.26314214617014 51.09003000706434 17.45
      vertex 82.26314214617014 51.09003000706434 3
      vertex 82.41066017001867 50.96066016703844 17.45
    endloop
  endfacet
  facet normal -0.7518397942312052 -0.6593458302062577 0
    outer loop
      vertex 82.41066017001867 50.96066016703844 17.45
      vertex 82.41066017001867 50.96066016703844 3
      vertex 82.54003001004457 50.81314214318991 17.45
    endloop
  endfacet
  facet normal -0.8314696119753574 -0.5555702335092735 0
    outer loop
      vertex 82.54003001004457 50.81314214318991 17.45
      vertex 82.54003001004457 50.81314214318991 3
      vertex 82.64903810620308 50.649999998509884 17.45
    endloop
  endfacet
  facet normal -0.8968727369300094 -0.4422886995523108 0
    outer loop
      vertex 82.64903810620308 50.649999998509884 17.45
      vertex 82.64903810620308 50.649999998509884 3
      vertex 82.7358193024993 50.47402514517307 17.45
    endloop
  endfacet
  facet normal -0.9469301300366788 -0.32143946370773846 0
    outer loop
      vertex 82.7358193024993 50.47402514517307 17.45
      vertex 82.7358193024993 50.47402514517307 3
      vertex 82.79888874292374 50.28822856396437 17.45
    endloop
  endfacet
  facet normal -0.9807852832718772 -0.1950903075944672 0
    outer loop
      vertex 82.79888874292374 50.28822856396437 17.45
      vertex 82.79888874292374 50.28822856396437 3
      vertex 82.83716729283333 50.09578928351402 17.45
    endloop
  endfacet
  facet normal -0.9978589229274387 -0.06540313397759875 0
    outer loop
      vertex 82.83716729283333 50.09578928351402 17.45
      vertex 82.83716729283333 50.09578928351402 3
      vertex 82.85000000149012 49.899999998509884 17.45
    endloop
  endfacet
  facet normal -1 0 0
    outer loop
      vertex 82.85000000149012 49.899999998509884 17.45
      vertex 82.85000000149012 49.899999998509884 3
      vertex 82.85000000149012 -49.899999998509884 17.45
    endloop
  endfacet
  facet normal 0 -1 0
    outer loop
      vertex -81.35000000149012 51.399999998509884 3
      vertex 81.35000000149012 51.399999998509884 3
      vertex 81.35000000149012 51.399999998509884 17.45
    endloop
  endfacet
  facet normal 0 0 1
    outer loop
      vertex -82.79888874292374 50.28822856396437 3
      vertex 75.91426627053963 49.655518130045145 3
      vertex 76.40972381958991 49.82370330515627 3
    endloop
  endfacet
  facet normal 0 0 1
    outer loop
      vertex -82.79888874292374 50.28822856396437 3
      vertex 76.40972381958991 49.82370330515627 3
      vertex 76.92289523111978 49.925779445495245 3
    endloop
  endfacet
  facet normal 0 0 1
    outer loop
      vertex -82.7358193024993 50.47402514517307 3
      vertex 76.92289523111978 49.925779445495245 3
      vertex 77.445 49.96 3
    endloop
  endfacet
  facet normal 0 0 1
    outer loop
      vertex -74.61657287525381 48.78842712474619 3
      vertex 0.7962097725423145 41.44781365438024 3
      vertex 75.445 42.495898384862244 3
    endloop
  endfacet
  facet normal 0 0 1
    outer loop
      vertex -82.79888874292374 50.28822856396437 3
      vertex 73.445 45.96 3
      vertex 73.47922055450475 46.482104768880205 3
    endloop
  endfacet
  facet normal 0 0 1
    outer loop
      vertex -82.79888874292374 50.28822856396437 3
      vertex 73.47922055450475 45.437895231119796 3
      vertex 73.445 45.96 3
    endloop
  endfacet
  facet normal 0 0 1
    outer loop
      vertex -82.79888874292374 50.28822856396437 3
      vertex 74.27158663883505 48.395045716034886 3
      vertex 74.61657287525381 48.78842712474619 3
    endloop
  endfacet
  facet normal 0 0 1
    outer loop
      vertex -82.79888874292374 50.28822856396437 3
      vertex 73.98089838486224 47.96 3
      vertex 74.27158663883505 48.395045716034886 3
    endloop
  endfacet
  facet normal 0 0 1
    outer loop
      vertex -82.79888874292374 50.28822856396437 3
      vertex 74.61657287525381 48.78842712474619 3
      vertex 75.00995428396511 49.13341336116494 3
    endloop
  endfacet
  facet normal 0 0 1
    outer loop
      vertex -82.79888874292374 50.28822856396437 3
      vertex 75.00995428396511 49.13341336116494 3
      vertex 75.445 49.42410161513776 3
    endloop
  endfacet
  facet normal 0 0 1
    outer loop
      vertex -82.79888874292374 50.28822856396437 3
      vertex 75.445 49.42410161513776 3
      vertex 75.91426627053963 49.655518130045145 3
    endloop
  endfacet
  facet normal 0 0 1
    outer loop
      vertex -82.79888874292374 50.28822856396437 3
      vertex 73.74948186995485 47.49073372946036 3
      vertex 73.98089838486224 47.96 3
    endloop
  endfacet
  facet normal 0 0 1
    outer loop
      vertex -82.79888874292374 50.28822856396437 3
      vertex 73.58129669484372 46.99527618041009 3
      vertex 73.74948186995485 47.49073372946036 3
    endloop
  endfacet
  facet normal 0 0 1
    outer loop
      vertex -82.79888874292374 50.28822856396437 3
      vertex 73.47922055450475 46.482104768880205 3
      vertex 73.58129669484372 46.99527618041009 3
    endloop
  endfacet
  facet normal 0 0 1
    outer loop
      vertex -82.79888874292374 50.28822856396437 3
      vertex 73.58129669484372 44.924723819589914 3
      vertex 73.47922055450475 45.437895231119796 3
    endloop
  endfacet
  facet normal 0 0 1
    outer loop
      vertex -82.79888874292374 50.28822856396437 3
      vertex 73.74948186995485 44.42926627053964 3
      vertex 73.58129669484372 44.924723819589914 3
    endloop
  endfacet
  facet normal 0 0 1
    outer loop
      vertex -82.79888874292374 50.28822856396437 3
      vertex 73.98089838486224 43.96 3
      vertex 73.74948186995485 44.42926627053964 3
    endloop
  endfacet
  facet normal 0 0 1
    outer loop
      vertex -82.79888874292374 50.28822856396437 3
      vertex 74.27158663883505 43.524954283965116 3
      vertex 73.98089838486224 43.96 3
    endloop
  endfacet
  facet normal 0 0 1
    outer loop
      vertex -82.79888874292374 50.28822856396437 3
      vertex 74.61657287525381 43.13157287525381 3
      vertex 74.27158663883505 43.524954283965116 3
    endloop
  endfacet
  facet normal 0 0 1
    outer loop
      vertex -82.79888874292374 50.28822856396437 3
      vertex 75.00995428396511 42.78658663883506 3
      vertex 74.61657287525381 43.13157287525381 3
    endloop
  endfacet
  facet normal 0 0 1
    outer loop
      vertex -82.79888874292374 50.28822856396437 3
      vertex 75.445 42.495898384862244 3
      vertex 75.00995428396511 42.78658663883506 3
    endloop
  endfacet
  facet normal 0 0 1
    outer loop
      vertex -82.7358193024993 50.47402514517307 3
      vertex 77.445 49.96 3
      vertex 82.83716729283333 50.09578928351402 3
    endloop
  endfacet
  facet normal 0 0 1
    outer loop
      vertex -81.35000000149012 51.399999998509884 3
      vertex 81.7382285669446 51.348888739943504 3
      vertex 81.35000000149012 51.399999998509884 3
    endloop
  endfacet
  facet normal 0 0 1
    outer loop
      vertex -81.35000000149012 51.399999998509884 3
      vertex 81.9240251481533 51.28581929951906 3
      vertex 81.7382285669446 51.348888739943504 3
    endloop
  endfacet
  facet normal 0 0 1
    outer loop
      vertex -81.54578928649426 51.387167289853096 3
      vertex 82.10000000149012 51.19903810322285 3
      vertex 81.9240251481533 51.28581929951906 3
    endloop
  endfacet
  facet normal 0 0 1
    outer loop
      vertex -81.7382285669446 51.348888739943504 3
      vertex 82.26314214617014 51.09003000706434 3
      vertex 82.10000000149012 51.19903810322285 3
    endloop
  endfacet
  facet normal 0 0 1
    outer loop
      vertex -81.9240251481533 51.28581929951906 3
      vertex 82.41066017001867 50.96066016703844 3
      vertex 82.26314214617014 51.09003000706434 3
    endloop
  endfacet
  facet normal 0 0 1
    outer loop
      vertex -82.10000000149012 51.19903810322285 3
      vertex 82.54003001004457 50.81314214318991 3
      vertex 82.41066017001867 50.96066016703844 3
    endloop
  endfacet
  facet normal 0 0 1
    outer loop
      vertex -82.26314214617014 51.09003000706434 3
      vertex 82.64903810620308 50.649999998509884 3
      vertex 82.54003001004457 50.81314214318991 3
    endloop
  endfacet
  facet normal 0 0 1
    outer loop
      vertex -82.41066017001867 50.96066016703844 3
      vertex 82.7358193024993 50.47402514517307 3
      vertex 82.64903810620308 50.649999998509884 3
    endloop
  endfacet
  facet normal 0 0 1
    outer loop
      vertex -82.54003001004457 50.81314214318991 3
      vertex 82.79888874292374 50.28822856396437 3
      vertex 82.7358193024993 50.47402514517307 3
    endloop
  endfacet
  facet normal 0 0 1
    outer loop
      vertex -82.64903810620308 50.649999998509884 3
      vertex 82.83716729283333 50.09578928351402 3
      vertex 82.79888874292374 50.28822856396437 3
    endloop
  endfacet
  facet normal 0 0 1
    outer loop
      vertex 75.445 42.495898384862244 3
      vertex 0.7962097725423145 41.44781365438024 3
      vertex 1.5787961751253765 41.29214754036332 3
    endloop
  endfacet
  facet normal 0 0 1
    outer loop
      vertex 75.445 42.495898384862244 3
      vertex 1.5787961751253765 41.29214754036332 3
      vertex 2.3343689374270475 41.03566514831885 3
    endloop
  endfacet
  facet normal 0 0 1
    outer loop
      vertex 75.445 42.495898384862244 3
      vertex 2.3343689374270475 41.03566514831885 3
      vertex 3.05 40.682754963085074 3
    endloop
  endfacet
  facet normal 0 0 1
    outer loop
      vertex 75.445 42.495898384862244 3
      vertex 3.05 40.682754963085074 3
      vertex 3.713444716953196 40.23945537577653 3
    endloop
  endfacet
  facet normal 0 0 1
    outer loop
      vertex 75.445 42.495898384862244 3
      vertex 3.713444716953196 40.23945537577653 3
      vertex 4.31335136523794 39.71335136523794 3
    endloop
  endfacet
  facet normal 0 0 1
    outer loop
      vertex 75.445 42.495898384862244 3
      vertex 4.31335136523794 39.71335136523794 3
      vertex 4.839455375776534 39.1134447169532 3
    endloop
  endfacet
  facet normal 0 0 1
    outer loop
      vertex 75.445 42.495898384862244 3
      vertex 4.839455375776534 39.1134447169532 3
      vertex 5.282754963085075 38.449999999999996 3
    endloop
  endfacet
  facet normal 0 0 1
    outer loop
      vertex 75.445 42.495898384862244 3
      vertex 5.282754963085075 38.449999999999996 3
      vertex 5.635665148318849 37.73436893742705 3
    endloop
  endfacet
  facet normal 0 0 1
    outer loop
      vertex 75.445 42.495898384862244 3
      vertex 5.635665148318849 37.73436893742705 3
      vertex 5.892147540363316 36.978796175125375 3
    endloop
  endfacet
  facet normal 0 0 1
    outer loop
      vertex 75.445 42.495898384862244 3
      vertex 5.892147540363316 36.978796175125375 3
      vertex 6.047813654380243 36.19620977254231 3
    endloop
  endfacet
  facet normal 0 0 1
    outer loop
      vertex 75.445 42.495898384862244 3
      vertex 6.047813654380243 36.19620977254231 3
      vertex 6.1 35.4 3
    endloop
  endfacet
  facet normal 0 0 1
    outer loop
      vertex 75.445 42.495898384862244 3
      vertex 6.1 35.4 3
      vertex 6.047813654380243 34.60379022745769 3
    endloop
  endfacet
  facet normal 0 0 1
    outer loop
      vertex 75.445 42.495898384862244 3
      vertex 5.892147540363316 33.82120382487462 3
      vertex 5.635665148318849 33.06563106257295 3
    endloop
  endfacet
  facet normal 0 0 1
    outer loop
      vertex 75.445 42.495898384862244 3
      vertex 5.635665148318849 33.06563106257295 3
      vertex 5.282754963085075 32.35 3
    endloop
  endfacet
  facet normal 0 0 1
    outer loop
      vertex 75.445 42.495898384862244 3
      vertex 5.282754963085075 32.35 3
      vertex 4.839455375776534 31.686555283046804 3
    endloop
  endfacet
  facet normal 0 0 1
    outer loop
      vertex 75.445 42.495898384862244 3
      vertex 6.047813654380243 34.60379022745769 3
      vertex 5.892147540363316 33.82120382487462 3
    endloop
  endfacet
  facet normal 0 0 1
    outer loop
      vertex 78.48027618041007 -42.09629669484373 3
      vertex -3.713444716953196 30.560544624223464 3
      vertex -4.31335136523794 31.086648634762057 3
    endloop
  endfacet
  facet normal 0 0 1
    outer loop
      vertex 78.48027618041007 -42.09629669484373 3
      vertex -3.05 30.117245036914923 3
      vertex -3.713444716953196 30.560544624223464 3
    endloop
  endfacet
  facet normal 0 0 1
    outer loop
      vertex 78.48027618041007 -42.09629669484373 3
      vertex -2.3343689374270475 29.76433485168115 3
      vertex -3.05 30.117245036914923 3
    endloop
  endfacet
  facet normal 0 0 1
    outer loop
      vertex 78.48027618041007 -42.09629669484373 3
      vertex -1.5787961751253765 29.50785245963668 3
      vertex -2.3343689374270475 29.76433485168115 3
    endloop
  endfacet
  facet normal 0 0 1
    outer loop
      vertex 78.48027618041007 -42.09629669484373 3
      vertex -0.7962097725423145 29.352186345619756 3
      vertex -1.5787961751253765 29.50785245963668 3
    endloop
  endfacet
  facet normal 0 0 1
    outer loop
      vertex 78.48027618041007 -42.09629669484373 3
      vertex 0 29.299999999999997 3
      vertex -0.7962097725423145 29.352186345619756 3
    endloop
  endfacet
  facet normal 0 0 1
    outer loop
      vertex 78.48027618041007 -42.09629669484373 3
      vertex 0.7962097725423145 29.352186345619756 3
      vertex 0 29.299999999999997 3
    endloop
  endfacet
  facet normal 0 0 1
    outer loop
      vertex 78.48027618041007 -42.09629669484373 3
      vertex 2.3343689374270475 29.76433485168115 3
      vertex 1.5787961751253765 29.50785245963668 3
    endloop
  endfacet
  facet normal 0 0 1
    outer loop
      vertex 78.48027618041007 -42.09629669484373 3
      vertex 1.5787961751253765 29.50785245963668 3
      vertex 0.7962097725423145 29.352186345619756 3
    endloop
  endfacet
  facet normal 0 0 1
    outer loop
      vertex 78.48027618041007 -42.09629669484373 3
      vertex 4.31335136523794 31.086648634762057 3
      vertex 3.713444716953196 30.560544624223464 3
    endloop
  endfacet
  facet normal 0 0 1
    outer loop
      vertex 78.48027618041007 -42.09629669484373 3
      vertex 4.839455375776534 31.686555283046804 3
      vertex 4.31335136523794 31.086648634762057 3
    endloop
  endfacet
  facet normal 0 0 1
    outer loop
      vertex 78.48027618041007 -42.09629669484373 3
      vertex 3.05 30.117245036914923 3
      vertex 2.3343689374270475 29.76433485168115 3
    endloop
  endfacet
  facet normal 0 0 1
    outer loop
      vertex 78.48027618041007 -42.09629669484373 3
      vertex 3.713444716953196 30.560544624223464 3
      vertex 3.05 30.117245036914923 3
    endloop
  endfacet
  facet normal -0.06540313397759875 -0.9978589229274387 0
    outer loop
      vertex 81.54578928649426 51.387167289853096 17.45
      vertex 81.35000000149012 51.399999998509884 3
      vertex 81.54578928649426 51.387167289853096 3
    endloop
  endfacet
  facet normal -0.1950903075944672 -0.9807852832718772 0
    outer loop
      vertex 81.7382285669446 51.348888739943504 17.45
      vertex 81.54578928649426 51.387167289853096 3
      vertex 81.7382285669446 51.348888739943504 3
    endloop
  endfacet
  facet normal -0.32143946370773846 -0.9469301300366788 0
    outer loop
      vertex 81.9240251481533 51.28581929951906 17.45
      vertex 81.7382285669446 51.348888739943504 3
      vertex 81.9240251481533 51.28581929951906 3
    endloop
  endfacet
  facet normal -0.4422886995523108 -0.8968727369300094 0
    outer loop
      vertex 82.10000000149012 51.19903810322285 17.45
      vertex 81.9240251481533 51.28581929951906 3
      vertex 82.10000000149012 51.19903810322285 3
    endloop
  endfacet
  facet normal -0.5555702335092735 -0.8314696119753574 0
    outer loop
      vertex 82.26314214617014 51.09003000706434 17.45
      vertex 82.10000000149012 51.19903810322285 3
      vertex 82.26314214617014 51.09003000706434 3
    endloop
  endfacet
  facet normal -0.6593458302062577 -0.7518397942312052 0
    outer loop
      vertex 82.41066017001867 50.96066016703844 17.45
      vertex 82.26314214617014 51.09003000706434 3
      vertex 82.41066017001867 50.96066016703844 3
    endloop
  endfacet
  facet normal -0.7518397942312052 -0.6593458302062577 0
    outer loop
      vertex 82.54003001004457 50.81314214318991 17.45
      vertex 82.41066017001867 50.96066016703844 3
      vertex 82.54003001004457 50.81314214318991 3
    endloop
  endfacet
  facet normal -0.8314696119753574 -0.5555702335092735 0
    outer loop
      vertex 82.64903810620308 50.649999998509884 17.45
      vertex 82.54003001004457 50.81314214318991 3
      vertex 82.64903810620308 50.649999998509884 3
    endloop
  endfacet
  facet normal -0.8968727369300094 -0.4422886995523108 0
    outer loop
      vertex 82.7358193024993 50.47402514517307 17.45
      vertex 82.64903810620308 50.649999998509884 3
      vertex 82.7358193024993 50.47402514517307 3
    endloop
  endfacet
  facet normal -0.9469301300366788 -0.32143946370773846 0
    outer loop
      vertex 82.79888874292374 50.28822856396437 17.45
      vertex 82.7358193024993 50.47402514517307 3
      vertex 82.79888874292374 50.28822856396437 3
    endloop
  endfacet
  facet normal -0.9807852832718772 -0.1950903075944672 0
    outer loop
      vertex 82.83716729283333 50.09578928351402 17.45
      vertex 82.79888874292374 50.28822856396437 3
      vertex 82.83716729283333 50.09578928351402 3
    endloop
  endfacet
  facet normal -0.9978589229274387 -0.06540313397759875 0
    outer loop
      vertex 82.85000000149012 49.899999998509884 17.45
      vertex 82.83716729283333 50.09578928351402 3
      vertex 82.85000000149012 49.899999998509884 3
    endloop
  endfacet
  facet normal 0 0 1
    outer loop
      vertex 77.445 49.96 3
      vertex 77.9671047688802 49.925779445495245 3
      vertex 82.83716729283333 50.09578928351402 3
    endloop
  endfacet
  facet normal 0 0 1
    outer loop
      vertex 77.9671047688802 49.925779445495245 3
      vertex 78.48027618041007 49.82370330515627 3
      vertex 82.83716729283333 50.09578928351402 3
    endloop
  endfacet
  facet normal 0 0 1
    outer loop
      vertex 81.35000000149012 51.399999998509884 3
      vertex 81.7382285669446 51.348888739943504 3
      vertex 81.54578928649426 51.387167289853096 3
    endloop
  endfacet
  facet normal 0 0 1
    outer loop
      vertex 78.48027618041007 49.82370330515627 3
      vertex 82.85000000149012 49.899999998509884 3
      vertex 82.83716729283333 50.09578928351402 3
    endloop
  endfacet
  facet normal 0 0 1
    outer loop
      vertex 78.48027618041007 49.82370330515627 3
      vertex 78.97573372946036 49.655518130045145 3
      vertex 82.85000000149012 49.899999998509884 3
    endloop
  endfacet
  facet normal 0 0 1
    outer loop
      vertex 82.85000000149012 49.899999998509884 3
      vertex 78.97573372946036 49.655518130045145 3
      vertex 79.445 49.42410161513776 3
    endloop
  endfacet
  facet normal 0 0 1
    outer loop
      vertex 82.85000000149012 49.899999998509884 3
      vertex 79.445 49.42410161513776 3
      vertex 79.88004571603487 49.13341336116494 3
    endloop
  endfacet
  facet normal 0 0 1
    outer loop
      vertex 82.85000000149012 49.899999998509884 3
      vertex 79.88004571603487 49.13341336116494 3
      vertex 80.27342712474618 48.78842712474619 3
    endloop
  endfacet
  facet normal 0 0 1
    outer loop
      vertex 82.85000000149012 49.899999998509884 3
      vertex 80.27342712474618 48.78842712474619 3
      vertex 80.61841336116494 48.395045716034886 3
    endloop
  endfacet
  facet normal 0 0 1
    outer loop
      vertex 82.85000000149012 49.899999998509884 3
      vertex 80.61841336116494 48.395045716034886 3
      vertex 80.90910161513774 47.96 3
    endloop
  endfacet
  facet normal 0 0 1
    outer loop
      vertex 82.85000000149012 49.899999998509884 3
      vertex 80.90910161513774 47.96 3
      vertex 81.14051813004514 47.49073372946036 3
    endloop
  endfacet
  facet normal 0 0 1
    outer loop
      vertex 82.85000000149012 49.899999998509884 3
      vertex 81.14051813004514 47.49073372946036 3
      vertex 81.30870330515627 46.99527618041009 3
    endloop
  endfacet
  facet normal 0 0 1
    outer loop
      vertex 82.85000000149012 49.899999998509884 3
      vertex 81.30870330515627 46.99527618041009 3
      vertex 81.41077944549524 46.482104768880205 3
    endloop
  endfacet
  facet normal 0 0 1
    outer loop
      vertex 82.85000000149012 49.899999998509884 3
      vertex 81.41077944549524 46.482104768880205 3
      vertex 81.445 45.96 3
    endloop
  endfacet
  facet normal 0 0 1
    outer loop
      vertex 75.445 42.495898384862244 3
      vertex 4.839455375776534 31.686555283046804 3
      vertex 78.48027618041007 -42.09629669484373 3
    endloop
  endfacet
  facet normal 0 0 1
    outer loop
      vertex 75.445 42.495898384862244 3
      vertex 82.85000000149012 -49.899999998509884 3
      vertex 75.91426627053963 42.26448186995486 3
    endloop
  endfacet
  facet normal 0 0 1
    outer loop
      vertex 75.91426627053963 42.26448186995486 3
      vertex 82.85000000149012 -49.899999998509884 3
      vertex 76.40972381958991 42.09629669484373 3
    endloop
  endfacet
  facet normal 0 0 1
    outer loop
      vertex 76.40972381958991 42.09629669484373 3
      vertex 82.85000000149012 -49.899999998509884 3
      vertex 76.92289523111978 41.99422055450476 3
    endloop
  endfacet
  facet normal 0 0 1
    outer loop
      vertex 76.92289523111978 41.99422055450476 3
      vertex 82.85000000149012 -49.899999998509884 3
      vertex 77.445 41.96 3
    endloop
  endfacet
  facet normal 0 0 1
    outer loop
      vertex 77.445 41.96 3
      vertex 82.85000000149012 -49.899999998509884 3
      vertex 77.9671047688802 41.99422055450476 3
    endloop
  endfacet
  facet normal 0 0 1
    outer loop
      vertex 82.85000000149012 49.899999998509884 3
      vertex 81.445 45.96 3
      vertex 82.85000000149012 -49.899999998509884 3
    endloop
  endfacet
  facet normal 0 0 1
    outer loop
      vertex 81.445 45.96 3
      vertex 81.41077944549524 45.437895231119796 3
      vertex 82.85000000149012 -49.899999998509884 3
    endloop
  endfacet
  facet normal 0 0 1
    outer loop
      vertex 81.41077944549524 45.437895231119796 3
      vertex 81.30870330515627 44.924723819589914 3
      vertex 82.85000000149012 -49.899999998509884 3
    endloop
  endfacet
  facet normal 0 0 1
    outer loop
      vertex 81.30870330515627 44.924723819589914 3
      vertex 81.14051813004514 44.42926627053964 3
      vertex 82.85000000149012 -49.899999998509884 3
    endloop
  endfacet
  facet normal 0 0 1
    outer loop
      vertex 80.90910161513774 43.96 3
      vertex 82.85000000149012 -49.899999998509884 3
      vertex 81.14051813004514 44.42926627053964 3
    endloop
  endfacet
  facet normal 0 0 1
    outer loop
      vertex 80.90910161513774 43.96 3
      vertex 80.61841336116494 43.524954283965116 3
      vertex 82.85000000149012 -49.899999998509884 3
    endloop
  endfacet
  facet normal 0 0 1
    outer loop
      vertex 78.48027618041007 42.09629669484373 3
      vertex 82.85000000149012 -49.899999998509884 3
      vertex 78.97573372946036 42.26448186995486 3
    endloop
  endfacet
  facet normal 0 0 1
    outer loop
      vertex 79.88004571603487 42.78658663883506 3
      vertex 82.85000000149012 -49.899999998509884 3
      vertex 80.27342712474618 43.13157287525381 3
    endloop
  endfacet
  facet normal 0 0 1
    outer loop
      vertex 78.97573372946036 42.26448186995486 3
      vertex 82.85000000149012 -49.899999998509884 3
      vertex 79.445 42.495898384862244 3
    endloop
  endfacet
  facet normal 0 0 1
    outer loop
      vertex 79.445 42.495898384862244 3
      vertex 82.85000000149012 -49.899999998509884 3
      vertex 79.88004571603487 42.78658663883506 3
    endloop
  endfacet
  facet normal 0 0 1
    outer loop
      vertex 77.9671047688802 41.99422055450476 3
      vertex 82.85000000149012 -49.899999998509884 3
      vertex 78.48027618041007 42.09629669484373 3
    endloop
  endfacet
  facet normal 0 0 1
    outer loop
      vertex 80.61841336116494 43.524954283965116 3
      vertex 80.27342712474618 43.13157287525381 3
      vertex 82.85000000149012 -49.899999998509884 3
    endloop
  endfacet
  facet normal 0 1 0
    outer loop
      vertex -81.35000000149012 -51.399999998509884 17.45
      vertex 81.35000000149012 -51.399999998509884 17.45
      vertex 81.35000000149012 -51.399999998509884 3
    endloop
  endfacet
  facet normal -0.06540313397759875 0.9978589229274387 0
    outer loop
      vertex 81.35000000149012 -51.399999998509884 17.45
      vertex 81.54578928649426 -51.387167289853096 17.45
      vertex 81.54578928649426 -51.387167289853096 3
    endloop
  endfacet
  facet normal -0.1950903075944672 0.9807852832718772 0
    outer loop
      vertex 81.7382285669446 -51.348888739943504 17.45
      vertex 81.7382285669446 -51.348888739943504 3
      vertex 81.54578928649426 -51.387167289853096 17.45
    endloop
  endfacet
  facet normal -0.32143946370773846 0.9469301300366788 0
    outer loop
      vertex 81.7382285669446 -51.348888739943504 17.45
      vertex 81.9240251481533 -51.28581929951906 17.45
      vertex 81.9240251481533 -51.28581929951906 3
    endloop
  endfacet
  facet normal -0.4422886995523108 0.8968727369300094 0
    outer loop
      vertex 81.9240251481533 -51.28581929951906 17.45
      vertex 82.10000000149012 -51.19903810322285 17.45
      vertex 82.10000000149012 -51.19903810322285 3
    endloop
  endfacet
  facet normal -0.6593458302062577 0.7518397942312052 0
    outer loop
      vertex 82.26314214617014 -51.09003000706434 17.45
      vertex 82.41066017001867 -50.96066016703844 17.45
      vertex 82.41066017001867 -50.96066016703844 3
    endloop
  endfacet
  facet normal -0.7518397942312052 0.6593458302062577 0
    outer loop
      vertex 82.54003001004457 -50.81314214318991 17.45
      vertex 82.54003001004457 -50.81314214318991 3
      vertex 82.41066017001867 -50.96066016703844 17.45
    endloop
  endfacet
  facet normal -0.5555702335092735 0.8314696119753574 0
    outer loop
      vertex 82.10000000149012 -51.19903810322285 17.45
      vertex 82.26314214617014 -51.09003000706434 17.45
      vertex 82.26314214617014 -51.09003000706434 3
    endloop
  endfacet
  facet normal -0.9978589229274387 0.06540313397759875 0
    outer loop
      vertex 82.85000000149012 -49.899999998509884 17.45
      vertex 82.85000000149012 -49.899999998509884 3
      vertex 82.83716729283333 -50.09578928351402 17.45
    endloop
  endfacet
  facet normal -0.9807852832718772 0.1950903075944672 0
    outer loop
      vertex 82.83716729283333 -50.09578928351402 17.45
      vertex 82.83716729283333 -50.09578928351402 3
      vertex 82.79888874292374 -50.28822856396437 17.45
    endloop
  endfacet
  facet normal -0.8968727369300094 0.4422886995523108 0
    outer loop
      vertex 82.7358193024993 -50.47402514517307 17.45
      vertex 82.7358193024993 -50.47402514517307 3
      vertex 82.64903810620308 -50.649999998509884 17.45
    endloop
  endfacet
  facet normal -0.9469301300366788 0.32143946370773846 0
    outer loop
      vertex 82.79888874292374 -50.28822856396437 17.45
      vertex 82.79888874292374 -50.28822856396437 3
      vertex 82.7358193024993 -50.47402514517307 17.45
    endloop
  endfacet
  facet normal -0.8314696119753574 0.5555702335092735 0
    outer loop
      vertex 82.54003001004457 -50.81314214318991 17.45
      vertex 82.64903810620308 -50.649999998509884 17.45
      vertex 82.64903810620308 -50.649999998509884 3
    endloop
  endfacet
  facet normal 0 0 1
    outer loop
      vertex -74.61657287525381 43.13157287525381 3
      vertex 73.58129669484372 -44.924723819589914 3
      vertex 73.74948186995485 -44.42926627053964 3
    endloop
  endfacet
  facet normal 0 0 1
    outer loop
      vertex -75.00995428396511 42.78658663883506 3
      vertex 73.47922055450475 -45.437895231119796 3
      vertex 73.58129669484372 -44.924723819589914 3
    endloop
  endfacet
  facet normal 0 0 1
    outer loop
      vertex -75.445 42.495898384862244 3
      vertex 73.445 -45.96 3
      vertex 73.47922055450475 -45.437895231119796 3
    endloop
  endfacet
  facet normal 0 0 1
    outer loop
      vertex -75.91426627053963 42.26448186995486 3
      vertex 73.47922055450475 -46.482104768880205 3
      vertex 73.445 -45.96 3
    endloop
  endfacet
  facet normal 0 0 1
    outer loop
      vertex -76.40972381958991 42.09629669484373 3
      vertex 73.58129669484372 -46.99527618041009 3
      vertex 73.47922055450475 -46.482104768880205 3
    endloop
  endfacet
  facet normal 0 0 1
    outer loop
      vertex -76.92289523111978 41.99422055450476 3
      vertex 73.74948186995485 -47.49073372946036 3
      vertex 73.58129669484372 -46.99527618041009 3
    endloop
  endfacet
  facet normal 0 0 1
    outer loop
      vertex -77.445 41.96 3
      vertex 73.98089838486224 -47.96 3
      vertex 73.74948186995485 -47.49073372946036 3
    endloop
  endfacet
  facet normal 0 0 1
    outer loop
      vertex -77.9671047688802 41.99422055450476 3
      vertex 74.27158663883505 -48.395045716034886 3
      vertex 73.98089838486224 -47.96 3
    endloop
  endfacet
  facet normal 0 0 1
    outer loop
      vertex -78.48027618041007 42.09629669484373 3
      vertex 74.61657287525381 -48.78842712474619 3
      vertex 74.27158663883505 -48.395045716034886 3
    endloop
  endfacet
  facet normal 0 0 1
    outer loop
      vertex -73.58129669484372 46.99527618041009 3
      vertex 76.40972381958991 -42.09629669484373 3
      vertex 76.92289523111978 -41.99422055450476 3
    endloop
  endfacet
  facet normal 0 0 1
    outer loop
      vertex -74.27158663883505 48.395045716034886 3
      vertex 77.9671047688802 -41.99422055450476 3
      vertex 78.48027618041007 -42.09629669484373 3
    endloop
  endfacet
  facet normal 0 0 1
    outer loop
      vertex -73.74948186995485 47.49073372946036 3
      vertex 76.92289523111978 -41.99422055450476 3
      vertex 77.445 -41.96 3
    endloop
  endfacet
  facet normal 0 0 1
    outer loop
      vertex -73.98089838486224 47.96 3
      vertex 77.445 -41.96 3
      vertex 77.9671047688802 -41.99422055450476 3
    endloop
  endfacet
  facet normal 0 0 1
    outer loop
      vertex -73.445 45.96 3
      vertex 75.445 -42.495898384862244 3
      vertex 75.91426627053963 -42.26448186995486 3
    endloop
  endfacet
  facet normal 0 0 1
    outer loop
      vertex -73.47922055450475 45.437895231119796 3
      vertex 75.00995428396511 -42.78658663883506 3
      vertex 75.445 -42.495898384862244 3
    endloop
  endfacet
  facet normal 0 0 1
    outer loop
      vertex -73.74948186995485 44.42926627053964 3
      vertex 73.98089838486224 -43.96 3
      vertex 74.27158663883505 -43.524954283965116 3
    endloop
  endfacet
  facet normal 0 0 1
    outer loop
      vertex -73.74948186995485 44.42926627053964 3
      vertex 74.27158663883505 -43.524954283965116 3
      vertex 74.61657287525381 -43.13157287525381 3
    endloop
  endfacet
  facet normal 0 0 1
    outer loop
      vertex -73.58129669484372 44.924723819589914 3
      vertex 74.61657287525381 -43.13157287525381 3
      vertex 75.00995428396511 -42.78658663883506 3
    endloop
  endfacet
  facet normal 0 0 1
    outer loop
      vertex -73.47922055450475 46.482104768880205 3
      vertex 75.91426627053963 -42.26448186995486 3
      vertex 76.40972381958991 -42.09629669484373 3
    endloop
  endfacet
  facet normal 0 0 1
    outer loop
      vertex -73.74948186995485 44.42926627053964 3
      vertex 73.74948186995485 -44.42926627053964 3
      vertex 73.98089838486224 -43.96 3
    endloop
  endfacet
  facet normal 0 0 1
    outer loop
      vertex -75.445 -42.495898384862244 3
      vertex 75.00995428396511 -49.13341336116494 3
      vertex 74.61657287525381 -48.78842712474619 3
    endloop
  endfacet
  facet normal 0 0 1
    outer loop
      vertex -75.445 -42.495898384862244 3
      vertex 75.445 -49.42410161513776 3
      vertex 75.00995428396511 -49.13341336116494 3
    endloop
  endfacet
  facet normal 0 0 1
    outer loop
      vertex -75.445 -42.495898384862244 3
      vertex 75.91426627053963 -49.655518130045145 3
      vertex 75.445 -49.42410161513776 3
    endloop
  endfacet
  facet normal 0 0 1
    outer loop
      vertex -75.445 -42.495898384862244 3
      vertex 76.40972381958991 -49.82370330515627 3
      vertex 75.91426627053963 -49.655518130045145 3
    endloop
  endfacet
  facet normal 0 0 1
    outer loop
      vertex -75.445 -42.495898384862244 3
      vertex 76.92289523111978 -49.925779445495245 3
      vertex 76.40972381958991 -49.82370330515627 3
    endloop
  endfacet
  facet normal 0 0 1
    outer loop
      vertex -75.445 -42.495898384862244 3
      vertex 77.445 -49.96 3
      vertex 76.92289523111978 -49.925779445495245 3
    endloop
  endfacet
  facet normal 0 0 1
    outer loop
      vertex -75.445 -42.495898384862244 3
      vertex 82.79888874292374 -50.28822856396437 3
      vertex 77.445 -49.96 3
    endloop
  endfacet
  facet normal 0 0 1
    outer loop
      vertex -82.83716729283333 -50.09578928351402 3
      vertex 82.64903810620308 -50.649999998509884 3
      vertex 82.7358193024993 -50.47402514517307 3
    endloop
  endfacet
  facet normal 0 0 1
    outer loop
      vertex -82.79888874292374 -50.28822856396437 3
      vertex 82.54003001004457 -50.81314214318991 3
      vertex 82.64903810620308 -50.649999998509884 3
    endloop
  endfacet
  facet normal 0 0 1
    outer loop
      vertex -82.7358193024993 -50.47402514517307 3
      vertex 82.41066017001867 -50.96066016703844 3
      vertex 82.54003001004457 -50.81314214318991 3
    endloop
  endfacet
  facet normal 0 0 1
    outer loop
      vertex -82.26314214617014 -51.09003000706434 3
      vertex 81.7382285669446 -51.348888739943504 3
      vertex 81.9240251481533 -51.28581929951906 3
    endloop
  endfacet
  facet normal 0 0 1
    outer loop
      vertex -82.10000000149012 -51.19903810322285 3
      vertex 81.54578928649426 -51.387167289853096 3
      vertex 81.7382285669446 -51.348888739943504 3
    endloop
  endfacet
  facet normal 0 0 1
    outer loop
      vertex -82.54003001004457 -50.81314214318991 3
      vertex 82.10000000149012 -51.19903810322285 3
      vertex 82.26314214617014 -51.09003000706434 3
    endloop
  endfacet
  facet normal 0 0 1
    outer loop
      vertex -82.64903810620308 -50.649999998509884 3
      vertex 82.26314214617014 -51.09003000706434 3
      vertex 82.41066017001867 -50.96066016703844 3
    endloop
  endfacet
  facet normal 0 0 1
    outer loop
      vertex -82.41066017001867 -50.96066016703844 3
      vertex 81.9240251481533 -51.28581929951906 3
      vertex 82.10000000149012 -51.19903810322285 3
    endloop
  endfacet
  facet normal 0 0 1
    outer loop
      vertex -81.9240251481533 -51.28581929951906 3
      vertex 81.35000000149012 -51.399999998509884 3
      vertex 81.54578928649426 -51.387167289853096 3
    endloop
  endfacet
  facet normal 0 0 1
    outer loop
      vertex -76.92289523111978 -49.925779445495245 3
      vertex 82.7358193024993 -50.47402514517307 3
      vertex 82.79888874292374 -50.28822856396437 3
    endloop
  endfacet
  facet normal -1 0 0
    outer loop
      vertex 82.85000000149012 49.899999998509884 3
      vertex 82.85000000149012 -49.899999998509884 3
      vertex 82.85000000149012 -49.899999998509884 17.45
    endloop
  endfacet
  facet normal 0 0 1
    outer loop
      vertex 75.445 42.495898384862244 3
      vertex 78.48027618041007 -42.09629669484373 3
      vertex 78.97573372946036 -42.26448186995486 3
    endloop
  endfacet
  facet normal 0 0 1
    outer loop
      vertex 75.445 42.495898384862244 3
      vertex 78.97573372946036 -42.26448186995486 3
      vertex 79.445 -42.495898384862244 3
    endloop
  endfacet
  facet normal 0 0 1
    outer loop
      vertex 75.445 42.495898384862244 3
      vertex 79.445 -42.495898384862244 3
      vertex 79.88004571603487 -42.78658663883506 3
    endloop
  endfacet
  facet normal 0 0 1
    outer loop
      vertex 75.445 42.495898384862244 3
      vertex 79.88004571603487 -42.78658663883506 3
      vertex 80.27342712474618 -43.13157287525381 3
    endloop
  endfacet
  facet normal 0 0 1
    outer loop
      vertex 75.445 42.495898384862244 3
      vertex 80.27342712474618 -43.13157287525381 3
      vertex 80.61841336116494 -43.524954283965116 3
    endloop
  endfacet
  facet normal 0 0 1
    outer loop
      vertex 75.445 42.495898384862244 3
      vertex 80.61841336116494 -43.524954283965116 3
      vertex 80.90910161513774 -43.96 3
    endloop
  endfacet
  facet normal 0 0 1
    outer loop
      vertex 75.445 42.495898384862244 3
      vertex 80.90910161513774 -43.96 3
      vertex 81.14051813004514 -44.42926627053964 3
    endloop
  endfacet
  facet normal 0 0 1
    outer loop
      vertex 75.445 42.495898384862244 3
      vertex 81.14051813004514 -44.42926627053964 3
      vertex 81.30870330515627 -44.924723819589914 3
    endloop
  endfacet
  facet normal 0 0 1
    outer loop
      vertex 75.445 42.495898384862244 3
      vertex 81.30870330515627 -44.924723819589914 3
      vertex 81.41077944549524 -45.437895231119796 3
    endloop
  endfacet
  facet normal 0 0 1
    outer loop
      vertex 75.445 42.495898384862244 3
      vertex 81.41077944549524 -45.437895231119796 3
      vertex 82.85000000149012 -49.899999998509884 3
    endloop
  endfacet
  facet normal -0.06540313397759875 0.9978589229274387 0
    outer loop
      vertex 81.35000000149012 -51.399999998509884 17.45
      vertex 81.54578928649426 -51.387167289853096 3
      vertex 81.35000000149012 -51.399999998509884 3
    endloop
  endfacet
  facet normal -0.1950903075944672 0.9807852832718772 0
    outer loop
      vertex 81.54578928649426 -51.387167289853096 17.45
      vertex 81.7382285669446 -51.348888739943504 3
      vertex 81.54578928649426 -51.387167289853096 3
    endloop
  endfacet
  facet normal -0.32143946370773846 0.9469301300366788 0
    outer loop
      vertex 81.7382285669446 -51.348888739943504 17.45
      vertex 81.9240251481533 -51.28581929951906 3
      vertex 81.7382285669446 -51.348888739943504 3
    endloop
  endfacet
  facet normal -0.4422886995523108 0.8968727369300094 0
    outer loop
      vertex 81.9240251481533 -51.28581929951906 17.45
      vertex 82.10000000149012 -51.19903810322285 3
      vertex 81.9240251481533 -51.28581929951906 3
    endloop
  endfacet
  facet normal -0.5555702335092735 0.8314696119753574 0
    outer loop
      vertex 82.10000000149012 -51.19903810322285 17.45
      vertex 82.26314214617014 -51.09003000706434 3
      vertex 82.10000000149012 -51.19903810322285 3
    endloop
  endfacet
  facet normal -0.6593458302062577 0.7518397942312052 0
    outer loop
      vertex 82.26314214617014 -51.09003000706434 17.45
      vertex 82.41066017001867 -50.96066016703844 3
      vertex 82.26314214617014 -51.09003000706434 3
    endloop
  endfacet
  facet normal -0.7518397942312052 0.6593458302062577 0
    outer loop
      vertex 82.41066017001867 -50.96066016703844 17.45
      vertex 82.54003001004457 -50.81314214318991 3
      vertex 82.41066017001867 -50.96066016703844 3
    endloop
  endfacet
  facet normal -0.9978589229274387 0.06540313397759875 0
    outer loop
      vertex 82.83716729283333 -50.09578928351402 17.45
      vertex 82.85000000149012 -49.899999998509884 3
      vertex 82.83716729283333 -50.09578928351402 3
    endloop
  endfacet
  facet normal -0.9807852832718772 0.1950903075944672 0
    outer loop
      vertex 82.79888874292374 -50.28822856396437 17.45
      vertex 82.83716729283333 -50.09578928351402 3
      vertex 82.79888874292374 -50.28822856396437 3
    endloop
  endfacet
  facet normal -0.9469301300366788 0.32143946370773846 0
    outer loop
      vertex 82.7358193024993 -50.47402514517307 17.45
      vertex 82.79888874292374 -50.28822856396437 3
      vertex 82.7358193024993 -50.47402514517307 3
    endloop
  endfacet
  facet normal -0.8968727369300094 0.4422886995523108 0
    outer loop
      vertex 82.64903810620308 -50.649999998509884 17.45
      vertex 82.7358193024993 -50.47402514517307 3
      vertex 82.64903810620308 -50.649999998509884 3
    endloop
  endfacet
  facet normal -0.8314696119753574 0.5555702335092735 0
    outer loop
      vertex 82.54003001004457 -50.81314214318991 17.45
      vertex 82.64903810620308 -50.649999998509884 3
      vertex 82.54003001004457 -50.81314214318991 3
    endloop
  endfacet
  facet normal 0 0 1
    outer loop
      vertex 81.41077944549524 -45.437895231119796 3
      vertex 81.445 -45.96 3
      vertex 82.85000000149012 -49.899999998509884 3
    endloop
  endfacet
  facet normal 0 0 1
    outer loop
      vertex 81.445 -45.96 3
      vertex 81.41077944549524 -46.482104768880205 3
      vertex 82.85000000149012 -49.899999998509884 3
    endloop
  endfacet
  facet normal 0 0 1
    outer loop
      vertex 78.97573372946036 -49.655518130045145 3
      vertex 82.79888874292374 -50.28822856396437 3
      vertex 79.445 -49.42410161513776 3
    endloop
  endfacet
  facet normal 0 0 1
    outer loop
      vertex 79.88004571603487 -49.13341336116494 3
      vertex 82.79888874292374 -50.28822856396437 3
      vertex 80.27342712474618 -48.78842712474619 3
    endloop
  endfacet
  facet normal 0 0 1
    outer loop
      vertex 79.445 -49.42410161513776 3
      vertex 82.79888874292374 -50.28822856396437 3
      vertex 79.88004571603487 -49.13341336116494 3
    endloop
  endfacet
  facet normal 0 0 1
    outer loop
      vertex 81.30870330515627 -46.99527618041009 3
      vertex 81.14051813004514 -47.49073372946036 3
      vertex 82.85000000149012 -49.899999998509884 3
    endloop
  endfacet
  facet normal 0 0 1
    outer loop
      vertex 81.14051813004514 -47.49073372946036 3
      vertex 80.90910161513774 -47.96 3
      vertex 82.85000000149012 -49.899999998509884 3
    endloop
  endfacet
  facet normal 0 0 1
    outer loop
      vertex 80.90910161513774 -47.96 3
      vertex 80.61841336116494 -48.395045716034886 3
      vertex 82.85000000149012 -49.899999998509884 3
    endloop
  endfacet
  facet normal 0 0 1
    outer loop
      vertex 81.41077944549524 -46.482104768880205 3
      vertex 81.30870330515627 -46.99527618041009 3
      vertex 82.85000000149012 -49.899999998509884 3
    endloop
  endfacet
  facet normal 0 0 1
    outer loop
      vertex 80.61841336116494 -48.395045716034886 3
      vertex 80.27342712474618 -48.78842712474619 3
      vertex 82.85000000149012 -49.899999998509884 3
    endloop
  endfacet
  facet normal 0 0 1
    outer loop
      vertex 80.27342712474618 -48.78842712474619 3
      vertex 82.83716729283333 -50.09578928351402 3
      vertex 82.85000000149012 -49.899999998509884 3
    endloop
  endfacet
  facet normal 0 0 1
    outer loop
      vertex 80.27342712474618 -48.78842712474619 3
      vertex 82.79888874292374 -50.28822856396437 3
      vertex 82.83716729283333 -50.09578928351402 3
    endloop
  endfacet
  facet normal 0 0 1
    outer loop
      vertex 77.445 -49.96 3
      vertex 82.79888874292374 -50.28822856396437 3
      vertex 77.9671047688802 -49.925779445495245 3
    endloop
  endfacet
  facet normal 0 0 1
    outer loop
      vertex 77.9671047688802 -49.925779445495245 3
      vertex 82.79888874292374 -50.28822856396437 3
      vertex 78.48027618041007 -49.82370330515627 3
    endloop
  endfacet
  facet normal 0 0 1
    outer loop
      vertex 78.97573372946036 -49.655518130045145 3
      vertex 78.48027618041007 -49.82370330515627 3
      vertex 82.79888874292374 -50.28822856396437 3
    endloop
  endfacet
  facet normal 0 0 1
    outer loop
      vertex 75.91426627053963 -42.26448186995486 9.2
      vertex 76.42873251423758 -45.5390482243984 9.2
      vertex 76.40972381958991 -42.09629669484373 9.2
    endloop
  endfacet
  facet normal 0 0 1
    outer loop
      vertex 73.74948186995485 -44.42926627053964 9.2
      vertex 73.58129669484372 -44.924723819589914 9.2
      vertex 73.74948186995485 -47.49073372946036 9.2
    endloop
  endfacet
  facet normal 0 0 1
    outer loop
      vertex 73.98089838486224 -43.96 9.2
      vertex 73.74948186995485 -44.42926627053964 9.2
      vertex 73.98089838486224 -47.96 9.2
    endloop
  endfacet
  facet normal 0 0 1
    outer loop
      vertex 74.61657287525381 -43.13157287525381 9.2
      vertex 75.00995428396511 -49.13341336116494 9.2
      vertex 75.00995428396511 -42.78658663883506 9.2
    endloop
  endfacet
  facet normal 0 0 1
    outer loop
      vertex 74.27158663883505 -43.524954283965116 9.2
      vertex 73.98089838486224 -43.96 9.2
      vertex 74.27158663883505 -48.395045716034886 9.2
    endloop
  endfacet
  facet normal 0 0 1
    outer loop
      vertex 74.27158663883505 -43.524954283965116 9.2
      vertex 74.61657287525381 -48.78842712474619 9.2
      vertex 74.61657287525381 -43.13157287525381 9.2
    endloop
  endfacet
  facet normal 0 0 1
    outer loop
      vertex 76.40972381958991 -42.09629669484373 9.2
      vertex 76.42873251423758 -45.5390482243984 9.2
      vertex 76.49237205583711 -45.410000000000004 9.2
    endloop
  endfacet
  facet normal 0 0 1
    outer loop
      vertex 75.91426627053963 -42.26448186995486 9.2
      vertex 76.38248159108201 -45.67529905038723 9.2
      vertex 76.42873251423758 -45.5390482243984 9.2
    endloop
  endfacet
  facet normal 0 0 1
    outer loop
      vertex 75.91426627053963 -42.26448186995486 9.2
      vertex 76.3544106524888 -45.816421188557946 9.2
      vertex 76.38248159108201 -45.67529905038723 9.2
    endloop
  endfacet
  facet normal 0 0 1
    outer loop
      vertex 75.445 -42.495898384862244 9.2
      vertex 75.00995428396511 -42.78658663883506 9.2
      vertex 75.445 -49.42410161513776 9.2
    endloop
  endfacet
  facet normal 0 0 1
    outer loop
      vertex 75.445 -42.495898384862244 9.2
      vertex 75.91426627053963 -49.655518130045145 9.2
      vertex 75.91426627053963 -42.26448186995486 9.2
    endloop
  endfacet
  facet normal 0 0 1
    outer loop
      vertex 75.91426627053963 -42.26448186995486 9.2
      vertex 76.345 -45.96 9.2
      vertex 76.3544106524888 -45.816421188557946 9.2
    endloop
  endfacet
  facet normal 0 0 1
    outer loop
      vertex 75.91426627053963 -42.26448186995486 9.2
      vertex 76.3544106524888 -46.103578811442055 9.2
      vertex 76.345 -45.96 9.2
    endloop
  endfacet
  facet normal 0 0 1
    outer loop
      vertex 76.40972381958991 -42.09629669484373 9.2
      vertex 77.0240482243984 -44.94373251423759 9.2
      vertex 76.92289523111978 -41.99422055450476 9.2
    endloop
  endfacet
  facet normal 0 0 1
    outer loop
      vertex 76.92289523111978 -41.99422055450476 9.2
      vertex 77.445 -44.86 9.2
      vertex 77.445 -41.96 9.2
    endloop
  endfacet
  facet normal 0 0 1
    outer loop
      vertex 77.445 -41.96 9.2
      vertex 77.72970094961276 -44.89748159108203 9.2
      vertex 77.9671047688802 -41.99422055450476 9.2
    endloop
  endfacet
  facet normal 0 0 1
    outer loop
      vertex 77.9671047688802 -41.99422055450476 9.2
      vertex 78.22281745930519 -45.1821825406948 9.2
      vertex 78.48027618041007 -42.09629669484373 9.2
    endloop
  endfacet
  facet normal 0 0 1
    outer loop
      vertex 76.40972381958991 -42.09629669484373 9.2
      vertex 76.7753624280904 -45.08731132567964 9.2
      vertex 76.895 -45.007372055837116 9.2
    endloop
  endfacet
  facet normal 0 0 1
    outer loop
      vertex 76.40972381958991 -42.09629669484373 9.2
      vertex 76.895 -45.007372055837116 9.2
      vertex 77.0240482243984 -44.94373251423759 9.2
    endloop
  endfacet
  facet normal 0 0 1
    outer loop
      vertex 76.92289523111978 -41.99422055450476 9.2
      vertex 77.0240482243984 -44.94373251423759 9.2
      vertex 77.16029905038722 -44.89748159108203 9.2
    endloop
  endfacet
  facet normal 0 0 1
    outer loop
      vertex 76.92289523111978 -41.99422055450476 9.2
      vertex 77.16029905038722 -44.89748159108203 9.2
      vertex 77.30142118855794 -44.86941065248881 9.2
    endloop
  endfacet
  facet normal 0 0 1
    outer loop
      vertex 76.40972381958991 -42.09629669484373 9.2
      vertex 76.57231132567964 -45.29036242809041 9.2
      vertex 76.6671825406948 -45.1821825406948 9.2
    endloop
  endfacet
  facet normal 0 0 1
    outer loop
      vertex 76.40972381958991 -42.09629669484373 9.2
      vertex 76.6671825406948 -45.1821825406948 9.2
      vertex 76.7753624280904 -45.08731132567964 9.2
    endloop
  endfacet
  facet normal 0 0 1
    outer loop
      vertex 76.40972381958991 -42.09629669484373 9.2
      vertex 76.49237205583711 -45.410000000000004 9.2
      vertex 76.57231132567964 -45.29036242809041 9.2
    endloop
  endfacet
  facet normal 0 0 1
    outer loop
      vertex 76.92289523111978 -41.99422055450476 9.2
      vertex 77.30142118855794 -44.86941065248881 9.2
      vertex 77.445 -44.86 9.2
    endloop
  endfacet
  facet normal 0 0 1
    outer loop
      vertex 77.445 -41.96 9.2
      vertex 77.445 -44.86 9.2
      vertex 77.58857881144205 -44.86941065248881 9.2
    endloop
  endfacet
  facet normal 0 0 1
    outer loop
      vertex 77.445 -41.96 9.2
      vertex 77.58857881144205 -44.86941065248881 9.2
      vertex 77.72970094961276 -44.89748159108203 9.2
    endloop
  endfacet
  facet normal 0 0 1
    outer loop
      vertex 77.9671047688802 -41.99422055450476 9.2
      vertex 77.72970094961276 -44.89748159108203 9.2
      vertex 77.86595177560159 -44.94373251423759 9.2
    endloop
  endfacet
  facet normal 0 0 1
    outer loop
      vertex 77.9671047688802 -41.99422055450476 9.2
      vertex 77.86595177560159 -44.94373251423759 9.2
      vertex 77.99499999999999 -45.007372055837116 9.2
    endloop
  endfacet
  facet normal 0 0 1
    outer loop
      vertex 77.9671047688802 -41.99422055450476 9.2
      vertex 77.99499999999999 -45.007372055837116 9.2
      vertex 78.11463757190958 -45.08731132567964 9.2
    endloop
  endfacet
  facet normal 0 0 1
    outer loop
      vertex 77.9671047688802 -41.99422055450476 9.2
      vertex 78.11463757190958 -45.08731132567964 9.2
      vertex 78.22281745930519 -45.1821825406948 9.2
    endloop
  endfacet
  facet normal 0 0 1
    outer loop
      vertex 78.48027618041007 -42.09629669484373 9.2
      vertex 78.22281745930519 -45.1821825406948 9.2
      vertex 78.31768867432035 -45.29036242809041 9.2
    endloop
  endfacet
  facet normal 0 0 1
    outer loop
      vertex 78.48027618041007 -42.09629669484373 9.2
      vertex 78.31768867432035 -45.29036242809041 9.2
      vertex 78.39762794416288 -45.410000000000004 9.2
    endloop
  endfacet
  facet normal 0 0 1
    outer loop
      vertex 78.48027618041007 -42.09629669484373 9.2
      vertex 78.39762794416288 -45.410000000000004 9.2
      vertex 78.4612674857624 -45.5390482243984 9.2
    endloop
  endfacet
  facet normal 0 0 1
    outer loop
      vertex 78.48027618041007 -42.09629669484373 9.2
      vertex 78.4612674857624 -45.5390482243984 9.2
      vertex 78.50751840891797 -45.67529905038723 9.2
    endloop
  endfacet
  facet normal 0 0 1
    outer loop
      vertex 78.48027618041007 -42.09629669484373 9.2
      vertex 78.50751840891797 -45.67529905038723 9.2
      vertex 78.53558934751119 -45.816421188557946 9.2
    endloop
  endfacet
  facet normal 0 0 1
    outer loop
      vertex 78.48027618041007 -42.09629669484373 9.2
      vertex 78.97573372946036 -49.655518130045145 9.2
      vertex 78.97573372946036 -42.26448186995486 9.2
    endloop
  endfacet
  facet normal 0 0 1
    outer loop
      vertex 78.97573372946036 -42.26448186995486 9.2
      vertex 79.445 -49.42410161513776 9.2
      vertex 79.445 -42.495898384862244 9.2
    endloop
  endfacet
  facet normal 0 0 1
    outer loop
      vertex 73.58129669484372 -44.924723819589914 9.2
      vertex 73.47922055450475 -45.437895231119796 9.2
      vertex 73.58129669484372 -46.99527618041009 9.2
    endloop
  endfacet
  facet normal 0 0 1
    outer loop
      vertex 73.47922055450475 -45.437895231119796 9.2
      vertex 73.445 -45.96 9.2
      vertex 73.47922055450475 -46.482104768880205 9.2
    endloop
  endfacet
  facet normal 0 0 1
    outer loop
      vertex 73.47922055450475 -45.437895231119796 9.2
      vertex 73.47922055450475 -46.482104768880205 9.2
      vertex 73.58129669484372 -46.99527618041009 9.2
    endloop
  endfacet
  facet normal 0 0 1
    outer loop
      vertex 73.58129669484372 -44.924723819589914 9.2
      vertex 73.58129669484372 -46.99527618041009 9.2
      vertex 73.74948186995485 -47.49073372946036 9.2
    endloop
  endfacet
  facet normal 0 0 1
    outer loop
      vertex 73.74948186995485 -44.42926627053964 9.2
      vertex 73.74948186995485 -47.49073372946036 9.2
      vertex 73.98089838486224 -47.96 9.2
    endloop
  endfacet
  facet normal 0 0 1
    outer loop
      vertex 73.98089838486224 -43.96 9.2
      vertex 73.98089838486224 -47.96 9.2
      vertex 74.27158663883505 -48.395045716034886 9.2
    endloop
  endfacet
  facet normal 0 0 1
    outer loop
      vertex 74.27158663883505 -43.524954283965116 9.2
      vertex 74.27158663883505 -48.395045716034886 9.2
      vertex 74.61657287525381 -48.78842712474619 9.2
    endloop
  endfacet
  facet normal 0 0 1
    outer loop
      vertex 74.61657287525381 -43.13157287525381 9.2
      vertex 74.61657287525381 -48.78842712474619 9.2
      vertex 75.00995428396511 -49.13341336116494 9.2
    endloop
  endfacet
  facet normal 0 0 1
    outer loop
      vertex 75.91426627053963 -42.26448186995486 9.2
      vertex 76.40972381958991 -49.82370330515627 9.2
      vertex 76.3544106524888 -46.103578811442055 9.2
    endloop
  endfacet
  facet normal 0 0 1
    outer loop
      vertex 75.00995428396511 -42.78658663883506 9.2
      vertex 75.00995428396511 -49.13341336116494 9.2
      vertex 75.445 -49.42410161513776 9.2
    endloop
  endfacet
  facet normal 0 0 1
    outer loop
      vertex 75.445 -42.495898384862244 9.2
      vertex 75.445 -49.42410161513776 9.2
      vertex 75.91426627053963 -49.655518130045145 9.2
    endloop
  endfacet
  facet normal 0 0 1
    outer loop
      vertex 75.91426627053963 -42.26448186995486 9.2
      vertex 75.91426627053963 -49.655518130045145 9.2
      vertex 76.40972381958991 -49.82370330515627 9.2
    endloop
  endfacet
  facet normal 0 0 1
    outer loop
      vertex 76.3544106524888 -46.103578811442055 9.2
      vertex 76.40972381958991 -49.82370330515627 9.2
      vertex 76.38248159108201 -46.24470094961277 9.2
    endloop
  endfacet
  facet normal 0 0 1
    outer loop
      vertex 76.38248159108201 -46.24470094961277 9.2
      vertex 76.40972381958991 -49.82370330515627 9.2
      vertex 76.42873251423758 -46.3809517756016 9.2
    endloop
  endfacet
  facet normal 0 0 1
    outer loop
      vertex 76.42873251423758 -46.3809517756016 9.2
      vertex 76.40972381958991 -49.82370330515627 9.2
      vertex 76.49237205583711 -46.51 9.2
    endloop
  endfacet
  facet normal 0 0 1
    outer loop
      vertex 76.49237205583711 -46.51 9.2
      vertex 76.40972381958991 -49.82370330515627 9.2
      vertex 76.57231132567964 -46.62963757190959 9.2
    endloop
  endfacet
  facet normal 0 0 1
    outer loop
      vertex 78.48027618041007 -42.09629669484373 9.2
      vertex 78.53558934751119 -45.816421188557946 9.2
      vertex 78.97573372946036 -49.655518130045145 9.2
    endloop
  endfacet
  facet normal 0 0 1
    outer loop
      vertex 78.53558934751119 -45.816421188557946 9.2
      vertex 78.54499999999999 -45.96 9.2
      vertex 78.97573372946036 -49.655518130045145 9.2
    endloop
  endfacet
  facet normal 0 0 1
    outer loop
      vertex 78.54499999999999 -45.96 9.2
      vertex 78.53558934751119 -46.103578811442055 9.2
      vertex 78.97573372946036 -49.655518130045145 9.2
    endloop
  endfacet
  facet normal 0 0 1
    outer loop
      vertex 78.53558934751119 -46.103578811442055 9.2
      vertex 78.50751840891797 -46.24470094961277 9.2
      vertex 78.97573372946036 -49.655518130045145 9.2
    endloop
  endfacet
  facet normal 0 0 1
    outer loop
      vertex 78.50751840891797 -46.24470094961277 9.2
      vertex 78.4612674857624 -46.3809517756016 9.2
      vertex 78.97573372946036 -49.655518130045145 9.2
    endloop
  endfacet
  facet normal 0 0 1
    outer loop
      vertex 78.4612674857624 -46.3809517756016 9.2
      vertex 78.39762794416288 -46.51 9.2
      vertex 78.48027618041007 -49.82370330515627 9.2
    endloop
  endfacet
  facet normal 0 0 1
    outer loop
      vertex 78.31768867432035 -46.62963757190959 9.2
      vertex 78.48027618041007 -49.82370330515627 9.2
      vertex 78.39762794416288 -46.51 9.2
    endloop
  endfacet
  facet normal 0 0 1
    outer loop
      vertex 78.97573372946036 -42.26448186995486 9.2
      vertex 78.97573372946036 -49.655518130045145 9.2
      vertex 79.445 -49.42410161513776 9.2
    endloop
  endfacet
  facet normal 0 0 1
    outer loop
      vertex 76.57231132567964 -46.62963757190959 9.2
      vertex 76.40972381958991 -49.82370330515627 9.2
      vertex 76.6671825406948 -46.737817459305205 9.2
    endloop
  endfacet
  facet normal 0 0 1
    outer loop
      vertex 76.6671825406948 -46.737817459305205 9.2
      vertex 76.92289523111978 -49.925779445495245 9.2
      vertex 76.7753624280904 -46.83268867432036 9.2
    endloop
  endfacet
  facet normal 0 0 1
    outer loop
      vertex 76.7753624280904 -46.83268867432036 9.2
      vertex 76.92289523111978 -49.925779445495245 9.2
      vertex 76.895 -46.912627944162885 9.2
    endloop
  endfacet
  facet normal 0 0 1
    outer loop
      vertex 76.895 -46.912627944162885 9.2
      vertex 76.92289523111978 -49.925779445495245 9.2
      vertex 77.0240482243984 -46.97626748576241 9.2
    endloop
  endfacet
  facet normal 0 0 1
    outer loop
      vertex 77.0240482243984 -46.97626748576241 9.2
      vertex 76.92289523111978 -49.925779445495245 9.2
      vertex 77.16029905038722 -47.022518408917975 9.2
    endloop
  endfacet
  facet normal 0 0 1
    outer loop
      vertex 77.16029905038722 -47.022518408917975 9.2
      vertex 77.445 -49.96 9.2
      vertex 77.30142118855794 -47.05058934751119 9.2
    endloop
  endfacet
  facet normal 0 0 1
    outer loop
      vertex 77.30142118855794 -47.05058934751119 9.2
      vertex 77.445 -49.96 9.2
      vertex 77.445 -47.06 9.2
    endloop
  endfacet
  facet normal 0 0 1
    outer loop
      vertex 77.72970094961276 -47.022518408917975 9.2
      vertex 77.9671047688802 -49.925779445495245 9.2
      vertex 77.86595177560159 -46.97626748576241 9.2
    endloop
  endfacet
  facet normal 0 0 1
    outer loop
      vertex 77.58857881144205 -47.05058934751119 9.2
      vertex 77.9671047688802 -49.925779445495245 9.2
      vertex 77.72970094961276 -47.022518408917975 9.2
    endloop
  endfacet
  facet normal 0 0 1
    outer loop
      vertex 77.445 -47.06 9.2
      vertex 77.9671047688802 -49.925779445495245 9.2
      vertex 77.58857881144205 -47.05058934751119 9.2
    endloop
  endfacet
  facet normal 0 0 1
    outer loop
      vertex 76.6671825406948 -46.737817459305205 9.2
      vertex 76.40972381958991 -49.82370330515627 9.2
      vertex 76.92289523111978 -49.925779445495245 9.2
    endloop
  endfacet
  facet normal 0 0 1
    outer loop
      vertex 77.16029905038722 -47.022518408917975 9.2
      vertex 76.92289523111978 -49.925779445495245 9.2
      vertex 77.445 -49.96 9.2
    endloop
  endfacet
  facet normal 0 0 1
    outer loop
      vertex 77.445 -47.06 9.2
      vertex 77.445 -49.96 9.2
      vertex 77.9671047688802 -49.925779445495245 9.2
    endloop
  endfacet
  facet normal 0 0 1
    outer loop
      vertex 77.86595177560159 -46.97626748576241 9.2
      vertex 78.48027618041007 -49.82370330515627 9.2
      vertex 77.99499999999999 -46.912627944162885 9.2
    endloop
  endfacet
  facet normal 0 0 1
    outer loop
      vertex 78.11463757190958 -46.83268867432036 9.2
      vertex 78.48027618041007 -49.82370330515627 9.2
      vertex 78.22281745930519 -46.737817459305205 9.2
    endloop
  endfacet
  facet normal 0 0 1
    outer loop
      vertex 78.31768867432035 -46.62963757190959 9.2
      vertex 78.22281745930519 -46.737817459305205 9.2
      vertex 78.48027618041007 -49.82370330515627 9.2
    endloop
  endfacet
  facet normal 0 0 1
    outer loop
      vertex 78.11463757190958 -46.83268867432036 9.2
      vertex 77.99499999999999 -46.912627944162885 9.2
      vertex 78.48027618041007 -49.82370330515627 9.2
    endloop
  endfacet
  facet normal 0 0 1
    outer loop
      vertex 78.4612674857624 -46.3809517756016 9.2
      vertex 78.48027618041007 -49.82370330515627 9.2
      vertex 78.97573372946036 -49.655518130045145 9.2
    endloop
  endfacet
  facet normal 0 0 1
    outer loop
      vertex 77.86595177560159 -46.97626748576241 9.2
      vertex 77.9671047688802 -49.925779445495245 9.2
      vertex 78.48027618041007 -49.82370330515627 9.2
    endloop
  endfacet
  facet normal 0 0 1
    outer loop
      vertex 79.445 -42.495898384862244 9.2
      vertex 79.88004571603487 -49.13341336116494 9.2
      vertex 79.88004571603487 -42.78658663883506 9.2
    endloop
  endfacet
  facet normal 0 0 1
    outer loop
      vertex 79.88004571603487 -42.78658663883506 9.2
      vertex 80.27342712474618 -48.78842712474619 9.2
      vertex 80.27342712474618 -43.13157287525381 9.2
    endloop
  endfacet
  facet normal 0 0 1
    outer loop
      vertex 80.27342712474618 -43.13157287525381 9.2
      vertex 80.61841336116494 -48.395045716034886 9.2
      vertex 80.61841336116494 -43.524954283965116 9.2
    endloop
  endfacet
  facet normal 0 0 1
    outer loop
      vertex 80.61841336116494 -43.524954283965116 9.2
      vertex 80.90910161513774 -47.96 9.2
      vertex 80.90910161513774 -43.96 9.2
    endloop
  endfacet
  facet normal 0 0 1
    outer loop
      vertex 80.90910161513774 -43.96 9.2
      vertex 81.14051813004514 -47.49073372946036 9.2
      vertex 81.14051813004514 -44.42926627053964 9.2
    endloop
  endfacet
  facet normal 0 0 1
    outer loop
      vertex 81.14051813004514 -44.42926627053964 9.2
      vertex 81.30870330515627 -46.99527618041009 9.2
      vertex 81.30870330515627 -44.924723819589914 9.2
    endloop
  endfacet
  facet normal 0 0 1
    outer loop
      vertex 81.30870330515627 -44.924723819589914 9.2
      vertex 81.41077944549524 -46.482104768880205 9.2
      vertex 81.41077944549524 -45.437895231119796 9.2
    endloop
  endfacet
  facet normal 0 0 1
    outer loop
      vertex 80.61841336116494 -43.524954283965116 9.2
      vertex 80.61841336116494 -48.395045716034886 9.2
      vertex 80.90910161513774 -47.96 9.2
    endloop
  endfacet
  facet normal 0 0 1
    outer loop
      vertex 80.90910161513774 -43.96 9.2
      vertex 80.90910161513774 -47.96 9.2
      vertex 81.14051813004514 -47.49073372946036 9.2
    endloop
  endfacet
  facet normal 0 0 1
    outer loop
      vertex 79.445 -42.495898384862244 9.2
      vertex 79.445 -49.42410161513776 9.2
      vertex 79.88004571603487 -49.13341336116494 9.2
    endloop
  endfacet
  facet normal 0 0 1
    outer loop
      vertex 79.88004571603487 -42.78658663883506 9.2
      vertex 79.88004571603487 -49.13341336116494 9.2
      vertex 80.27342712474618 -48.78842712474619 9.2
    endloop
  endfacet
  facet normal 0 0 1
    outer loop
      vertex 80.27342712474618 -43.13157287525381 9.2
      vertex 80.27342712474618 -48.78842712474619 9.2
      vertex 80.61841336116494 -48.395045716034886 9.2
    endloop
  endfacet
  facet normal 0 0 1
    outer loop
      vertex 81.30870330515627 -44.924723819589914 9.2
      vertex 81.30870330515627 -46.99527618041009 9.2
      vertex 81.41077944549524 -46.482104768880205 9.2
    endloop
  endfacet
  facet normal 0 0 1
    outer loop
      vertex 81.41077944549524 -45.437895231119796 9.2
      vertex 81.41077944549524 -46.482104768880205 9.2
      vertex 81.445 -45.96 9.2
    endloop
  endfacet
  facet normal 0 0 1
    outer loop
      vertex 81.14051813004514 -44.42926627053964 9.2
      vertex 81.14051813004514 -47.49073372946036 9.2
      vertex 81.30870330515627 -46.99527618041009 9.2
    endloop
  endfacet
  facet normal -0.6593458151000675 0.7518398074789787 -9.09601295065357e-19
    outer loop
      vertex 74.61657287525381 -43.13157287525381 9.2
      vertex 75.00995428396511 -42.78658663883506 9.2
      vertex 75.00995428396511 -42.78658663883506 3
    endloop
  endfacet
  facet normal -0.7518398074789652 0.6593458151000827 2.609315157685251e-18
    outer loop
      vertex 74.27158663883505 -43.524954283965116 9.2
      vertex 74.61657287525381 -43.13157287525381 9.2
      vertex 74.61657287525381 -43.13157287525381 3
    endloop
  endfacet
  facet normal -0.44228869021899825 0.8968727415326898 -2.0782579570316644e-18
    outer loop
      vertex 75.445 -42.495898384862244 9.2
      vertex 75.91426627053963 -42.26448186995486 9.2
      vertex 75.91426627053963 -42.26448186995486 3
    endloop
  endfacet
  facet normal -0.32143946530315676 0.9469301294951074 -1.8177750946498155e-18
    outer loop
      vertex 75.91426627053963 -42.26448186995486 9.2
      vertex 76.40972381958991 -42.09629669484373 9.2
      vertex 76.40972381958991 -42.09629669484373 3
    endloop
  endfacet
  facet normal -0.5555702330196106 0.8314696123025398 0
    outer loop
      vertex 75.445 -42.495898384862244 9.2
      vertex 75.445 -42.495898384862244 3
      vertex 75.00995428396511 -42.78658663883506 9.2
    endloop
  endfacet
  facet normal -0.9469301294951005 0.3214394653031772 0
    outer loop
      vertex 73.74948186995485 -44.42926627053964 9.2
      vertex 73.74948186995485 -44.42926627053964 3
      vertex 73.58129669484372 -44.924723819589914 9.2
    endloop
  endfacet
  facet normal -0.896872741532687 0.44228869021900374 0
    outer loop
      vertex 73.98089838486224 -43.96 9.2
      vertex 73.98089838486224 -43.96 3
      vertex 73.74948186995485 -44.42926627053964 9.2
    endloop
  endfacet
  facet normal -0.8314696123025564 0.5555702330195854 0
    outer loop
      vertex 74.27158663883505 -43.524954283965116 9.2
      vertex 74.27158663883505 -43.524954283965116 3
      vertex 73.98089838486224 -43.96 9.2
    endloop
  endfacet
  facet normal -0.980785280403232 0.19509032201612103 0
    outer loop
      vertex 73.58129669484372 -44.924723819589914 9.2
      vertex 73.58129669484372 -44.924723819589914 3
      vertex 73.47922055450475 -45.437895231119796 9.2
    endloop
  endfacet
  facet normal -0.9978589232386037 0.06540312923013929 0
    outer loop
      vertex 73.47922055450475 -45.437895231119796 9.2
      vertex 73.47922055450475 -45.437895231119796 3
      vertex 73.445 -45.96 9.2
    endloop
  endfacet
  facet normal -0.19509032201613927 0.9807852804032282 -3.4261756577777297e-19
    outer loop
      vertex 76.40972381958991 -42.09629669484373 9.2
      vertex 76.92289523111978 -41.99422055450476 9.2
      vertex 76.92289523111978 -41.99422055450476 3
    endloop
  endfacet
  facet normal -0.0654031292301384 0.9978589232386038 1.0924442035075502e-19
    outer loop
      vertex 76.92289523111978 -41.99422055450476 9.2
      vertex 77.445 -41.96 9.2
      vertex 77.445 -41.96 3
    endloop
  endfacet
  facet normal 0.0654031292301384 0.9978589232386038 -1.0924442035075502e-19
    outer loop
      vertex 77.445 -41.96 9.2
      vertex 77.9671047688802 -41.99422055450476 9.2
      vertex 77.9671047688802 -41.99422055450476 3
    endloop
  endfacet
  facet normal 0.19509032201613927 0.9807852804032282 3.4261756577777297e-19
    outer loop
      vertex 77.9671047688802 -41.99422055450476 9.2
      vertex 78.48027618041007 -42.09629669484373 9.2
      vertex 78.48027618041007 -42.09629669484373 3
    endloop
  endfacet
  facet normal 0.32143946530315676 0.9469301294951074 1.8177750946498155e-18
    outer loop
      vertex 78.48027618041007 -42.09629669484373 9.2
      vertex 78.97573372946036 -42.26448186995486 9.2
      vertex 78.97573372946036 -42.26448186995486 3
    endloop
  endfacet
  facet normal 0.44228869021899825 0.8968727415326898 2.0782579570316644e-18
    outer loop
      vertex 78.97573372946036 -42.26448186995486 9.2
      vertex 79.445 -42.495898384862244 9.2
      vertex 79.445 -42.495898384862244 3
    endloop
  endfacet
  facet normal -0.9978589232386037 -0.06540312923013929 0
    outer loop
      vertex 73.445 -45.96 9.2
      vertex 73.445 -45.96 3
      vertex 73.47922055450475 -46.482104768880205 9.2
    endloop
  endfacet
  facet normal -0.980785280403232 -0.19509032201612103 0
    outer loop
      vertex 73.47922055450475 -46.482104768880205 9.2
      vertex 73.47922055450475 -46.482104768880205 3
      vertex 73.58129669484372 -46.99527618041009 9.2
    endloop
  endfacet
  facet normal -0.9469301294951005 -0.3214394653031772 0
    outer loop
      vertex 73.58129669484372 -46.99527618041009 9.2
      vertex 73.58129669484372 -46.99527618041009 3
      vertex 73.74948186995485 -47.49073372946036 9.2
    endloop
  endfacet
  facet normal -0.896872741532687 -0.44228869021900374 0
    outer loop
      vertex 73.74948186995485 -47.49073372946036 9.2
      vertex 73.74948186995485 -47.49073372946036 3
      vertex 73.98089838486224 -47.96 9.2
    endloop
  endfacet
  facet normal -0.8314696123025564 -0.5555702330195854 0
    outer loop
      vertex 73.98089838486224 -47.96 9.2
      vertex 73.98089838486224 -47.96 3
      vertex 74.27158663883505 -48.395045716034886 9.2
    endloop
  endfacet
  facet normal -0.7518398074789652 -0.6593458151000827 0
    outer loop
      vertex 74.27158663883505 -48.395045716034886 9.2
      vertex 74.27158663883505 -48.395045716034886 3
      vertex 74.61657287525381 -48.78842712474619 9.2
    endloop
  endfacet
  facet normal -0.6593458151000675 -0.7518398074789787 0
    outer loop
      vertex 74.61657287525381 -48.78842712474619 9.2
      vertex 74.61657287525381 -48.78842712474619 3
      vertex 75.00995428396511 -49.13341336116494 9.2
    endloop
  endfacet
  facet normal -0.5555702330196106 -0.8314696123025398 0
    outer loop
      vertex 75.00995428396511 -49.13341336116494 9.2
      vertex 75.00995428396511 -49.13341336116494 3
      vertex 75.445 -49.42410161513776 9.2
    endloop
  endfacet
  facet normal -0.44228869021899825 -0.8968727415326898 0
    outer loop
      vertex 75.445 -49.42410161513776 9.2
      vertex 75.445 -49.42410161513776 3
      vertex 75.91426627053963 -49.655518130045145 9.2
    endloop
  endfacet
  facet normal -0.32143946530315676 -0.9469301294951074 0
    outer loop
      vertex 75.91426627053963 -49.655518130045145 9.2
      vertex 75.91426627053963 -49.655518130045145 3
      vertex 76.40972381958991 -49.82370330515627 9.2
    endloop
  endfacet
  facet normal 0.32143946530315676 -0.9469301294951074 -1.8177750946498155e-18
    outer loop
      vertex 78.97573372946036 -49.655518130045145 9.2
      vertex 78.48027618041007 -49.82370330515627 9.2
      vertex 78.48027618041007 -49.82370330515627 3
    endloop
  endfacet
  facet normal 0.44228869021899825 -0.8968727415326898 0
    outer loop
      vertex 78.97573372946036 -49.655518130045145 9.2
      vertex 78.97573372946036 -49.655518130045145 3
      vertex 79.445 -49.42410161513776 9.2
    endloop
  endfacet
  facet normal 0.5555702330196106 0.8314696123025398 2.2463916644562077e-18
    outer loop
      vertex 79.445 -42.495898384862244 9.2
      vertex 79.88004571603487 -42.78658663883506 9.2
      vertex 79.88004571603487 -42.78658663883506 3
    endloop
  endfacet
  facet normal 0.6593458151000675 0.7518398074789787 9.09601295065357e-19
    outer loop
      vertex 79.88004571603487 -42.78658663883506 9.2
      vertex 80.27342712474618 -43.13157287525381 9.2
      vertex 80.27342712474618 -43.13157287525381 3
    endloop
  endfacet
  facet normal 0.7518398074789652 0.6593458151000827 -2.609315157685251e-18
    outer loop
      vertex 80.27342712474618 -43.13157287525381 9.2
      vertex 80.61841336116494 -43.524954283965116 9.2
      vertex 80.61841336116494 -43.524954283965116 3
    endloop
  endfacet
  facet normal 0.8314696123025564 0.5555702330195854 -3.509959004974975e-18
    outer loop
      vertex 80.61841336116494 -43.524954283965116 9.2
      vertex 80.90910161513774 -43.96 9.2
      vertex 80.90910161513774 -43.96 3
    endloop
  endfacet
  facet normal 0.896872741532687 0.44228869021900374 -1.1284661115926294e-18
    outer loop
      vertex 80.90910161513774 -43.96 9.2
      vertex 81.14051813004514 -44.42926627053964 9.2
      vertex 81.14051813004514 -44.42926627053964 3
    endloop
  endfacet
  facet normal 0.9469301294951005 0.3214394653031772 -1.1864033060583362e-19
    outer loop
      vertex 81.14051813004514 -44.42926627053964 9.2
      vertex 81.30870330515627 -44.924723819589914 9.2
      vertex 81.30870330515627 -44.924723819589914 3
    endloop
  endfacet
  facet normal 0.980785280403232 0.19509032201612103 -8.646533787995008e-19
    outer loop
      vertex 81.30870330515627 -44.924723819589914 9.2
      vertex 81.41077944549524 -45.437895231119796 9.2
      vertex 81.41077944549524 -45.437895231119796 3
    endloop
  endfacet
  facet normal 0.9978589232386037 0.06540312923013929 -1.973210148551751e-20
    outer loop
      vertex 81.41077944549524 -45.437895231119796 9.2
      vertex 81.445 -45.96 9.2
      vertex 81.445 -45.96 3
    endloop
  endfacet
  facet normal 0.9978589232386037 -0.06540312923013929 1.973210148551751e-20
    outer loop
      vertex 81.445 -45.96 9.2
      vertex 81.41077944549524 -46.482104768880205 9.2
      vertex 81.41077944549524 -46.482104768880205 3
    endloop
  endfacet
  facet normal 0.980785280403232 -0.19509032201612103 8.646533787995008e-19
    outer loop
      vertex 81.41077944549524 -46.482104768880205 9.2
      vertex 81.30870330515627 -46.99527618041009 9.2
      vertex 81.30870330515627 -46.99527618041009 3
    endloop
  endfacet
  facet normal 0.9469301294951005 -0.3214394653031772 1.1864033060583362e-19
    outer loop
      vertex 81.30870330515627 -46.99527618041009 9.2
      vertex 81.14051813004514 -47.49073372946036 9.2
      vertex 81.14051813004514 -47.49073372946036 3
    endloop
  endfacet
  facet normal 0.896872741532687 -0.44228869021900374 1.1284661115926294e-18
    outer loop
      vertex 81.14051813004514 -47.49073372946036 9.2
      vertex 80.90910161513774 -47.96 9.2
      vertex 80.90910161513774 -47.96 3
    endloop
  endfacet
  facet normal 0.7518398074789652 -0.6593458151000827 2.609315157685251e-18
    outer loop
      vertex 80.61841336116494 -48.395045716034886 9.2
      vertex 80.27342712474618 -48.78842712474619 9.2
      vertex 80.27342712474618 -48.78842712474619 3
    endloop
  endfacet
  facet normal 0.8314696123025564 -0.5555702330195854 3.509959004974975e-18
    outer loop
      vertex 80.90910161513774 -47.96 9.2
      vertex 80.61841336116494 -48.395045716034886 9.2
      vertex 80.61841336116494 -48.395045716034886 3
    endloop
  endfacet
  facet normal 0.6593458151000675 -0.7518398074789787 0
    outer loop
      vertex 79.88004571603487 -49.13341336116494 9.2
      vertex 79.88004571603487 -49.13341336116494 3
      vertex 80.27342712474618 -48.78842712474619 9.2
    endloop
  endfacet
  facet normal 0.5555702330196106 -0.8314696123025398 0
    outer loop
      vertex 79.445 -49.42410161513776 9.2
      vertex 79.445 -49.42410161513776 3
      vertex 79.88004571603487 -49.13341336116494 9.2
    endloop
  endfacet
  facet normal -0.6593458151000675 0.7518398074789787 0
    outer loop
      vertex 74.61657287525381 -43.13157287525381 9.2
      vertex 75.00995428396511 -42.78658663883506 3
      vertex 74.61657287525381 -43.13157287525381 3
    endloop
  endfacet
  facet normal -0.7518398074789652 0.6593458151000827 0
    outer loop
      vertex 74.27158663883505 -43.524954283965116 9.2
      vertex 74.61657287525381 -43.13157287525381 3
      vertex 74.27158663883505 -43.524954283965116 3
    endloop
  endfacet
  facet normal -0.44228869021899825 0.8968727415326898 0
    outer loop
      vertex 75.445 -42.495898384862244 9.2
      vertex 75.91426627053963 -42.26448186995486 3
      vertex 75.445 -42.495898384862244 3
    endloop
  endfacet
  facet normal -0.32143946530315676 0.9469301294951074 0
    outer loop
      vertex 75.91426627053963 -42.26448186995486 9.2
      vertex 76.40972381958991 -42.09629669484373 3
      vertex 75.91426627053963 -42.26448186995486 3
    endloop
  endfacet
  facet normal -0.5555702330196106 0.8314696123025398 0
    outer loop
      vertex 75.00995428396511 -42.78658663883506 9.2
      vertex 75.445 -42.495898384862244 3
      vertex 75.00995428396511 -42.78658663883506 3
    endloop
  endfacet
  facet normal -0.8314696123025564 0.5555702330195854 0
    outer loop
      vertex 73.98089838486224 -43.96 9.2
      vertex 74.27158663883505 -43.524954283965116 3
      vertex 73.98089838486224 -43.96 3
    endloop
  endfacet
  facet normal -0.896872741532687 0.44228869021900374 0
    outer loop
      vertex 73.74948186995485 -44.42926627053964 9.2
      vertex 73.98089838486224 -43.96 3
      vertex 73.74948186995485 -44.42926627053964 3
    endloop
  endfacet
  facet normal -0.9469301294951005 0.3214394653031772 0
    outer loop
      vertex 73.58129669484372 -44.924723819589914 9.2
      vertex 73.74948186995485 -44.42926627053964 3
      vertex 73.58129669484372 -44.924723819589914 3
    endloop
  endfacet
  facet normal -0.980785280403232 0.19509032201612103 0
    outer loop
      vertex 73.47922055450475 -45.437895231119796 9.2
      vertex 73.58129669484372 -44.924723819589914 3
      vertex 73.47922055450475 -45.437895231119796 3
    endloop
  endfacet
  facet normal -0.0654031292301384 0.9978589232386038 0
    outer loop
      vertex 76.92289523111978 -41.99422055450476 9.2
      vertex 77.445 -41.96 3
      vertex 76.92289523111978 -41.99422055450476 3
    endloop
  endfacet
  facet normal -0.19509032201613927 0.9807852804032282 0
    outer loop
      vertex 76.40972381958991 -42.09629669484373 9.2
      vertex 76.92289523111978 -41.99422055450476 3
      vertex 76.40972381958991 -42.09629669484373 3
    endloop
  endfacet
  facet normal 0.0654031292301384 0.9978589232386038 0
    outer loop
      vertex 77.445 -41.96 9.2
      vertex 77.9671047688802 -41.99422055450476 3
      vertex 77.445 -41.96 3
    endloop
  endfacet
  facet normal 0.19509032201613927 0.9807852804032282 0
    outer loop
      vertex 77.9671047688802 -41.99422055450476 9.2
      vertex 78.48027618041007 -42.09629669484373 3
      vertex 77.9671047688802 -41.99422055450476 3
    endloop
  endfacet
  facet normal 0.32143946530315676 0.9469301294951074 0
    outer loop
      vertex 78.48027618041007 -42.09629669484373 9.2
      vertex 78.97573372946036 -42.26448186995486 3
      vertex 78.48027618041007 -42.09629669484373 3
    endloop
  endfacet
  facet normal 0.44228869021899825 0.8968727415326898 0
    outer loop
      vertex 78.97573372946036 -42.26448186995486 9.2
      vertex 79.445 -42.495898384862244 3
      vertex 78.97573372946036 -42.26448186995486 3
    endloop
  endfacet
  facet normal -0.9978589232386037 0.06540312923013929 0
    outer loop
      vertex 73.445 -45.96 9.2
      vertex 73.47922055450475 -45.437895231119796 3
      vertex 73.445 -45.96 3
    endloop
  endfacet
  facet normal -0.9978589232386037 -0.06540312923013929 0
    outer loop
      vertex 73.47922055450475 -46.482104768880205 9.2
      vertex 73.445 -45.96 3
      vertex 73.47922055450475 -46.482104768880205 3
    endloop
  endfacet
  facet normal -0.980785280403232 -0.19509032201612103 0
    outer loop
      vertex 73.58129669484372 -46.99527618041009 9.2
      vertex 73.47922055450475 -46.482104768880205 3
      vertex 73.58129669484372 -46.99527618041009 3
    endloop
  endfacet
  facet normal -0.9469301294951005 -0.3214394653031772 0
    outer loop
      vertex 73.74948186995485 -47.49073372946036 9.2
      vertex 73.58129669484372 -46.99527618041009 3
      vertex 73.74948186995485 -47.49073372946036 3
    endloop
  endfacet
  facet normal -0.896872741532687 -0.44228869021900374 0
    outer loop
      vertex 73.98089838486224 -47.96 9.2
      vertex 73.74948186995485 -47.49073372946036 3
      vertex 73.98089838486224 -47.96 3
    endloop
  endfacet
  facet normal -0.8314696123025564 -0.5555702330195854 0
    outer loop
      vertex 74.27158663883505 -48.395045716034886 9.2
      vertex 73.98089838486224 -47.96 3
      vertex 74.27158663883505 -48.395045716034886 3
    endloop
  endfacet
  facet normal -0.7518398074789652 -0.6593458151000827 0
    outer loop
      vertex 74.61657287525381 -48.78842712474619 9.2
      vertex 74.27158663883505 -48.395045716034886 3
      vertex 74.61657287525381 -48.78842712474619 3
    endloop
  endfacet
  facet normal -0.6593458151000675 -0.7518398074789787 0
    outer loop
      vertex 75.00995428396511 -49.13341336116494 9.2
      vertex 74.61657287525381 -48.78842712474619 3
      vertex 75.00995428396511 -49.13341336116494 3
    endloop
  endfacet
  facet normal -0.5555702330196106 -0.8314696123025398 0
    outer loop
      vertex 75.445 -49.42410161513776 9.2
      vertex 75.00995428396511 -49.13341336116494 3
      vertex 75.445 -49.42410161513776 3
    endloop
  endfacet
  facet normal -0.44228869021899825 -0.8968727415326898 0
    outer loop
      vertex 75.91426627053963 -49.655518130045145 9.2
      vertex 75.445 -49.42410161513776 3
      vertex 75.91426627053963 -49.655518130045145 3
    endloop
  endfacet
  facet normal -0.32143946530315676 -0.9469301294951074 0
    outer loop
      vertex 76.40972381958991 -49.82370330515627 9.2
      vertex 75.91426627053963 -49.655518130045145 3
      vertex 76.40972381958991 -49.82370330515627 3
    endloop
  endfacet
  facet normal 0.32143946530315676 -0.9469301294951074 0
    outer loop
      vertex 78.97573372946036 -49.655518130045145 9.2
      vertex 78.48027618041007 -49.82370330515627 3
      vertex 78.97573372946036 -49.655518130045145 3
    endloop
  endfacet
  facet normal 0.44228869021899825 -0.8968727415326898 0
    outer loop
      vertex 79.445 -49.42410161513776 9.2
      vertex 78.97573372946036 -49.655518130045145 3
      vertex 79.445 -49.42410161513776 3
    endloop
  endfacet
  facet normal 0.5555702330196106 0.8314696123025398 0
    outer loop
      vertex 79.445 -42.495898384862244 9.2
      vertex 79.88004571603487 -42.78658663883506 3
      vertex 79.445 -42.495898384862244 3
    endloop
  endfacet
  facet normal 0.6593458151000675 0.7518398074789787 0
    outer loop
      vertex 79.88004571603487 -42.78658663883506 9.2
      vertex 80.27342712474618 -43.13157287525381 3
      vertex 79.88004571603487 -42.78658663883506 3
    endloop
  endfacet
  facet normal 0.7518398074789652 0.6593458151000827 0
    outer loop
      vertex 80.27342712474618 -43.13157287525381 9.2
      vertex 80.61841336116494 -43.524954283965116 3
      vertex 80.27342712474618 -43.13157287525381 3
    endloop
  endfacet
  facet normal 0.8314696123025564 0.5555702330195854 0
    outer loop
      vertex 80.61841336116494 -43.524954283965116 9.2
      vertex 80.90910161513774 -43.96 3
      vertex 80.61841336116494 -43.524954283965116 3
    endloop
  endfacet
  facet normal 0.896872741532687 0.44228869021900374 0
    outer loop
      vertex 80.90910161513774 -43.96 9.2
      vertex 81.14051813004514 -44.42926627053964 3
      vertex 80.90910161513774 -43.96 3
    endloop
  endfacet
  facet normal 0.9469301294951005 0.3214394653031772 0
    outer loop
      vertex 81.14051813004514 -44.42926627053964 9.2
      vertex 81.30870330515627 -44.924723819589914 3
      vertex 81.14051813004514 -44.42926627053964 3
    endloop
  endfacet
  facet normal 0.980785280403232 0.19509032201612103 0
    outer loop
      vertex 81.30870330515627 -44.924723819589914 9.2
      vertex 81.41077944549524 -45.437895231119796 3
      vertex 81.30870330515627 -44.924723819589914 3
    endloop
  endfacet
  facet normal 0.9978589232386037 0.06540312923013929 0
    outer loop
      vertex 81.41077944549524 -45.437895231119796 9.2
      vertex 81.445 -45.96 3
      vertex 81.41077944549524 -45.437895231119796 3
    endloop
  endfacet
  facet normal 0.9978589232386037 -0.06540312923013929 0
    outer loop
      vertex 81.445 -45.96 9.2
      vertex 81.41077944549524 -46.482104768880205 3
      vertex 81.445 -45.96 3
    endloop
  endfacet
  facet normal 0.980785280403232 -0.19509032201612103 0
    outer loop
      vertex 81.41077944549524 -46.482104768880205 9.2
      vertex 81.30870330515627 -46.99527618041009 3
      vertex 81.41077944549524 -46.482104768880205 3
    endloop
  endfacet
  facet normal 0.9469301294951005 -0.3214394653031772 0
    outer loop
      vertex 81.30870330515627 -46.99527618041009 9.2
      vertex 81.14051813004514 -47.49073372946036 3
      vertex 81.30870330515627 -46.99527618041009 3
    endloop
  endfacet
  facet normal 0.896872741532687 -0.44228869021900374 0
    outer loop
      vertex 81.14051813004514 -47.49073372946036 9.2
      vertex 80.90910161513774 -47.96 3
      vertex 81.14051813004514 -47.49073372946036 3
    endloop
  endfacet
  facet normal 0.8314696123025564 -0.5555702330195854 0
    outer loop
      vertex 80.90910161513774 -47.96 9.2
      vertex 80.61841336116494 -48.395045716034886 3
      vertex 80.90910161513774 -47.96 3
    endloop
  endfacet
  facet normal 0.7518398074789652 -0.6593458151000827 0
    outer loop
      vertex 80.61841336116494 -48.395045716034886 9.2
      vertex 80.27342712474618 -48.78842712474619 3
      vertex 80.61841336116494 -48.395045716034886 3
    endloop
  endfacet
  facet normal 0.5555702330196106 -0.8314696123025398 0
    outer loop
      vertex 79.88004571603487 -49.13341336116494 9.2
      vertex 79.445 -49.42410161513776 3
      vertex 79.88004571603487 -49.13341336116494 3
    endloop
  endfacet
  facet normal 0.6593458151000675 -0.7518398074789787 0
    outer loop
      vertex 80.27342712474618 -48.78842712474619 9.2
      vertex 79.88004571603487 -49.13341336116494 3
      vertex 80.27342712474618 -48.78842712474619 3
    endloop
  endfacet
  facet normal -0.19509032201613927 -0.9807852804032282 0
    outer loop
      vertex 76.40972381958991 -49.82370330515627 9.2
      vertex 76.40972381958991 -49.82370330515627 3
      vertex 76.92289523111978 -49.925779445495245 9.2
    endloop
  endfacet
  facet normal -0.0654031292301384 -0.9978589232386038 0
    outer loop
      vertex 76.92289523111978 -49.925779445495245 9.2
      vertex 76.92289523111978 -49.925779445495245 3
      vertex 77.445 -49.96 9.2
    endloop
  endfacet
  facet normal 0.0654031292301384 -0.9978589232386038 0
    outer loop
      vertex 77.445 -49.96 9.2
      vertex 77.445 -49.96 3
      vertex 77.9671047688802 -49.925779445495245 9.2
    endloop
  endfacet
  facet normal 0.19509032201613927 -0.9807852804032282 0
    outer loop
      vertex 77.9671047688802 -49.925779445495245 9.2
      vertex 77.9671047688802 -49.925779445495245 3
      vertex 78.48027618041007 -49.82370330515627 9.2
    endloop
  endfacet
  facet normal -0.19509032201613927 -0.9807852804032282 0
    outer loop
      vertex 76.92289523111978 -49.925779445495245 9.2
      vertex 76.40972381958991 -49.82370330515627 3
      vertex 76.92289523111978 -49.925779445495245 3
    endloop
  endfacet
  facet normal -0.0654031292301384 -0.9978589232386038 0
    outer loop
      vertex 77.445 -49.96 9.2
      vertex 76.92289523111978 -49.925779445495245 3
      vertex 77.445 -49.96 3
    endloop
  endfacet
  facet normal 0.0654031292301384 -0.9978589232386038 0
    outer loop
      vertex 77.9671047688802 -49.925779445495245 9.2
      vertex 77.445 -49.96 3
      vertex 77.9671047688802 -49.925779445495245 3
    endloop
  endfacet
  facet normal 0.19509032201613927 -0.9807852804032282 0
    outer loop
      vertex 78.48027618041007 -49.82370330515627 9.2
      vertex 77.9671047688802 -49.925779445495245 3
      vertex 78.48027618041007 -49.82370330515627 3
    endloop
  endfacet
  facet normal 0 0 1
    outer loop
      vertex 76.895 -45.007372055837116 10.399999999999999
      vertex 77.0240482243984 -46.97626748576241 10.399999999999999
      vertex 77.0240482243984 -44.94373251423759 10.399999999999999
    endloop
  endfacet
  facet normal 0 0 1
    outer loop
      vertex 77.0240482243984 -44.94373251423759 10.399999999999999
      vertex 77.16029905038722 -47.022518408917975 10.399999999999999
      vertex 77.16029905038722 -44.89748159108203 10.399999999999999
    endloop
  endfacet
  facet normal 0 0 1
    outer loop
      vertex 77.16029905038722 -44.89748159108203 10.399999999999999
      vertex 77.30142118855794 -47.05058934751119 10.399999999999999
      vertex 77.30142118855794 -44.86941065248881 10.399999999999999
    endloop
  endfacet
  facet normal 0 0 1
    outer loop
      vertex 77.30142118855794 -44.86941065248881 10.399999999999999
      vertex 77.445 -47.06 10.399999999999999
      vertex 77.445 -44.86 10.399999999999999
    endloop
  endfacet
  facet normal 0 0 1
    outer loop
      vertex 77.445 -44.86 10.399999999999999
      vertex 77.58857881144205 -47.05058934751119 10.399999999999999
      vertex 77.58857881144205 -44.86941065248881 10.399999999999999
    endloop
  endfacet
  facet normal 0 0 1
    outer loop
      vertex 77.58857881144205 -44.86941065248881 10.399999999999999
      vertex 77.72970094961276 -47.022518408917975 10.399999999999999
      vertex 77.72970094961276 -44.89748159108203 10.399999999999999
    endloop
  endfacet
  facet normal 0 0 1
    outer loop
      vertex 77.72970094961276 -44.89748159108203 10.399999999999999
      vertex 77.86595177560159 -46.97626748576241 10.399999999999999
      vertex 77.86595177560159 -44.94373251423759 10.399999999999999
    endloop
  endfacet
  facet normal 0 0 1
    outer loop
      vertex 77.86595177560159 -44.94373251423759 10.399999999999999
      vertex 77.99499999999999 -46.912627944162885 10.399999999999999
      vertex 77.99499999999999 -45.007372055837116 10.399999999999999
    endloop
  endfacet
  facet normal 0 0 1
    outer loop
      vertex 77.99499999999999 -45.007372055837116 10.399999999999999
      vertex 78.11463757190958 -46.83268867432036 10.399999999999999
      vertex 78.11463757190958 -45.08731132567964 10.399999999999999
    endloop
  endfacet
  facet normal -0.9469301294950908 0.32143946530320494 0
    outer loop
      vertex 76.42873251423758 -45.5390482243984 10.399999999999999
      vertex 76.42873251423758 -45.5390482243984 9.2
      vertex 76.38248159108201 -45.67529905038723 10.399999999999999
    endloop
  endfacet
  facet normal -0.6593458151000653 0.7518398074789807 0
    outer loop
      vertex 76.7753624280904 -45.08731132567964 10.399999999999999
      vertex 76.7753624280904 -45.08731132567964 9.2
      vertex 76.6671825406948 -45.1821825406948 10.399999999999999
    endloop
  endfacet
  facet normal -0.44228869021896955 0.8968727415327039 -6.164162675731786e-19
    outer loop
      vertex 76.895 -45.007372055837116 10.399999999999999
      vertex 77.0240482243984 -44.94373251423759 10.399999999999999
      vertex 77.0240482243984 -44.94373251423759 9.2
    endloop
  endfacet
  facet normal -0.5555702330196156 0.8314696123025364 1.2646212205533666e-18
    outer loop
      vertex 76.7753624280904 -45.08731132567964 10.399999999999999
      vertex 76.895 -45.007372055837116 10.399999999999999
      vertex 76.895 -45.007372055837116 9.2
    endloop
  endfacet
  facet normal -0.3214394653031757 0.9469301294951008 3.558583428769462e-19
    outer loop
      vertex 77.0240482243984 -44.94373251423759 10.399999999999999
      vertex 77.16029905038722 -44.89748159108203 10.399999999999999
      vertex 77.16029905038722 -44.89748159108203 9.2
    endloop
  endfacet
  facet normal -0.7518398074789777 0.6593458151000687 -3.223932867145131e-18
    outer loop
      vertex 76.57231132567964 -45.29036242809041 10.399999999999999
      vertex 76.6671825406948 -45.1821825406948 10.399999999999999
      vertex 76.6671825406948 -45.1821825406948 9.2
    endloop
  endfacet
  facet normal -0.8314696123025364 0.5555702330196156 0
    outer loop
      vertex 76.57231132567964 -45.29036242809041 10.399999999999999
      vertex 76.57231132567964 -45.29036242809041 9.2
      vertex 76.49237205583711 -45.410000000000004 10.399999999999999
    endloop
  endfacet
  facet normal -0.8968727415326944 0.44228869021898914 2.723518236376561e-18
    outer loop
      vertex 76.42873251423758 -45.5390482243984 10.399999999999999
      vertex 76.49237205583711 -45.410000000000004 10.399999999999999
      vertex 76.49237205583711 -45.410000000000004 9.2
    endloop
  endfacet
  facet normal -0.06540312923015723 0.9978589232386026 4.538433762070515e-20
    outer loop
      vertex 77.30142118855794 -44.86941065248881 10.399999999999999
      vertex 77.445 -44.86 10.399999999999999
      vertex 77.445 -44.86 9.2
    endloop
  endfacet
  facet normal 0.06540312923015723 0.9978589232386026 -4.538433762070515e-20
    outer loop
      vertex 77.445 -44.86 10.399999999999999
      vertex 77.58857881144205 -44.86941065248881 10.399999999999999
      vertex 77.58857881144205 -44.86941065248881 9.2
    endloop
  endfacet
  facet normal -0.19509032201613385 0.9807852804032293 -3.5627392161482326e-19
    outer loop
      vertex 77.16029905038722 -44.89748159108203 10.399999999999999
      vertex 77.30142118855794 -44.86941065248881 10.399999999999999
      vertex 77.30142118855794 -44.86941065248881 9.2
    endloop
  endfacet
  facet normal 0.19509032201613385 0.9807852804032293 3.5627392161482326e-19
    outer loop
      vertex 77.58857881144205 -44.86941065248881 10.399999999999999
      vertex 77.72970094961276 -44.89748159108203 10.399999999999999
      vertex 77.72970094961276 -44.89748159108203 9.2
    endloop
  endfacet
  facet normal 0.3214394653031757 0.9469301294951008 -3.558583428769462e-19
    outer loop
      vertex 77.72970094961276 -44.89748159108203 10.399999999999999
      vertex 77.86595177560159 -44.94373251423759 10.399999999999999
      vertex 77.86595177560159 -44.94373251423759 9.2
    endloop
  endfacet
  facet normal 0.44228869021896955 0.8968727415327039 6.164162675731786e-19
    outer loop
      vertex 77.86595177560159 -44.94373251423759 10.399999999999999
      vertex 77.99499999999999 -45.007372055837116 10.399999999999999
      vertex 77.99499999999999 -45.007372055837116 9.2
    endloop
  endfacet
  facet normal 0.5555702330196156 0.8314696123025364 -1.2646212205533666e-18
    outer loop
      vertex 77.99499999999999 -45.007372055837116 10.399999999999999
      vertex 78.11463757190958 -45.08731132567964 10.399999999999999
      vertex 78.11463757190958 -45.08731132567964 9.2
    endloop
  endfacet
  facet normal 0.6593458151000653 0.7518398074789807 1.8292166634487113e-19
    outer loop
      vertex 78.11463757190958 -45.08731132567964 10.399999999999999
      vertex 78.22281745930519 -45.1821825406948 10.399999999999999
      vertex 78.22281745930519 -45.1821825406948 9.2
    endloop
  endfacet
  facet normal 0.7518398074789777 0.6593458151000687 3.223932867145131e-18
    outer loop
      vertex 78.22281745930519 -45.1821825406948 10.399999999999999
      vertex 78.31768867432035 -45.29036242809041 10.399999999999999
      vertex 78.31768867432035 -45.29036242809041 9.2
    endloop
  endfacet
  facet normal 0.8314696123025364 0.5555702330196156 -1.2646212205533666e-18
    outer loop
      vertex 78.31768867432035 -45.29036242809041 10.399999999999999
      vertex 78.39762794416288 -45.410000000000004 10.399999999999999
      vertex 78.39762794416288 -45.410000000000004 9.2
    endloop
  endfacet
  facet normal 0.8968727415326944 0.44228869021898914 -2.723518236376561e-18
    outer loop
      vertex 78.39762794416288 -45.410000000000004 10.399999999999999
      vertex 78.4612674857624 -45.5390482243984 10.399999999999999
      vertex 78.4612674857624 -45.5390482243984 9.2
    endloop
  endfacet
  facet normal 0.9469301294950908 0.32143946530320494 -6.287746234274969e-19
    outer loop
      vertex 78.4612674857624 -45.5390482243984 10.399999999999999
      vertex 78.50751840891797 -45.67529905038723 10.399999999999999
      vertex 78.50751840891797 -45.67529905038723 9.2
    endloop
  endfacet
  facet normal 0 0 1
    outer loop
      vertex 76.42873251423758 -45.5390482243984 10.399999999999999
      vertex 76.38248159108201 -45.67529905038723 10.399999999999999
      vertex 76.42873251423758 -46.3809517756016 10.399999999999999
    endloop
  endfacet
  facet normal 0 0 1
    outer loop
      vertex 76.3544106524888 -45.816421188557946 10.399999999999999
      vertex 76.345 -45.96 10.399999999999999
      vertex 76.3544106524888 -46.103578811442055 10.399999999999999
    endloop
  endfacet
  facet normal 0 0 1
    outer loop
      vertex 76.38248159108201 -45.67529905038723 10.399999999999999
      vertex 76.3544106524888 -45.816421188557946 10.399999999999999
      vertex 76.38248159108201 -46.24470094961277 10.399999999999999
    endloop
  endfacet
  facet normal 0 0 1
    outer loop
      vertex 76.3544106524888 -45.816421188557946 10.399999999999999
      vertex 76.3544106524888 -46.103578811442055 10.399999999999999
      vertex 76.38248159108201 -46.24470094961277 10.399999999999999
    endloop
  endfacet
  facet normal 0 0 1
    outer loop
      vertex 76.38248159108201 -45.67529905038723 10.399999999999999
      vertex 76.38248159108201 -46.24470094961277 10.399999999999999
      vertex 76.42873251423758 -46.3809517756016 10.399999999999999
    endloop
  endfacet
  facet normal 0 0 1
    outer loop
      vertex 76.57231132567964 -45.29036242809041 10.399999999999999
      vertex 76.6671825406948 -46.737817459305205 10.399999999999999
      vertex 76.6671825406948 -45.1821825406948 10.399999999999999
    endloop
  endfacet
  facet normal 0 0 1
    outer loop
      vertex 76.57231132567964 -45.29036242809041 10.399999999999999
      vertex 76.49237205583711 -45.410000000000004 10.399999999999999
      vertex 76.57231132567964 -46.62963757190959 10.399999999999999
    endloop
  endfacet
  facet normal 0 0 1
    outer loop
      vertex 76.42873251423758 -45.5390482243984 10.399999999999999
      vertex 76.49237205583711 -46.51 10.399999999999999
      vertex 76.49237205583711 -45.410000000000004 10.399999999999999
    endloop
  endfacet
  facet normal 0 0 1
    outer loop
      vertex 76.7753624280904 -45.08731132567964 10.399999999999999
      vertex 76.6671825406948 -45.1821825406948 10.399999999999999
      vertex 76.7753624280904 -46.83268867432036 10.399999999999999
    endloop
  endfacet
  facet normal 0 0 1
    outer loop
      vertex 76.42873251423758 -45.5390482243984 10.399999999999999
      vertex 76.42873251423758 -46.3809517756016 10.399999999999999
      vertex 76.49237205583711 -46.51 10.399999999999999
    endloop
  endfacet
  facet normal 0 0 1
    outer loop
      vertex 76.7753624280904 -45.08731132567964 10.399999999999999
      vertex 76.895 -46.912627944162885 10.399999999999999
      vertex 76.895 -45.007372055837116 10.399999999999999
    endloop
  endfacet
  facet normal 0 0 1
    outer loop
      vertex 76.49237205583711 -45.410000000000004 10.399999999999999
      vertex 76.49237205583711 -46.51 10.399999999999999
      vertex 76.57231132567964 -46.62963757190959 10.399999999999999
    endloop
  endfacet
  facet normal 0 0 1
    outer loop
      vertex 76.57231132567964 -45.29036242809041 10.399999999999999
      vertex 76.57231132567964 -46.62963757190959 10.399999999999999
      vertex 76.6671825406948 -46.737817459305205 10.399999999999999
    endloop
  endfacet
  facet normal 0 0 1
    outer loop
      vertex 76.6671825406948 -45.1821825406948 10.399999999999999
      vertex 76.6671825406948 -46.737817459305205 10.399999999999999
      vertex 76.7753624280904 -46.83268867432036 10.399999999999999
    endloop
  endfacet
  facet normal 0 0 1
    outer loop
      vertex 76.7753624280904 -45.08731132567964 10.399999999999999
      vertex 76.7753624280904 -46.83268867432036 10.399999999999999
      vertex 76.895 -46.912627944162885 10.399999999999999
    endloop
  endfacet
  facet normal 0 0 1
    outer loop
      vertex 76.895 -45.007372055837116 10.399999999999999
      vertex 76.895 -46.912627944162885 10.399999999999999
      vertex 77.0240482243984 -46.97626748576241 10.399999999999999
    endloop
  endfacet
  facet normal 0 0 1
    outer loop
      vertex 77.0240482243984 -44.94373251423759 10.399999999999999
      vertex 77.0240482243984 -46.97626748576241 10.399999999999999
      vertex 77.16029905038722 -47.022518408917975 10.399999999999999
    endloop
  endfacet
  facet normal 0 0 1
    outer loop
      vertex 77.16029905038722 -44.89748159108203 10.399999999999999
      vertex 77.16029905038722 -47.022518408917975 10.399999999999999
      vertex 77.30142118855794 -47.05058934751119 10.399999999999999
    endloop
  endfacet
  facet normal 0 0 1
    outer loop
      vertex 77.30142118855794 -44.86941065248881 10.399999999999999
      vertex 77.30142118855794 -47.05058934751119 10.399999999999999
      vertex 77.445 -47.06 10.399999999999999
    endloop
  endfacet
  facet normal 0 0 1
    outer loop
      vertex 77.445 -44.86 10.399999999999999
      vertex 77.445 -47.06 10.399999999999999
      vertex 77.58857881144205 -47.05058934751119 10.399999999999999
    endloop
  endfacet
  facet normal 0 0 1
    outer loop
      vertex 77.58857881144205 -44.86941065248881 10.399999999999999
      vertex 77.58857881144205 -47.05058934751119 10.399999999999999
      vertex 77.72970094961276 -47.022518408917975 10.399999999999999
    endloop
  endfacet
  facet normal 0 0 1
    outer loop
      vertex 77.72970094961276 -44.89748159108203 10.399999999999999
      vertex 77.72970094961276 -47.022518408917975 10.399999999999999
      vertex 77.86595177560159 -46.97626748576241 10.399999999999999
    endloop
  endfacet
  facet normal 0 0 1
    outer loop
      vertex 77.86595177560159 -44.94373251423759 10.399999999999999
      vertex 77.86595177560159 -46.97626748576241 10.399999999999999
      vertex 77.99499999999999 -46.912627944162885 10.399999999999999
    endloop
  endfacet
  facet normal 0 0 1
    outer loop
      vertex 78.11463757190958 -45.08731132567964 10.399999999999999
      vertex 78.22281745930519 -46.737817459305205 10.399999999999999
      vertex 78.22281745930519 -45.1821825406948 10.399999999999999
    endloop
  endfacet
  facet normal 0 0 1
    outer loop
      vertex 78.22281745930519 -45.1821825406948 10.399999999999999
      vertex 78.31768867432035 -46.62963757190959 10.399999999999999
      vertex 78.31768867432035 -45.29036242809041 10.399999999999999
    endloop
  endfacet
  facet normal 0 0 1
    outer loop
      vertex 78.31768867432035 -45.29036242809041 10.399999999999999
      vertex 78.31768867432035 -46.62963757190959 10.399999999999999
      vertex 78.39762794416288 -46.51 10.399999999999999
    endloop
  endfacet
  facet normal 0 0 1
    outer loop
      vertex 78.31768867432035 -45.29036242809041 10.399999999999999
      vertex 78.39762794416288 -46.51 10.399999999999999
      vertex 78.39762794416288 -45.410000000000004 10.399999999999999
    endloop
  endfacet
  facet normal 0 0 1
    outer loop
      vertex 78.39762794416288 -45.410000000000004 10.399999999999999
      vertex 78.4612674857624 -46.3809517756016 10.399999999999999
      vertex 78.4612674857624 -45.5390482243984 10.399999999999999
    endloop
  endfacet
  facet normal 0 0 1
    outer loop
      vertex 78.4612674857624 -45.5390482243984 10.399999999999999
      vertex 78.50751840891797 -46.24470094961277 10.399999999999999
      vertex 78.50751840891797 -45.67529905038723 10.399999999999999
    endloop
  endfacet
  facet normal 0 0 1
    outer loop
      vertex 78.50751840891797 -45.67529905038723 10.399999999999999
      vertex 78.53558934751119 -46.103578811442055 10.399999999999999
      vertex 78.53558934751119 -45.816421188557946 10.399999999999999
    endloop
  endfacet
  facet normal 0 0 1
    outer loop
      vertex 78.53558934751119 -45.816421188557946 10.399999999999999
      vertex 78.53558934751119 -46.103578811442055 10.399999999999999
      vertex 78.54499999999999 -45.96 10.399999999999999
    endloop
  endfacet
  facet normal 0 0 1
    outer loop
      vertex 78.50751840891797 -45.67529905038723 10.399999999999999
      vertex 78.50751840891797 -46.24470094961277 10.399999999999999
      vertex 78.53558934751119 -46.103578811442055 10.399999999999999
    endloop
  endfacet
  facet normal 0 0 1
    outer loop
      vertex 78.4612674857624 -45.5390482243984 10.399999999999999
      vertex 78.4612674857624 -46.3809517756016 10.399999999999999
      vertex 78.50751840891797 -46.24470094961277 10.399999999999999
    endloop
  endfacet
  facet normal 0 0 1
    outer loop
      vertex 78.39762794416288 -45.410000000000004 10.399999999999999
      vertex 78.39762794416288 -46.51 10.399999999999999
      vertex 78.4612674857624 -46.3809517756016 10.399999999999999
    endloop
  endfacet
  facet normal 0 0 1
    outer loop
      vertex 77.99499999999999 -45.007372055837116 10.399999999999999
      vertex 77.99499999999999 -46.912627944162885 10.399999999999999
      vertex 78.11463757190958 -46.83268867432036 10.399999999999999
    endloop
  endfacet
  facet normal 0 0 1
    outer loop
      vertex 78.11463757190958 -45.08731132567964 10.399999999999999
      vertex 78.11463757190958 -46.83268867432036 10.399999999999999
      vertex 78.22281745930519 -46.737817459305205 10.399999999999999
    endloop
  endfacet
  facet normal 0 0 1
    outer loop
      vertex 78.22281745930519 -45.1821825406948 10.399999999999999
      vertex 78.22281745930519 -46.737817459305205 10.399999999999999
      vertex 78.31768867432035 -46.62963757190959 10.399999999999999
    endloop
  endfacet
  facet normal -0.9807852804032293 0.19509032201613385 0
    outer loop
      vertex 76.38248159108201 -45.67529905038723 10.399999999999999
      vertex 76.38248159108201 -45.67529905038723 9.2
      vertex 76.3544106524888 -45.816421188557946 10.399999999999999
    endloop
  endfacet
  facet normal -0.997858923238609 0.06540312923005889 0
    outer loop
      vertex 76.3544106524888 -45.816421188557946 10.399999999999999
      vertex 76.3544106524888 -45.816421188557946 9.2
      vertex 76.345 -45.96 10.399999999999999
    endloop
  endfacet
  facet normal -0.997858923238609 -0.06540312923005889 0
    outer loop
      vertex 76.345 -45.96 10.399999999999999
      vertex 76.345 -45.96 9.2
      vertex 76.3544106524888 -46.103578811442055 10.399999999999999
    endloop
  endfacet
  facet normal -0.9807852804032293 -0.19509032201613385 0
    outer loop
      vertex 76.3544106524888 -46.103578811442055 10.399999999999999
      vertex 76.3544106524888 -46.103578811442055 9.2
      vertex 76.38248159108201 -46.24470094961277 10.399999999999999
    endloop
  endfacet
  facet normal -0.9469301294950908 -0.32143946530320494 0
    outer loop
      vertex 76.38248159108201 -46.24470094961277 10.399999999999999
      vertex 76.38248159108201 -46.24470094961277 9.2
      vertex 76.42873251423758 -46.3809517756016 10.399999999999999
    endloop
  endfacet
  facet normal -0.8968727415326944 -0.44228869021898914 0
    outer loop
      vertex 76.42873251423758 -46.3809517756016 10.399999999999999
      vertex 76.42873251423758 -46.3809517756016 9.2
      vertex 76.49237205583711 -46.51 10.399999999999999
    endloop
  endfacet
  facet normal -0.8314696123025364 -0.5555702330196156 0
    outer loop
      vertex 76.49237205583711 -46.51 10.399999999999999
      vertex 76.49237205583711 -46.51 9.2
      vertex 76.57231132567964 -46.62963757190959 10.399999999999999
    endloop
  endfacet
  facet normal -0.7518398074789777 -0.6593458151000687 0
    outer loop
      vertex 76.57231132567964 -46.62963757190959 10.399999999999999
      vertex 76.57231132567964 -46.62963757190959 9.2
      vertex 76.6671825406948 -46.737817459305205 10.399999999999999
    endloop
  endfacet
  facet normal -0.6593458151000653 -0.7518398074789807 0
    outer loop
      vertex 76.6671825406948 -46.737817459305205 10.399999999999999
      vertex 76.6671825406948 -46.737817459305205 9.2
      vertex 76.7753624280904 -46.83268867432036 10.399999999999999
    endloop
  endfacet
  facet normal -0.5555702330196156 -0.8314696123025364 0
    outer loop
      vertex 76.7753624280904 -46.83268867432036 10.399999999999999
      vertex 76.7753624280904 -46.83268867432036 9.2
      vertex 76.895 -46.912627944162885 10.399999999999999
    endloop
  endfacet
  facet normal -0.44228869021896955 -0.8968727415327039 0
    outer loop
      vertex 76.895 -46.912627944162885 10.399999999999999
      vertex 76.895 -46.912627944162885 9.2
      vertex 77.0240482243984 -46.97626748576241 10.399999999999999
    endloop
  endfacet
  facet normal -0.3214394653031757 -0.9469301294951008 0
    outer loop
      vertex 77.0240482243984 -46.97626748576241 10.399999999999999
      vertex 77.0240482243984 -46.97626748576241 9.2
      vertex 77.16029905038722 -47.022518408917975 10.399999999999999
    endloop
  endfacet
  facet normal -0.19509032201613385 -0.9807852804032293 0
    outer loop
      vertex 77.16029905038722 -47.022518408917975 10.399999999999999
      vertex 77.16029905038722 -47.022518408917975 9.2
      vertex 77.30142118855794 -47.05058934751119 10.399999999999999
    endloop
  endfacet
  facet normal -0.06540312923015723 -0.9978589232386026 0
    outer loop
      vertex 77.30142118855794 -47.05058934751119 10.399999999999999
      vertex 77.30142118855794 -47.05058934751119 9.2
      vertex 77.445 -47.06 10.399999999999999
    endloop
  endfacet
  facet normal 0.06540312923015723 -0.9978589232386026 0
    outer loop
      vertex 77.445 -47.06 10.399999999999999
      vertex 77.445 -47.06 9.2
      vertex 77.58857881144205 -47.05058934751119 10.399999999999999
    endloop
  endfacet
  facet normal 0.3214394653031757 -0.9469301294951008 0
    outer loop
      vertex 77.72970094961276 -47.022518408917975 10.399999999999999
      vertex 77.72970094961276 -47.022518408917975 9.2
      vertex 77.86595177560159 -46.97626748576241 10.399999999999999
    endloop
  endfacet
  facet normal 0.19509032201613385 -0.9807852804032293 0
    outer loop
      vertex 77.58857881144205 -47.05058934751119 10.399999999999999
      vertex 77.58857881144205 -47.05058934751119 9.2
      vertex 77.72970094961276 -47.022518408917975 10.399999999999999
    endloop
  endfacet
  facet normal 0.44228869021896955 -0.8968727415327039 0
    outer loop
      vertex 77.86595177560159 -46.97626748576241 10.399999999999999
      vertex 77.86595177560159 -46.97626748576241 9.2
      vertex 77.99499999999999 -46.912627944162885 10.399999999999999
    endloop
  endfacet
  facet normal 0.9807852804032293 0.19509032201613385 3.5627392161482326e-19
    outer loop
      vertex 78.50751840891797 -45.67529905038723 10.399999999999999
      vertex 78.53558934751119 -45.816421188557946 10.399999999999999
      vertex 78.53558934751119 -45.816421188557946 9.2
    endloop
  endfacet
  facet normal 0.997858923238609 0.06540312923005889 -5.71602286160331e-19
    outer loop
      vertex 78.53558934751119 -45.816421188557946 10.399999999999999
      vertex 78.54499999999999 -45.96 10.399999999999999
      vertex 78.54499999999999 -45.96 9.2
    endloop
  endfacet
  facet normal 0.997858923238609 -0.06540312923005889 5.71602286160331e-19
    outer loop
      vertex 78.54499999999999 -45.96 10.399999999999999
      vertex 78.53558934751119 -46.103578811442055 10.399999999999999
      vertex 78.53558934751119 -46.103578811442055 9.2
    endloop
  endfacet
  facet normal 0.8314696123025364 -0.5555702330196156 0
    outer loop
      vertex 78.31768867432035 -46.62963757190959 10.399999999999999
      vertex 78.31768867432035 -46.62963757190959 9.2
      vertex 78.39762794416288 -46.51 10.399999999999999
    endloop
  endfacet
  facet normal 0.9807852804032293 -0.19509032201613385 -3.5627392161482326e-19
    outer loop
      vertex 78.53558934751119 -46.103578811442055 10.399999999999999
      vertex 78.50751840891797 -46.24470094961277 10.399999999999999
      vertex 78.50751840891797 -46.24470094961277 9.2
    endloop
  endfacet
  facet normal 0.9469301294950908 -0.32143946530320494 6.287746234274969e-19
    outer loop
      vertex 78.50751840891797 -46.24470094961277 10.399999999999999
      vertex 78.4612674857624 -46.3809517756016 10.399999999999999
      vertex 78.4612674857624 -46.3809517756016 9.2
    endloop
  endfacet
  facet normal 0.8968727415326944 -0.44228869021898914 2.723518236376561e-18
    outer loop
      vertex 78.4612674857624 -46.3809517756016 10.399999999999999
      vertex 78.39762794416288 -46.51 10.399999999999999
      vertex 78.39762794416288 -46.51 9.2
    endloop
  endfacet
  facet normal 0.6593458151000653 -0.7518398074789807 0
    outer loop
      vertex 78.11463757190958 -46.83268867432036 10.399999999999999
      vertex 78.11463757190958 -46.83268867432036 9.2
      vertex 78.22281745930519 -46.737817459305205 10.399999999999999
    endloop
  endfacet
  facet normal 0.5555702330196156 -0.8314696123025364 1.2646212205533666e-18
    outer loop
      vertex 78.11463757190958 -46.83268867432036 10.399999999999999
      vertex 77.99499999999999 -46.912627944162885 10.399999999999999
      vertex 77.99499999999999 -46.912627944162885 9.2
    endloop
  endfacet
  facet normal 0.7518398074789777 -0.6593458151000687 -3.223932867145131e-18
    outer loop
      vertex 78.31768867432035 -46.62963757190959 10.399999999999999
      vertex 78.22281745930519 -46.737817459305205 10.399999999999999
      vertex 78.22281745930519 -46.737817459305205 9.2
    endloop
  endfacet
  facet normal -0.9469301294950908 0.32143946530320494 0
    outer loop
      vertex 76.38248159108201 -45.67529905038723 10.399999999999999
      vertex 76.42873251423758 -45.5390482243984 9.2
      vertex 76.38248159108201 -45.67529905038723 9.2
    endloop
  endfacet
  facet normal -0.5555702330196156 0.8314696123025364 0
    outer loop
      vertex 76.7753624280904 -45.08731132567964 10.399999999999999
      vertex 76.895 -45.007372055837116 9.2
      vertex 76.7753624280904 -45.08731132567964 9.2
    endloop
  endfacet
  facet normal -0.44228869021896955 0.8968727415327039 0
    outer loop
      vertex 76.895 -45.007372055837116 10.399999999999999
      vertex 77.0240482243984 -44.94373251423759 9.2
      vertex 76.895 -45.007372055837116 9.2
    endloop
  endfacet
  facet normal -0.3214394653031757 0.9469301294951008 0
    outer loop
      vertex 77.0240482243984 -44.94373251423759 10.399999999999999
      vertex 77.16029905038722 -44.89748159108203 9.2
      vertex 77.0240482243984 -44.94373251423759 9.2
    endloop
  endfacet
  facet normal -0.19509032201613385 0.9807852804032293 0
    outer loop
      vertex 77.16029905038722 -44.89748159108203 10.399999999999999
      vertex 77.30142118855794 -44.86941065248881 9.2
      vertex 77.16029905038722 -44.89748159108203 9.2
    endloop
  endfacet
  facet normal -0.7518398074789777 0.6593458151000687 0
    outer loop
      vertex 76.57231132567964 -45.29036242809041 10.399999999999999
      vertex 76.6671825406948 -45.1821825406948 9.2
      vertex 76.57231132567964 -45.29036242809041 9.2
    endloop
  endfacet
  facet normal -0.8314696123025364 0.5555702330196156 0
    outer loop
      vertex 76.49237205583711 -45.410000000000004 10.399999999999999
      vertex 76.57231132567964 -45.29036242809041 9.2
      vertex 76.49237205583711 -45.410000000000004 9.2
    endloop
  endfacet
  facet normal -0.6593458151000653 0.7518398074789807 0
    outer loop
      vertex 76.6671825406948 -45.1821825406948 10.399999999999999
      vertex 76.7753624280904 -45.08731132567964 9.2
      vertex 76.6671825406948 -45.1821825406948 9.2
    endloop
  endfacet
  facet normal -0.8968727415326944 0.44228869021898914 0
    outer loop
      vertex 76.42873251423758 -45.5390482243984 10.399999999999999
      vertex 76.49237205583711 -45.410000000000004 9.2
      vertex 76.42873251423758 -45.5390482243984 9.2
    endloop
  endfacet
  facet normal -0.06540312923015723 0.9978589232386026 0
    outer loop
      vertex 77.30142118855794 -44.86941065248881 10.399999999999999
      vertex 77.445 -44.86 9.2
      vertex 77.30142118855794 -44.86941065248881 9.2
    endloop
  endfacet
  facet normal 0.06540312923015723 0.9978589232386026 0
    outer loop
      vertex 77.445 -44.86 10.399999999999999
      vertex 77.58857881144205 -44.86941065248881 9.2
      vertex 77.445 -44.86 9.2
    endloop
  endfacet
  facet normal 0.19509032201613385 0.9807852804032293 0
    outer loop
      vertex 77.58857881144205 -44.86941065248881 10.399999999999999
      vertex 77.72970094961276 -44.89748159108203 9.2
      vertex 77.58857881144205 -44.86941065248881 9.2
    endloop
  endfacet
  facet normal 0.3214394653031757 0.9469301294951008 0
    outer loop
      vertex 77.72970094961276 -44.89748159108203 10.399999999999999
      vertex 77.86595177560159 -44.94373251423759 9.2
      vertex 77.72970094961276 -44.89748159108203 9.2
    endloop
  endfacet
  facet normal 0.44228869021896955 0.8968727415327039 0
    outer loop
      vertex 77.86595177560159 -44.94373251423759 10.399999999999999
      vertex 77.99499999999999 -45.007372055837116 9.2
      vertex 77.86595177560159 -44.94373251423759 9.2
    endloop
  endfacet
  facet normal 0.5555702330196156 0.8314696123025364 0
    outer loop
      vertex 77.99499999999999 -45.007372055837116 10.399999999999999
      vertex 78.11463757190958 -45.08731132567964 9.2
      vertex 77.99499999999999 -45.007372055837116 9.2
    endloop
  endfacet
  facet normal 0.6593458151000653 0.7518398074789807 0
    outer loop
      vertex 78.11463757190958 -45.08731132567964 10.399999999999999
      vertex 78.22281745930519 -45.1821825406948 9.2
      vertex 78.11463757190958 -45.08731132567964 9.2
    endloop
  endfacet
  facet normal 0.7518398074789777 0.6593458151000687 0
    outer loop
      vertex 78.22281745930519 -45.1821825406948 10.399999999999999
      vertex 78.31768867432035 -45.29036242809041 9.2
      vertex 78.22281745930519 -45.1821825406948 9.2
    endloop
  endfacet
  facet normal 0.8314696123025364 0.5555702330196156 0
    outer loop
      vertex 78.31768867432035 -45.29036242809041 10.399999999999999
      vertex 78.39762794416288 -45.410000000000004 9.2
      vertex 78.31768867432035 -45.29036242809041 9.2
    endloop
  endfacet
  facet normal 0.8968727415326944 0.44228869021898914 0
    outer loop
      vertex 78.39762794416288 -45.410000000000004 10.399999999999999
      vertex 78.4612674857624 -45.5390482243984 9.2
      vertex 78.39762794416288 -45.410000000000004 9.2
    endloop
  endfacet
  facet normal 0.9469301294950908 0.32143946530320494 0
    outer loop
      vertex 78.4612674857624 -45.5390482243984 10.399999999999999
      vertex 78.50751840891797 -45.67529905038723 9.2
      vertex 78.4612674857624 -45.5390482243984 9.2
    endloop
  endfacet
  facet normal -0.9807852804032293 0.19509032201613385 0
    outer loop
      vertex 76.3544106524888 -45.816421188557946 10.399999999999999
      vertex 76.38248159108201 -45.67529905038723 9.2
      vertex 76.3544106524888 -45.816421188557946 9.2
    endloop
  endfacet
  facet normal -0.997858923238609 0.06540312923005889 0
    outer loop
      vertex 76.345 -45.96 10.399999999999999
      vertex 76.3544106524888 -45.816421188557946 9.2
      vertex 76.345 -45.96 9.2
    endloop
  endfacet
  facet normal -0.997858923238609 -0.06540312923005889 0
    outer loop
      vertex 76.3544106524888 -46.103578811442055 10.399999999999999
      vertex 76.345 -45.96 9.2
      vertex 76.3544106524888 -46.103578811442055 9.2
    endloop
  endfacet
  facet normal -0.9807852804032293 -0.19509032201613385 0
    outer loop
      vertex 76.38248159108201 -46.24470094961277 10.399999999999999
      vertex 76.3544106524888 -46.103578811442055 9.2
      vertex 76.38248159108201 -46.24470094961277 9.2
    endloop
  endfacet
  facet normal -0.9469301294950908 -0.32143946530320494 0
    outer loop
      vertex 76.42873251423758 -46.3809517756016 10.399999999999999
      vertex 76.38248159108201 -46.24470094961277 9.2
      vertex 76.42873251423758 -46.3809517756016 9.2
    endloop
  endfacet
  facet normal -0.8968727415326944 -0.44228869021898914 0
    outer loop
      vertex 76.49237205583711 -46.51 10.399999999999999
      vertex 76.42873251423758 -46.3809517756016 9.2
      vertex 76.49237205583711 -46.51 9.2
    endloop
  endfacet
  facet normal -0.8314696123025364 -0.5555702330196156 0
    outer loop
      vertex 76.57231132567964 -46.62963757190959 10.399999999999999
      vertex 76.49237205583711 -46.51 9.2
      vertex 76.57231132567964 -46.62963757190959 9.2
    endloop
  endfacet
  facet normal -0.7518398074789777 -0.6593458151000687 0
    outer loop
      vertex 76.6671825406948 -46.737817459305205 10.399999999999999
      vertex 76.57231132567964 -46.62963757190959 9.2
      vertex 76.6671825406948 -46.737817459305205 9.2
    endloop
  endfacet
  facet normal -0.6593458151000653 -0.7518398074789807 0
    outer loop
      vertex 76.7753624280904 -46.83268867432036 10.399999999999999
      vertex 76.6671825406948 -46.737817459305205 9.2
      vertex 76.7753624280904 -46.83268867432036 9.2
    endloop
  endfacet
  facet normal -0.5555702330196156 -0.8314696123025364 0
    outer loop
      vertex 76.895 -46.912627944162885 10.399999999999999
      vertex 76.7753624280904 -46.83268867432036 9.2
      vertex 76.895 -46.912627944162885 9.2
    endloop
  endfacet
  facet normal -0.44228869021896955 -0.8968727415327039 0
    outer loop
      vertex 77.0240482243984 -46.97626748576241 10.399999999999999
      vertex 76.895 -46.912627944162885 9.2
      vertex 77.0240482243984 -46.97626748576241 9.2
    endloop
  endfacet
  facet normal -0.3214394653031757 -0.9469301294951008 0
    outer loop
      vertex 77.16029905038722 -47.022518408917975 10.399999999999999
      vertex 77.0240482243984 -46.97626748576241 9.2
      vertex 77.16029905038722 -47.022518408917975 9.2
    endloop
  endfacet
  facet normal -0.19509032201613385 -0.9807852804032293 0
    outer loop
      vertex 77.30142118855794 -47.05058934751119 10.399999999999999
      vertex 77.16029905038722 -47.022518408917975 9.2
      vertex 77.30142118855794 -47.05058934751119 9.2
    endloop
  endfacet
  facet normal -0.06540312923015723 -0.9978589232386026 0
    outer loop
      vertex 77.445 -47.06 10.399999999999999
      vertex 77.30142118855794 -47.05058934751119 9.2
      vertex 77.445 -47.06 9.2
    endloop
  endfacet
  facet normal 0.06540312923015723 -0.9978589232386026 0
    outer loop
      vertex 77.58857881144205 -47.05058934751119 10.399999999999999
      vertex 77.445 -47.06 9.2
      vertex 77.58857881144205 -47.05058934751119 9.2
    endloop
  endfacet
  facet normal 0.44228869021896955 -0.8968727415327039 0
    outer loop
      vertex 77.99499999999999 -46.912627944162885 10.399999999999999
      vertex 77.86595177560159 -46.97626748576241 9.2
      vertex 77.99499999999999 -46.912627944162885 9.2
    endloop
  endfacet
  facet normal 0.19509032201613385 -0.9807852804032293 0
    outer loop
      vertex 77.72970094961276 -47.022518408917975 10.399999999999999
      vertex 77.58857881144205 -47.05058934751119 9.2
      vertex 77.72970094961276 -47.022518408917975 9.2
    endloop
  endfacet
  facet normal 0.3214394653031757 -0.9469301294951008 0
    outer loop
      vertex 77.86595177560159 -46.97626748576241 10.399999999999999
      vertex 77.72970094961276 -47.022518408917975 9.2
      vertex 77.86595177560159 -46.97626748576241 9.2
    endloop
  endfacet
  facet normal 0.9807852804032293 0.19509032201613385 0
    outer loop
      vertex 78.50751840891797 -45.67529905038723 10.399999999999999
      vertex 78.53558934751119 -45.816421188557946 9.2
      vertex 78.50751840891797 -45.67529905038723 9.2
    endloop
  endfacet
  facet normal 0.997858923238609 0.06540312923005889 0
    outer loop
      vertex 78.53558934751119 -45.816421188557946 10.399999999999999
      vertex 78.54499999999999 -45.96 9.2
      vertex 78.53558934751119 -45.816421188557946 9.2
    endloop
  endfacet
  facet normal 0.997858923238609 -0.06540312923005889 0
    outer loop
      vertex 78.54499999999999 -45.96 10.399999999999999
      vertex 78.53558934751119 -46.103578811442055 9.2
      vertex 78.54499999999999 -45.96 9.2
    endloop
  endfacet
  facet normal 0.9807852804032293 -0.19509032201613385 0
    outer loop
      vertex 78.53558934751119 -46.103578811442055 10.399999999999999
      vertex 78.50751840891797 -46.24470094961277 9.2
      vertex 78.53558934751119 -46.103578811442055 9.2
    endloop
  endfacet
  facet normal 0.7518398074789777 -0.6593458151000687 0
    outer loop
      vertex 78.31768867432035 -46.62963757190959 10.399999999999999
      vertex 78.22281745930519 -46.737817459305205 9.2
      vertex 78.31768867432035 -46.62963757190959 9.2
    endloop
  endfacet
  facet normal 0.9469301294950908 -0.32143946530320494 0
    outer loop
      vertex 78.50751840891797 -46.24470094961277 10.399999999999999
      vertex 78.4612674857624 -46.3809517756016 9.2
      vertex 78.50751840891797 -46.24470094961277 9.2
    endloop
  endfacet
  facet normal 0.8968727415326944 -0.44228869021898914 0
    outer loop
      vertex 78.4612674857624 -46.3809517756016 10.399999999999999
      vertex 78.39762794416288 -46.51 9.2
      vertex 78.4612674857624 -46.3809517756016 9.2
    endloop
  endfacet
  facet normal 0.8314696123025364 -0.5555702330196156 0
    outer loop
      vertex 78.39762794416288 -46.51 10.399999999999999
      vertex 78.31768867432035 -46.62963757190959 9.2
      vertex 78.39762794416288 -46.51 9.2
    endloop
  endfacet
  facet normal 0.5555702330196156 -0.8314696123025364 0
    outer loop
      vertex 78.11463757190958 -46.83268867432036 10.399999999999999
      vertex 77.99499999999999 -46.912627944162885 9.2
      vertex 78.11463757190958 -46.83268867432036 9.2
    endloop
  endfacet
  facet normal 0.6593458151000653 -0.7518398074789807 0
    outer loop
      vertex 78.22281745930519 -46.737817459305205 10.399999999999999
      vertex 78.11463757190958 -46.83268867432036 9.2
      vertex 78.22281745930519 -46.737817459305205 9.2
    endloop
  endfacet
  facet normal 0 0 1
    outer loop
      vertex -81.14051813004514 -44.42926627053964 9.2
      vertex -81.30870330515627 -44.924723819589914 9.2
      vertex -81.14051813004514 -47.49073372946036 9.2
    endloop
  endfacet
  facet normal 0 0 1
    outer loop
      vertex -80.61841336116494 -43.524954283965116 9.2
      vertex -80.90910161513774 -43.96 9.2
      vertex -80.61841336116494 -48.395045716034886 9.2
    endloop
  endfacet
  facet normal 0 0 1
    outer loop
      vertex -81.14051813004514 -44.42926627053964 9.2
      vertex -80.90910161513774 -47.96 9.2
      vertex -80.90910161513774 -43.96 9.2
    endloop
  endfacet
  facet normal 0 0 1
    outer loop
      vertex -80.27342712474618 -43.13157287525381 9.2
      vertex -80.61841336116494 -43.524954283965116 9.2
      vertex -80.27342712474618 -48.78842712474619 9.2
    endloop
  endfacet
  facet normal 0 0 1
    outer loop
      vertex -80.27342712474618 -43.13157287525381 9.2
      vertex -79.88004571603487 -49.13341336116494 9.2
      vertex -79.88004571603487 -42.78658663883506 9.2
    endloop
  endfacet
  facet normal 0 0 1
    outer loop
      vertex -79.88004571603487 -42.78658663883506 9.2
      vertex -79.445 -49.42410161513776 9.2
      vertex -79.445 -42.495898384862244 9.2
    endloop
  endfacet
  facet normal 0 0 1
    outer loop
      vertex -81.41077944549524 -45.437895231119796 9.2
      vertex -81.445 -45.96 9.2
      vertex -81.41077944549524 -46.482104768880205 9.2
    endloop
  endfacet
  facet normal 0 0 1
    outer loop
      vertex -81.30870330515627 -44.924723819589914 9.2
      vertex -81.41077944549524 -45.437895231119796 9.2
      vertex -81.30870330515627 -46.99527618041009 9.2
    endloop
  endfacet
  facet normal 0 0 1
    outer loop
      vertex -81.41077944549524 -45.437895231119796 9.2
      vertex -81.41077944549524 -46.482104768880205 9.2
      vertex -81.30870330515627 -46.99527618041009 9.2
    endloop
  endfacet
  facet normal 0 0 1
    outer loop
      vertex -81.30870330515627 -44.924723819589914 9.2
      vertex -81.30870330515627 -46.99527618041009 9.2
      vertex -81.14051813004514 -47.49073372946036 9.2
    endloop
  endfacet
  facet normal 0 0 1
    outer loop
      vertex -81.14051813004514 -44.42926627053964 9.2
      vertex -81.14051813004514 -47.49073372946036 9.2
      vertex -80.90910161513774 -47.96 9.2
    endloop
  endfacet
  facet normal 0 0 1
    outer loop
      vertex -80.90910161513774 -43.96 9.2
      vertex -80.90910161513774 -47.96 9.2
      vertex -80.61841336116494 -48.395045716034886 9.2
    endloop
  endfacet
  facet normal 0 0 1
    outer loop
      vertex -80.61841336116494 -43.524954283965116 9.2
      vertex -80.61841336116494 -48.395045716034886 9.2
      vertex -80.27342712474618 -48.78842712474619 9.2
    endloop
  endfacet
  facet normal 0 0 1
    outer loop
      vertex -80.27342712474618 -43.13157287525381 9.2
      vertex -80.27342712474618 -48.78842712474619 9.2
      vertex -79.88004571603487 -49.13341336116494 9.2
    endloop
  endfacet
  facet normal 0 0 1
    outer loop
      vertex -79.88004571603487 -42.78658663883506 9.2
      vertex -79.88004571603487 -49.13341336116494 9.2
      vertex -79.445 -49.42410161513776 9.2
    endloop
  endfacet
  facet normal 0 0 1
    outer loop
      vertex -78.48027618041007 -42.09629669484373 9.2
      vertex -77.86595177560159 -44.94373251423759 9.2
      vertex -77.9671047688802 -41.99422055450476 9.2
    endloop
  endfacet
  facet normal 0 0 1
    outer loop
      vertex -78.97573372946036 -42.26448186995486 9.2
      vertex -78.4612674857624 -45.5390482243984 9.2
      vertex -78.48027618041007 -42.09629669484373 9.2
    endloop
  endfacet
  facet normal 0 0 1
    outer loop
      vertex -77.9671047688802 -41.99422055450476 9.2
      vertex -77.445 -44.86 9.2
      vertex -77.445 -41.96 9.2
    endloop
  endfacet
  facet normal 0 0 1
    outer loop
      vertex -77.445 -41.96 9.2
      vertex -77.16029905038722 -44.89748159108203 9.2
      vertex -76.92289523111978 -41.99422055450476 9.2
    endloop
  endfacet
  facet normal 0 0 1
    outer loop
      vertex -76.92289523111978 -41.99422055450476 9.2
      vertex -76.6671825406948 -45.1821825406948 9.2
      vertex -76.40972381958991 -42.09629669484373 9.2
    endloop
  endfacet
  facet normal 0 0 1
    outer loop
      vertex -78.48027618041007 -42.09629669484373 9.2
      vertex -78.11463757190958 -45.08731132567964 9.2
      vertex -77.99499999999999 -45.007372055837116 9.2
    endloop
  endfacet
  facet normal 0 0 1
    outer loop
      vertex -78.48027618041007 -42.09629669484373 9.2
      vertex -77.99499999999999 -45.007372055837116 9.2
      vertex -77.86595177560159 -44.94373251423759 9.2
    endloop
  endfacet
  facet normal 0 0 1
    outer loop
      vertex -78.48027618041007 -42.09629669484373 9.2
      vertex -78.39762794416288 -45.410000000000004 9.2
      vertex -78.31768867432035 -45.29036242809041 9.2
    endloop
  endfacet
  facet normal 0 0 1
    outer loop
      vertex -78.48027618041007 -42.09629669484373 9.2
      vertex -78.4612674857624 -45.5390482243984 9.2
      vertex -78.39762794416288 -45.410000000000004 9.2
    endloop
  endfacet
  facet normal 0 0 1
    outer loop
      vertex -78.97573372946036 -42.26448186995486 9.2
      vertex -78.50751840891797 -45.67529905038723 9.2
      vertex -78.4612674857624 -45.5390482243984 9.2
    endloop
  endfacet
  facet normal 0 0 1
    outer loop
      vertex -78.97573372946036 -42.26448186995486 9.2
      vertex -78.53558934751119 -45.816421188557946 9.2
      vertex -78.50751840891797 -45.67529905038723 9.2
    endloop
  endfacet
  facet normal 0 0 1
    outer loop
      vertex -78.48027618041007 -42.09629669484373 9.2
      vertex -78.31768867432035 -45.29036242809041 9.2
      vertex -78.22281745930519 -45.1821825406948 9.2
    endloop
  endfacet
  facet normal 0 0 1
    outer loop
      vertex -78.48027618041007 -42.09629669484373 9.2
      vertex -78.22281745930519 -45.1821825406948 9.2
      vertex -78.11463757190958 -45.08731132567964 9.2
    endloop
  endfacet
  facet normal 0 0 1
    outer loop
      vertex -79.445 -42.495898384862244 9.2
      vertex -78.97573372946036 -49.655518130045145 9.2
      vertex -78.97573372946036 -42.26448186995486 9.2
    endloop
  endfacet
  facet normal 0 0 1
    outer loop
      vertex -78.97573372946036 -42.26448186995486 9.2
      vertex -78.54499999999999 -45.96 9.2
      vertex -78.53558934751119 -45.816421188557946 9.2
    endloop
  endfacet
  facet normal 0 0 1
    outer loop
      vertex -78.97573372946036 -42.26448186995486 9.2
      vertex -78.53558934751119 -46.103578811442055 9.2
      vertex -78.54499999999999 -45.96 9.2
    endloop
  endfacet
  facet normal 0 0 1
    outer loop
      vertex -77.9671047688802 -41.99422055450476 9.2
      vertex -77.86595177560159 -44.94373251423759 9.2
      vertex -77.72970094961276 -44.89748159108203 9.2
    endloop
  endfacet
  facet normal 0 0 1
    outer loop
      vertex -77.9671047688802 -41.99422055450476 9.2
      vertex -77.58857881144205 -44.86941065248881 9.2
      vertex -77.445 -44.86 9.2
    endloop
  endfacet
  facet normal 0 0 1
    outer loop
      vertex -77.9671047688802 -41.99422055450476 9.2
      vertex -77.72970094961276 -44.89748159108203 9.2
      vertex -77.58857881144205 -44.86941065248881 9.2
    endloop
  endfacet
  facet normal 0 0 1
    outer loop
      vertex -77.445 -41.96 9.2
      vertex -77.445 -44.86 9.2
      vertex -77.30142118855794 -44.86941065248881 9.2
    endloop
  endfacet
  facet normal 0 0 1
    outer loop
      vertex -77.445 -41.96 9.2
      vertex -77.30142118855794 -44.86941065248881 9.2
      vertex -77.16029905038722 -44.89748159108203 9.2
    endloop
  endfacet
  facet normal 0 0 1
    outer loop
      vertex -76.92289523111978 -41.99422055450476 9.2
      vertex -77.16029905038722 -44.89748159108203 9.2
      vertex -77.0240482243984 -44.94373251423759 9.2
    endloop
  endfacet
  facet normal 0 0 1
    outer loop
      vertex -76.92289523111978 -41.99422055450476 9.2
      vertex -77.0240482243984 -44.94373251423759 9.2
      vertex -76.895 -45.007372055837116 9.2
    endloop
  endfacet
  facet normal 0 0 1
    outer loop
      vertex -76.92289523111978 -41.99422055450476 9.2
      vertex -76.895 -45.007372055837116 9.2
      vertex -76.7753624280904 -45.08731132567964 9.2
    endloop
  endfacet
  facet normal 0 0 1
    outer loop
      vertex -76.92289523111978 -41.99422055450476 9.2
      vertex -76.7753624280904 -45.08731132567964 9.2
      vertex -76.6671825406948 -45.1821825406948 9.2
    endloop
  endfacet
  facet normal 0 0 1
    outer loop
      vertex -76.6671825406948 -45.1821825406948 9.2
      vertex -76.57231132567964 -45.29036242809041 9.2
      vertex -76.40972381958991 -42.09629669484373 9.2
    endloop
  endfacet
  facet normal 0 0 1
    outer loop
      vertex -76.57231132567964 -45.29036242809041 9.2
      vertex -76.49237205583711 -45.410000000000004 9.2
      vertex -76.40972381958991 -42.09629669484373 9.2
    endloop
  endfacet
  facet normal 0 0 1
    outer loop
      vertex -76.49237205583711 -45.410000000000004 9.2
      vertex -76.42873251423758 -45.5390482243984 9.2
      vertex -76.40972381958991 -42.09629669484373 9.2
    endloop
  endfacet
  facet normal 0 0 1
    outer loop
      vertex -76.40972381958991 -42.09629669484373 9.2
      vertex -76.42873251423758 -45.5390482243984 9.2
      vertex -76.38248159108201 -45.67529905038723 9.2
    endloop
  endfacet
  facet normal 0 0 1
    outer loop
      vertex -76.40972381958991 -42.09629669484373 9.2
      vertex -76.38248159108201 -45.67529905038723 9.2
      vertex -76.3544106524888 -45.816421188557946 9.2
    endloop
  endfacet
  facet normal 0 0 1
    outer loop
      vertex -76.40972381958991 -42.09629669484373 9.2
      vertex -75.91426627053963 -49.655518130045145 9.2
      vertex -75.91426627053963 -42.26448186995486 9.2
    endloop
  endfacet
  facet normal 0 0 1
    outer loop
      vertex -75.91426627053963 -42.26448186995486 9.2
      vertex -75.445 -49.42410161513776 9.2
      vertex -75.445 -42.495898384862244 9.2
    endloop
  endfacet
  facet normal 0 0 1
    outer loop
      vertex -75.445 -42.495898384862244 9.2
      vertex -75.00995428396511 -49.13341336116494 9.2
      vertex -75.00995428396511 -42.78658663883506 9.2
    endloop
  endfacet
  facet normal 0 0 1
    outer loop
      vertex -75.00995428396511 -42.78658663883506 9.2
      vertex -74.61657287525381 -48.78842712474619 9.2
      vertex -74.61657287525381 -43.13157287525381 9.2
    endloop
  endfacet
  facet normal 0 0 1
    outer loop
      vertex -74.61657287525381 -43.13157287525381 9.2
      vertex -74.27158663883505 -48.395045716034886 9.2
      vertex -74.27158663883505 -43.524954283965116 9.2
    endloop
  endfacet
  facet normal 0 0 1
    outer loop
      vertex -74.27158663883505 -43.524954283965116 9.2
      vertex -73.98089838486224 -47.96 9.2
      vertex -73.98089838486224 -43.96 9.2
    endloop
  endfacet
  facet normal 0 0 1
    outer loop
      vertex -73.98089838486224 -43.96 9.2
      vertex -73.74948186995485 -47.49073372946036 9.2
      vertex -73.74948186995485 -44.42926627053964 9.2
    endloop
  endfacet
  facet normal 0 0 1
    outer loop
      vertex -73.74948186995485 -44.42926627053964 9.2
      vertex -73.58129669484372 -46.99527618041009 9.2
      vertex -73.58129669484372 -44.924723819589914 9.2
    endloop
  endfacet
  facet normal 0 0 1
    outer loop
      vertex -73.58129669484372 -44.924723819589914 9.2
      vertex -73.47922055450475 -46.482104768880205 9.2
      vertex -73.47922055450475 -45.437895231119796 9.2
    endloop
  endfacet
  facet normal 0 0 1
    outer loop
      vertex -78.97573372946036 -42.26448186995486 9.2
      vertex -78.48027618041007 -49.82370330515627 9.2
      vertex -78.53558934751119 -46.103578811442055 9.2
    endloop
  endfacet
  facet normal 0 0 1
    outer loop
      vertex -79.445 -42.495898384862244 9.2
      vertex -79.445 -49.42410161513776 9.2
      vertex -78.97573372946036 -49.655518130045145 9.2
    endloop
  endfacet
  facet normal 0 0 1
    outer loop
      vertex -78.97573372946036 -42.26448186995486 9.2
      vertex -78.97573372946036 -49.655518130045145 9.2
      vertex -78.48027618041007 -49.82370330515627 9.2
    endloop
  endfacet
  facet normal 0 0 1
    outer loop
      vertex -78.53558934751119 -46.103578811442055 9.2
      vertex -78.48027618041007 -49.82370330515627 9.2
      vertex -78.50751840891797 -46.24470094961277 9.2
    endloop
  endfacet
  facet normal 0 0 1
    outer loop
      vertex -78.50751840891797 -46.24470094961277 9.2
      vertex -78.48027618041007 -49.82370330515627 9.2
      vertex -78.4612674857624 -46.3809517756016 9.2
    endloop
  endfacet
  facet normal 0 0 1
    outer loop
      vertex -78.4612674857624 -46.3809517756016 9.2
      vertex -78.48027618041007 -49.82370330515627 9.2
      vertex -78.39762794416288 -46.51 9.2
    endloop
  endfacet
  facet normal 0 0 1
    outer loop
      vertex -78.39762794416288 -46.51 9.2
      vertex -78.48027618041007 -49.82370330515627 9.2
      vertex -78.31768867432035 -46.62963757190959 9.2
    endloop
  endfacet
  facet normal 0 0 1
    outer loop
      vertex -76.49237205583711 -46.51 9.2
      vertex -76.57231132567964 -46.62963757190959 9.2
      vertex -76.40972381958991 -49.82370330515627 9.2
    endloop
  endfacet
  facet normal 0 0 1
    outer loop
      vertex -78.31768867432035 -46.62963757190959 9.2
      vertex -78.48027618041007 -49.82370330515627 9.2
      vertex -78.22281745930519 -46.737817459305205 9.2
    endloop
  endfacet
  facet normal 0 0 1
    outer loop
      vertex -78.22281745930519 -46.737817459305205 9.2
      vertex -77.9671047688802 -49.925779445495245 9.2
      vertex -78.11463757190958 -46.83268867432036 9.2
    endloop
  endfacet
  facet normal 0 0 1
    outer loop
      vertex -78.11463757190958 -46.83268867432036 9.2
      vertex -77.9671047688802 -49.925779445495245 9.2
      vertex -77.99499999999999 -46.912627944162885 9.2
    endloop
  endfacet
  facet normal 0 0 1
    outer loop
      vertex -78.22281745930519 -46.737817459305205 9.2
      vertex -78.48027618041007 -49.82370330515627 9.2
      vertex -77.9671047688802 -49.925779445495245 9.2
    endloop
  endfacet
  facet normal 0 0 1
    outer loop
      vertex -77.99499999999999 -46.912627944162885 9.2
      vertex -77.9671047688802 -49.925779445495245 9.2
      vertex -77.86595177560159 -46.97626748576241 9.2
    endloop
  endfacet
  facet normal 0 0 1
    outer loop
      vertex -77.86595177560159 -46.97626748576241 9.2
      vertex -77.9671047688802 -49.925779445495245 9.2
      vertex -77.72970094961276 -47.022518408917975 9.2
    endloop
  endfacet
  facet normal 0 0 1
    outer loop
      vertex -77.72970094961276 -47.022518408917975 9.2
      vertex -77.445 -49.96 9.2
      vertex -77.58857881144205 -47.05058934751119 9.2
    endloop
  endfacet
  facet normal 0 0 1
    outer loop
      vertex -77.58857881144205 -47.05058934751119 9.2
      vertex -77.445 -49.96 9.2
      vertex -77.445 -47.06 9.2
    endloop
  endfacet
  facet normal 0 0 1
    outer loop
      vertex -77.445 -47.06 9.2
      vertex -76.92289523111978 -49.925779445495245 9.2
      vertex -77.30142118855794 -47.05058934751119 9.2
    endloop
  endfacet
  facet normal 0 0 1
    outer loop
      vertex -77.16029905038722 -47.022518408917975 9.2
      vertex -76.92289523111978 -49.925779445495245 9.2
      vertex -77.0240482243984 -46.97626748576241 9.2
    endloop
  endfacet
  facet normal 0 0 1
    outer loop
      vertex -77.30142118855794 -47.05058934751119 9.2
      vertex -76.92289523111978 -49.925779445495245 9.2
      vertex -77.16029905038722 -47.022518408917975 9.2
    endloop
  endfacet
  facet normal 0 0 1
    outer loop
      vertex -76.895 -46.912627944162885 9.2
      vertex -77.0240482243984 -46.97626748576241 9.2
      vertex -76.40972381958991 -49.82370330515627 9.2
    endloop
  endfacet
  facet normal 0 0 1
    outer loop
      vertex -76.895 -46.912627944162885 9.2
      vertex -76.40972381958991 -49.82370330515627 9.2
      vertex -76.7753624280904 -46.83268867432036 9.2
    endloop
  endfacet
  facet normal 0 0 1
    outer loop
      vertex -76.6671825406948 -46.737817459305205 9.2
      vertex -76.7753624280904 -46.83268867432036 9.2
      vertex -76.40972381958991 -49.82370330515627 9.2
    endloop
  endfacet
  facet normal 0 0 1
    outer loop
      vertex -76.57231132567964 -46.62963757190959 9.2
      vertex -76.6671825406948 -46.737817459305205 9.2
      vertex -76.40972381958991 -49.82370330515627 9.2
    endloop
  endfacet
  facet normal 0 0 1
    outer loop
      vertex -77.72970094961276 -47.022518408917975 9.2
      vertex -77.9671047688802 -49.925779445495245 9.2
      vertex -77.445 -49.96 9.2
    endloop
  endfacet
  facet normal 0 0 1
    outer loop
      vertex -77.445 -47.06 9.2
      vertex -77.445 -49.96 9.2
      vertex -76.92289523111978 -49.925779445495245 9.2
    endloop
  endfacet
  facet normal 0 0 1
    outer loop
      vertex -77.0240482243984 -46.97626748576241 9.2
      vertex -76.92289523111978 -49.925779445495245 9.2
      vertex -76.40972381958991 -49.82370330515627 9.2
    endloop
  endfacet
  facet normal 0 0 1
    outer loop
      vertex -76.40972381958991 -42.09629669484373 9.2
      vertex -76.3544106524888 -45.816421188557946 9.2
      vertex -75.91426627053963 -49.655518130045145 9.2
    endloop
  endfacet
  facet normal 0 0 1
    outer loop
      vertex -76.3544106524888 -45.816421188557946 9.2
      vertex -76.345 -45.96 9.2
      vertex -75.91426627053963 -49.655518130045145 9.2
    endloop
  endfacet
  facet normal 0 0 1
    outer loop
      vertex -75.91426627053963 -42.26448186995486 9.2
      vertex -75.91426627053963 -49.655518130045145 9.2
      vertex -75.445 -49.42410161513776 9.2
    endloop
  endfacet
  facet normal 0 0 1
    outer loop
      vertex -76.345 -45.96 9.2
      vertex -76.3544106524888 -46.103578811442055 9.2
      vertex -75.91426627053963 -49.655518130045145 9.2
    endloop
  endfacet
  facet normal 0 0 1
    outer loop
      vertex -76.3544106524888 -46.103578811442055 9.2
      vertex -76.38248159108201 -46.24470094961277 9.2
      vertex -75.91426627053963 -49.655518130045145 9.2
    endloop
  endfacet
  facet normal 0 0 1
    outer loop
      vertex -76.38248159108201 -46.24470094961277 9.2
      vertex -76.42873251423758 -46.3809517756016 9.2
      vertex -75.91426627053963 -49.655518130045145 9.2
    endloop
  endfacet
  facet normal 0 0 1
    outer loop
      vertex -76.49237205583711 -46.51 9.2
      vertex -76.40972381958991 -49.82370330515627 9.2
      vertex -76.42873251423758 -46.3809517756016 9.2
    endloop
  endfacet
  facet normal 0 0 1
    outer loop
      vertex -75.445 -42.495898384862244 9.2
      vertex -75.445 -49.42410161513776 9.2
      vertex -75.00995428396511 -49.13341336116494 9.2
    endloop
  endfacet
  facet normal 0 0 1
    outer loop
      vertex -74.27158663883505 -43.524954283965116 9.2
      vertex -74.27158663883505 -48.395045716034886 9.2
      vertex -73.98089838486224 -47.96 9.2
    endloop
  endfacet
  facet normal 0 0 1
    outer loop
      vertex -73.47922055450475 -45.437895231119796 9.2
      vertex -73.47922055450475 -46.482104768880205 9.2
      vertex -73.445 -45.96 9.2
    endloop
  endfacet
  facet normal 0 0 1
    outer loop
      vertex -73.58129669484372 -44.924723819589914 9.2
      vertex -73.58129669484372 -46.99527618041009 9.2
      vertex -73.47922055450475 -46.482104768880205 9.2
    endloop
  endfacet
  facet normal 0 0 1
    outer loop
      vertex -73.98089838486224 -43.96 9.2
      vertex -73.98089838486224 -47.96 9.2
      vertex -73.74948186995485 -47.49073372946036 9.2
    endloop
  endfacet
  facet normal 0 0 1
    outer loop
      vertex -73.74948186995485 -44.42926627053964 9.2
      vertex -73.74948186995485 -47.49073372946036 9.2
      vertex -73.58129669484372 -46.99527618041009 9.2
    endloop
  endfacet
  facet normal 0 0 1
    outer loop
      vertex -75.00995428396511 -42.78658663883506 9.2
      vertex -75.00995428396511 -49.13341336116494 9.2
      vertex -74.61657287525381 -48.78842712474619 9.2
    endloop
  endfacet
  facet normal 0 0 1
    outer loop
      vertex -74.61657287525381 -43.13157287525381 9.2
      vertex -74.61657287525381 -48.78842712474619 9.2
      vertex -74.27158663883505 -48.395045716034886 9.2
    endloop
  endfacet
  facet normal 0 0 1
    outer loop
      vertex -76.42873251423758 -46.3809517756016 9.2
      vertex -76.40972381958991 -49.82370330515627 9.2
      vertex -75.91426627053963 -49.655518130045145 9.2
    endloop
  endfacet
  facet normal -0.7518398074789652 0.6593458151000827 0
    outer loop
      vertex -80.27342712474618 -43.13157287525381 9.2
      vertex -80.27342712474618 -43.13157287525381 3
      vertex -80.61841336116494 -43.524954283965116 9.2
    endloop
  endfacet
  facet normal -0.6593458151000675 0.7518398074789787 -9.09601295065357e-19
    outer loop
      vertex -80.27342712474618 -43.13157287525381 9.2
      vertex -79.88004571603487 -42.78658663883506 9.2
      vertex -79.88004571603487 -42.78658663883506 3
    endloop
  endfacet
  facet normal -0.5555702330196106 0.8314696123025398 -2.2463916644562077e-18
    outer loop
      vertex -79.88004571603487 -42.78658663883506 9.2
      vertex -79.445 -42.495898384862244 9.2
      vertex -79.445 -42.495898384862244 3
    endloop
  endfacet
  facet normal -0.9469301294951005 0.3214394653031772 0
    outer loop
      vertex -81.14051813004514 -44.42926627053964 9.2
      vertex -81.14051813004514 -44.42926627053964 3
      vertex -81.30870330515627 -44.924723819589914 9.2
    endloop
  endfacet
  facet normal -0.980785280403232 0.19509032201612103 0
    outer loop
      vertex -81.30870330515627 -44.924723819589914 9.2
      vertex -81.30870330515627 -44.924723819589914 3
      vertex -81.41077944549524 -45.437895231119796 9.2
    endloop
  endfacet
  facet normal -0.9978589232386037 0.06540312923013929 0
    outer loop
      vertex -81.41077944549524 -45.437895231119796 9.2
      vertex -81.41077944549524 -45.437895231119796 3
      vertex -81.445 -45.96 9.2
    endloop
  endfacet
  facet normal -0.8314696123025564 0.5555702330195854 0
    outer loop
      vertex -80.61841336116494 -43.524954283965116 9.2
      vertex -80.61841336116494 -43.524954283965116 3
      vertex -80.90910161513774 -43.96 9.2
    endloop
  endfacet
  facet normal -0.896872741532687 0.44228869021900374 1.1284661115926294e-18
    outer loop
      vertex -81.14051813004514 -44.42926627053964 9.2
      vertex -80.90910161513774 -43.96 9.2
      vertex -80.90910161513774 -43.96 3
    endloop
  endfacet
  facet normal -0.9978589232386037 -0.06540312923013929 0
    outer loop
      vertex -81.445 -45.96 9.2
      vertex -81.445 -45.96 3
      vertex -81.41077944549524 -46.482104768880205 9.2
    endloop
  endfacet
  facet normal -0.980785280403232 -0.19509032201612103 0
    outer loop
      vertex -81.41077944549524 -46.482104768880205 9.2
      vertex -81.41077944549524 -46.482104768880205 3
      vertex -81.30870330515627 -46.99527618041009 9.2
    endloop
  endfacet
  facet normal -0.9469301294951005 -0.3214394653031772 0
    outer loop
      vertex -81.30870330515627 -46.99527618041009 9.2
      vertex -81.30870330515627 -46.99527618041009 3
      vertex -81.14051813004514 -47.49073372946036 9.2
    endloop
  endfacet
  facet normal -0.896872741532687 -0.44228869021900374 0
    outer loop
      vertex -81.14051813004514 -47.49073372946036 9.2
      vertex -81.14051813004514 -47.49073372946036 3
      vertex -80.90910161513774 -47.96 9.2
    endloop
  endfacet
  facet normal -0.8314696123025564 -0.5555702330195854 0
    outer loop
      vertex -80.90910161513774 -47.96 9.2
      vertex -80.90910161513774 -47.96 3
      vertex -80.61841336116494 -48.395045716034886 9.2
    endloop
  endfacet
  facet normal -0.7518398074789652 -0.6593458151000827 0
    outer loop
      vertex -80.61841336116494 -48.395045716034886 9.2
      vertex -80.61841336116494 -48.395045716034886 3
      vertex -80.27342712474618 -48.78842712474619 9.2
    endloop
  endfacet
  facet normal -0.6593458151000675 -0.7518398074789787 0
    outer loop
      vertex -80.27342712474618 -48.78842712474619 9.2
      vertex -80.27342712474618 -48.78842712474619 3
      vertex -79.88004571603487 -49.13341336116494 9.2
    endloop
  endfacet
  facet normal -0.5555702330196106 -0.8314696123025398 0
    outer loop
      vertex -79.88004571603487 -49.13341336116494 9.2
      vertex -79.88004571603487 -49.13341336116494 3
      vertex -79.445 -49.42410161513776 9.2
    endloop
  endfacet
  facet normal -0.44228869021899825 0.8968727415326898 -2.0782579570316644e-18
    outer loop
      vertex -79.445 -42.495898384862244 9.2
      vertex -78.97573372946036 -42.26448186995486 9.2
      vertex -78.97573372946036 -42.26448186995486 3
    endloop
  endfacet
  facet normal -0.32143946530315676 0.9469301294951074 -1.8177750946498155e-18
    outer loop
      vertex -78.97573372946036 -42.26448186995486 9.2
      vertex -78.48027618041007 -42.09629669484373 9.2
      vertex -78.48027618041007 -42.09629669484373 3
    endloop
  endfacet
  facet normal -0.19509032201613927 0.9807852804032282 -3.4261756577777297e-19
    outer loop
      vertex -78.48027618041007 -42.09629669484373 9.2
      vertex -77.9671047688802 -41.99422055450476 9.2
      vertex -77.9671047688802 -41.99422055450476 3
    endloop
  endfacet
  facet normal -0.0654031292301384 0.9978589232386038 1.0924442035075502e-19
    outer loop
      vertex -77.9671047688802 -41.99422055450476 9.2
      vertex -77.445 -41.96 9.2
      vertex -77.445 -41.96 3
    endloop
  endfacet
  facet normal 0.0654031292301384 0.9978589232386038 -1.0924442035075502e-19
    outer loop
      vertex -77.445 -41.96 9.2
      vertex -76.92289523111978 -41.99422055450476 9.2
      vertex -76.92289523111978 -41.99422055450476 3
    endloop
  endfacet
  facet normal 0.19509032201613927 0.9807852804032282 3.4261756577777297e-19
    outer loop
      vertex -76.92289523111978 -41.99422055450476 9.2
      vertex -76.40972381958991 -42.09629669484373 9.2
      vertex -76.40972381958991 -42.09629669484373 3
    endloop
  endfacet
  facet normal 0.32143946530315676 0.9469301294951074 1.8177750946498155e-18
    outer loop
      vertex -76.40972381958991 -42.09629669484373 9.2
      vertex -75.91426627053963 -42.26448186995486 9.2
      vertex -75.91426627053963 -42.26448186995486 3
    endloop
  endfacet
  facet normal 0.44228869021899825 0.8968727415326898 2.0782579570316644e-18
    outer loop
      vertex -75.91426627053963 -42.26448186995486 9.2
      vertex -75.445 -42.495898384862244 9.2
      vertex -75.445 -42.495898384862244 3
    endloop
  endfacet
  facet normal 0.5555702330196106 0.8314696123025398 2.2463916644562077e-18
    outer loop
      vertex -75.445 -42.495898384862244 9.2
      vertex -75.00995428396511 -42.78658663883506 9.2
      vertex -75.00995428396511 -42.78658663883506 3
    endloop
  endfacet
  facet normal 0.6593458151000675 0.7518398074789787 9.09601295065357e-19
    outer loop
      vertex -75.00995428396511 -42.78658663883506 9.2
      vertex -74.61657287525381 -43.13157287525381 9.2
      vertex -74.61657287525381 -43.13157287525381 3
    endloop
  endfacet
  facet normal 0.7518398074789652 0.6593458151000827 -2.609315157685251e-18
    outer loop
      vertex -74.61657287525381 -43.13157287525381 9.2
      vertex -74.27158663883505 -43.524954283965116 9.2
      vertex -74.27158663883505 -43.524954283965116 3
    endloop
  endfacet
  facet normal 0.8314696123025564 0.5555702330195854 -3.509959004974975e-18
    outer loop
      vertex -74.27158663883505 -43.524954283965116 9.2
      vertex -73.98089838486224 -43.96 9.2
      vertex -73.98089838486224 -43.96 3
    endloop
  endfacet
  facet normal 0.896872741532687 0.44228869021900374 -1.1284661115926294e-18
    outer loop
      vertex -73.98089838486224 -43.96 9.2
      vertex -73.74948186995485 -44.42926627053964 9.2
      vertex -73.74948186995485 -44.42926627053964 3
    endloop
  endfacet
  facet normal 0.9469301294951005 0.3214394653031772 -1.1864033060583362e-19
    outer loop
      vertex -73.74948186995485 -44.42926627053964 9.2
      vertex -73.58129669484372 -44.924723819589914 9.2
      vertex -73.58129669484372 -44.924723819589914 3
    endloop
  endfacet
  facet normal 0.980785280403232 0.19509032201612103 -8.646533787995008e-19
    outer loop
      vertex -73.58129669484372 -44.924723819589914 9.2
      vertex -73.47922055450475 -45.437895231119796 9.2
      vertex -73.47922055450475 -45.437895231119796 3
    endloop
  endfacet
  facet normal -0.44228869021899825 -0.8968727415326898 0
    outer loop
      vertex -79.445 -49.42410161513776 9.2
      vertex -79.445 -49.42410161513776 3
      vertex -78.97573372946036 -49.655518130045145 9.2
    endloop
  endfacet
  facet normal -0.32143946530315676 -0.9469301294951074 0
    outer loop
      vertex -78.97573372946036 -49.655518130045145 9.2
      vertex -78.97573372946036 -49.655518130045145 3
      vertex -78.48027618041007 -49.82370330515627 9.2
    endloop
  endfacet
  facet normal 0.9978589232386037 0.06540312923013929 -1.973210148551751e-20
    outer loop
      vertex -73.47922055450475 -45.437895231119796 9.2
      vertex -73.445 -45.96 9.2
      vertex -73.445 -45.96 3
    endloop
  endfacet
  facet normal 0.9978589232386037 -0.06540312923013929 1.973210148551751e-20
    outer loop
      vertex -73.445 -45.96 9.2
      vertex -73.47922055450475 -46.482104768880205 9.2
      vertex -73.47922055450475 -46.482104768880205 3
    endloop
  endfacet
  facet normal 0.980785280403232 -0.19509032201612103 8.646533787995008e-19
    outer loop
      vertex -73.47922055450475 -46.482104768880205 9.2
      vertex -73.58129669484372 -46.99527618041009 9.2
      vertex -73.58129669484372 -46.99527618041009 3
    endloop
  endfacet
  facet normal 0.9469301294951005 -0.3214394653031772 1.1864033060583362e-19
    outer loop
      vertex -73.58129669484372 -46.99527618041009 9.2
      vertex -73.74948186995485 -47.49073372946036 9.2
      vertex -73.74948186995485 -47.49073372946036 3
    endloop
  endfacet
  facet normal 0.32143946530315676 -0.9469301294951074 -1.8177750946498155e-18
    outer loop
      vertex -75.91426627053963 -49.655518130045145 9.2
      vertex -76.40972381958991 -49.82370330515627 9.2
      vertex -76.40972381958991 -49.82370330515627 3
    endloop
  endfacet
  facet normal 0.44228869021899825 -0.8968727415326898 0
    outer loop
      vertex -75.91426627053963 -49.655518130045145 9.2
      vertex -75.91426627053963 -49.655518130045145 3
      vertex -75.445 -49.42410161513776 9.2
    endloop
  endfacet
  facet normal 0.5555702330196106 -0.8314696123025398 -2.2463916644562077e-18
    outer loop
      vertex -75.00995428396511 -49.13341336116494 9.2
      vertex -75.445 -49.42410161513776 9.2
      vertex -75.445 -49.42410161513776 3
    endloop
  endfacet
  facet normal 0.8314696123025564 -0.5555702330195854 0
    outer loop
      vertex -74.27158663883505 -48.395045716034886 9.2
      vertex -74.27158663883505 -48.395045716034886 3
      vertex -73.98089838486224 -47.96 9.2
    endloop
  endfacet
  facet normal 0.7518398074789652 -0.6593458151000827 2.609315157685251e-18
    outer loop
      vertex -74.27158663883505 -48.395045716034886 9.2
      vertex -74.61657287525381 -48.78842712474619 9.2
      vertex -74.61657287525381 -48.78842712474619 3
    endloop
  endfacet
  facet normal 0.896872741532687 -0.44228869021900374 1.1284661115926294e-18
    outer loop
      vertex -73.74948186995485 -47.49073372946036 9.2
      vertex -73.98089838486224 -47.96 9.2
      vertex -73.98089838486224 -47.96 3
    endloop
  endfacet
  facet normal 0.6593458151000675 -0.7518398074789787 0
    outer loop
      vertex -75.00995428396511 -49.13341336116494 9.2
      vertex -75.00995428396511 -49.13341336116494 3
      vertex -74.61657287525381 -48.78842712474619 9.2
    endloop
  endfacet
  facet normal -0.7518398074789652 0.6593458151000827 0
    outer loop
      vertex -80.61841336116494 -43.524954283965116 9.2
      vertex -80.27342712474618 -43.13157287525381 3
      vertex -80.61841336116494 -43.524954283965116 3
    endloop
  endfacet
  facet normal -0.6593458151000675 0.7518398074789787 0
    outer loop
      vertex -80.27342712474618 -43.13157287525381 9.2
      vertex -79.88004571603487 -42.78658663883506 3
      vertex -80.27342712474618 -43.13157287525381 3
    endloop
  endfacet
  facet normal -0.5555702330196106 0.8314696123025398 0
    outer loop
      vertex -79.88004571603487 -42.78658663883506 9.2
      vertex -79.445 -42.495898384862244 3
      vertex -79.88004571603487 -42.78658663883506 3
    endloop
  endfacet
  facet normal -0.896872741532687 0.44228869021900374 0
    outer loop
      vertex -81.14051813004514 -44.42926627053964 9.2
      vertex -80.90910161513774 -43.96 3
      vertex -81.14051813004514 -44.42926627053964 3
    endloop
  endfacet
  facet normal -0.9469301294951005 0.3214394653031772 0
    outer loop
      vertex -81.30870330515627 -44.924723819589914 9.2
      vertex -81.14051813004514 -44.42926627053964 3
      vertex -81.30870330515627 -44.924723819589914 3
    endloop
  endfacet
  facet normal -0.980785280403232 0.19509032201612103 0
    outer loop
      vertex -81.41077944549524 -45.437895231119796 9.2
      vertex -81.30870330515627 -44.924723819589914 3
      vertex -81.41077944549524 -45.437895231119796 3
    endloop
  endfacet
  facet normal -0.8314696123025564 0.5555702330195854 0
    outer loop
      vertex -80.90910161513774 -43.96 9.2
      vertex -80.61841336116494 -43.524954283965116 3
      vertex -80.90910161513774 -43.96 3
    endloop
  endfacet
  facet normal -0.9978589232386037 0.06540312923013929 0
    outer loop
      vertex -81.445 -45.96 9.2
      vertex -81.41077944549524 -45.437895231119796 3
      vertex -81.445 -45.96 3
    endloop
  endfacet
  facet normal -0.9978589232386037 -0.06540312923013929 0
    outer loop
      vertex -81.41077944549524 -46.482104768880205 9.2
      vertex -81.445 -45.96 3
      vertex -81.41077944549524 -46.482104768880205 3
    endloop
  endfacet
  facet normal -0.980785280403232 -0.19509032201612103 0
    outer loop
      vertex -81.30870330515627 -46.99527618041009 9.2
      vertex -81.41077944549524 -46.482104768880205 3
      vertex -81.30870330515627 -46.99527618041009 3
    endloop
  endfacet
  facet normal -0.9469301294951005 -0.3214394653031772 0
    outer loop
      vertex -81.14051813004514 -47.49073372946036 9.2
      vertex -81.30870330515627 -46.99527618041009 3
      vertex -81.14051813004514 -47.49073372946036 3
    endloop
  endfacet
  facet normal -0.896872741532687 -0.44228869021900374 0
    outer loop
      vertex -80.90910161513774 -47.96 9.2
      vertex -81.14051813004514 -47.49073372946036 3
      vertex -80.90910161513774 -47.96 3
    endloop
  endfacet
  facet normal -0.8314696123025564 -0.5555702330195854 0
    outer loop
      vertex -80.61841336116494 -48.395045716034886 9.2
      vertex -80.90910161513774 -47.96 3
      vertex -80.61841336116494 -48.395045716034886 3
    endloop
  endfacet
  facet normal -0.7518398074789652 -0.6593458151000827 0
    outer loop
      vertex -80.27342712474618 -48.78842712474619 9.2
      vertex -80.61841336116494 -48.395045716034886 3
      vertex -80.27342712474618 -48.78842712474619 3
    endloop
  endfacet
  facet normal -0.6593458151000675 -0.7518398074789787 0
    outer loop
      vertex -79.88004571603487 -49.13341336116494 9.2
      vertex -80.27342712474618 -48.78842712474619 3
      vertex -79.88004571603487 -49.13341336116494 3
    endloop
  endfacet
  facet normal -0.5555702330196106 -0.8314696123025398 0
    outer loop
      vertex -79.445 -49.42410161513776 9.2
      vertex -79.88004571603487 -49.13341336116494 3
      vertex -79.445 -49.42410161513776 3
    endloop
  endfacet
  facet normal -0.44228869021899825 0.8968727415326898 0
    outer loop
      vertex -79.445 -42.495898384862244 9.2
      vertex -78.97573372946036 -42.26448186995486 3
      vertex -79.445 -42.495898384862244 3
    endloop
  endfacet
  facet normal -0.32143946530315676 0.9469301294951074 0
    outer loop
      vertex -78.97573372946036 -42.26448186995486 9.2
      vertex -78.48027618041007 -42.09629669484373 3
      vertex -78.97573372946036 -42.26448186995486 3
    endloop
  endfacet
  facet normal -0.19509032201613927 0.9807852804032282 0
    outer loop
      vertex -78.48027618041007 -42.09629669484373 9.2
      vertex -77.9671047688802 -41.99422055450476 3
      vertex -78.48027618041007 -42.09629669484373 3
    endloop
  endfacet
  facet normal -0.0654031292301384 0.9978589232386038 0
    outer loop
      vertex -77.9671047688802 -41.99422055450476 9.2
      vertex -77.445 -41.96 3
      vertex -77.9671047688802 -41.99422055450476 3
    endloop
  endfacet
  facet normal 0.0654031292301384 0.9978589232386038 0
    outer loop
      vertex -77.445 -41.96 9.2
      vertex -76.92289523111978 -41.99422055450476 3
      vertex -77.445 -41.96 3
    endloop
  endfacet
  facet normal 0.19509032201613927 0.9807852804032282 0
    outer loop
      vertex -76.92289523111978 -41.99422055450476 9.2
      vertex -76.40972381958991 -42.09629669484373 3
      vertex -76.92289523111978 -41.99422055450476 3
    endloop
  endfacet
  facet normal 0.32143946530315676 0.9469301294951074 0
    outer loop
      vertex -76.40972381958991 -42.09629669484373 9.2
      vertex -75.91426627053963 -42.26448186995486 3
      vertex -76.40972381958991 -42.09629669484373 3
    endloop
  endfacet
  facet normal 0.44228869021899825 0.8968727415326898 0
    outer loop
      vertex -75.91426627053963 -42.26448186995486 9.2
      vertex -75.445 -42.495898384862244 3
      vertex -75.91426627053963 -42.26448186995486 3
    endloop
  endfacet
  facet normal 0.5555702330196106 0.8314696123025398 0
    outer loop
      vertex -75.445 -42.495898384862244 9.2
      vertex -75.00995428396511 -42.78658663883506 3
      vertex -75.445 -42.495898384862244 3
    endloop
  endfacet
  facet normal 0.6593458151000675 0.7518398074789787 0
    outer loop
      vertex -75.00995428396511 -42.78658663883506 9.2
      vertex -74.61657287525381 -43.13157287525381 3
      vertex -75.00995428396511 -42.78658663883506 3
    endloop
  endfacet
  facet normal 0.7518398074789652 0.6593458151000827 0
    outer loop
      vertex -74.61657287525381 -43.13157287525381 9.2
      vertex -74.27158663883505 -43.524954283965116 3
      vertex -74.61657287525381 -43.13157287525381 3
    endloop
  endfacet
  facet normal 0.8314696123025564 0.5555702330195854 0
    outer loop
      vertex -74.27158663883505 -43.524954283965116 9.2
      vertex -73.98089838486224 -43.96 3
      vertex -74.27158663883505 -43.524954283965116 3
    endloop
  endfacet
  facet normal 0.896872741532687 0.44228869021900374 0
    outer loop
      vertex -73.98089838486224 -43.96 9.2
      vertex -73.74948186995485 -44.42926627053964 3
      vertex -73.98089838486224 -43.96 3
    endloop
  endfacet
  facet normal 0.9469301294951005 0.3214394653031772 0
    outer loop
      vertex -73.74948186995485 -44.42926627053964 9.2
      vertex -73.58129669484372 -44.924723819589914 3
      vertex -73.74948186995485 -44.42926627053964 3
    endloop
  endfacet
  facet normal 0.980785280403232 0.19509032201612103 0
    outer loop
      vertex -73.58129669484372 -44.924723819589914 9.2
      vertex -73.47922055450475 -45.437895231119796 3
      vertex -73.58129669484372 -44.924723819589914 3
    endloop
  endfacet
  facet normal 0.9978589232386037 0.06540312923013929 0
    outer loop
      vertex -73.47922055450475 -45.437895231119796 9.2
      vertex -73.445 -45.96 3
      vertex -73.47922055450475 -45.437895231119796 3
    endloop
  endfacet
  facet normal -0.44228869021899825 -0.8968727415326898 0
    outer loop
      vertex -78.97573372946036 -49.655518130045145 9.2
      vertex -79.445 -49.42410161513776 3
      vertex -78.97573372946036 -49.655518130045145 3
    endloop
  endfacet
  facet normal -0.32143946530315676 -0.9469301294951074 0
    outer loop
      vertex -78.48027618041007 -49.82370330515627 9.2
      vertex -78.97573372946036 -49.655518130045145 3
      vertex -78.48027618041007 -49.82370330515627 3
    endloop
  endfacet
  facet normal 0.9978589232386037 -0.06540312923013929 0
    outer loop
      vertex -73.445 -45.96 9.2
      vertex -73.47922055450475 -46.482104768880205 3
      vertex -73.445 -45.96 3
    endloop
  endfacet
  facet normal 0.980785280403232 -0.19509032201612103 0
    outer loop
      vertex -73.47922055450475 -46.482104768880205 9.2
      vertex -73.58129669484372 -46.99527618041009 3
      vertex -73.47922055450475 -46.482104768880205 3
    endloop
  endfacet
  facet normal 0.9469301294951005 -0.3214394653031772 0
    outer loop
      vertex -73.58129669484372 -46.99527618041009 9.2
      vertex -73.74948186995485 -47.49073372946036 3
      vertex -73.58129669484372 -46.99527618041009 3
    endloop
  endfacet
  facet normal 0.896872741532687 -0.44228869021900374 0
    outer loop
      vertex -73.74948186995485 -47.49073372946036 9.2
      vertex -73.98089838486224 -47.96 3
      vertex -73.74948186995485 -47.49073372946036 3
    endloop
  endfacet
  facet normal 0.32143946530315676 -0.9469301294951074 0
    outer loop
      vertex -75.91426627053963 -49.655518130045145 9.2
      vertex -76.40972381958991 -49.82370330515627 3
      vertex -75.91426627053963 -49.655518130045145 3
    endloop
  endfacet
  facet normal 0.5555702330196106 -0.8314696123025398 0
    outer loop
      vertex -75.00995428396511 -49.13341336116494 9.2
      vertex -75.445 -49.42410161513776 3
      vertex -75.00995428396511 -49.13341336116494 3
    endloop
  endfacet
  facet normal 0.44228869021899825 -0.8968727415326898 0
    outer loop
      vertex -75.445 -49.42410161513776 9.2
      vertex -75.91426627053963 -49.655518130045145 3
      vertex -75.445 -49.42410161513776 3
    endloop
  endfacet
  facet normal 0.7518398074789652 -0.6593458151000827 0
    outer loop
      vertex -74.27158663883505 -48.395045716034886 9.2
      vertex -74.61657287525381 -48.78842712474619 3
      vertex -74.27158663883505 -48.395045716034886 3
    endloop
  endfacet
  facet normal 0.8314696123025564 -0.5555702330195854 0
    outer loop
      vertex -73.98089838486224 -47.96 9.2
      vertex -74.27158663883505 -48.395045716034886 3
      vertex -73.98089838486224 -47.96 3
    endloop
  endfacet
  facet normal 0.6593458151000675 -0.7518398074789787 0
    outer loop
      vertex -74.61657287525381 -48.78842712474619 9.2
      vertex -75.00995428396511 -49.13341336116494 3
      vertex -74.61657287525381 -48.78842712474619 3
    endloop
  endfacet
  facet normal -0.19509032201613927 -0.9807852804032282 0
    outer loop
      vertex -78.48027618041007 -49.82370330515627 9.2
      vertex -78.48027618041007 -49.82370330515627 3
      vertex -77.9671047688802 -49.925779445495245 9.2
    endloop
  endfacet
  facet normal -0.0654031292301384 -0.9978589232386038 0
    outer loop
      vertex -77.9671047688802 -49.925779445495245 9.2
      vertex -77.9671047688802 -49.925779445495245 3
      vertex -77.445 -49.96 9.2
    endloop
  endfacet
  facet normal 0.0654031292301384 -0.9978589232386038 0
    outer loop
      vertex -77.445 -49.96 9.2
      vertex -77.445 -49.96 3
      vertex -76.92289523111978 -49.925779445495245 9.2
    endloop
  endfacet
  facet normal 0.19509032201613927 -0.9807852804032282 0
    outer loop
      vertex -76.92289523111978 -49.925779445495245 9.2
      vertex -76.92289523111978 -49.925779445495245 3
      vertex -76.40972381958991 -49.82370330515627 9.2
    endloop
  endfacet
  facet normal -0.19509032201613927 -0.9807852804032282 0
    outer loop
      vertex -77.9671047688802 -49.925779445495245 9.2
      vertex -78.48027618041007 -49.82370330515627 3
      vertex -77.9671047688802 -49.925779445495245 3
    endloop
  endfacet
  facet normal -0.0654031292301384 -0.9978589232386038 0
    outer loop
      vertex -77.445 -49.96 9.2
      vertex -77.9671047688802 -49.925779445495245 3
      vertex -77.445 -49.96 3
    endloop
  endfacet
  facet normal 0.0654031292301384 -0.9978589232386038 0
    outer loop
      vertex -76.92289523111978 -49.925779445495245 9.2
      vertex -77.445 -49.96 3
      vertex -76.92289523111978 -49.925779445495245 3
    endloop
  endfacet
  facet normal 0.19509032201613927 -0.9807852804032282 0
    outer loop
      vertex -76.40972381958991 -49.82370330515627 9.2
      vertex -76.92289523111978 -49.925779445495245 3
      vertex -76.40972381958991 -49.82370330515627 3
    endloop
  endfacet
  facet normal 0 0 1
    outer loop
      vertex -77.99499999999999 -45.007372055837116 10.399999999999999
      vertex -77.86595177560159 -46.97626748576241 10.399999999999999
      vertex -77.86595177560159 -44.94373251423759 10.399999999999999
    endloop
  endfacet
  facet normal 0 0 1
    outer loop
      vertex -77.86595177560159 -44.94373251423759 10.399999999999999
      vertex -77.72970094961276 -47.022518408917975 10.399999999999999
      vertex -77.72970094961276 -44.89748159108203 10.399999999999999
    endloop
  endfacet
  facet normal 0 0 1
    outer loop
      vertex -77.72970094961276 -44.89748159108203 10.399999999999999
      vertex -77.58857881144205 -47.05058934751119 10.399999999999999
      vertex -77.58857881144205 -44.86941065248881 10.399999999999999
    endloop
  endfacet
  facet normal 0 0 1
    outer loop
      vertex -77.58857881144205 -44.86941065248881 10.399999999999999
      vertex -77.445 -47.06 10.399999999999999
      vertex -77.445 -44.86 10.399999999999999
    endloop
  endfacet
  facet normal 0 0 1
    outer loop
      vertex -77.445 -44.86 10.399999999999999
      vertex -77.30142118855794 -47.05058934751119 10.399999999999999
      vertex -77.30142118855794 -44.86941065248881 10.399999999999999
    endloop
  endfacet
  facet normal 0 0 1
    outer loop
      vertex -77.30142118855794 -44.86941065248881 10.399999999999999
      vertex -77.16029905038722 -47.022518408917975 10.399999999999999
      vertex -77.16029905038722 -44.89748159108203 10.399999999999999
    endloop
  endfacet
  facet normal 0 0 1
    outer loop
      vertex -77.16029905038722 -44.89748159108203 10.399999999999999
      vertex -77.0240482243984 -46.97626748576241 10.399999999999999
      vertex -77.0240482243984 -44.94373251423759 10.399999999999999
    endloop
  endfacet
  facet normal 0 0 1
    outer loop
      vertex -77.0240482243984 -44.94373251423759 10.399999999999999
      vertex -76.895 -46.912627944162885 10.399999999999999
      vertex -76.895 -45.007372055837116 10.399999999999999
    endloop
  endfacet
  facet normal 0 0 1
    outer loop
      vertex -76.895 -45.007372055837116 10.399999999999999
      vertex -76.7753624280904 -46.83268867432036 10.399999999999999
      vertex -76.7753624280904 -45.08731132567964 10.399999999999999
    endloop
  endfacet
  facet normal -0.5555702330196156 0.8314696123025364 0
    outer loop
      vertex -77.99499999999999 -45.007372055837116 10.399999999999999
      vertex -77.99499999999999 -45.007372055837116 9.2
      vertex -78.11463757190958 -45.08731132567964 10.399999999999999
    endloop
  endfacet
  facet normal -0.6593458151000653 0.7518398074789807 0
    outer loop
      vertex -78.11463757190958 -45.08731132567964 10.399999999999999
      vertex -78.11463757190958 -45.08731132567964 9.2
      vertex -78.22281745930519 -45.1821825406948 10.399999999999999
    endloop
  endfacet
  facet normal -0.8968727415326944 0.44228869021898914 0
    outer loop
      vertex -78.39762794416288 -45.410000000000004 10.399999999999999
      vertex -78.39762794416288 -45.410000000000004 9.2
      vertex -78.4612674857624 -45.5390482243984 10.399999999999999
    endloop
  endfacet
  facet normal -0.9469301294950908 0.32143946530320494 0
    outer loop
      vertex -78.4612674857624 -45.5390482243984 10.399999999999999
      vertex -78.4612674857624 -45.5390482243984 9.2
      vertex -78.50751840891797 -45.67529905038723 10.399999999999999
    endloop
  endfacet
  facet normal -0.7518398074789777 0.6593458151000687 0
    outer loop
      vertex -78.22281745930519 -45.1821825406948 10.399999999999999
      vertex -78.22281745930519 -45.1821825406948 9.2
      vertex -78.31768867432035 -45.29036242809041 10.399999999999999
    endloop
  endfacet
  facet normal -0.8314696123025364 0.5555702330196156 1.2646212205533666e-18
    outer loop
      vertex -78.39762794416288 -45.410000000000004 10.399999999999999
      vertex -78.31768867432035 -45.29036242809041 10.399999999999999
      vertex -78.31768867432035 -45.29036242809041 9.2
    endloop
  endfacet
  facet normal -0.44228869021896955 0.8968727415327039 -6.164162675731786e-19
    outer loop
      vertex -77.99499999999999 -45.007372055837116 10.399999999999999
      vertex -77.86595177560159 -44.94373251423759 10.399999999999999
      vertex -77.86595177560159 -44.94373251423759 9.2
    endloop
  endfacet
  facet normal -0.19509032201613385 0.9807852804032293 -3.5627392161482326e-19
    outer loop
      vertex -77.72970094961276 -44.89748159108203 10.399999999999999
      vertex -77.58857881144205 -44.86941065248881 10.399999999999999
      vertex -77.58857881144205 -44.86941065248881 9.2
    endloop
  endfacet
  facet normal -0.3214394653031757 0.9469301294951008 3.558583428769462e-19
    outer loop
      vertex -77.86595177560159 -44.94373251423759 10.399999999999999
      vertex -77.72970094961276 -44.89748159108203 10.399999999999999
      vertex -77.72970094961276 -44.89748159108203 9.2
    endloop
  endfacet
  facet normal -0.06540312923015723 0.9978589232386026 4.538433762070515e-20
    outer loop
      vertex -77.58857881144205 -44.86941065248881 10.399999999999999
      vertex -77.445 -44.86 10.399999999999999
      vertex -77.445 -44.86 9.2
    endloop
  endfacet
  facet normal 0.06540312923015723 0.9978589232386026 -4.538433762070515e-20
    outer loop
      vertex -77.445 -44.86 10.399999999999999
      vertex -77.30142118855794 -44.86941065248881 10.399999999999999
      vertex -77.30142118855794 -44.86941065248881 9.2
    endloop
  endfacet
  facet normal 0.19509032201613385 0.9807852804032293 3.5627392161482326e-19
    outer loop
      vertex -77.30142118855794 -44.86941065248881 10.399999999999999
      vertex -77.16029905038722 -44.89748159108203 10.399999999999999
      vertex -77.16029905038722 -44.89748159108203 9.2
    endloop
  endfacet
  facet normal 0.3214394653031757 0.9469301294951008 -3.558583428769462e-19
    outer loop
      vertex -77.16029905038722 -44.89748159108203 10.399999999999999
      vertex -77.0240482243984 -44.94373251423759 10.399999999999999
      vertex -77.0240482243984 -44.94373251423759 9.2
    endloop
  endfacet
  facet normal 0.44228869021896955 0.8968727415327039 6.164162675731786e-19
    outer loop
      vertex -77.0240482243984 -44.94373251423759 10.399999999999999
      vertex -76.895 -45.007372055837116 10.399999999999999
      vertex -76.895 -45.007372055837116 9.2
    endloop
  endfacet
  facet normal 0.5555702330196156 0.8314696123025364 -1.2646212205533666e-18
    outer loop
      vertex -76.895 -45.007372055837116 10.399999999999999
      vertex -76.7753624280904 -45.08731132567964 10.399999999999999
      vertex -76.7753624280904 -45.08731132567964 9.2
    endloop
  endfacet
  facet normal 0.6593458151000653 0.7518398074789807 1.8292166634487113e-19
    outer loop
      vertex -76.7753624280904 -45.08731132567964 10.399999999999999
      vertex -76.6671825406948 -45.1821825406948 10.399999999999999
      vertex -76.6671825406948 -45.1821825406948 9.2
    endloop
  endfacet
  facet normal 0.7518398074789777 0.6593458151000687 3.223932867145131e-18
    outer loop
      vertex -76.6671825406948 -45.1821825406948 10.399999999999999
      vertex -76.57231132567964 -45.29036242809041 10.399999999999999
      vertex -76.57231132567964 -45.29036242809041 9.2
    endloop
  endfacet
  facet normal 0.8314696123025364 0.5555702330196156 -1.2646212205533666e-18
    outer loop
      vertex -76.57231132567964 -45.29036242809041 10.399999999999999
      vertex -76.49237205583711 -45.410000000000004 10.399999999999999
      vertex -76.49237205583711 -45.410000000000004 9.2
    endloop
  endfacet
  facet normal 0.8968727415326944 0.44228869021898914 -2.723518236376561e-18
    outer loop
      vertex -76.49237205583711 -45.410000000000004 10.399999999999999
      vertex -76.42873251423758 -45.5390482243984 10.399999999999999
      vertex -76.42873251423758 -45.5390482243984 9.2
    endloop
  endfacet
  facet normal 0.9469301294950908 0.32143946530320494 -6.287746234274969e-19
    outer loop
      vertex -76.42873251423758 -45.5390482243984 10.399999999999999
      vertex -76.38248159108201 -45.67529905038723 10.399999999999999
      vertex -76.38248159108201 -45.67529905038723 9.2
    endloop
  endfacet
  facet normal 0 0 1
    outer loop
      vertex -78.39762794416288 -45.410000000000004 10.399999999999999
      vertex -78.4612674857624 -45.5390482243984 10.399999999999999
      vertex -78.39762794416288 -46.51 10.399999999999999
    endloop
  endfacet
  facet normal 0 0 1
    outer loop
      vertex -78.4612674857624 -45.5390482243984 10.399999999999999
      vertex -78.50751840891797 -45.67529905038723 10.399999999999999
      vertex -78.4612674857624 -46.3809517756016 10.399999999999999
    endloop
  endfacet
  facet normal 0 0 1
    outer loop
      vertex -78.50751840891797 -45.67529905038723 10.399999999999999
      vertex -78.53558934751119 -45.816421188557946 10.399999999999999
      vertex -78.50751840891797 -46.24470094961277 10.399999999999999
    endloop
  endfacet
  facet normal 0 0 1
    outer loop
      vertex -78.53558934751119 -45.816421188557946 10.399999999999999
      vertex -78.54499999999999 -45.96 10.399999999999999
      vertex -78.53558934751119 -46.103578811442055 10.399999999999999
    endloop
  endfacet
  facet normal 0 0 1
    outer loop
      vertex -78.53558934751119 -45.816421188557946 10.399999999999999
      vertex -78.53558934751119 -46.103578811442055 10.399999999999999
      vertex -78.50751840891797 -46.24470094961277 10.399999999999999
    endloop
  endfacet
  facet normal 0 0 1
    outer loop
      vertex -78.50751840891797 -45.67529905038723 10.399999999999999
      vertex -78.50751840891797 -46.24470094961277 10.399999999999999
      vertex -78.4612674857624 -46.3809517756016 10.399999999999999
    endloop
  endfacet
  facet normal 0 0 1
    outer loop
      vertex -78.4612674857624 -45.5390482243984 10.399999999999999
      vertex -78.4612674857624 -46.3809517756016 10.399999999999999
      vertex -78.39762794416288 -46.51 10.399999999999999
    endloop
  endfacet
  facet normal 0 0 1
    outer loop
      vertex -78.39762794416288 -45.410000000000004 10.399999999999999
      vertex -78.31768867432035 -46.62963757190959 10.399999999999999
      vertex -78.31768867432035 -45.29036242809041 10.399999999999999
    endloop
  endfacet
  facet normal 0 0 1
    outer loop
      vertex -78.22281745930519 -45.1821825406948 10.399999999999999
      vertex -78.31768867432035 -45.29036242809041 10.399999999999999
      vertex -78.22281745930519 -46.737817459305205 10.399999999999999
    endloop
  endfacet
  facet normal 0 0 1
    outer loop
      vertex -78.11463757190958 -45.08731132567964 10.399999999999999
      vertex -78.22281745930519 -45.1821825406948 10.399999999999999
      vertex -78.11463757190958 -46.83268867432036 10.399999999999999
    endloop
  endfacet
  facet normal 0 0 1
    outer loop
      vertex -77.99499999999999 -45.007372055837116 10.399999999999999
      vertex -78.11463757190958 -45.08731132567964 10.399999999999999
      vertex -77.99499999999999 -46.912627944162885 10.399999999999999
    endloop
  endfacet
  facet normal 0 0 1
    outer loop
      vertex -78.39762794416288 -45.410000000000004 10.399999999999999
      vertex -78.39762794416288 -46.51 10.399999999999999
      vertex -78.31768867432035 -46.62963757190959 10.399999999999999
    endloop
  endfacet
  facet normal 0 0 1
    outer loop
      vertex -78.31768867432035 -45.29036242809041 10.399999999999999
      vertex -78.31768867432035 -46.62963757190959 10.399999999999999
      vertex -78.22281745930519 -46.737817459305205 10.399999999999999
    endloop
  endfacet
  facet normal 0 0 1
    outer loop
      vertex -78.22281745930519 -45.1821825406948 10.399999999999999
      vertex -78.22281745930519 -46.737817459305205 10.399999999999999
      vertex -78.11463757190958 -46.83268867432036 10.399999999999999
    endloop
  endfacet
  facet normal 0 0 1
    outer loop
      vertex -78.11463757190958 -45.08731132567964 10.399999999999999
      vertex -78.11463757190958 -46.83268867432036 10.399999999999999
      vertex -77.99499999999999 -46.912627944162885 10.399999999999999
    endloop
  endfacet
  facet normal 0 0 1
    outer loop
      vertex -77.99499999999999 -45.007372055837116 10.399999999999999
      vertex -77.99499999999999 -46.912627944162885 10.399999999999999
      vertex -77.86595177560159 -46.97626748576241 10.399999999999999
    endloop
  endfacet
  facet normal 0 0 1
    outer loop
      vertex -77.86595177560159 -44.94373251423759 10.399999999999999
      vertex -77.86595177560159 -46.97626748576241 10.399999999999999
      vertex -77.72970094961276 -47.022518408917975 10.399999999999999
    endloop
  endfacet
  facet normal 0 0 1
    outer loop
      vertex -77.72970094961276 -44.89748159108203 10.399999999999999
      vertex -77.72970094961276 -47.022518408917975 10.399999999999999
      vertex -77.58857881144205 -47.05058934751119 10.399999999999999
    endloop
  endfacet
  facet normal 0 0 1
    outer loop
      vertex -77.58857881144205 -44.86941065248881 10.399999999999999
      vertex -77.58857881144205 -47.05058934751119 10.399999999999999
      vertex -77.445 -47.06 10.399999999999999
    endloop
  endfacet
  facet normal 0 0 1
    outer loop
      vertex -77.445 -44.86 10.399999999999999
      vertex -77.445 -47.06 10.399999999999999
      vertex -77.30142118855794 -47.05058934751119 10.399999999999999
    endloop
  endfacet
  facet normal 0 0 1
    outer loop
      vertex -77.30142118855794 -44.86941065248881 10.399999999999999
      vertex -77.30142118855794 -47.05058934751119 10.399999999999999
      vertex -77.16029905038722 -47.022518408917975 10.399999999999999
    endloop
  endfacet
  facet normal 0 0 1
    outer loop
      vertex -76.7753624280904 -45.08731132567964 10.399999999999999
      vertex -76.6671825406948 -46.737817459305205 10.399999999999999
      vertex -76.6671825406948 -45.1821825406948 10.399999999999999
    endloop
  endfacet
  facet normal 0 0 1
    outer loop
      vertex -76.6671825406948 -45.1821825406948 10.399999999999999
      vertex -76.57231132567964 -46.62963757190959 10.399999999999999
      vertex -76.57231132567964 -45.29036242809041 10.399999999999999
    endloop
  endfacet
  facet normal 0 0 1
    outer loop
      vertex -76.57231132567964 -45.29036242809041 10.399999999999999
      vertex -76.49237205583711 -46.51 10.399999999999999
      vertex -76.49237205583711 -45.410000000000004 10.399999999999999
    endloop
  endfacet
  facet normal 0 0 1
    outer loop
      vertex -76.49237205583711 -45.410000000000004 10.399999999999999
      vertex -76.42873251423758 -46.3809517756016 10.399999999999999
      vertex -76.42873251423758 -45.5390482243984 10.399999999999999
    endloop
  endfacet
  facet normal 0 0 1
    outer loop
      vertex -76.57231132567964 -45.29036242809041 10.399999999999999
      vertex -76.57231132567964 -46.62963757190959 10.399999999999999
      vertex -76.49237205583711 -46.51 10.399999999999999
    endloop
  endfacet
  facet normal 0 0 1
    outer loop
      vertex -76.49237205583711 -45.410000000000004 10.399999999999999
      vertex -76.49237205583711 -46.51 10.399999999999999
      vertex -76.42873251423758 -46.3809517756016 10.399999999999999
    endloop
  endfacet
  facet normal 0 0 1
    outer loop
      vertex -77.16029905038722 -44.89748159108203 10.399999999999999
      vertex -77.16029905038722 -47.022518408917975 10.399999999999999
      vertex -77.0240482243984 -46.97626748576241 10.399999999999999
    endloop
  endfacet
  facet normal 0 0 1
    outer loop
      vertex -76.895 -45.007372055837116 10.399999999999999
      vertex -76.895 -46.912627944162885 10.399999999999999
      vertex -76.7753624280904 -46.83268867432036 10.399999999999999
    endloop
  endfacet
  facet normal 0 0 1
    outer loop
      vertex -77.0240482243984 -44.94373251423759 10.399999999999999
      vertex -77.0240482243984 -46.97626748576241 10.399999999999999
      vertex -76.895 -46.912627944162885 10.399999999999999
    endloop
  endfacet
  facet normal 0 0 1
    outer loop
      vertex -76.7753624280904 -45.08731132567964 10.399999999999999
      vertex -76.7753624280904 -46.83268867432036 10.399999999999999
      vertex -76.6671825406948 -46.737817459305205 10.399999999999999
    endloop
  endfacet
  facet normal 0 0 1
    outer loop
      vertex -76.6671825406948 -45.1821825406948 10.399999999999999
      vertex -76.6671825406948 -46.737817459305205 10.399999999999999
      vertex -76.57231132567964 -46.62963757190959 10.399999999999999
    endloop
  endfacet
  facet normal 0 0 1
    outer loop
      vertex -76.42873251423758 -45.5390482243984 10.399999999999999
      vertex -76.38248159108201 -46.24470094961277 10.399999999999999
      vertex -76.38248159108201 -45.67529905038723 10.399999999999999
    endloop
  endfacet
  facet normal 0 0 1
    outer loop
      vertex -76.38248159108201 -45.67529905038723 10.399999999999999
      vertex -76.3544106524888 -46.103578811442055 10.399999999999999
      vertex -76.3544106524888 -45.816421188557946 10.399999999999999
    endloop
  endfacet
  facet normal 0 0 1
    outer loop
      vertex -76.38248159108201 -45.67529905038723 10.399999999999999
      vertex -76.38248159108201 -46.24470094961277 10.399999999999999
      vertex -76.3544106524888 -46.103578811442055 10.399999999999999
    endloop
  endfacet
  facet normal 0 0 1
    outer loop
      vertex -76.3544106524888 -45.816421188557946 10.399999999999999
      vertex -76.3544106524888 -46.103578811442055 10.399999999999999
      vertex -76.345 -45.96 10.399999999999999
    endloop
  endfacet
  facet normal 0 0 1
    outer loop
      vertex -76.42873251423758 -45.5390482243984 10.399999999999999
      vertex -76.42873251423758 -46.3809517756016 10.399999999999999
      vertex -76.38248159108201 -46.24470094961277 10.399999999999999
    endloop
  endfacet
  facet normal -0.9807852804032293 0.19509032201613385 0
    outer loop
      vertex -78.50751840891797 -45.67529905038723 10.399999999999999
      vertex -78.50751840891797 -45.67529905038723 9.2
      vertex -78.53558934751119 -45.816421188557946 10.399999999999999
    endloop
  endfacet
  facet normal -0.997858923238609 0.06540312923005889 0
    outer loop
      vertex -78.53558934751119 -45.816421188557946 10.399999999999999
      vertex -78.53558934751119 -45.816421188557946 9.2
      vertex -78.54499999999999 -45.96 10.399999999999999
    endloop
  endfacet
  facet normal -0.997858923238609 -0.06540312923005889 0
    outer loop
      vertex -78.54499999999999 -45.96 10.399999999999999
      vertex -78.54499999999999 -45.96 9.2
      vertex -78.53558934751119 -46.103578811442055 10.399999999999999
    endloop
  endfacet
  facet normal -0.9807852804032293 -0.19509032201613385 0
    outer loop
      vertex -78.53558934751119 -46.103578811442055 10.399999999999999
      vertex -78.53558934751119 -46.103578811442055 9.2
      vertex -78.50751840891797 -46.24470094961277 10.399999999999999
    endloop
  endfacet
  facet normal -0.9469301294950908 -0.32143946530320494 0
    outer loop
      vertex -78.50751840891797 -46.24470094961277 10.399999999999999
      vertex -78.50751840891797 -46.24470094961277 9.2
      vertex -78.4612674857624 -46.3809517756016 10.399999999999999
    endloop
  endfacet
  facet normal -0.8968727415326944 -0.44228869021898914 0
    outer loop
      vertex -78.4612674857624 -46.3809517756016 10.399999999999999
      vertex -78.4612674857624 -46.3809517756016 9.2
      vertex -78.39762794416288 -46.51 10.399999999999999
    endloop
  endfacet
  facet normal -0.8314696123025364 -0.5555702330196156 0
    outer loop
      vertex -78.39762794416288 -46.51 10.399999999999999
      vertex -78.39762794416288 -46.51 9.2
      vertex -78.31768867432035 -46.62963757190959 10.399999999999999
    endloop
  endfacet
  facet normal -0.7518398074789777 -0.6593458151000687 0
    outer loop
      vertex -78.31768867432035 -46.62963757190959 10.399999999999999
      vertex -78.31768867432035 -46.62963757190959 9.2
      vertex -78.22281745930519 -46.737817459305205 10.399999999999999
    endloop
  endfacet
  facet normal -0.6593458151000653 -0.7518398074789807 0
    outer loop
      vertex -78.22281745930519 -46.737817459305205 10.399999999999999
      vertex -78.22281745930519 -46.737817459305205 9.2
      vertex -78.11463757190958 -46.83268867432036 10.399999999999999
    endloop
  endfacet
  facet normal -0.5555702330196156 -0.8314696123025364 0
    outer loop
      vertex -78.11463757190958 -46.83268867432036 10.399999999999999
      vertex -78.11463757190958 -46.83268867432036 9.2
      vertex -77.99499999999999 -46.912627944162885 10.399999999999999
    endloop
  endfacet
  facet normal 0.8968727415326944 -0.44228869021898914 0
    outer loop
      vertex -76.49237205583711 -46.51 10.399999999999999
      vertex -76.49237205583711 -46.51 9.2
      vertex -76.42873251423758 -46.3809517756016 10.399999999999999
    endloop
  endfacet
  facet normal 0.8314696123025364 -0.5555702330196156 1.2646212205533666e-18
    outer loop
      vertex -76.49237205583711 -46.51 10.399999999999999
      vertex -76.57231132567964 -46.62963757190959 10.399999999999999
      vertex -76.57231132567964 -46.62963757190959 9.2
    endloop
  endfacet
  facet normal -0.44228869021896955 -0.8968727415327039 0
    outer loop
      vertex -77.99499999999999 -46.912627944162885 10.399999999999999
      vertex -77.99499999999999 -46.912627944162885 9.2
      vertex -77.86595177560159 -46.97626748576241 10.399999999999999
    endloop
  endfacet
  facet normal -0.3214394653031757 -0.9469301294951008 0
    outer loop
      vertex -77.86595177560159 -46.97626748576241 10.399999999999999
      vertex -77.86595177560159 -46.97626748576241 9.2
      vertex -77.72970094961276 -47.022518408917975 10.399999999999999
    endloop
  endfacet
  facet normal -0.19509032201613385 -0.9807852804032293 0
    outer loop
      vertex -77.72970094961276 -47.022518408917975 10.399999999999999
      vertex -77.72970094961276 -47.022518408917975 9.2
      vertex -77.58857881144205 -47.05058934751119 10.399999999999999
    endloop
  endfacet
  facet normal -0.06540312923015723 -0.9978589232386026 0
    outer loop
      vertex -77.58857881144205 -47.05058934751119 10.399999999999999
      vertex -77.58857881144205 -47.05058934751119 9.2
      vertex -77.445 -47.06 10.399999999999999
    endloop
  endfacet
  facet normal 0.06540312923015723 -0.9978589232386026 0
    outer loop
      vertex -77.445 -47.06 10.399999999999999
      vertex -77.445 -47.06 9.2
      vertex -77.30142118855794 -47.05058934751119 10.399999999999999
    endloop
  endfacet
  facet normal 0.19509032201613385 -0.9807852804032293 0
    outer loop
      vertex -77.30142118855794 -47.05058934751119 10.399999999999999
      vertex -77.30142118855794 -47.05058934751119 9.2
      vertex -77.16029905038722 -47.022518408917975 10.399999999999999
    endloop
  endfacet
  facet normal 0.5555702330196156 -0.8314696123025364 0
    outer loop
      vertex -76.895 -46.912627944162885 10.399999999999999
      vertex -76.895 -46.912627944162885 9.2
      vertex -76.7753624280904 -46.83268867432036 10.399999999999999
    endloop
  endfacet
  facet normal 0.3214394653031757 -0.9469301294951008 0
    outer loop
      vertex -77.16029905038722 -47.022518408917975 10.399999999999999
      vertex -77.16029905038722 -47.022518408917975 9.2
      vertex -77.0240482243984 -46.97626748576241 10.399999999999999
    endloop
  endfacet
  facet normal 0.44228869021896955 -0.8968727415327039 -6.164162675731786e-19
    outer loop
      vertex -76.895 -46.912627944162885 10.399999999999999
      vertex -77.0240482243984 -46.97626748576241 10.399999999999999
      vertex -77.0240482243984 -46.97626748576241 9.2
    endloop
  endfacet
  facet normal 0.6593458151000653 -0.7518398074789807 -1.8292166634487113e-19
    outer loop
      vertex -76.6671825406948 -46.737817459305205 10.399999999999999
      vertex -76.7753624280904 -46.83268867432036 10.399999999999999
      vertex -76.7753624280904 -46.83268867432036 9.2
    endloop
  endfacet
  facet normal 0.7518398074789777 -0.6593458151000687 -3.223932867145131e-18
    outer loop
      vertex -76.57231132567964 -46.62963757190959 10.399999999999999
      vertex -76.6671825406948 -46.737817459305205 10.399999999999999
      vertex -76.6671825406948 -46.737817459305205 9.2
    endloop
  endfacet
  facet normal 0.9807852804032293 0.19509032201613385 3.5627392161482326e-19
    outer loop
      vertex -76.38248159108201 -45.67529905038723 10.399999999999999
      vertex -76.3544106524888 -45.816421188557946 10.399999999999999
      vertex -76.3544106524888 -45.816421188557946 9.2
    endloop
  endfacet
  facet normal 0.997858923238609 0.06540312923005889 -5.71602286160331e-19
    outer loop
      vertex -76.3544106524888 -45.816421188557946 10.399999999999999
      vertex -76.345 -45.96 10.399999999999999
      vertex -76.345 -45.96 9.2
    endloop
  endfacet
  facet normal 0.997858923238609 -0.06540312923005889 5.71602286160331e-19
    outer loop
      vertex -76.345 -45.96 10.399999999999999
      vertex -76.3544106524888 -46.103578811442055 10.399999999999999
      vertex -76.3544106524888 -46.103578811442055 9.2
    endloop
  endfacet
  facet normal 0.9807852804032293 -0.19509032201613385 -3.5627392161482326e-19
    outer loop
      vertex -76.3544106524888 -46.103578811442055 10.399999999999999
      vertex -76.38248159108201 -46.24470094961277 10.399999999999999
      vertex -76.38248159108201 -46.24470094961277 9.2
    endloop
  endfacet
  facet normal 0.9469301294950908 -0.32143946530320494 6.287746234274969e-19
    outer loop
      vertex -76.38248159108201 -46.24470094961277 10.399999999999999
      vertex -76.42873251423758 -46.3809517756016 10.399999999999999
      vertex -76.42873251423758 -46.3809517756016 9.2
    endloop
  endfacet
  facet normal -0.5555702330196156 0.8314696123025364 0
    outer loop
      vertex -78.11463757190958 -45.08731132567964 10.399999999999999
      vertex -77.99499999999999 -45.007372055837116 9.2
      vertex -78.11463757190958 -45.08731132567964 9.2
    endloop
  endfacet
  facet normal -0.8314696123025364 0.5555702330196156 0
    outer loop
      vertex -78.39762794416288 -45.410000000000004 10.399999999999999
      vertex -78.31768867432035 -45.29036242809041 9.2
      vertex -78.39762794416288 -45.410000000000004 9.2
    endloop
  endfacet
  facet normal -0.8968727415326944 0.44228869021898914 0
    outer loop
      vertex -78.4612674857624 -45.5390482243984 10.399999999999999
      vertex -78.39762794416288 -45.410000000000004 9.2
      vertex -78.4612674857624 -45.5390482243984 9.2
    endloop
  endfacet
  facet normal -0.9469301294950908 0.32143946530320494 0
    outer loop
      vertex -78.50751840891797 -45.67529905038723 10.399999999999999
      vertex -78.4612674857624 -45.5390482243984 9.2
      vertex -78.50751840891797 -45.67529905038723 9.2
    endloop
  endfacet
  facet normal -0.7518398074789777 0.6593458151000687 0
    outer loop
      vertex -78.31768867432035 -45.29036242809041 10.399999999999999
      vertex -78.22281745930519 -45.1821825406948 9.2
      vertex -78.31768867432035 -45.29036242809041 9.2
    endloop
  endfacet
  facet normal -0.6593458151000653 0.7518398074789807 0
    outer loop
      vertex -78.22281745930519 -45.1821825406948 10.399999999999999
      vertex -78.11463757190958 -45.08731132567964 9.2
      vertex -78.22281745930519 -45.1821825406948 9.2
    endloop
  endfacet
  facet normal -0.44228869021896955 0.8968727415327039 0
    outer loop
      vertex -77.99499999999999 -45.007372055837116 10.399999999999999
      vertex -77.86595177560159 -44.94373251423759 9.2
      vertex -77.99499999999999 -45.007372055837116 9.2
    endloop
  endfacet
  facet normal -0.3214394653031757 0.9469301294951008 0
    outer loop
      vertex -77.86595177560159 -44.94373251423759 10.399999999999999
      vertex -77.72970094961276 -44.89748159108203 9.2
      vertex -77.86595177560159 -44.94373251423759 9.2
    endloop
  endfacet
  facet normal -0.19509032201613385 0.9807852804032293 0
    outer loop
      vertex -77.72970094961276 -44.89748159108203 10.399999999999999
      vertex -77.58857881144205 -44.86941065248881 9.2
      vertex -77.72970094961276 -44.89748159108203 9.2
    endloop
  endfacet
  facet normal -0.06540312923015723 0.9978589232386026 0
    outer loop
      vertex -77.58857881144205 -44.86941065248881 10.399999999999999
      vertex -77.445 -44.86 9.2
      vertex -77.58857881144205 -44.86941065248881 9.2
    endloop
  endfacet
  facet normal 0.06540312923015723 0.9978589232386026 0
    outer loop
      vertex -77.445 -44.86 10.399999999999999
      vertex -77.30142118855794 -44.86941065248881 9.2
      vertex -77.445 -44.86 9.2
    endloop
  endfacet
  facet normal 0.19509032201613385 0.9807852804032293 0
    outer loop
      vertex -77.30142118855794 -44.86941065248881 10.399999999999999
      vertex -77.16029905038722 -44.89748159108203 9.2
      vertex -77.30142118855794 -44.86941065248881 9.2
    endloop
  endfacet
  facet normal 0.3214394653031757 0.9469301294951008 0
    outer loop
      vertex -77.16029905038722 -44.89748159108203 10.399999999999999
      vertex -77.0240482243984 -44.94373251423759 9.2
      vertex -77.16029905038722 -44.89748159108203 9.2
    endloop
  endfacet
  facet normal 0.44228869021896955 0.8968727415327039 0
    outer loop
      vertex -77.0240482243984 -44.94373251423759 10.399999999999999
      vertex -76.895 -45.007372055837116 9.2
      vertex -77.0240482243984 -44.94373251423759 9.2
    endloop
  endfacet
  facet normal 0.5555702330196156 0.8314696123025364 0
    outer loop
      vertex -76.895 -45.007372055837116 10.399999999999999
      vertex -76.7753624280904 -45.08731132567964 9.2
      vertex -76.895 -45.007372055837116 9.2
    endloop
  endfacet
  facet normal 0.6593458151000653 0.7518398074789807 0
    outer loop
      vertex -76.7753624280904 -45.08731132567964 10.399999999999999
      vertex -76.6671825406948 -45.1821825406948 9.2
      vertex -76.7753624280904 -45.08731132567964 9.2
    endloop
  endfacet
  facet normal 0.7518398074789777 0.6593458151000687 0
    outer loop
      vertex -76.6671825406948 -45.1821825406948 10.399999999999999
      vertex -76.57231132567964 -45.29036242809041 9.2
      vertex -76.6671825406948 -45.1821825406948 9.2
    endloop
  endfacet
  facet normal 0.8314696123025364 0.5555702330196156 0
    outer loop
      vertex -76.57231132567964 -45.29036242809041 10.399999999999999
      vertex -76.49237205583711 -45.410000000000004 9.2
      vertex -76.57231132567964 -45.29036242809041 9.2
    endloop
  endfacet
  facet normal 0.8968727415326944 0.44228869021898914 0
    outer loop
      vertex -76.49237205583711 -45.410000000000004 10.399999999999999
      vertex -76.42873251423758 -45.5390482243984 9.2
      vertex -76.49237205583711 -45.410000000000004 9.2
    endloop
  endfacet
  facet normal 0.9469301294950908 0.32143946530320494 0
    outer loop
      vertex -76.42873251423758 -45.5390482243984 10.399999999999999
      vertex -76.38248159108201 -45.67529905038723 9.2
      vertex -76.42873251423758 -45.5390482243984 9.2
    endloop
  endfacet
  facet normal -0.9807852804032293 0.19509032201613385 0
    outer loop
      vertex -78.53558934751119 -45.816421188557946 10.399999999999999
      vertex -78.50751840891797 -45.67529905038723 9.2
      vertex -78.53558934751119 -45.816421188557946 9.2
    endloop
  endfacet
  facet normal -0.997858923238609 0.06540312923005889 0
    outer loop
      vertex -78.54499999999999 -45.96 10.399999999999999
      vertex -78.53558934751119 -45.816421188557946 9.2
      vertex -78.54499999999999 -45.96 9.2
    endloop
  endfacet
  facet normal -0.997858923238609 -0.06540312923005889 0
    outer loop
      vertex -78.53558934751119 -46.103578811442055 10.399999999999999
      vertex -78.54499999999999 -45.96 9.2
      vertex -78.53558934751119 -46.103578811442055 9.2
    endloop
  endfacet
  facet normal -0.9807852804032293 -0.19509032201613385 0
    outer loop
      vertex -78.50751840891797 -46.24470094961277 10.399999999999999
      vertex -78.53558934751119 -46.103578811442055 9.2
      vertex -78.50751840891797 -46.24470094961277 9.2
    endloop
  endfacet
  facet normal -0.9469301294950908 -0.32143946530320494 0
    outer loop
      vertex -78.4612674857624 -46.3809517756016 10.399999999999999
      vertex -78.50751840891797 -46.24470094961277 9.2
      vertex -78.4612674857624 -46.3809517756016 9.2
    endloop
  endfacet
  facet normal -0.8968727415326944 -0.44228869021898914 0
    outer loop
      vertex -78.39762794416288 -46.51 10.399999999999999
      vertex -78.4612674857624 -46.3809517756016 9.2
      vertex -78.39762794416288 -46.51 9.2
    endloop
  endfacet
  facet normal -0.8314696123025364 -0.5555702330196156 0
    outer loop
      vertex -78.31768867432035 -46.62963757190959 10.399999999999999
      vertex -78.39762794416288 -46.51 9.2
      vertex -78.31768867432035 -46.62963757190959 9.2
    endloop
  endfacet
  facet normal -0.7518398074789777 -0.6593458151000687 0
    outer loop
      vertex -78.22281745930519 -46.737817459305205 10.399999999999999
      vertex -78.31768867432035 -46.62963757190959 9.2
      vertex -78.22281745930519 -46.737817459305205 9.2
    endloop
  endfacet
  facet normal -0.6593458151000653 -0.7518398074789807 0
    outer loop
      vertex -78.11463757190958 -46.83268867432036 10.399999999999999
      vertex -78.22281745930519 -46.737817459305205 9.2
      vertex -78.11463757190958 -46.83268867432036 9.2
    endloop
  endfacet
  facet normal -0.5555702330196156 -0.8314696123025364 0
    outer loop
      vertex -77.99499999999999 -46.912627944162885 10.399999999999999
      vertex -78.11463757190958 -46.83268867432036 9.2
      vertex -77.99499999999999 -46.912627944162885 9.2
    endloop
  endfacet
  facet normal 0.8968727415326944 -0.44228869021898914 0
    outer loop
      vertex -76.42873251423758 -46.3809517756016 10.399999999999999
      vertex -76.49237205583711 -46.51 9.2
      vertex -76.42873251423758 -46.3809517756016 9.2
    endloop
  endfacet
  facet normal 0.8314696123025364 -0.5555702330196156 0
    outer loop
      vertex -76.49237205583711 -46.51 10.399999999999999
      vertex -76.57231132567964 -46.62963757190959 9.2
      vertex -76.49237205583711 -46.51 9.2
    endloop
  endfacet
  facet normal 0.7518398074789777 -0.6593458151000687 0
    outer loop
      vertex -76.57231132567964 -46.62963757190959 10.399999999999999
      vertex -76.6671825406948 -46.737817459305205 9.2
      vertex -76.57231132567964 -46.62963757190959 9.2
    endloop
  endfacet
  facet normal -0.44228869021896955 -0.8968727415327039 0
    outer loop
      vertex -77.86595177560159 -46.97626748576241 10.399999999999999
      vertex -77.99499999999999 -46.912627944162885 9.2
      vertex -77.86595177560159 -46.97626748576241 9.2
    endloop
  endfacet
  facet normal -0.3214394653031757 -0.9469301294951008 0
    outer loop
      vertex -77.72970094961276 -47.022518408917975 10.399999999999999
      vertex -77.86595177560159 -46.97626748576241 9.2
      vertex -77.72970094961276 -47.022518408917975 9.2
    endloop
  endfacet
  facet normal -0.19509032201613385 -0.9807852804032293 0
    outer loop
      vertex -77.58857881144205 -47.05058934751119 10.399999999999999
      vertex -77.72970094961276 -47.022518408917975 9.2
      vertex -77.58857881144205 -47.05058934751119 9.2
    endloop
  endfacet
  facet normal -0.06540312923015723 -0.9978589232386026 0
    outer loop
      vertex -77.445 -47.06 10.399999999999999
      vertex -77.58857881144205 -47.05058934751119 9.2
      vertex -77.445 -47.06 9.2
    endloop
  endfacet
  facet normal 0.06540312923015723 -0.9978589232386026 0
    outer loop
      vertex -77.30142118855794 -47.05058934751119 10.399999999999999
      vertex -77.445 -47.06 9.2
      vertex -77.30142118855794 -47.05058934751119 9.2
    endloop
  endfacet
  facet normal 0.44228869021896955 -0.8968727415327039 0
    outer loop
      vertex -76.895 -46.912627944162885 10.399999999999999
      vertex -77.0240482243984 -46.97626748576241 9.2
      vertex -76.895 -46.912627944162885 9.2
    endloop
  endfacet
  facet normal 0.19509032201613385 -0.9807852804032293 0
    outer loop
      vertex -77.16029905038722 -47.022518408917975 10.399999999999999
      vertex -77.30142118855794 -47.05058934751119 9.2
      vertex -77.16029905038722 -47.022518408917975 9.2
    endloop
  endfacet
  facet normal 0.3214394653031757 -0.9469301294951008 0
    outer loop
      vertex -77.0240482243984 -46.97626748576241 10.399999999999999
      vertex -77.16029905038722 -47.022518408917975 9.2
      vertex -77.0240482243984 -46.97626748576241 9.2
    endloop
  endfacet
  facet normal 0.6593458151000653 -0.7518398074789807 0
    outer loop
      vertex -76.6671825406948 -46.737817459305205 10.399999999999999
      vertex -76.7753624280904 -46.83268867432036 9.2
      vertex -76.6671825406948 -46.737817459305205 9.2
    endloop
  endfacet
  facet normal 0.5555702330196156 -0.8314696123025364 0
    outer loop
      vertex -76.7753624280904 -46.83268867432036 10.399999999999999
      vertex -76.895 -46.912627944162885 9.2
      vertex -76.7753624280904 -46.83268867432036 9.2
    endloop
  endfacet
  facet normal 0.9807852804032293 0.19509032201613385 0
    outer loop
      vertex -76.38248159108201 -45.67529905038723 10.399999999999999
      vertex -76.3544106524888 -45.816421188557946 9.2
      vertex -76.38248159108201 -45.67529905038723 9.2
    endloop
  endfacet
  facet normal 0.997858923238609 0.06540312923005889 0
    outer loop
      vertex -76.3544106524888 -45.816421188557946 10.399999999999999
      vertex -76.345 -45.96 9.2
      vertex -76.3544106524888 -45.816421188557946 9.2
    endloop
  endfacet
  facet normal 0.997858923238609 -0.06540312923005889 0
    outer loop
      vertex -76.345 -45.96 10.399999999999999
      vertex -76.3544106524888 -46.103578811442055 9.2
      vertex -76.345 -45.96 9.2
    endloop
  endfacet
  facet normal 0.9807852804032293 -0.19509032201613385 0
    outer loop
      vertex -76.3544106524888 -46.103578811442055 10.399999999999999
      vertex -76.38248159108201 -46.24470094961277 9.2
      vertex -76.3544106524888 -46.103578811442055 9.2
    endloop
  endfacet
  facet normal 0.9469301294950908 -0.32143946530320494 0
    outer loop
      vertex -76.38248159108201 -46.24470094961277 10.399999999999999
      vertex -76.42873251423758 -46.3809517756016 9.2
      vertex -76.38248159108201 -46.24470094961277 9.2
    endloop
  endfacet
  facet normal 0 0 1
    outer loop
      vertex 76.40972381958991 49.82370330515627 9.2
      vertex 75.91426627053963 49.655518130045145 9.2
      vertex 76.42873251423758 46.3809517756016 9.2
    endloop
  endfacet
  facet normal 0 0 1
    outer loop
      vertex 74.61657287525381 48.78842712474619 9.2
      vertex 74.27158663883505 48.395045716034886 9.2
      vertex 74.61657287525381 43.13157287525381 9.2
    endloop
  endfacet
  facet normal 0 0 1
    outer loop
      vertex 74.61657287525381 48.78842712474619 9.2
      vertex 75.00995428396511 42.78658663883506 9.2
      vertex 75.00995428396511 49.13341336116494 9.2
    endloop
  endfacet
  facet normal 0 0 1
    outer loop
      vertex 73.74948186995485 47.49073372946036 9.2
      vertex 73.58129669484372 46.99527618041009 9.2
      vertex 73.74948186995485 44.42926627053964 9.2
    endloop
  endfacet
  facet normal 0 0 1
    outer loop
      vertex 73.98089838486224 47.96 9.2
      vertex 73.74948186995485 47.49073372946036 9.2
      vertex 73.98089838486224 43.96 9.2
    endloop
  endfacet
  facet normal 0 0 1
    outer loop
      vertex 73.58129669484372 46.99527618041009 9.2
      vertex 73.47922055450475 46.482104768880205 9.2
      vertex 73.58129669484372 44.924723819589914 9.2
    endloop
  endfacet
  facet normal 0 0 1
    outer loop
      vertex 73.47922055450475 46.482104768880205 9.2
      vertex 73.445 45.96 9.2
      vertex 73.47922055450475 45.437895231119796 9.2
    endloop
  endfacet
  facet normal 0 0 1
    outer loop
      vertex 73.98089838486224 47.96 9.2
      vertex 74.27158663883505 43.524954283965116 9.2
      vertex 74.27158663883505 48.395045716034886 9.2
    endloop
  endfacet
  facet normal 0 0 1
    outer loop
      vertex 75.445 49.42410161513776 9.2
      vertex 75.00995428396511 49.13341336116494 9.2
      vertex 75.445 42.495898384862244 9.2
    endloop
  endfacet
  facet normal 0 0 1
    outer loop
      vertex 76.40972381958991 49.82370330515627 9.2
      vertex 76.42873251423758 46.3809517756016 9.2
      vertex 76.49237205583711 46.51 9.2
    endloop
  endfacet
  facet normal 0 0 1
    outer loop
      vertex 75.91426627053963 49.655518130045145 9.2
      vertex 76.38248159108201 46.24470094961277 9.2
      vertex 76.42873251423758 46.3809517756016 9.2
    endloop
  endfacet
  facet normal 0 0 1
    outer loop
      vertex 75.91426627053963 49.655518130045145 9.2
      vertex 76.3544106524888 46.103578811442055 9.2
      vertex 76.38248159108201 46.24470094961277 9.2
    endloop
  endfacet
  facet normal 0 0 1
    outer loop
      vertex 75.91426627053963 49.655518130045145 9.2
      vertex 76.345 45.96 9.2
      vertex 76.3544106524888 46.103578811442055 9.2
    endloop
  endfacet
  facet normal 0 0 1
    outer loop
      vertex 75.445 49.42410161513776 9.2
      vertex 75.91426627053963 42.26448186995486 9.2
      vertex 75.91426627053963 49.655518130045145 9.2
    endloop
  endfacet
  facet normal 0 0 1
    outer loop
      vertex 75.91426627053963 49.655518130045145 9.2
      vertex 76.3544106524888 45.816421188557946 9.2
      vertex 76.345 45.96 9.2
    endloop
  endfacet
  facet normal 0 0 1
    outer loop
      vertex 75.91426627053963 49.655518130045145 9.2
      vertex 76.40972381958991 42.09629669484373 9.2
      vertex 76.3544106524888 45.816421188557946 9.2
    endloop
  endfacet
  facet normal 0 0 1
    outer loop
      vertex 76.40972381958991 49.82370330515627 9.2
      vertex 77.0240482243984 46.97626748576241 9.2
      vertex 76.92289523111978 49.925779445495245 9.2
    endloop
  endfacet
  facet normal 0 0 1
    outer loop
      vertex 76.92289523111978 49.925779445495245 9.2
      vertex 77.445 47.06 9.2
      vertex 77.445 49.96 9.2
    endloop
  endfacet
  facet normal 0 0 1
    outer loop
      vertex 77.445 49.96 9.2
      vertex 77.72970094961276 47.022518408917975 9.2
      vertex 77.9671047688802 49.925779445495245 9.2
    endloop
  endfacet
  facet normal 0 0 1
    outer loop
      vertex 76.40972381958991 49.82370330515627 9.2
      vertex 76.57231132567964 46.62963757190959 9.2
      vertex 76.6671825406948 46.737817459305205 9.2
    endloop
  endfacet
  facet normal 0 0 1
    outer loop
      vertex 76.40972381958991 49.82370330515627 9.2
      vertex 76.6671825406948 46.737817459305205 9.2
      vertex 76.7753624280904 46.83268867432036 9.2
    endloop
  endfacet
  facet normal 0 0 1
    outer loop
      vertex 76.40972381958991 49.82370330515627 9.2
      vertex 76.7753624280904 46.83268867432036 9.2
      vertex 76.895 46.912627944162885 9.2
    endloop
  endfacet
  facet normal 0 0 1
    outer loop
      vertex 76.40972381958991 49.82370330515627 9.2
      vertex 76.895 46.912627944162885 9.2
      vertex 77.0240482243984 46.97626748576241 9.2
    endloop
  endfacet
  facet normal 0 0 1
    outer loop
      vertex 76.92289523111978 49.925779445495245 9.2
      vertex 77.16029905038722 47.022518408917975 9.2
      vertex 77.30142118855794 47.05058934751119 9.2
    endloop
  endfacet
  facet normal 0 0 1
    outer loop
      vertex 76.92289523111978 49.925779445495245 9.2
      vertex 77.0240482243984 46.97626748576241 9.2
      vertex 77.16029905038722 47.022518408917975 9.2
    endloop
  endfacet
  facet normal 0 0 1
    outer loop
      vertex 76.92289523111978 49.925779445495245 9.2
      vertex 77.30142118855794 47.05058934751119 9.2
      vertex 77.445 47.06 9.2
    endloop
  endfacet
  facet normal 0 0 1
    outer loop
      vertex 77.445 49.96 9.2
      vertex 77.445 47.06 9.2
      vertex 77.58857881144205 47.05058934751119 9.2
    endloop
  endfacet
  facet normal 0 0 1
    outer loop
      vertex 77.445 49.96 9.2
      vertex 77.58857881144205 47.05058934751119 9.2
      vertex 77.72970094961276 47.022518408917975 9.2
    endloop
  endfacet
  facet normal 0 0 1
    outer loop
      vertex 77.9671047688802 49.925779445495245 9.2
      vertex 77.72970094961276 47.022518408917975 9.2
      vertex 77.86595177560159 46.97626748576241 9.2
    endloop
  endfacet
  facet normal 0 0 1
    outer loop
      vertex 77.9671047688802 49.925779445495245 9.2
      vertex 77.86595177560159 46.97626748576241 9.2
      vertex 77.99499999999999 46.912627944162885 9.2
    endloop
  endfacet
  facet normal 0 0 1
    outer loop
      vertex 77.9671047688802 49.925779445495245 9.2
      vertex 78.22281745930519 46.737817459305205 9.2
      vertex 78.48027618041007 49.82370330515627 9.2
    endloop
  endfacet
  facet normal 0 0 1
    outer loop
      vertex 77.9671047688802 49.925779445495245 9.2
      vertex 77.99499999999999 46.912627944162885 9.2
      vertex 78.11463757190958 46.83268867432036 9.2
    endloop
  endfacet
  facet normal 0 0 1
    outer loop
      vertex 77.9671047688802 49.925779445495245 9.2
      vertex 78.11463757190958 46.83268867432036 9.2
      vertex 78.22281745930519 46.737817459305205 9.2
    endloop
  endfacet
  facet normal 0 0 1
    outer loop
      vertex 78.48027618041007 49.82370330515627 9.2
      vertex 78.22281745930519 46.737817459305205 9.2
      vertex 78.31768867432035 46.62963757190959 9.2
    endloop
  endfacet
  facet normal 0 0 1
    outer loop
      vertex 76.40972381958991 49.82370330515627 9.2
      vertex 76.49237205583711 46.51 9.2
      vertex 76.57231132567964 46.62963757190959 9.2
    endloop
  endfacet
  facet normal 0 0 1
    outer loop
      vertex 78.48027618041007 49.82370330515627 9.2
      vertex 78.31768867432035 46.62963757190959 9.2
      vertex 78.39762794416288 46.51 9.2
    endloop
  endfacet
  facet normal 0 0 1
    outer loop
      vertex 78.48027618041007 49.82370330515627 9.2
      vertex 78.39762794416288 46.51 9.2
      vertex 78.4612674857624 46.3809517756016 9.2
    endloop
  endfacet
  facet normal 0 0 1
    outer loop
      vertex 78.48027618041007 49.82370330515627 9.2
      vertex 78.4612674857624 46.3809517756016 9.2
      vertex 78.50751840891797 46.24470094961277 9.2
    endloop
  endfacet
  facet normal 0 0 1
    outer loop
      vertex 78.48027618041007 49.82370330515627 9.2
      vertex 78.50751840891797 46.24470094961277 9.2
      vertex 78.53558934751119 46.103578811442055 9.2
    endloop
  endfacet
  facet normal 0 0 1
    outer loop
      vertex 78.48027618041007 49.82370330515627 9.2
      vertex 78.97573372946036 42.26448186995486 9.2
      vertex 78.97573372946036 49.655518130045145 9.2
    endloop
  endfacet
  facet normal 0 0 1
    outer loop
      vertex 78.97573372946036 49.655518130045145 9.2
      vertex 79.445 42.495898384862244 9.2
      vertex 79.445 49.42410161513776 9.2
    endloop
  endfacet
  facet normal 0 0 1
    outer loop
      vertex 78.48027618041007 49.82370330515627 9.2
      vertex 78.53558934751119 46.103578811442055 9.2
      vertex 78.97573372946036 42.26448186995486 9.2
    endloop
  endfacet
  facet normal 0 0 1
    outer loop
      vertex 73.47922055450475 46.482104768880205 9.2
      vertex 73.47922055450475 45.437895231119796 9.2
      vertex 73.58129669484372 44.924723819589914 9.2
    endloop
  endfacet
  facet normal 0 0 1
    outer loop
      vertex 73.58129669484372 46.99527618041009 9.2
      vertex 73.58129669484372 44.924723819589914 9.2
      vertex 73.74948186995485 44.42926627053964 9.2
    endloop
  endfacet
  facet normal 0 0 1
    outer loop
      vertex 73.74948186995485 47.49073372946036 9.2
      vertex 73.74948186995485 44.42926627053964 9.2
      vertex 73.98089838486224 43.96 9.2
    endloop
  endfacet
  facet normal 0 0 1
    outer loop
      vertex 73.98089838486224 47.96 9.2
      vertex 73.98089838486224 43.96 9.2
      vertex 74.27158663883505 43.524954283965116 9.2
    endloop
  endfacet
  facet normal 0 0 1
    outer loop
      vertex 74.27158663883505 48.395045716034886 9.2
      vertex 74.27158663883505 43.524954283965116 9.2
      vertex 74.61657287525381 43.13157287525381 9.2
    endloop
  endfacet
  facet normal 0 0 1
    outer loop
      vertex 74.61657287525381 48.78842712474619 9.2
      vertex 74.61657287525381 43.13157287525381 9.2
      vertex 75.00995428396511 42.78658663883506 9.2
    endloop
  endfacet
  facet normal 0 0 1
    outer loop
      vertex 75.00995428396511 49.13341336116494 9.2
      vertex 75.00995428396511 42.78658663883506 9.2
      vertex 75.445 42.495898384862244 9.2
    endloop
  endfacet
  facet normal 0 0 1
    outer loop
      vertex 75.445 49.42410161513776 9.2
      vertex 75.445 42.495898384862244 9.2
      vertex 75.91426627053963 42.26448186995486 9.2
    endloop
  endfacet
  facet normal 0 0 1
    outer loop
      vertex 75.91426627053963 49.655518130045145 9.2
      vertex 75.91426627053963 42.26448186995486 9.2
      vertex 76.40972381958991 42.09629669484373 9.2
    endloop
  endfacet
  facet normal 0 0 1
    outer loop
      vertex 76.3544106524888 45.816421188557946 9.2
      vertex 76.40972381958991 42.09629669484373 9.2
      vertex 76.38248159108201 45.67529905038723 9.2
    endloop
  endfacet
  facet normal 0 0 1
    outer loop
      vertex 76.38248159108201 45.67529905038723 9.2
      vertex 76.40972381958991 42.09629669484373 9.2
      vertex 76.42873251423758 45.5390482243984 9.2
    endloop
  endfacet
  facet normal 0 0 1
    outer loop
      vertex 76.42873251423758 45.5390482243984 9.2
      vertex 76.40972381958991 42.09629669484373 9.2
      vertex 76.49237205583711 45.410000000000004 9.2
    endloop
  endfacet
  facet normal 0 0 1
    outer loop
      vertex 76.40972381958991 42.09629669484373 9.2
      vertex 76.57231132567964 45.29036242809041 9.2
      vertex 76.49237205583711 45.410000000000004 9.2
    endloop
  endfacet
  facet normal 0 0 1
    outer loop
      vertex 76.40972381958991 42.09629669484373 9.2
      vertex 76.6671825406948 45.1821825406948 9.2
      vertex 76.57231132567964 45.29036242809041 9.2
    endloop
  endfacet
  facet normal 0 0 1
    outer loop
      vertex 76.6671825406948 45.1821825406948 9.2
      vertex 76.92289523111978 41.99422055450476 9.2
      vertex 76.7753624280904 45.08731132567964 9.2
    endloop
  endfacet
  facet normal 0 0 1
    outer loop
      vertex 76.7753624280904 45.08731132567964 9.2
      vertex 76.92289523111978 41.99422055450476 9.2
      vertex 76.895 45.007372055837116 9.2
    endloop
  endfacet
  facet normal 0 0 1
    outer loop
      vertex 76.895 45.007372055837116 9.2
      vertex 76.92289523111978 41.99422055450476 9.2
      vertex 77.0240482243984 44.94373251423759 9.2
    endloop
  endfacet
  facet normal 0 0 1
    outer loop
      vertex 77.0240482243984 44.94373251423759 9.2
      vertex 76.92289523111978 41.99422055450476 9.2
      vertex 77.16029905038722 44.89748159108203 9.2
    endloop
  endfacet
  facet normal 0 0 1
    outer loop
      vertex 77.16029905038722 44.89748159108203 9.2
      vertex 77.445 41.96 9.2
      vertex 77.30142118855794 44.86941065248881 9.2
    endloop
  endfacet
  facet normal 0 0 1
    outer loop
      vertex 77.30142118855794 44.86941065248881 9.2
      vertex 77.445 41.96 9.2
      vertex 77.445 44.86 9.2
    endloop
  endfacet
  facet normal 0 0 1
    outer loop
      vertex 77.58857881144205 44.86941065248881 9.2
      vertex 77.9671047688802 41.99422055450476 9.2
      vertex 77.72970094961276 44.89748159108203 9.2
    endloop
  endfacet
  facet normal 0 0 1
    outer loop
      vertex 77.445 44.86 9.2
      vertex 77.9671047688802 41.99422055450476 9.2
      vertex 77.58857881144205 44.86941065248881 9.2
    endloop
  endfacet
  facet normal 0 0 1
    outer loop
      vertex 77.72970094961276 44.89748159108203 9.2
      vertex 77.9671047688802 41.99422055450476 9.2
      vertex 77.86595177560159 44.94373251423759 9.2
    endloop
  endfacet
  facet normal 0 0 1
    outer loop
      vertex 78.53558934751119 46.103578811442055 9.2
      vertex 78.54499999999999 45.96 9.2
      vertex 78.97573372946036 42.26448186995486 9.2
    endloop
  endfacet
  facet normal 0 0 1
    outer loop
      vertex 78.54499999999999 45.96 9.2
      vertex 78.53558934751119 45.816421188557946 9.2
      vertex 78.97573372946036 42.26448186995486 9.2
    endloop
  endfacet
  facet normal 0 0 1
    outer loop
      vertex 78.97573372946036 49.655518130045145 9.2
      vertex 78.97573372946036 42.26448186995486 9.2
      vertex 79.445 42.495898384862244 9.2
    endloop
  endfacet
  facet normal 0 0 1
    outer loop
      vertex 78.22281745930519 45.1821825406948 9.2
      vertex 78.11463757190958 45.08731132567964 9.2
      vertex 78.48027618041007 42.09629669484373 9.2
    endloop
  endfacet
  facet normal 0 0 1
    outer loop
      vertex 78.31768867432035 45.29036242809041 9.2
      vertex 78.22281745930519 45.1821825406948 9.2
      vertex 78.48027618041007 42.09629669484373 9.2
    endloop
  endfacet
  facet normal 0 0 1
    outer loop
      vertex 78.53558934751119 45.816421188557946 9.2
      vertex 78.50751840891797 45.67529905038723 9.2
      vertex 78.97573372946036 42.26448186995486 9.2
    endloop
  endfacet
  facet normal 0 0 1
    outer loop
      vertex 78.50751840891797 45.67529905038723 9.2
      vertex 78.4612674857624 45.5390482243984 9.2
      vertex 78.97573372946036 42.26448186995486 9.2
    endloop
  endfacet
  facet normal 0 0 1
    outer loop
      vertex 78.4612674857624 45.5390482243984 9.2
      vertex 78.39762794416288 45.410000000000004 9.2
      vertex 78.48027618041007 42.09629669484373 9.2
    endloop
  endfacet
  facet normal 0 0 1
    outer loop
      vertex 78.31768867432035 45.29036242809041 9.2
      vertex 78.48027618041007 42.09629669484373 9.2
      vertex 78.39762794416288 45.410000000000004 9.2
    endloop
  endfacet
  facet normal 0 0 1
    outer loop
      vertex 77.86595177560159 44.94373251423759 9.2
      vertex 78.48027618041007 42.09629669484373 9.2
      vertex 77.99499999999999 45.007372055837116 9.2
    endloop
  endfacet
  facet normal 0 0 1
    outer loop
      vertex 78.11463757190958 45.08731132567964 9.2
      vertex 77.99499999999999 45.007372055837116 9.2
      vertex 78.48027618041007 42.09629669484373 9.2
    endloop
  endfacet
  facet normal 0 0 1
    outer loop
      vertex 76.40972381958991 42.09629669484373 9.2
      vertex 76.92289523111978 41.99422055450476 9.2
      vertex 76.6671825406948 45.1821825406948 9.2
    endloop
  endfacet
  facet normal 0 0 1
    outer loop
      vertex 77.16029905038722 44.89748159108203 9.2
      vertex 76.92289523111978 41.99422055450476 9.2
      vertex 77.445 41.96 9.2
    endloop
  endfacet
  facet normal 0 0 1
    outer loop
      vertex 77.445 44.86 9.2
      vertex 77.445 41.96 9.2
      vertex 77.9671047688802 41.99422055450476 9.2
    endloop
  endfacet
  facet normal 0 0 1
    outer loop
      vertex 78.4612674857624 45.5390482243984 9.2
      vertex 78.48027618041007 42.09629669484373 9.2
      vertex 78.97573372946036 42.26448186995486 9.2
    endloop
  endfacet
  facet normal 0 0 1
    outer loop
      vertex 77.86595177560159 44.94373251423759 9.2
      vertex 77.9671047688802 41.99422055450476 9.2
      vertex 78.48027618041007 42.09629669484373 9.2
    endloop
  endfacet
  facet normal 0 0 1
    outer loop
      vertex 79.445 49.42410161513776 9.2
      vertex 79.88004571603487 42.78658663883506 9.2
      vertex 79.88004571603487 49.13341336116494 9.2
    endloop
  endfacet
  facet normal 0 0 1
    outer loop
      vertex 79.88004571603487 49.13341336116494 9.2
      vertex 80.27342712474618 43.13157287525381 9.2
      vertex 80.27342712474618 48.78842712474619 9.2
    endloop
  endfacet
  facet normal 0 0 1
    outer loop
      vertex 80.27342712474618 48.78842712474619 9.2
      vertex 80.61841336116494 43.524954283965116 9.2
      vertex 80.61841336116494 48.395045716034886 9.2
    endloop
  endfacet
  facet normal 0 0 1
    outer loop
      vertex 80.61841336116494 48.395045716034886 9.2
      vertex 80.90910161513774 43.96 9.2
      vertex 80.90910161513774 47.96 9.2
    endloop
  endfacet
  facet normal 0 0 1
    outer loop
      vertex 80.90910161513774 47.96 9.2
      vertex 81.14051813004514 44.42926627053964 9.2
      vertex 81.14051813004514 47.49073372946036 9.2
    endloop
  endfacet
  facet normal 0 0 1
    outer loop
      vertex 81.14051813004514 47.49073372946036 9.2
      vertex 81.30870330515627 44.924723819589914 9.2
      vertex 81.30870330515627 46.99527618041009 9.2
    endloop
  endfacet
  facet normal 0 0 1
    outer loop
      vertex 81.30870330515627 46.99527618041009 9.2
      vertex 81.41077944549524 45.437895231119796 9.2
      vertex 81.41077944549524 46.482104768880205 9.2
    endloop
  endfacet
  facet normal 0 0 1
    outer loop
      vertex 81.30870330515627 46.99527618041009 9.2
      vertex 81.30870330515627 44.924723819589914 9.2
      vertex 81.41077944549524 45.437895231119796 9.2
    endloop
  endfacet
  facet normal 0 0 1
    outer loop
      vertex 81.41077944549524 46.482104768880205 9.2
      vertex 81.41077944549524 45.437895231119796 9.2
      vertex 81.445 45.96 9.2
    endloop
  endfacet
  facet normal 0 0 1
    outer loop
      vertex 79.445 49.42410161513776 9.2
      vertex 79.445 42.495898384862244 9.2
      vertex 79.88004571603487 42.78658663883506 9.2
    endloop
  endfacet
  facet normal 0 0 1
    outer loop
      vertex 79.88004571603487 49.13341336116494 9.2
      vertex 79.88004571603487 42.78658663883506 9.2
      vertex 80.27342712474618 43.13157287525381 9.2
    endloop
  endfacet
  facet normal 0 0 1
    outer loop
      vertex 80.27342712474618 48.78842712474619 9.2
      vertex 80.27342712474618 43.13157287525381 9.2
      vertex 80.61841336116494 43.524954283965116 9.2
    endloop
  endfacet
  facet normal 0 0 1
    outer loop
      vertex 80.90910161513774 47.96 9.2
      vertex 80.90910161513774 43.96 9.2
      vertex 81.14051813004514 44.42926627053964 9.2
    endloop
  endfacet
  facet normal 0 0 1
    outer loop
      vertex 80.61841336116494 48.395045716034886 9.2
      vertex 80.61841336116494 43.524954283965116 9.2
      vertex 80.90910161513774 43.96 9.2
    endloop
  endfacet
  facet normal 0 0 1
    outer loop
      vertex 81.14051813004514 47.49073372946036 9.2
      vertex 81.14051813004514 44.42926627053964 9.2
      vertex 81.30870330515627 44.924723819589914 9.2
    endloop
  endfacet
  facet normal -0.19509032201613927 0.9807852804032282 -3.4261756577777297e-19
    outer loop
      vertex 76.40972381958991 49.82370330515627 9.2
      vertex 76.92289523111978 49.925779445495245 9.2
      vertex 76.92289523111978 49.925779445495245 3
    endloop
  endfacet
  facet normal -0.0654031292301384 0.9978589232386038 1.0924442035075502e-19
    outer loop
      vertex 76.92289523111978 49.925779445495245 9.2
      vertex 77.445 49.96 9.2
      vertex 77.445 49.96 3
    endloop
  endfacet
  facet normal 0.0654031292301384 0.9978589232386038 -1.0924442035075502e-19
    outer loop
      vertex 77.445 49.96 9.2
      vertex 77.9671047688802 49.925779445495245 9.2
      vertex 77.9671047688802 49.925779445495245 3
    endloop
  endfacet
  facet normal 0.19509032201613927 0.9807852804032282 3.4261756577777297e-19
    outer loop
      vertex 77.9671047688802 49.925779445495245 9.2
      vertex 78.48027618041007 49.82370330515627 9.2
      vertex 78.48027618041007 49.82370330515627 3
    endloop
  endfacet
  facet normal -0.19509032201613927 0.9807852804032282 0
    outer loop
      vertex 76.40972381958991 49.82370330515627 9.2
      vertex 76.92289523111978 49.925779445495245 3
      vertex 76.40972381958991 49.82370330515627 3
    endloop
  endfacet
  facet normal -0.0654031292301384 0.9978589232386038 0
    outer loop
      vertex 76.92289523111978 49.925779445495245 9.2
      vertex 77.445 49.96 3
      vertex 76.92289523111978 49.925779445495245 3
    endloop
  endfacet
  facet normal 0.0654031292301384 0.9978589232386038 0
    outer loop
      vertex 77.445 49.96 9.2
      vertex 77.9671047688802 49.925779445495245 3
      vertex 77.445 49.96 3
    endloop
  endfacet
  facet normal 0.19509032201613927 0.9807852804032282 0
    outer loop
      vertex 77.9671047688802 49.925779445495245 9.2
      vertex 78.48027618041007 49.82370330515627 3
      vertex 77.9671047688802 49.925779445495245 3
    endloop
  endfacet
  facet normal -0.6593458151000675 0.7518398074789787 -9.09601295065357e-19
    outer loop
      vertex 74.61657287525381 48.78842712474619 9.2
      vertex 75.00995428396511 49.13341336116494 9.2
      vertex 75.00995428396511 49.13341336116494 3
    endloop
  endfacet
  facet normal -0.896872741532687 0.44228869021900374 0
    outer loop
      vertex 73.98089838486224 47.96 9.2
      vertex 73.98089838486224 47.96 3
      vertex 73.74948186995485 47.49073372946036 9.2
    endloop
  endfacet
  facet normal -0.7518398074789652 0.6593458151000827 0
    outer loop
      vertex 74.61657287525381 48.78842712474619 9.2
      vertex 74.61657287525381 48.78842712474619 3
      vertex 74.27158663883505 48.395045716034886 9.2
    endloop
  endfacet
  facet normal -0.8314696123025564 0.5555702330195854 3.509959004974975e-18
    outer loop
      vertex 73.98089838486224 47.96 9.2
      vertex 74.27158663883505 48.395045716034886 9.2
      vertex 74.27158663883505 48.395045716034886 3
    endloop
  endfacet
  facet normal -0.5555702330196106 0.8314696123025398 0
    outer loop
      vertex 75.445 49.42410161513776 9.2
      vertex 75.445 49.42410161513776 3
      vertex 75.00995428396511 49.13341336116494 9.2
    endloop
  endfacet
  facet normal -0.44228869021899825 0.8968727415326898 -2.0782579570316644e-18
    outer loop
      vertex 75.445 49.42410161513776 9.2
      vertex 75.91426627053963 49.655518130045145 9.2
      vertex 75.91426627053963 49.655518130045145 3
    endloop
  endfacet
  facet normal -0.32143946530315676 0.9469301294951074 0
    outer loop
      vertex 76.40972381958991 49.82370330515627 9.2
      vertex 76.40972381958991 49.82370330515627 3
      vertex 75.91426627053963 49.655518130045145 9.2
    endloop
  endfacet
  facet normal -0.9469301294951005 0.3214394653031772 0
    outer loop
      vertex 73.74948186995485 47.49073372946036 9.2
      vertex 73.74948186995485 47.49073372946036 3
      vertex 73.58129669484372 46.99527618041009 9.2
    endloop
  endfacet
  facet normal -0.980785280403232 0.19509032201612103 0
    outer loop
      vertex 73.58129669484372 46.99527618041009 9.2
      vertex 73.58129669484372 46.99527618041009 3
      vertex 73.47922055450475 46.482104768880205 9.2
    endloop
  endfacet
  facet normal -0.9978589232386037 0.06540312923013929 0
    outer loop
      vertex 73.47922055450475 46.482104768880205 9.2
      vertex 73.47922055450475 46.482104768880205 3
      vertex 73.445 45.96 9.2
    endloop
  endfacet
  facet normal -0.9978589232386037 -0.06540312923013929 0
    outer loop
      vertex 73.445 45.96 9.2
      vertex 73.445 45.96 3
      vertex 73.47922055450475 45.437895231119796 9.2
    endloop
  endfacet
  facet normal 0.32143946530315676 0.9469301294951074 1.8177750946498155e-18
    outer loop
      vertex 78.48027618041007 49.82370330515627 9.2
      vertex 78.97573372946036 49.655518130045145 9.2
      vertex 78.97573372946036 49.655518130045145 3
    endloop
  endfacet
  facet normal 0.44228869021899825 0.8968727415326898 2.0782579570316644e-18
    outer loop
      vertex 78.97573372946036 49.655518130045145 9.2
      vertex 79.445 49.42410161513776 9.2
      vertex 79.445 49.42410161513776 3
    endloop
  endfacet
  facet normal -0.980785280403232 -0.19509032201612103 0
    outer loop
      vertex 73.47922055450475 45.437895231119796 9.2
      vertex 73.47922055450475 45.437895231119796 3
      vertex 73.58129669484372 44.924723819589914 9.2
    endloop
  endfacet
  facet normal -0.9469301294951005 -0.3214394653031772 0
    outer loop
      vertex 73.58129669484372 44.924723819589914 9.2
      vertex 73.58129669484372 44.924723819589914 3
      vertex 73.74948186995485 44.42926627053964 9.2
    endloop
  endfacet
  facet normal -0.896872741532687 -0.44228869021900374 0
    outer loop
      vertex 73.74948186995485 44.42926627053964 9.2
      vertex 73.74948186995485 44.42926627053964 3
      vertex 73.98089838486224 43.96 9.2
    endloop
  endfacet
  facet normal -0.8314696123025564 -0.5555702330195854 0
    outer loop
      vertex 73.98089838486224 43.96 9.2
      vertex 73.98089838486224 43.96 3
      vertex 74.27158663883505 43.524954283965116 9.2
    endloop
  endfacet
  facet normal -0.7518398074789652 -0.6593458151000827 0
    outer loop
      vertex 74.27158663883505 43.524954283965116 9.2
      vertex 74.27158663883505 43.524954283965116 3
      vertex 74.61657287525381 43.13157287525381 9.2
    endloop
  endfacet
  facet normal -0.6593458151000675 -0.7518398074789787 0
    outer loop
      vertex 74.61657287525381 43.13157287525381 9.2
      vertex 74.61657287525381 43.13157287525381 3
      vertex 75.00995428396511 42.78658663883506 9.2
    endloop
  endfacet
  facet normal -0.5555702330196106 -0.8314696123025398 0
    outer loop
      vertex 75.00995428396511 42.78658663883506 9.2
      vertex 75.00995428396511 42.78658663883506 3
      vertex 75.445 42.495898384862244 9.2
    endloop
  endfacet
  facet normal -0.44228869021899825 -0.8968727415326898 0
    outer loop
      vertex 75.445 42.495898384862244 9.2
      vertex 75.445 42.495898384862244 3
      vertex 75.91426627053963 42.26448186995486 9.2
    endloop
  endfacet
  facet normal -0.32143946530315676 -0.9469301294951074 0
    outer loop
      vertex 75.91426627053963 42.26448186995486 9.2
      vertex 75.91426627053963 42.26448186995486 3
      vertex 76.40972381958991 42.09629669484373 9.2
    endloop
  endfacet
  facet normal -0.19509032201613927 -0.9807852804032282 0
    outer loop
      vertex 76.40972381958991 42.09629669484373 9.2
      vertex 76.40972381958991 42.09629669484373 3
      vertex 76.92289523111978 41.99422055450476 9.2
    endloop
  endfacet
  facet normal -0.0654031292301384 -0.9978589232386038 0
    outer loop
      vertex 76.92289523111978 41.99422055450476 9.2
      vertex 76.92289523111978 41.99422055450476 3
      vertex 77.445 41.96 9.2
    endloop
  endfacet
  facet normal 0.0654031292301384 -0.9978589232386038 0
    outer loop
      vertex 77.445 41.96 9.2
      vertex 77.445 41.96 3
      vertex 77.9671047688802 41.99422055450476 9.2
    endloop
  endfacet
  facet normal 0.19509032201613927 -0.9807852804032282 0
    outer loop
      vertex 77.9671047688802 41.99422055450476 9.2
      vertex 77.9671047688802 41.99422055450476 3
      vertex 78.48027618041007 42.09629669484373 9.2
    endloop
  endfacet
  facet normal 0.32143946530315676 -0.9469301294951074 0
    outer loop
      vertex 78.48027618041007 42.09629669484373 9.2
      vertex 78.48027618041007 42.09629669484373 3
      vertex 78.97573372946036 42.26448186995486 9.2
    endloop
  endfacet
  facet normal 0.44228869021899825 -0.8968727415326898 0
    outer loop
      vertex 78.97573372946036 42.26448186995486 9.2
      vertex 78.97573372946036 42.26448186995486 3
      vertex 79.445 42.495898384862244 9.2
    endloop
  endfacet
  facet normal 0.5555702330196106 0.8314696123025398 2.2463916644562077e-18
    outer loop
      vertex 79.445 49.42410161513776 9.2
      vertex 79.88004571603487 49.13341336116494 9.2
      vertex 79.88004571603487 49.13341336116494 3
    endloop
  endfacet
  facet normal 0.6593458151000675 0.7518398074789787 9.09601295065357e-19
    outer loop
      vertex 79.88004571603487 49.13341336116494 9.2
      vertex 80.27342712474618 48.78842712474619 9.2
      vertex 80.27342712474618 48.78842712474619 3
    endloop
  endfacet
  facet normal 0.7518398074789652 0.6593458151000827 -2.609315157685251e-18
    outer loop
      vertex 80.27342712474618 48.78842712474619 9.2
      vertex 80.61841336116494 48.395045716034886 9.2
      vertex 80.61841336116494 48.395045716034886 3
    endloop
  endfacet
  facet normal 0.8314696123025564 0.5555702330195854 -3.509959004974975e-18
    outer loop
      vertex 80.61841336116494 48.395045716034886 9.2
      vertex 80.90910161513774 47.96 9.2
      vertex 80.90910161513774 47.96 3
    endloop
  endfacet
  facet normal 0.896872741532687 0.44228869021900374 -1.1284661115926294e-18
    outer loop
      vertex 80.90910161513774 47.96 9.2
      vertex 81.14051813004514 47.49073372946036 9.2
      vertex 81.14051813004514 47.49073372946036 3
    endloop
  endfacet
  facet normal 0.9469301294951005 0.3214394653031772 -1.1864033060583362e-19
    outer loop
      vertex 81.14051813004514 47.49073372946036 9.2
      vertex 81.30870330515627 46.99527618041009 9.2
      vertex 81.30870330515627 46.99527618041009 3
    endloop
  endfacet
  facet normal 0.980785280403232 0.19509032201612103 -8.646533787995008e-19
    outer loop
      vertex 81.30870330515627 46.99527618041009 9.2
      vertex 81.41077944549524 46.482104768880205 9.2
      vertex 81.41077944549524 46.482104768880205 3
    endloop
  endfacet
  facet normal 0.9978589232386037 0.06540312923013929 -1.973210148551751e-20
    outer loop
      vertex 81.41077944549524 46.482104768880205 9.2
      vertex 81.445 45.96 9.2
      vertex 81.445 45.96 3
    endloop
  endfacet
  facet normal 0.896872741532687 -0.44228869021900374 0
    outer loop
      vertex 80.90910161513774 43.96 9.2
      vertex 80.90910161513774 43.96 3
      vertex 81.14051813004514 44.42926627053964 9.2
    endloop
  endfacet
  facet normal 0.8314696123025564 -0.5555702330195854 3.509959004974975e-18
    outer loop
      vertex 80.90910161513774 43.96 9.2
      vertex 80.61841336116494 43.524954283965116 9.2
      vertex 80.61841336116494 43.524954283965116 3
    endloop
  endfacet
  facet normal 0.9978589232386037 -0.06540312923013929 1.973210148551751e-20
    outer loop
      vertex 81.445 45.96 9.2
      vertex 81.41077944549524 45.437895231119796 9.2
      vertex 81.41077944549524 45.437895231119796 3
    endloop
  endfacet
  facet normal 0.980785280403232 -0.19509032201612103 8.646533787995008e-19
    outer loop
      vertex 81.41077944549524 45.437895231119796 9.2
      vertex 81.30870330515627 44.924723819589914 9.2
      vertex 81.30870330515627 44.924723819589914 3
    endloop
  endfacet
  facet normal 0.9469301294951005 -0.3214394653031772 1.1864033060583362e-19
    outer loop
      vertex 81.30870330515627 44.924723819589914 9.2
      vertex 81.14051813004514 44.42926627053964 9.2
      vertex 81.14051813004514 44.42926627053964 3
    endloop
  endfacet
  facet normal 0.5555702330196106 -0.8314696123025398 0
    outer loop
      vertex 79.445 42.495898384862244 9.2
      vertex 79.445 42.495898384862244 3
      vertex 79.88004571603487 42.78658663883506 9.2
    endloop
  endfacet
  facet normal 0.6593458151000675 -0.7518398074789787 0
    outer loop
      vertex 79.88004571603487 42.78658663883506 9.2
      vertex 79.88004571603487 42.78658663883506 3
      vertex 80.27342712474618 43.13157287525381 9.2
    endloop
  endfacet
  facet normal 0.7518398074789652 -0.6593458151000827 2.609315157685251e-18
    outer loop
      vertex 80.61841336116494 43.524954283965116 9.2
      vertex 80.27342712474618 43.13157287525381 9.2
      vertex 80.27342712474618 43.13157287525381 3
    endloop
  endfacet
  facet normal -0.6593458151000675 0.7518398074789787 0
    outer loop
      vertex 74.61657287525381 48.78842712474619 9.2
      vertex 75.00995428396511 49.13341336116494 3
      vertex 74.61657287525381 48.78842712474619 3
    endloop
  endfacet
  facet normal -0.8314696123025564 0.5555702330195854 0
    outer loop
      vertex 73.98089838486224 47.96 9.2
      vertex 74.27158663883505 48.395045716034886 3
      vertex 73.98089838486224 47.96 3
    endloop
  endfacet
  facet normal -0.7518398074789652 0.6593458151000827 0
    outer loop
      vertex 74.27158663883505 48.395045716034886 9.2
      vertex 74.61657287525381 48.78842712474619 3
      vertex 74.27158663883505 48.395045716034886 3
    endloop
  endfacet
  facet normal -0.44228869021899825 0.8968727415326898 0
    outer loop
      vertex 75.445 49.42410161513776 9.2
      vertex 75.91426627053963 49.655518130045145 3
      vertex 75.445 49.42410161513776 3
    endloop
  endfacet
  facet normal -0.5555702330196106 0.8314696123025398 0
    outer loop
      vertex 75.00995428396511 49.13341336116494 9.2
      vertex 75.445 49.42410161513776 3
      vertex 75.00995428396511 49.13341336116494 3
    endloop
  endfacet
  facet normal -0.32143946530315676 0.9469301294951074 0
    outer loop
      vertex 75.91426627053963 49.655518130045145 9.2
      vertex 76.40972381958991 49.82370330515627 3
      vertex 75.91426627053963 49.655518130045145 3
    endloop
  endfacet
  facet normal -0.896872741532687 0.44228869021900374 0
    outer loop
      vertex 73.74948186995485 47.49073372946036 9.2
      vertex 73.98089838486224 47.96 3
      vertex 73.74948186995485 47.49073372946036 3
    endloop
  endfacet
  facet normal -0.9469301294951005 0.3214394653031772 0
    outer loop
      vertex 73.58129669484372 46.99527618041009 9.2
      vertex 73.74948186995485 47.49073372946036 3
      vertex 73.58129669484372 46.99527618041009 3
    endloop
  endfacet
  facet normal -0.980785280403232 0.19509032201612103 0
    outer loop
      vertex 73.47922055450475 46.482104768880205 9.2
      vertex 73.58129669484372 46.99527618041009 3
      vertex 73.47922055450475 46.482104768880205 3
    endloop
  endfacet
  facet normal -0.9978589232386037 0.06540312923013929 0
    outer loop
      vertex 73.445 45.96 9.2
      vertex 73.47922055450475 46.482104768880205 3
      vertex 73.445 45.96 3
    endloop
  endfacet
  facet normal 0.32143946530315676 0.9469301294951074 0
    outer loop
      vertex 78.48027618041007 49.82370330515627 9.2
      vertex 78.97573372946036 49.655518130045145 3
      vertex 78.48027618041007 49.82370330515627 3
    endloop
  endfacet
  facet normal 0.44228869021899825 0.8968727415326898 0
    outer loop
      vertex 78.97573372946036 49.655518130045145 9.2
      vertex 79.445 49.42410161513776 3
      vertex 78.97573372946036 49.655518130045145 3
    endloop
  endfacet
  facet normal -0.9978589232386037 -0.06540312923013929 0
    outer loop
      vertex 73.47922055450475 45.437895231119796 9.2
      vertex 73.445 45.96 3
      vertex 73.47922055450475 45.437895231119796 3
    endloop
  endfacet
  facet normal -0.980785280403232 -0.19509032201612103 0
    outer loop
      vertex 73.58129669484372 44.924723819589914 9.2
      vertex 73.47922055450475 45.437895231119796 3
      vertex 73.58129669484372 44.924723819589914 3
    endloop
  endfacet
  facet normal -0.9469301294951005 -0.3214394653031772 0
    outer loop
      vertex 73.74948186995485 44.42926627053964 9.2
      vertex 73.58129669484372 44.924723819589914 3
      vertex 73.74948186995485 44.42926627053964 3
    endloop
  endfacet
  facet normal -0.896872741532687 -0.44228869021900374 0
    outer loop
      vertex 73.98089838486224 43.96 9.2
      vertex 73.74948186995485 44.42926627053964 3
      vertex 73.98089838486224 43.96 3
    endloop
  endfacet
  facet normal -0.8314696123025564 -0.5555702330195854 0
    outer loop
      vertex 74.27158663883505 43.524954283965116 9.2
      vertex 73.98089838486224 43.96 3
      vertex 74.27158663883505 43.524954283965116 3
    endloop
  endfacet
  facet normal -0.7518398074789652 -0.6593458151000827 0
    outer loop
      vertex 74.61657287525381 43.13157287525381 9.2
      vertex 74.27158663883505 43.524954283965116 3
      vertex 74.61657287525381 43.13157287525381 3
    endloop
  endfacet
  facet normal -0.6593458151000675 -0.7518398074789787 0
    outer loop
      vertex 75.00995428396511 42.78658663883506 9.2
      vertex 74.61657287525381 43.13157287525381 3
      vertex 75.00995428396511 42.78658663883506 3
    endloop
  endfacet
  facet normal -0.5555702330196106 -0.8314696123025398 0
    outer loop
      vertex 75.445 42.495898384862244 9.2
      vertex 75.00995428396511 42.78658663883506 3
      vertex 75.445 42.495898384862244 3
    endloop
  endfacet
  facet normal -0.44228869021899825 -0.8968727415326898 0
    outer loop
      vertex 75.91426627053963 42.26448186995486 9.2
      vertex 75.445 42.495898384862244 3
      vertex 75.91426627053963 42.26448186995486 3
    endloop
  endfacet
  facet normal -0.32143946530315676 -0.9469301294951074 0
    outer loop
      vertex 76.40972381958991 42.09629669484373 9.2
      vertex 75.91426627053963 42.26448186995486 3
      vertex 76.40972381958991 42.09629669484373 3
    endloop
  endfacet
  facet normal -0.19509032201613927 -0.9807852804032282 0
    outer loop
      vertex 76.92289523111978 41.99422055450476 9.2
      vertex 76.40972381958991 42.09629669484373 3
      vertex 76.92289523111978 41.99422055450476 3
    endloop
  endfacet
  facet normal -0.0654031292301384 -0.9978589232386038 0
    outer loop
      vertex 77.445 41.96 9.2
      vertex 76.92289523111978 41.99422055450476 3
      vertex 77.445 41.96 3
    endloop
  endfacet
  facet normal 0.0654031292301384 -0.9978589232386038 0
    outer loop
      vertex 77.9671047688802 41.99422055450476 9.2
      vertex 77.445 41.96 3
      vertex 77.9671047688802 41.99422055450476 3
    endloop
  endfacet
  facet normal 0.19509032201613927 -0.9807852804032282 0
    outer loop
      vertex 78.48027618041007 42.09629669484373 9.2
      vertex 77.9671047688802 41.99422055450476 3
      vertex 78.48027618041007 42.09629669484373 3
    endloop
  endfacet
  facet normal 0.32143946530315676 -0.9469301294951074 0
    outer loop
      vertex 78.97573372946036 42.26448186995486 9.2
      vertex 78.48027618041007 42.09629669484373 3
      vertex 78.97573372946036 42.26448186995486 3
    endloop
  endfacet
  facet normal 0.44228869021899825 -0.8968727415326898 0
    outer loop
      vertex 79.445 42.495898384862244 9.2
      vertex 78.97573372946036 42.26448186995486 3
      vertex 79.445 42.495898384862244 3
    endloop
  endfacet
  facet normal 0.5555702330196106 0.8314696123025398 0
    outer loop
      vertex 79.445 49.42410161513776 9.2
      vertex 79.88004571603487 49.13341336116494 3
      vertex 79.445 49.42410161513776 3
    endloop
  endfacet
  facet normal 0.6593458151000675 0.7518398074789787 0
    outer loop
      vertex 79.88004571603487 49.13341336116494 9.2
      vertex 80.27342712474618 48.78842712474619 3
      vertex 79.88004571603487 49.13341336116494 3
    endloop
  endfacet
  facet normal 0.7518398074789652 0.6593458151000827 0
    outer loop
      vertex 80.27342712474618 48.78842712474619 9.2
      vertex 80.61841336116494 48.395045716034886 3
      vertex 80.27342712474618 48.78842712474619 3
    endloop
  endfacet
  facet normal 0.8314696123025564 0.5555702330195854 0
    outer loop
      vertex 80.61841336116494 48.395045716034886 9.2
      vertex 80.90910161513774 47.96 3
      vertex 80.61841336116494 48.395045716034886 3
    endloop
  endfacet
  facet normal 0.896872741532687 0.44228869021900374 0
    outer loop
      vertex 80.90910161513774 47.96 9.2
      vertex 81.14051813004514 47.49073372946036 3
      vertex 80.90910161513774 47.96 3
    endloop
  endfacet
  facet normal 0.9469301294951005 0.3214394653031772 0
    outer loop
      vertex 81.14051813004514 47.49073372946036 9.2
      vertex 81.30870330515627 46.99527618041009 3
      vertex 81.14051813004514 47.49073372946036 3
    endloop
  endfacet
  facet normal 0.980785280403232 0.19509032201612103 0
    outer loop
      vertex 81.30870330515627 46.99527618041009 9.2
      vertex 81.41077944549524 46.482104768880205 3
      vertex 81.30870330515627 46.99527618041009 3
    endloop
  endfacet
  facet normal 0.9978589232386037 0.06540312923013929 0
    outer loop
      vertex 81.41077944549524 46.482104768880205 9.2
      vertex 81.445 45.96 3
      vertex 81.41077944549524 46.482104768880205 3
    endloop
  endfacet
  facet normal 0.9978589232386037 -0.06540312923013929 0
    outer loop
      vertex 81.445 45.96 9.2
      vertex 81.41077944549524 45.437895231119796 3
      vertex 81.445 45.96 3
    endloop
  endfacet
  facet normal 0.8314696123025564 -0.5555702330195854 0
    outer loop
      vertex 80.90910161513774 43.96 9.2
      vertex 80.61841336116494 43.524954283965116 3
      vertex 80.90910161513774 43.96 3
    endloop
  endfacet
  facet normal 0.980785280403232 -0.19509032201612103 0
    outer loop
      vertex 81.41077944549524 45.437895231119796 9.2
      vertex 81.30870330515627 44.924723819589914 3
      vertex 81.41077944549524 45.437895231119796 3
    endloop
  endfacet
  facet normal 0.9469301294951005 -0.3214394653031772 0
    outer loop
      vertex 81.30870330515627 44.924723819589914 9.2
      vertex 81.14051813004514 44.42926627053964 3
      vertex 81.30870330515627 44.924723819589914 3
    endloop
  endfacet
  facet normal 0.896872741532687 -0.44228869021900374 0
    outer loop
      vertex 81.14051813004514 44.42926627053964 9.2
      vertex 80.90910161513774 43.96 3
      vertex 81.14051813004514 44.42926627053964 3
    endloop
  endfacet
  facet normal 0.5555702330196106 -0.8314696123025398 0
    outer loop
      vertex 79.88004571603487 42.78658663883506 9.2
      vertex 79.445 42.495898384862244 3
      vertex 79.88004571603487 42.78658663883506 3
    endloop
  endfacet
  facet normal 0.6593458151000675 -0.7518398074789787 0
    outer loop
      vertex 80.27342712474618 43.13157287525381 9.2
      vertex 79.88004571603487 42.78658663883506 3
      vertex 80.27342712474618 43.13157287525381 3
    endloop
  endfacet
  facet normal 0.7518398074789652 -0.6593458151000827 0
    outer loop
      vertex 80.61841336116494 43.524954283965116 9.2
      vertex 80.27342712474618 43.13157287525381 3
      vertex 80.61841336116494 43.524954283965116 3
    endloop
  endfacet
  facet normal 0 0 1
    outer loop
      vertex 76.42873251423758 46.3809517756016 10.399999999999999
      vertex 76.38248159108201 46.24470094961277 10.399999999999999
      vertex 76.42873251423758 45.5390482243984 10.399999999999999
    endloop
  endfacet
  facet normal 0 0 1
    outer loop
      vertex 76.3544106524888 46.103578811442055 10.399999999999999
      vertex 76.345 45.96 10.399999999999999
      vertex 76.3544106524888 45.816421188557946 10.399999999999999
    endloop
  endfacet
  facet normal 0 0 1
    outer loop
      vertex 76.38248159108201 46.24470094961277 10.399999999999999
      vertex 76.3544106524888 46.103578811442055 10.399999999999999
      vertex 76.38248159108201 45.67529905038723 10.399999999999999
    endloop
  endfacet
  facet normal 0 0 1
    outer loop
      vertex 76.3544106524888 46.103578811442055 10.399999999999999
      vertex 76.3544106524888 45.816421188557946 10.399999999999999
      vertex 76.38248159108201 45.67529905038723 10.399999999999999
    endloop
  endfacet
  facet normal 0 0 1
    outer loop
      vertex 76.38248159108201 46.24470094961277 10.399999999999999
      vertex 76.38248159108201 45.67529905038723 10.399999999999999
      vertex 76.42873251423758 45.5390482243984 10.399999999999999
    endloop
  endfacet
  facet normal 0 0 1
    outer loop
      vertex 76.6671825406948 46.737817459305205 10.399999999999999
      vertex 76.57231132567964 46.62963757190959 10.399999999999999
      vertex 76.6671825406948 45.1821825406948 10.399999999999999
    endloop
  endfacet
  facet normal 0 0 1
    outer loop
      vertex 76.7753624280904 46.83268867432036 10.399999999999999
      vertex 76.6671825406948 46.737817459305205 10.399999999999999
      vertex 76.7753624280904 45.08731132567964 10.399999999999999
    endloop
  endfacet
  facet normal 0 0 1
    outer loop
      vertex 77.0240482243984 46.97626748576241 10.399999999999999
      vertex 76.895 46.912627944162885 10.399999999999999
      vertex 77.0240482243984 44.94373251423759 10.399999999999999
    endloop
  endfacet
  facet normal 0 0 1
    outer loop
      vertex 76.7753624280904 46.83268867432036 10.399999999999999
      vertex 76.895 45.007372055837116 10.399999999999999
      vertex 76.895 46.912627944162885 10.399999999999999
    endloop
  endfacet
  facet normal 0 0 1
    outer loop
      vertex 77.0240482243984 46.97626748576241 10.399999999999999
      vertex 77.16029905038722 44.89748159108203 10.399999999999999
      vertex 77.16029905038722 47.022518408917975 10.399999999999999
    endloop
  endfacet
  facet normal 0 0 1
    outer loop
      vertex 76.42873251423758 46.3809517756016 10.399999999999999
      vertex 76.49237205583711 45.410000000000004 10.399999999999999
      vertex 76.49237205583711 46.51 10.399999999999999
    endloop
  endfacet
  facet normal 0 0 1
    outer loop
      vertex 76.57231132567964 46.62963757190959 10.399999999999999
      vertex 76.49237205583711 46.51 10.399999999999999
      vertex 76.57231132567964 45.29036242809041 10.399999999999999
    endloop
  endfacet
  facet normal 0 0 1
    outer loop
      vertex 76.42873251423758 46.3809517756016 10.399999999999999
      vertex 76.42873251423758 45.5390482243984 10.399999999999999
      vertex 76.49237205583711 45.410000000000004 10.399999999999999
    endloop
  endfacet
  facet normal 0 0 1
    outer loop
      vertex 76.49237205583711 46.51 10.399999999999999
      vertex 76.49237205583711 45.410000000000004 10.399999999999999
      vertex 76.57231132567964 45.29036242809041 10.399999999999999
    endloop
  endfacet
  facet normal 0 0 1
    outer loop
      vertex 76.57231132567964 46.62963757190959 10.399999999999999
      vertex 76.57231132567964 45.29036242809041 10.399999999999999
      vertex 76.6671825406948 45.1821825406948 10.399999999999999
    endloop
  endfacet
  facet normal 0 0 1
    outer loop
      vertex 76.6671825406948 46.737817459305205 10.399999999999999
      vertex 76.6671825406948 45.1821825406948 10.399999999999999
      vertex 76.7753624280904 45.08731132567964 10.399999999999999
    endloop
  endfacet
  facet normal 0 0 1
    outer loop
      vertex 77.16029905038722 47.022518408917975 10.399999999999999
      vertex 77.30142118855794 44.86941065248881 10.399999999999999
      vertex 77.30142118855794 47.05058934751119 10.399999999999999
    endloop
  endfacet
  facet normal 0 0 1
    outer loop
      vertex 77.30142118855794 47.05058934751119 10.399999999999999
      vertex 77.445 44.86 10.399999999999999
      vertex 77.445 47.06 10.399999999999999
    endloop
  endfacet
  facet normal 0 0 1
    outer loop
      vertex 77.445 47.06 10.399999999999999
      vertex 77.58857881144205 44.86941065248881 10.399999999999999
      vertex 77.58857881144205 47.05058934751119 10.399999999999999
    endloop
  endfacet
  facet normal 0 0 1
    outer loop
      vertex 77.58857881144205 47.05058934751119 10.399999999999999
      vertex 77.72970094961276 44.89748159108203 10.399999999999999
      vertex 77.72970094961276 47.022518408917975 10.399999999999999
    endloop
  endfacet
  facet normal 0 0 1
    outer loop
      vertex 77.72970094961276 47.022518408917975 10.399999999999999
      vertex 77.86595177560159 44.94373251423759 10.399999999999999
      vertex 77.86595177560159 46.97626748576241 10.399999999999999
    endloop
  endfacet
  facet normal 0 0 1
    outer loop
      vertex 77.86595177560159 46.97626748576241 10.399999999999999
      vertex 77.99499999999999 45.007372055837116 10.399999999999999
      vertex 77.99499999999999 46.912627944162885 10.399999999999999
    endloop
  endfacet
  facet normal 0 0 1
    outer loop
      vertex 77.99499999999999 46.912627944162885 10.399999999999999
      vertex 78.11463757190958 45.08731132567964 10.399999999999999
      vertex 78.11463757190958 46.83268867432036 10.399999999999999
    endloop
  endfacet
  facet normal 0 0 1
    outer loop
      vertex 78.11463757190958 46.83268867432036 10.399999999999999
      vertex 78.22281745930519 45.1821825406948 10.399999999999999
      vertex 78.22281745930519 46.737817459305205 10.399999999999999
    endloop
  endfacet
  facet normal 0 0 1
    outer loop
      vertex 78.22281745930519 46.737817459305205 10.399999999999999
      vertex 78.31768867432035 45.29036242809041 10.399999999999999
      vertex 78.31768867432035 46.62963757190959 10.399999999999999
    endloop
  endfacet
  facet normal 0 0 1
    outer loop
      vertex 78.31768867432035 46.62963757190959 10.399999999999999
      vertex 78.39762794416288 45.410000000000004 10.399999999999999
      vertex 78.39762794416288 46.51 10.399999999999999
    endloop
  endfacet
  facet normal 0 0 1
    outer loop
      vertex 77.99499999999999 46.912627944162885 10.399999999999999
      vertex 77.99499999999999 45.007372055837116 10.399999999999999
      vertex 78.11463757190958 45.08731132567964 10.399999999999999
    endloop
  endfacet
  facet normal 0 0 1
    outer loop
      vertex 78.11463757190958 46.83268867432036 10.399999999999999
      vertex 78.11463757190958 45.08731132567964 10.399999999999999
      vertex 78.22281745930519 45.1821825406948 10.399999999999999
    endloop
  endfacet
  facet normal 0 0 1
    outer loop
      vertex 78.22281745930519 46.737817459305205 10.399999999999999
      vertex 78.22281745930519 45.1821825406948 10.399999999999999
      vertex 78.31768867432035 45.29036242809041 10.399999999999999
    endloop
  endfacet
  facet normal 0 0 1
    outer loop
      vertex 78.31768867432035 46.62963757190959 10.399999999999999
      vertex 78.31768867432035 45.29036242809041 10.399999999999999
      vertex 78.39762794416288 45.410000000000004 10.399999999999999
    endloop
  endfacet
  facet normal 0 0 1
    outer loop
      vertex 78.39762794416288 46.51 10.399999999999999
      vertex 78.4612674857624 45.5390482243984 10.399999999999999
      vertex 78.4612674857624 46.3809517756016 10.399999999999999
    endloop
  endfacet
  facet normal 0 0 1
    outer loop
      vertex 78.4612674857624 46.3809517756016 10.399999999999999
      vertex 78.50751840891797 45.67529905038723 10.399999999999999
      vertex 78.50751840891797 46.24470094961277 10.399999999999999
    endloop
  endfacet
  facet normal 0 0 1
    outer loop
      vertex 78.50751840891797 46.24470094961277 10.399999999999999
      vertex 78.53558934751119 45.816421188557946 10.399999999999999
      vertex 78.53558934751119 46.103578811442055 10.399999999999999
    endloop
  endfacet
  facet normal 0 0 1
    outer loop
      vertex 78.53558934751119 46.103578811442055 10.399999999999999
      vertex 78.53558934751119 45.816421188557946 10.399999999999999
      vertex 78.54499999999999 45.96 10.399999999999999
    endloop
  endfacet
  facet normal 0 0 1
    outer loop
      vertex 78.50751840891797 46.24470094961277 10.399999999999999
      vertex 78.50751840891797 45.67529905038723 10.399999999999999
      vertex 78.53558934751119 45.816421188557946 10.399999999999999
    endloop
  endfacet
  facet normal 0 0 1
    outer loop
      vertex 78.4612674857624 46.3809517756016 10.399999999999999
      vertex 78.4612674857624 45.5390482243984 10.399999999999999
      vertex 78.50751840891797 45.67529905038723 10.399999999999999
    endloop
  endfacet
  facet normal 0 0 1
    outer loop
      vertex 78.39762794416288 46.51 10.399999999999999
      vertex 78.39762794416288 45.410000000000004 10.399999999999999
      vertex 78.4612674857624 45.5390482243984 10.399999999999999
    endloop
  endfacet
  facet normal -0.9469301294950908 0.32143946530320494 0
    outer loop
      vertex 76.42873251423758 46.3809517756016 10.399999999999999
      vertex 76.42873251423758 46.3809517756016 9.2
      vertex 76.38248159108201 46.24470094961277 10.399999999999999
    endloop
  endfacet
  facet normal -0.9807852804032293 0.19509032201613385 0
    outer loop
      vertex 76.38248159108201 46.24470094961277 10.399999999999999
      vertex 76.38248159108201 46.24470094961277 9.2
      vertex 76.3544106524888 46.103578811442055 10.399999999999999
    endloop
  endfacet
  facet normal -0.997858923238609 0.06540312923005889 0
    outer loop
      vertex 76.3544106524888 46.103578811442055 10.399999999999999
      vertex 76.3544106524888 46.103578811442055 9.2
      vertex 76.345 45.96 10.399999999999999
    endloop
  endfacet
  facet normal -0.997858923238609 -0.06540312923005889 0
    outer loop
      vertex 76.345 45.96 10.399999999999999
      vertex 76.345 45.96 9.2
      vertex 76.3544106524888 45.816421188557946 10.399999999999999
    endloop
  endfacet
  facet normal -0.9807852804032293 -0.19509032201613385 0
    outer loop
      vertex 76.3544106524888 45.816421188557946 10.399999999999999
      vertex 76.3544106524888 45.816421188557946 9.2
      vertex 76.38248159108201 45.67529905038723 10.399999999999999
    endloop
  endfacet
  facet normal -0.7518398074789777 0.6593458151000687 0
    outer loop
      vertex 76.6671825406948 46.737817459305205 10.399999999999999
      vertex 76.6671825406948 46.737817459305205 9.2
      vertex 76.57231132567964 46.62963757190959 10.399999999999999
    endloop
  endfacet
  facet normal -0.6593458151000653 0.7518398074789807 0
    outer loop
      vertex 76.7753624280904 46.83268867432036 10.399999999999999
      vertex 76.7753624280904 46.83268867432036 9.2
      vertex 76.6671825406948 46.737817459305205 10.399999999999999
    endloop
  endfacet
  facet normal -0.44228869021896955 0.8968727415327039 0
    outer loop
      vertex 77.0240482243984 46.97626748576241 10.399999999999999
      vertex 77.0240482243984 46.97626748576241 9.2
      vertex 76.895 46.912627944162885 10.399999999999999
    endloop
  endfacet
  facet normal -0.3214394653031757 0.9469301294951008 3.558583428769462e-19
    outer loop
      vertex 77.0240482243984 46.97626748576241 10.399999999999999
      vertex 77.16029905038722 47.022518408917975 10.399999999999999
      vertex 77.16029905038722 47.022518408917975 9.2
    endloop
  endfacet
  facet normal -0.5555702330196156 0.8314696123025364 1.2646212205533666e-18
    outer loop
      vertex 76.7753624280904 46.83268867432036 10.399999999999999
      vertex 76.895 46.912627944162885 10.399999999999999
      vertex 76.895 46.912627944162885 9.2
    endloop
  endfacet
  facet normal -0.19509032201613385 0.9807852804032293 -3.5627392161482326e-19
    outer loop
      vertex 77.16029905038722 47.022518408917975 10.399999999999999
      vertex 77.30142118855794 47.05058934751119 10.399999999999999
      vertex 77.30142118855794 47.05058934751119 9.2
    endloop
  endfacet
  facet normal -0.06540312923015723 0.9978589232386026 4.538433762070515e-20
    outer loop
      vertex 77.30142118855794 47.05058934751119 10.399999999999999
      vertex 77.445 47.06 10.399999999999999
      vertex 77.445 47.06 9.2
    endloop
  endfacet
  facet normal 0.06540312923015723 0.9978589232386026 -4.538433762070515e-20
    outer loop
      vertex 77.445 47.06 10.399999999999999
      vertex 77.58857881144205 47.05058934751119 10.399999999999999
      vertex 77.58857881144205 47.05058934751119 9.2
    endloop
  endfacet
  facet normal 0.19509032201613385 0.9807852804032293 3.5627392161482326e-19
    outer loop
      vertex 77.58857881144205 47.05058934751119 10.399999999999999
      vertex 77.72970094961276 47.022518408917975 10.399999999999999
      vertex 77.72970094961276 47.022518408917975 9.2
    endloop
  endfacet
  facet normal 0.3214394653031757 0.9469301294951008 -3.558583428769462e-19
    outer loop
      vertex 77.72970094961276 47.022518408917975 10.399999999999999
      vertex 77.86595177560159 46.97626748576241 10.399999999999999
      vertex 77.86595177560159 46.97626748576241 9.2
    endloop
  endfacet
  facet normal 0.44228869021896955 0.8968727415327039 6.164162675731786e-19
    outer loop
      vertex 77.86595177560159 46.97626748576241 10.399999999999999
      vertex 77.99499999999999 46.912627944162885 10.399999999999999
      vertex 77.99499999999999 46.912627944162885 9.2
    endloop
  endfacet
  facet normal -0.8314696123025364 0.5555702330196156 0
    outer loop
      vertex 76.57231132567964 46.62963757190959 10.399999999999999
      vertex 76.57231132567964 46.62963757190959 9.2
      vertex 76.49237205583711 46.51 10.399999999999999
    endloop
  endfacet
  facet normal -0.8968727415326944 0.44228869021898914 2.723518236376561e-18
    outer loop
      vertex 76.42873251423758 46.3809517756016 10.399999999999999
      vertex 76.49237205583711 46.51 10.399999999999999
      vertex 76.49237205583711 46.51 9.2
    endloop
  endfacet
  facet normal 0.5555702330196156 0.8314696123025364 -1.2646212205533666e-18
    outer loop
      vertex 77.99499999999999 46.912627944162885 10.399999999999999
      vertex 78.11463757190958 46.83268867432036 10.399999999999999
      vertex 78.11463757190958 46.83268867432036 9.2
    endloop
  endfacet
  facet normal 0.6593458151000653 0.7518398074789807 1.8292166634487113e-19
    outer loop
      vertex 78.11463757190958 46.83268867432036 10.399999999999999
      vertex 78.22281745930519 46.737817459305205 10.399999999999999
      vertex 78.22281745930519 46.737817459305205 9.2
    endloop
  endfacet
  facet normal 0.7518398074789777 0.6593458151000687 3.223932867145131e-18
    outer loop
      vertex 78.22281745930519 46.737817459305205 10.399999999999999
      vertex 78.31768867432035 46.62963757190959 10.399999999999999
      vertex 78.31768867432035 46.62963757190959 9.2
    endloop
  endfacet
  facet normal 0.8314696123025364 0.5555702330196156 -1.2646212205533666e-18
    outer loop
      vertex 78.31768867432035 46.62963757190959 10.399999999999999
      vertex 78.39762794416288 46.51 10.399999999999999
      vertex 78.39762794416288 46.51 9.2
    endloop
  endfacet
  facet normal 0.8968727415326944 0.44228869021898914 -2.723518236376561e-18
    outer loop
      vertex 78.39762794416288 46.51 10.399999999999999
      vertex 78.4612674857624 46.3809517756016 10.399999999999999
      vertex 78.4612674857624 46.3809517756016 9.2
    endloop
  endfacet
  facet normal 0.9469301294950908 0.32143946530320494 -6.287746234274969e-19
    outer loop
      vertex 78.4612674857624 46.3809517756016 10.399999999999999
      vertex 78.50751840891797 46.24470094961277 10.399999999999999
      vertex 78.50751840891797 46.24470094961277 9.2
    endloop
  endfacet
  facet normal 0.9807852804032293 0.19509032201613385 3.5627392161482326e-19
    outer loop
      vertex 78.50751840891797 46.24470094961277 10.399999999999999
      vertex 78.53558934751119 46.103578811442055 10.399999999999999
      vertex 78.53558934751119 46.103578811442055 9.2
    endloop
  endfacet
  facet normal 0.997858923238609 0.06540312923005889 -5.71602286160331e-19
    outer loop
      vertex 78.53558934751119 46.103578811442055 10.399999999999999
      vertex 78.54499999999999 45.96 10.399999999999999
      vertex 78.54499999999999 45.96 9.2
    endloop
  endfacet
  facet normal 0.997858923238609 -0.06540312923005889 5.71602286160331e-19
    outer loop
      vertex 78.54499999999999 45.96 10.399999999999999
      vertex 78.53558934751119 45.816421188557946 10.399999999999999
      vertex 78.53558934751119 45.816421188557946 9.2
    endloop
  endfacet
  facet normal 0.9807852804032293 -0.19509032201613385 -3.5627392161482326e-19
    outer loop
      vertex 78.53558934751119 45.816421188557946 10.399999999999999
      vertex 78.50751840891797 45.67529905038723 10.399999999999999
      vertex 78.50751840891797 45.67529905038723 9.2
    endloop
  endfacet
  facet normal 0 0 1
    outer loop
      vertex 76.7753624280904 46.83268867432036 10.399999999999999
      vertex 76.7753624280904 45.08731132567964 10.399999999999999
      vertex 76.895 45.007372055837116 10.399999999999999
    endloop
  endfacet
  facet normal 0 0 1
    outer loop
      vertex 76.895 46.912627944162885 10.399999999999999
      vertex 76.895 45.007372055837116 10.399999999999999
      vertex 77.0240482243984 44.94373251423759 10.399999999999999
    endloop
  endfacet
  facet normal 0 0 1
    outer loop
      vertex 77.0240482243984 46.97626748576241 10.399999999999999
      vertex 77.0240482243984 44.94373251423759 10.399999999999999
      vertex 77.16029905038722 44.89748159108203 10.399999999999999
    endloop
  endfacet
  facet normal 0 0 1
    outer loop
      vertex 77.16029905038722 47.022518408917975 10.399999999999999
      vertex 77.16029905038722 44.89748159108203 10.399999999999999
      vertex 77.30142118855794 44.86941065248881 10.399999999999999
    endloop
  endfacet
  facet normal 0 0 1
    outer loop
      vertex 77.30142118855794 47.05058934751119 10.399999999999999
      vertex 77.30142118855794 44.86941065248881 10.399999999999999
      vertex 77.445 44.86 10.399999999999999
    endloop
  endfacet
  facet normal 0 0 1
    outer loop
      vertex 77.445 47.06 10.399999999999999
      vertex 77.445 44.86 10.399999999999999
      vertex 77.58857881144205 44.86941065248881 10.399999999999999
    endloop
  endfacet
  facet normal 0 0 1
    outer loop
      vertex 77.58857881144205 47.05058934751119 10.399999999999999
      vertex 77.58857881144205 44.86941065248881 10.399999999999999
      vertex 77.72970094961276 44.89748159108203 10.399999999999999
    endloop
  endfacet
  facet normal 0 0 1
    outer loop
      vertex 77.72970094961276 47.022518408917975 10.399999999999999
      vertex 77.72970094961276 44.89748159108203 10.399999999999999
      vertex 77.86595177560159 44.94373251423759 10.399999999999999
    endloop
  endfacet
  facet normal 0 0 1
    outer loop
      vertex 77.86595177560159 46.97626748576241 10.399999999999999
      vertex 77.86595177560159 44.94373251423759 10.399999999999999
      vertex 77.99499999999999 45.007372055837116 10.399999999999999
    endloop
  endfacet
  facet normal -0.9469301294950908 -0.32143946530320494 0
    outer loop
      vertex 76.38248159108201 45.67529905038723 10.399999999999999
      vertex 76.38248159108201 45.67529905038723 9.2
      vertex 76.42873251423758 45.5390482243984 10.399999999999999
    endloop
  endfacet
  facet normal -0.8968727415326944 -0.44228869021898914 0
    outer loop
      vertex 76.42873251423758 45.5390482243984 10.399999999999999
      vertex 76.42873251423758 45.5390482243984 9.2
      vertex 76.49237205583711 45.410000000000004 10.399999999999999
    endloop
  endfacet
  facet normal -0.8314696123025364 -0.5555702330196156 0
    outer loop
      vertex 76.49237205583711 45.410000000000004 10.399999999999999
      vertex 76.49237205583711 45.410000000000004 9.2
      vertex 76.57231132567964 45.29036242809041 10.399999999999999
    endloop
  endfacet
  facet normal -0.7518398074789777 -0.6593458151000687 0
    outer loop
      vertex 76.57231132567964 45.29036242809041 10.399999999999999
      vertex 76.57231132567964 45.29036242809041 9.2
      vertex 76.6671825406948 45.1821825406948 10.399999999999999
    endloop
  endfacet
  facet normal -0.6593458151000653 -0.7518398074789807 0
    outer loop
      vertex 76.6671825406948 45.1821825406948 10.399999999999999
      vertex 76.6671825406948 45.1821825406948 9.2
      vertex 76.7753624280904 45.08731132567964 10.399999999999999
    endloop
  endfacet
  facet normal -0.5555702330196156 -0.8314696123025364 0
    outer loop
      vertex 76.7753624280904 45.08731132567964 10.399999999999999
      vertex 76.7753624280904 45.08731132567964 9.2
      vertex 76.895 45.007372055837116 10.399999999999999
    endloop
  endfacet
  facet normal -0.44228869021896955 -0.8968727415327039 0
    outer loop
      vertex 76.895 45.007372055837116 10.399999999999999
      vertex 76.895 45.007372055837116 9.2
      vertex 77.0240482243984 44.94373251423759 10.399999999999999
    endloop
  endfacet
  facet normal -0.3214394653031757 -0.9469301294951008 0
    outer loop
      vertex 77.0240482243984 44.94373251423759 10.399999999999999
      vertex 77.0240482243984 44.94373251423759 9.2
      vertex 77.16029905038722 44.89748159108203 10.399999999999999
    endloop
  endfacet
  facet normal -0.19509032201613385 -0.9807852804032293 0
    outer loop
      vertex 77.16029905038722 44.89748159108203 10.399999999999999
      vertex 77.16029905038722 44.89748159108203 9.2
      vertex 77.30142118855794 44.86941065248881 10.399999999999999
    endloop
  endfacet
  facet normal -0.06540312923015723 -0.9978589232386026 0
    outer loop
      vertex 77.30142118855794 44.86941065248881 10.399999999999999
      vertex 77.30142118855794 44.86941065248881 9.2
      vertex 77.445 44.86 10.399999999999999
    endloop
  endfacet
  facet normal 0.06540312923015723 -0.9978589232386026 0
    outer loop
      vertex 77.445 44.86 10.399999999999999
      vertex 77.445 44.86 9.2
      vertex 77.58857881144205 44.86941065248881 10.399999999999999
    endloop
  endfacet
  facet normal 0.3214394653031757 -0.9469301294951008 0
    outer loop
      vertex 77.72970094961276 44.89748159108203 10.399999999999999
      vertex 77.72970094961276 44.89748159108203 9.2
      vertex 77.86595177560159 44.94373251423759 10.399999999999999
    endloop
  endfacet
  facet normal 0.19509032201613385 -0.9807852804032293 0
    outer loop
      vertex 77.58857881144205 44.86941065248881 10.399999999999999
      vertex 77.58857881144205 44.86941065248881 9.2
      vertex 77.72970094961276 44.89748159108203 10.399999999999999
    endloop
  endfacet
  facet normal 0.44228869021896955 -0.8968727415327039 0
    outer loop
      vertex 77.86595177560159 44.94373251423759 10.399999999999999
      vertex 77.86595177560159 44.94373251423759 9.2
      vertex 77.99499999999999 45.007372055837116 10.399999999999999
    endloop
  endfacet
  facet normal 0.8314696123025364 -0.5555702330196156 0
    outer loop
      vertex 78.31768867432035 45.29036242809041 10.399999999999999
      vertex 78.31768867432035 45.29036242809041 9.2
      vertex 78.39762794416288 45.410000000000004 10.399999999999999
    endloop
  endfacet
  facet normal 0.7518398074789777 -0.6593458151000687 -3.223932867145131e-18
    outer loop
      vertex 78.31768867432035 45.29036242809041 10.399999999999999
      vertex 78.22281745930519 45.1821825406948 10.399999999999999
      vertex 78.22281745930519 45.1821825406948 9.2
    endloop
  endfacet
  facet normal 0.9469301294950908 -0.32143946530320494 6.287746234274969e-19
    outer loop
      vertex 78.50751840891797 45.67529905038723 10.399999999999999
      vertex 78.4612674857624 45.5390482243984 10.399999999999999
      vertex 78.4612674857624 45.5390482243984 9.2
    endloop
  endfacet
  facet normal 0.8968727415326944 -0.44228869021898914 2.723518236376561e-18
    outer loop
      vertex 78.4612674857624 45.5390482243984 10.399999999999999
      vertex 78.39762794416288 45.410000000000004 10.399999999999999
      vertex 78.39762794416288 45.410000000000004 9.2
    endloop
  endfacet
  facet normal 0.6593458151000653 -0.7518398074789807 -1.8292166634487113e-19
    outer loop
      vertex 78.22281745930519 45.1821825406948 10.399999999999999
      vertex 78.11463757190958 45.08731132567964 10.399999999999999
      vertex 78.11463757190958 45.08731132567964 9.2
    endloop
  endfacet
  facet normal 0.5555702330196156 -0.8314696123025364 1.2646212205533666e-18
    outer loop
      vertex 78.11463757190958 45.08731132567964 10.399999999999999
      vertex 77.99499999999999 45.007372055837116 10.399999999999999
      vertex 77.99499999999999 45.007372055837116 9.2
    endloop
  endfacet
  facet normal -0.9469301294950908 0.32143946530320494 0
    outer loop
      vertex 76.38248159108201 46.24470094961277 10.399999999999999
      vertex 76.42873251423758 46.3809517756016 9.2
      vertex 76.38248159108201 46.24470094961277 9.2
    endloop
  endfacet
  facet normal -0.9807852804032293 0.19509032201613385 0
    outer loop
      vertex 76.3544106524888 46.103578811442055 10.399999999999999
      vertex 76.38248159108201 46.24470094961277 9.2
      vertex 76.3544106524888 46.103578811442055 9.2
    endloop
  endfacet
  facet normal -0.997858923238609 0.06540312923005889 0
    outer loop
      vertex 76.345 45.96 10.399999999999999
      vertex 76.3544106524888 46.103578811442055 9.2
      vertex 76.345 45.96 9.2
    endloop
  endfacet
  facet normal -0.997858923238609 -0.06540312923005889 0
    outer loop
      vertex 76.3544106524888 45.816421188557946 10.399999999999999
      vertex 76.345 45.96 9.2
      vertex 76.3544106524888 45.816421188557946 9.2
    endloop
  endfacet
  facet normal -0.9807852804032293 -0.19509032201613385 0
    outer loop
      vertex 76.38248159108201 45.67529905038723 10.399999999999999
      vertex 76.3544106524888 45.816421188557946 9.2
      vertex 76.38248159108201 45.67529905038723 9.2
    endloop
  endfacet
  facet normal -0.5555702330196156 0.8314696123025364 0
    outer loop
      vertex 76.7753624280904 46.83268867432036 10.399999999999999
      vertex 76.895 46.912627944162885 9.2
      vertex 76.7753624280904 46.83268867432036 9.2
    endloop
  endfacet
  facet normal -0.6593458151000653 0.7518398074789807 0
    outer loop
      vertex 76.6671825406948 46.737817459305205 10.399999999999999
      vertex 76.7753624280904 46.83268867432036 9.2
      vertex 76.6671825406948 46.737817459305205 9.2
    endloop
  endfacet
  facet normal -0.3214394653031757 0.9469301294951008 0
    outer loop
      vertex 77.0240482243984 46.97626748576241 10.399999999999999
      vertex 77.16029905038722 47.022518408917975 9.2
      vertex 77.0240482243984 46.97626748576241 9.2
    endloop
  endfacet
  facet normal -0.19509032201613385 0.9807852804032293 0
    outer loop
      vertex 77.16029905038722 47.022518408917975 10.399999999999999
      vertex 77.30142118855794 47.05058934751119 9.2
      vertex 77.16029905038722 47.022518408917975 9.2
    endloop
  endfacet
  facet normal -0.44228869021896955 0.8968727415327039 0
    outer loop
      vertex 76.895 46.912627944162885 10.399999999999999
      vertex 77.0240482243984 46.97626748576241 9.2
      vertex 76.895 46.912627944162885 9.2
    endloop
  endfacet
  facet normal -0.06540312923015723 0.9978589232386026 0
    outer loop
      vertex 77.30142118855794 47.05058934751119 10.399999999999999
      vertex 77.445 47.06 9.2
      vertex 77.30142118855794 47.05058934751119 9.2
    endloop
  endfacet
  facet normal 0.06540312923015723 0.9978589232386026 0
    outer loop
      vertex 77.445 47.06 10.399999999999999
      vertex 77.58857881144205 47.05058934751119 9.2
      vertex 77.445 47.06 9.2
    endloop
  endfacet
  facet normal 0.19509032201613385 0.9807852804032293 0
    outer loop
      vertex 77.58857881144205 47.05058934751119 10.399999999999999
      vertex 77.72970094961276 47.022518408917975 9.2
      vertex 77.58857881144205 47.05058934751119 9.2
    endloop
  endfacet
  facet normal 0.3214394653031757 0.9469301294951008 0
    outer loop
      vertex 77.72970094961276 47.022518408917975 10.399999999999999
      vertex 77.86595177560159 46.97626748576241 9.2
      vertex 77.72970094961276 47.022518408917975 9.2
    endloop
  endfacet
  facet normal 0.44228869021896955 0.8968727415327039 0
    outer loop
      vertex 77.86595177560159 46.97626748576241 10.399999999999999
      vertex 77.99499999999999 46.912627944162885 9.2
      vertex 77.86595177560159 46.97626748576241 9.2
    endloop
  endfacet
  facet normal -0.7518398074789777 0.6593458151000687 0
    outer loop
      vertex 76.57231132567964 46.62963757190959 10.399999999999999
      vertex 76.6671825406948 46.737817459305205 9.2
      vertex 76.57231132567964 46.62963757190959 9.2
    endloop
  endfacet
  facet normal -0.8314696123025364 0.5555702330196156 0
    outer loop
      vertex 76.49237205583711 46.51 10.399999999999999
      vertex 76.57231132567964 46.62963757190959 9.2
      vertex 76.49237205583711 46.51 9.2
    endloop
  endfacet
  facet normal -0.8968727415326944 0.44228869021898914 0
    outer loop
      vertex 76.42873251423758 46.3809517756016 10.399999999999999
      vertex 76.49237205583711 46.51 9.2
      vertex 76.42873251423758 46.3809517756016 9.2
    endloop
  endfacet
  facet normal 0.5555702330196156 0.8314696123025364 0
    outer loop
      vertex 77.99499999999999 46.912627944162885 10.399999999999999
      vertex 78.11463757190958 46.83268867432036 9.2
      vertex 77.99499999999999 46.912627944162885 9.2
    endloop
  endfacet
  facet normal 0.6593458151000653 0.7518398074789807 0
    outer loop
      vertex 78.11463757190958 46.83268867432036 10.399999999999999
      vertex 78.22281745930519 46.737817459305205 9.2
      vertex 78.11463757190958 46.83268867432036 9.2
    endloop
  endfacet
  facet normal 0.7518398074789777 0.6593458151000687 0
    outer loop
      vertex 78.22281745930519 46.737817459305205 10.399999999999999
      vertex 78.31768867432035 46.62963757190959 9.2
      vertex 78.22281745930519 46.737817459305205 9.2
    endloop
  endfacet
  facet normal 0.8314696123025364 0.5555702330196156 0
    outer loop
      vertex 78.31768867432035 46.62963757190959 10.399999999999999
      vertex 78.39762794416288 46.51 9.2
      vertex 78.31768867432035 46.62963757190959 9.2
    endloop
  endfacet
  facet normal 0.8968727415326944 0.44228869021898914 0
    outer loop
      vertex 78.39762794416288 46.51 10.399999999999999
      vertex 78.4612674857624 46.3809517756016 9.2
      vertex 78.39762794416288 46.51 9.2
    endloop
  endfacet
  facet normal 0.9469301294950908 0.32143946530320494 0
    outer loop
      vertex 78.4612674857624 46.3809517756016 10.399999999999999
      vertex 78.50751840891797 46.24470094961277 9.2
      vertex 78.4612674857624 46.3809517756016 9.2
    endloop
  endfacet
  facet normal 0.9807852804032293 0.19509032201613385 0
    outer loop
      vertex 78.50751840891797 46.24470094961277 10.399999999999999
      vertex 78.53558934751119 46.103578811442055 9.2
      vertex 78.50751840891797 46.24470094961277 9.2
    endloop
  endfacet
  facet normal 0.997858923238609 0.06540312923005889 0
    outer loop
      vertex 78.53558934751119 46.103578811442055 10.399999999999999
      vertex 78.54499999999999 45.96 9.2
      vertex 78.53558934751119 46.103578811442055 9.2
    endloop
  endfacet
  facet normal 0.997858923238609 -0.06540312923005889 0
    outer loop
      vertex 78.54499999999999 45.96 10.399999999999999
      vertex 78.53558934751119 45.816421188557946 9.2
      vertex 78.54499999999999 45.96 9.2
    endloop
  endfacet
  facet normal 0.9807852804032293 -0.19509032201613385 0
    outer loop
      vertex 78.53558934751119 45.816421188557946 10.399999999999999
      vertex 78.50751840891797 45.67529905038723 9.2
      vertex 78.53558934751119 45.816421188557946 9.2
    endloop
  endfacet
  facet normal -0.9469301294950908 -0.32143946530320494 0
    outer loop
      vertex 76.42873251423758 45.5390482243984 10.399999999999999
      vertex 76.38248159108201 45.67529905038723 9.2
      vertex 76.42873251423758 45.5390482243984 9.2
    endloop
  endfacet
  facet normal -0.8968727415326944 -0.44228869021898914 0
    outer loop
      vertex 76.49237205583711 45.410000000000004 10.399999999999999
      vertex 76.42873251423758 45.5390482243984 9.2
      vertex 76.49237205583711 45.410000000000004 9.2
    endloop
  endfacet
  facet normal -0.8314696123025364 -0.5555702330196156 0
    outer loop
      vertex 76.57231132567964 45.29036242809041 10.399999999999999
      vertex 76.49237205583711 45.410000000000004 9.2
      vertex 76.57231132567964 45.29036242809041 9.2
    endloop
  endfacet
  facet normal -0.7518398074789777 -0.6593458151000687 0
    outer loop
      vertex 76.6671825406948 45.1821825406948 10.399999999999999
      vertex 76.57231132567964 45.29036242809041 9.2
      vertex 76.6671825406948 45.1821825406948 9.2
    endloop
  endfacet
  facet normal -0.6593458151000653 -0.7518398074789807 0
    outer loop
      vertex 76.7753624280904 45.08731132567964 10.399999999999999
      vertex 76.6671825406948 45.1821825406948 9.2
      vertex 76.7753624280904 45.08731132567964 9.2
    endloop
  endfacet
  facet normal -0.5555702330196156 -0.8314696123025364 0
    outer loop
      vertex 76.895 45.007372055837116 10.399999999999999
      vertex 76.7753624280904 45.08731132567964 9.2
      vertex 76.895 45.007372055837116 9.2
    endloop
  endfacet
  facet normal -0.44228869021896955 -0.8968727415327039 0
    outer loop
      vertex 77.0240482243984 44.94373251423759 10.399999999999999
      vertex 76.895 45.007372055837116 9.2
      vertex 77.0240482243984 44.94373251423759 9.2
    endloop
  endfacet
  facet normal -0.3214394653031757 -0.9469301294951008 0
    outer loop
      vertex 77.16029905038722 44.89748159108203 10.399999999999999
      vertex 77.0240482243984 44.94373251423759 9.2
      vertex 77.16029905038722 44.89748159108203 9.2
    endloop
  endfacet
  facet normal -0.19509032201613385 -0.9807852804032293 0
    outer loop
      vertex 77.30142118855794 44.86941065248881 10.399999999999999
      vertex 77.16029905038722 44.89748159108203 9.2
      vertex 77.30142118855794 44.86941065248881 9.2
    endloop
  endfacet
  facet normal -0.06540312923015723 -0.9978589232386026 0
    outer loop
      vertex 77.445 44.86 10.399999999999999
      vertex 77.30142118855794 44.86941065248881 9.2
      vertex 77.445 44.86 9.2
    endloop
  endfacet
  facet normal 0.06540312923015723 -0.9978589232386026 0
    outer loop
      vertex 77.58857881144205 44.86941065248881 10.399999999999999
      vertex 77.445 44.86 9.2
      vertex 77.58857881144205 44.86941065248881 9.2
    endloop
  endfacet
  facet normal 0.19509032201613385 -0.9807852804032293 0
    outer loop
      vertex 77.72970094961276 44.89748159108203 10.399999999999999
      vertex 77.58857881144205 44.86941065248881 9.2
      vertex 77.72970094961276 44.89748159108203 9.2
    endloop
  endfacet
  facet normal 0.3214394653031757 -0.9469301294951008 0
    outer loop
      vertex 77.86595177560159 44.94373251423759 10.399999999999999
      vertex 77.72970094961276 44.89748159108203 9.2
      vertex 77.86595177560159 44.94373251423759 9.2
    endloop
  endfacet
  facet normal 0.44228869021896955 -0.8968727415327039 0
    outer loop
      vertex 77.99499999999999 45.007372055837116 10.399999999999999
      vertex 77.86595177560159 44.94373251423759 9.2
      vertex 77.99499999999999 45.007372055837116 9.2
    endloop
  endfacet
  facet normal 0.6593458151000653 -0.7518398074789807 0
    outer loop
      vertex 78.22281745930519 45.1821825406948 10.399999999999999
      vertex 78.11463757190958 45.08731132567964 9.2
      vertex 78.22281745930519 45.1821825406948 9.2
    endloop
  endfacet
  facet normal 0.7518398074789777 -0.6593458151000687 0
    outer loop
      vertex 78.31768867432035 45.29036242809041 10.399999999999999
      vertex 78.22281745930519 45.1821825406948 9.2
      vertex 78.31768867432035 45.29036242809041 9.2
    endloop
  endfacet
  facet normal 0.9469301294950908 -0.32143946530320494 0
    outer loop
      vertex 78.50751840891797 45.67529905038723 10.399999999999999
      vertex 78.4612674857624 45.5390482243984 9.2
      vertex 78.50751840891797 45.67529905038723 9.2
    endloop
  endfacet
  facet normal 0.8968727415326944 -0.44228869021898914 0
    outer loop
      vertex 78.4612674857624 45.5390482243984 10.399999999999999
      vertex 78.39762794416288 45.410000000000004 9.2
      vertex 78.4612674857624 45.5390482243984 9.2
    endloop
  endfacet
  facet normal 0.8314696123025364 -0.5555702330196156 0
    outer loop
      vertex 78.39762794416288 45.410000000000004 10.399999999999999
      vertex 78.31768867432035 45.29036242809041 9.2
      vertex 78.39762794416288 45.410000000000004 9.2
    endloop
  endfacet
  facet normal 0.5555702330196156 -0.8314696123025364 0
    outer loop
      vertex 78.11463757190958 45.08731132567964 10.399999999999999
      vertex 77.99499999999999 45.007372055837116 9.2
      vertex 78.11463757190958 45.08731132567964 9.2
    endloop
  endfacet
  facet normal 0 0 1
    outer loop
      vertex -81.14051813004514 47.49073372946036 9.2
      vertex -81.30870330515627 46.99527618041009 9.2
      vertex -81.14051813004514 44.42926627053964 9.2
    endloop
  endfacet
  facet normal 0 0 1
    outer loop
      vertex -81.41077944549524 46.482104768880205 9.2
      vertex -81.445 45.96 9.2
      vertex -81.41077944549524 45.437895231119796 9.2
    endloop
  endfacet
  facet normal 0 0 1
    outer loop
      vertex -81.30870330515627 46.99527618041009 9.2
      vertex -81.41077944549524 46.482104768880205 9.2
      vertex -81.30870330515627 44.924723819589914 9.2
    endloop
  endfacet
  facet normal 0 0 1
    outer loop
      vertex -80.27342712474618 48.78842712474619 9.2
      vertex -80.61841336116494 48.395045716034886 9.2
      vertex -80.27342712474618 43.13157287525381 9.2
    endloop
  endfacet
  facet normal 0 0 1
    outer loop
      vertex -80.27342712474618 48.78842712474619 9.2
      vertex -79.88004571603487 42.78658663883506 9.2
      vertex -79.88004571603487 49.13341336116494 9.2
    endloop
  endfacet
  facet normal 0 0 1
    outer loop
      vertex -79.88004571603487 49.13341336116494 9.2
      vertex -79.445 42.495898384862244 9.2
      vertex -79.445 49.42410161513776 9.2
    endloop
  endfacet
  facet normal 0 0 1
    outer loop
      vertex -80.90910161513774 47.96 9.2
      vertex -81.14051813004514 47.49073372946036 9.2
      vertex -80.90910161513774 43.96 9.2
    endloop
  endfacet
  facet normal 0 0 1
    outer loop
      vertex -80.61841336116494 48.395045716034886 9.2
      vertex -80.90910161513774 47.96 9.2
      vertex -80.61841336116494 43.524954283965116 9.2
    endloop
  endfacet
  facet normal 0 0 1
    outer loop
      vertex -81.41077944549524 46.482104768880205 9.2
      vertex -81.41077944549524 45.437895231119796 9.2
      vertex -81.30870330515627 44.924723819589914 9.2
    endloop
  endfacet
  facet normal 0 0 1
    outer loop
      vertex -81.30870330515627 46.99527618041009 9.2
      vertex -81.30870330515627 44.924723819589914 9.2
      vertex -81.14051813004514 44.42926627053964 9.2
    endloop
  endfacet
  facet normal 0 0 1
    outer loop
      vertex -81.14051813004514 47.49073372946036 9.2
      vertex -81.14051813004514 44.42926627053964 9.2
      vertex -80.90910161513774 43.96 9.2
    endloop
  endfacet
  facet normal 0 0 1
    outer loop
      vertex -80.90910161513774 47.96 9.2
      vertex -80.90910161513774 43.96 9.2
      vertex -80.61841336116494 43.524954283965116 9.2
    endloop
  endfacet
  facet normal 0 0 1
    outer loop
      vertex -80.61841336116494 48.395045716034886 9.2
      vertex -80.61841336116494 43.524954283965116 9.2
      vertex -80.27342712474618 43.13157287525381 9.2
    endloop
  endfacet
  facet normal 0 0 1
    outer loop
      vertex -80.27342712474618 48.78842712474619 9.2
      vertex -80.27342712474618 43.13157287525381 9.2
      vertex -79.88004571603487 42.78658663883506 9.2
    endloop
  endfacet
  facet normal 0 0 1
    outer loop
      vertex -79.88004571603487 49.13341336116494 9.2
      vertex -79.88004571603487 42.78658663883506 9.2
      vertex -79.445 42.495898384862244 9.2
    endloop
  endfacet
  facet normal 0 0 1
    outer loop
      vertex -78.48027618041007 49.82370330515627 9.2
      vertex -77.86595177560159 46.97626748576241 9.2
      vertex -77.9671047688802 49.925779445495245 9.2
    endloop
  endfacet
  facet normal 0 0 1
    outer loop
      vertex -78.48027618041007 49.82370330515627 9.2
      vertex -78.97573372946036 49.655518130045145 9.2
      vertex -78.4612674857624 46.3809517756016 9.2
    endloop
  endfacet
  facet normal 0 0 1
    outer loop
      vertex -78.48027618041007 49.82370330515627 9.2
      vertex -78.11463757190958 46.83268867432036 9.2
      vertex -77.99499999999999 46.912627944162885 9.2
    endloop
  endfacet
  facet normal 0 0 1
    outer loop
      vertex -78.48027618041007 49.82370330515627 9.2
      vertex -78.31768867432035 46.62963757190959 9.2
      vertex -78.22281745930519 46.737817459305205 9.2
    endloop
  endfacet
  facet normal 0 0 1
    outer loop
      vertex -78.48027618041007 49.82370330515627 9.2
      vertex -78.22281745930519 46.737817459305205 9.2
      vertex -78.11463757190958 46.83268867432036 9.2
    endloop
  endfacet
  facet normal 0 0 1
    outer loop
      vertex -78.48027618041007 49.82370330515627 9.2
      vertex -77.99499999999999 46.912627944162885 9.2
      vertex -77.86595177560159 46.97626748576241 9.2
    endloop
  endfacet
  facet normal 0 0 1
    outer loop
      vertex -77.9671047688802 49.925779445495245 9.2
      vertex -77.445 47.06 9.2
      vertex -77.445 49.96 9.2
    endloop
  endfacet
  facet normal 0 0 1
    outer loop
      vertex -77.445 49.96 9.2
      vertex -77.16029905038722 47.022518408917975 9.2
      vertex -76.92289523111978 49.925779445495245 9.2
    endloop
  endfacet
  facet normal 0 0 1
    outer loop
      vertex -76.92289523111978 49.925779445495245 9.2
      vertex -76.6671825406948 46.737817459305205 9.2
      vertex -76.40972381958991 49.82370330515627 9.2
    endloop
  endfacet
  facet normal 0 0 1
    outer loop
      vertex -77.9671047688802 49.925779445495245 9.2
      vertex -77.58857881144205 47.05058934751119 9.2
      vertex -77.445 47.06 9.2
    endloop
  endfacet
  facet normal 0 0 1
    outer loop
      vertex -77.9671047688802 49.925779445495245 9.2
      vertex -77.72970094961276 47.022518408917975 9.2
      vertex -77.58857881144205 47.05058934751119 9.2
    endloop
  endfacet
  facet normal 0 0 1
    outer loop
      vertex -77.9671047688802 49.925779445495245 9.2
      vertex -77.86595177560159 46.97626748576241 9.2
      vertex -77.72970094961276 47.022518408917975 9.2
    endloop
  endfacet
  facet normal 0 0 1
    outer loop
      vertex -77.445 49.96 9.2
      vertex -77.445 47.06 9.2
      vertex -77.30142118855794 47.05058934751119 9.2
    endloop
  endfacet
  facet normal 0 0 1
    outer loop
      vertex -77.445 49.96 9.2
      vertex -77.30142118855794 47.05058934751119 9.2
      vertex -77.16029905038722 47.022518408917975 9.2
    endloop
  endfacet
  facet normal 0 0 1
    outer loop
      vertex -76.92289523111978 49.925779445495245 9.2
      vertex -77.16029905038722 47.022518408917975 9.2
      vertex -77.0240482243984 46.97626748576241 9.2
    endloop
  endfacet
  facet normal 0 0 1
    outer loop
      vertex -76.92289523111978 49.925779445495245 9.2
      vertex -77.0240482243984 46.97626748576241 9.2
      vertex -76.895 46.912627944162885 9.2
    endloop
  endfacet
  facet normal 0 0 1
    outer loop
      vertex -76.92289523111978 49.925779445495245 9.2
      vertex -76.895 46.912627944162885 9.2
      vertex -76.7753624280904 46.83268867432036 9.2
    endloop
  endfacet
  facet normal 0 0 1
    outer loop
      vertex -76.92289523111978 49.925779445495245 9.2
      vertex -76.7753624280904 46.83268867432036 9.2
      vertex -76.6671825406948 46.737817459305205 9.2
    endloop
  endfacet
  facet normal 0 0 1
    outer loop
      vertex -76.40972381958991 49.82370330515627 9.2
      vertex -76.6671825406948 46.737817459305205 9.2
      vertex -76.57231132567964 46.62963757190959 9.2
    endloop
  endfacet
  facet normal 0 0 1
    outer loop
      vertex -79.445 49.42410161513776 9.2
      vertex -78.97573372946036 42.26448186995486 9.2
      vertex -78.97573372946036 49.655518130045145 9.2
    endloop
  endfacet
  facet normal 0 0 1
    outer loop
      vertex -78.48027618041007 49.82370330515627 9.2
      vertex -78.39762794416288 46.51 9.2
      vertex -78.31768867432035 46.62963757190959 9.2
    endloop
  endfacet
  facet normal 0 0 1
    outer loop
      vertex -78.48027618041007 49.82370330515627 9.2
      vertex -78.4612674857624 46.3809517756016 9.2
      vertex -78.39762794416288 46.51 9.2
    endloop
  endfacet
  facet normal 0 0 1
    outer loop
      vertex -78.97573372946036 49.655518130045145 9.2
      vertex -78.50751840891797 46.24470094961277 9.2
      vertex -78.4612674857624 46.3809517756016 9.2
    endloop
  endfacet
  facet normal 0 0 1
    outer loop
      vertex -78.97573372946036 49.655518130045145 9.2
      vertex -78.53558934751119 46.103578811442055 9.2
      vertex -78.50751840891797 46.24470094961277 9.2
    endloop
  endfacet
  facet normal 0 0 1
    outer loop
      vertex -78.97573372946036 49.655518130045145 9.2
      vertex -78.54499999999999 45.96 9.2
      vertex -78.53558934751119 46.103578811442055 9.2
    endloop
  endfacet
  facet normal 0 0 1
    outer loop
      vertex -78.97573372946036 49.655518130045145 9.2
      vertex -78.53558934751119 45.816421188557946 9.2
      vertex -78.54499999999999 45.96 9.2
    endloop
  endfacet
  facet normal 0 0 1
    outer loop
      vertex -78.97573372946036 49.655518130045145 9.2
      vertex -78.48027618041007 42.09629669484373 9.2
      vertex -78.53558934751119 45.816421188557946 9.2
    endloop
  endfacet
  facet normal 0 0 1
    outer loop
      vertex -76.40972381958991 49.82370330515627 9.2
      vertex -76.57231132567964 46.62963757190959 9.2
      vertex -76.49237205583711 46.51 9.2
    endloop
  endfacet
  facet normal 0 0 1
    outer loop
      vertex -76.40972381958991 49.82370330515627 9.2
      vertex -76.49237205583711 46.51 9.2
      vertex -76.42873251423758 46.3809517756016 9.2
    endloop
  endfacet
  facet normal 0 0 1
    outer loop
      vertex -76.40972381958991 49.82370330515627 9.2
      vertex -76.42873251423758 46.3809517756016 9.2
      vertex -76.38248159108201 46.24470094961277 9.2
    endloop
  endfacet
  facet normal 0 0 1
    outer loop
      vertex -76.40972381958991 49.82370330515627 9.2
      vertex -76.38248159108201 46.24470094961277 9.2
      vertex -76.3544106524888 46.103578811442055 9.2
    endloop
  endfacet
  facet normal 0 0 1
    outer loop
      vertex -76.40972381958991 49.82370330515627 9.2
      vertex -75.91426627053963 42.26448186995486 9.2
      vertex -75.91426627053963 49.655518130045145 9.2
    endloop
  endfacet
  facet normal 0 0 1
    outer loop
      vertex -75.91426627053963 49.655518130045145 9.2
      vertex -75.445 42.495898384862244 9.2
      vertex -75.445 49.42410161513776 9.2
    endloop
  endfacet
  facet normal 0 0 1
    outer loop
      vertex -75.445 49.42410161513776 9.2
      vertex -75.00995428396511 42.78658663883506 9.2
      vertex -75.00995428396511 49.13341336116494 9.2
    endloop
  endfacet
  facet normal 0 0 1
    outer loop
      vertex -76.40972381958991 49.82370330515627 9.2
      vertex -76.3544106524888 46.103578811442055 9.2
      vertex -75.91426627053963 42.26448186995486 9.2
    endloop
  endfacet
  facet normal 0 0 1
    outer loop
      vertex -75.00995428396511 49.13341336116494 9.2
      vertex -74.61657287525381 43.13157287525381 9.2
      vertex -74.61657287525381 48.78842712474619 9.2
    endloop
  endfacet
  facet normal 0 0 1
    outer loop
      vertex -74.61657287525381 48.78842712474619 9.2
      vertex -74.27158663883505 43.524954283965116 9.2
      vertex -74.27158663883505 48.395045716034886 9.2
    endloop
  endfacet
  facet normal 0 0 1
    outer loop
      vertex -74.27158663883505 48.395045716034886 9.2
      vertex -73.98089838486224 43.96 9.2
      vertex -73.98089838486224 47.96 9.2
    endloop
  endfacet
  facet normal 0 0 1
    outer loop
      vertex -73.98089838486224 47.96 9.2
      vertex -73.74948186995485 44.42926627053964 9.2
      vertex -73.74948186995485 47.49073372946036 9.2
    endloop
  endfacet
  facet normal 0 0 1
    outer loop
      vertex -73.74948186995485 47.49073372946036 9.2
      vertex -73.58129669484372 44.924723819589914 9.2
      vertex -73.58129669484372 46.99527618041009 9.2
    endloop
  endfacet
  facet normal 0 0 1
    outer loop
      vertex -73.58129669484372 46.99527618041009 9.2
      vertex -73.47922055450475 45.437895231119796 9.2
      vertex -73.47922055450475 46.482104768880205 9.2
    endloop
  endfacet
  facet normal 0 0 1
    outer loop
      vertex -73.47922055450475 46.482104768880205 9.2
      vertex -73.47922055450475 45.437895231119796 9.2
      vertex -73.445 45.96 9.2
    endloop
  endfacet
  facet normal 0 0 1
    outer loop
      vertex -73.58129669484372 46.99527618041009 9.2
      vertex -73.58129669484372 44.924723819589914 9.2
      vertex -73.47922055450475 45.437895231119796 9.2
    endloop
  endfacet
  facet normal 0 0 1
    outer loop
      vertex -79.445 49.42410161513776 9.2
      vertex -79.445 42.495898384862244 9.2
      vertex -78.97573372946036 42.26448186995486 9.2
    endloop
  endfacet
  facet normal 0 0 1
    outer loop
      vertex -78.97573372946036 49.655518130045145 9.2
      vertex -78.97573372946036 42.26448186995486 9.2
      vertex -78.48027618041007 42.09629669484373 9.2
    endloop
  endfacet
  facet normal 0 0 1
    outer loop
      vertex -78.53558934751119 45.816421188557946 9.2
      vertex -78.48027618041007 42.09629669484373 9.2
      vertex -78.50751840891797 45.67529905038723 9.2
    endloop
  endfacet
  facet normal 0 0 1
    outer loop
      vertex -78.50751840891797 45.67529905038723 9.2
      vertex -78.48027618041007 42.09629669484373 9.2
      vertex -78.4612674857624 45.5390482243984 9.2
    endloop
  endfacet
  facet normal 0 0 1
    outer loop
      vertex -78.4612674857624 45.5390482243984 9.2
      vertex -78.48027618041007 42.09629669484373 9.2
      vertex -78.39762794416288 45.410000000000004 9.2
    endloop
  endfacet
  facet normal 0 0 1
    outer loop
      vertex -78.39762794416288 45.410000000000004 9.2
      vertex -78.48027618041007 42.09629669484373 9.2
      vertex -78.31768867432035 45.29036242809041 9.2
    endloop
  endfacet
  facet normal 0 0 1
    outer loop
      vertex -78.31768867432035 45.29036242809041 9.2
      vertex -78.48027618041007 42.09629669484373 9.2
      vertex -78.22281745930519 45.1821825406948 9.2
    endloop
  endfacet
  facet normal 0 0 1
    outer loop
      vertex -78.22281745930519 45.1821825406948 9.2
      vertex -77.9671047688802 41.99422055450476 9.2
      vertex -78.11463757190958 45.08731132567964 9.2
    endloop
  endfacet
  facet normal 0 0 1
    outer loop
      vertex -78.11463757190958 45.08731132567964 9.2
      vertex -77.9671047688802 41.99422055450476 9.2
      vertex -77.99499999999999 45.007372055837116 9.2
    endloop
  endfacet
  facet normal 0 0 1
    outer loop
      vertex -77.99499999999999 45.007372055837116 9.2
      vertex -77.9671047688802 41.99422055450476 9.2
      vertex -77.86595177560159 44.94373251423759 9.2
    endloop
  endfacet
  facet normal 0 0 1
    outer loop
      vertex -77.86595177560159 44.94373251423759 9.2
      vertex -77.9671047688802 41.99422055450476 9.2
      vertex -77.72970094961276 44.89748159108203 9.2
    endloop
  endfacet
  facet normal 0 0 1
    outer loop
      vertex -77.72970094961276 44.89748159108203 9.2
      vertex -77.445 41.96 9.2
      vertex -77.58857881144205 44.86941065248881 9.2
    endloop
  endfacet
  facet normal 0 0 1
    outer loop
      vertex -77.58857881144205 44.86941065248881 9.2
      vertex -77.445 41.96 9.2
      vertex -77.445 44.86 9.2
    endloop
  endfacet
  facet normal 0 0 1
    outer loop
      vertex -77.445 44.86 9.2
      vertex -76.92289523111978 41.99422055450476 9.2
      vertex -77.30142118855794 44.86941065248881 9.2
    endloop
  endfacet
  facet normal 0 0 1
    outer loop
      vertex -76.49237205583711 45.410000000000004 9.2
      vertex -76.57231132567964 45.29036242809041 9.2
      vertex -76.40972381958991 42.09629669484373 9.2
    endloop
  endfacet
  facet normal 0 0 1
    outer loop
      vertex -76.6671825406948 45.1821825406948 9.2
      vertex -76.7753624280904 45.08731132567964 9.2
      vertex -76.40972381958991 42.09629669484373 9.2
    endloop
  endfacet
  facet normal 0 0 1
    outer loop
      vertex -76.6671825406948 45.1821825406948 9.2
      vertex -76.40972381958991 42.09629669484373 9.2
      vertex -76.57231132567964 45.29036242809041 9.2
    endloop
  endfacet
  facet normal 0 0 1
    outer loop
      vertex -77.30142118855794 44.86941065248881 9.2
      vertex -76.92289523111978 41.99422055450476 9.2
      vertex -77.16029905038722 44.89748159108203 9.2
    endloop
  endfacet
  facet normal 0 0 1
    outer loop
      vertex -77.16029905038722 44.89748159108203 9.2
      vertex -76.92289523111978 41.99422055450476 9.2
      vertex -77.0240482243984 44.94373251423759 9.2
    endloop
  endfacet
  facet normal 0 0 1
    outer loop
      vertex -77.0240482243984 44.94373251423759 9.2
      vertex -76.40972381958991 42.09629669484373 9.2
      vertex -76.895 45.007372055837116 9.2
    endloop
  endfacet
  facet normal 0 0 1
    outer loop
      vertex -76.895 45.007372055837116 9.2
      vertex -76.40972381958991 42.09629669484373 9.2
      vertex -76.7753624280904 45.08731132567964 9.2
    endloop
  endfacet
  facet normal 0 0 1
    outer loop
      vertex -78.22281745930519 45.1821825406948 9.2
      vertex -78.48027618041007 42.09629669484373 9.2
      vertex -77.9671047688802 41.99422055450476 9.2
    endloop
  endfacet
  facet normal 0 0 1
    outer loop
      vertex -77.72970094961276 44.89748159108203 9.2
      vertex -77.9671047688802 41.99422055450476 9.2
      vertex -77.445 41.96 9.2
    endloop
  endfacet
  facet normal 0 0 1
    outer loop
      vertex -77.445 44.86 9.2
      vertex -77.445 41.96 9.2
      vertex -76.92289523111978 41.99422055450476 9.2
    endloop
  endfacet
  facet normal 0 0 1
    outer loop
      vertex -77.0240482243984 44.94373251423759 9.2
      vertex -76.92289523111978 41.99422055450476 9.2
      vertex -76.40972381958991 42.09629669484373 9.2
    endloop
  endfacet
  facet normal 0 0 1
    outer loop
      vertex -76.3544106524888 46.103578811442055 9.2
      vertex -76.345 45.96 9.2
      vertex -75.91426627053963 42.26448186995486 9.2
    endloop
  endfacet
  facet normal 0 0 1
    outer loop
      vertex -76.345 45.96 9.2
      vertex -76.3544106524888 45.816421188557946 9.2
      vertex -75.91426627053963 42.26448186995486 9.2
    endloop
  endfacet
  facet normal 0 0 1
    outer loop
      vertex -75.91426627053963 49.655518130045145 9.2
      vertex -75.91426627053963 42.26448186995486 9.2
      vertex -75.445 42.495898384862244 9.2
    endloop
  endfacet
  facet normal 0 0 1
    outer loop
      vertex -75.445 49.42410161513776 9.2
      vertex -75.445 42.495898384862244 9.2
      vertex -75.00995428396511 42.78658663883506 9.2
    endloop
  endfacet
  facet normal 0 0 1
    outer loop
      vertex -76.3544106524888 45.816421188557946 9.2
      vertex -76.38248159108201 45.67529905038723 9.2
      vertex -75.91426627053963 42.26448186995486 9.2
    endloop
  endfacet
  facet normal 0 0 1
    outer loop
      vertex -76.38248159108201 45.67529905038723 9.2
      vertex -76.42873251423758 45.5390482243984 9.2
      vertex -75.91426627053963 42.26448186995486 9.2
    endloop
  endfacet
  facet normal 0 0 1
    outer loop
      vertex -76.49237205583711 45.410000000000004 9.2
      vertex -76.40972381958991 42.09629669484373 9.2
      vertex -76.42873251423758 45.5390482243984 9.2
    endloop
  endfacet
  facet normal 0 0 1
    outer loop
      vertex -74.61657287525381 48.78842712474619 9.2
      vertex -74.61657287525381 43.13157287525381 9.2
      vertex -74.27158663883505 43.524954283965116 9.2
    endloop
  endfacet
  facet normal 0 0 1
    outer loop
      vertex -74.27158663883505 48.395045716034886 9.2
      vertex -74.27158663883505 43.524954283965116 9.2
      vertex -73.98089838486224 43.96 9.2
    endloop
  endfacet
  facet normal 0 0 1
    outer loop
      vertex -75.00995428396511 49.13341336116494 9.2
      vertex -75.00995428396511 42.78658663883506 9.2
      vertex -74.61657287525381 43.13157287525381 9.2
    endloop
  endfacet
  facet normal 0 0 1
    outer loop
      vertex -73.98089838486224 47.96 9.2
      vertex -73.98089838486224 43.96 9.2
      vertex -73.74948186995485 44.42926627053964 9.2
    endloop
  endfacet
  facet normal 0 0 1
    outer loop
      vertex -73.74948186995485 47.49073372946036 9.2
      vertex -73.74948186995485 44.42926627053964 9.2
      vertex -73.58129669484372 44.924723819589914 9.2
    endloop
  endfacet
  facet normal 0 0 1
    outer loop
      vertex -76.42873251423758 45.5390482243984 9.2
      vertex -76.40972381958991 42.09629669484373 9.2
      vertex -75.91426627053963 42.26448186995486 9.2
    endloop
  endfacet
  facet normal -0.19509032201613927 0.9807852804032282 -3.4261756577777297e-19
    outer loop
      vertex -78.48027618041007 49.82370330515627 9.2
      vertex -77.9671047688802 49.925779445495245 9.2
      vertex -77.9671047688802 49.925779445495245 3
    endloop
  endfacet
  facet normal -0.0654031292301384 0.9978589232386038 1.0924442035075502e-19
    outer loop
      vertex -77.9671047688802 49.925779445495245 9.2
      vertex -77.445 49.96 9.2
      vertex -77.445 49.96 3
    endloop
  endfacet
  facet normal 0.0654031292301384 0.9978589232386038 -1.0924442035075502e-19
    outer loop
      vertex -77.445 49.96 9.2
      vertex -76.92289523111978 49.925779445495245 9.2
      vertex -76.92289523111978 49.925779445495245 3
    endloop
  endfacet
  facet normal 0.19509032201613927 0.9807852804032282 3.4261756577777297e-19
    outer loop
      vertex -76.92289523111978 49.925779445495245 9.2
      vertex -76.40972381958991 49.82370330515627 9.2
      vertex -76.40972381958991 49.82370330515627 3
    endloop
  endfacet
  facet normal -0.19509032201613927 0.9807852804032282 0
    outer loop
      vertex -78.48027618041007 49.82370330515627 9.2
      vertex -77.9671047688802 49.925779445495245 3
      vertex -78.48027618041007 49.82370330515627 3
    endloop
  endfacet
  facet normal -0.0654031292301384 0.9978589232386038 0
    outer loop
      vertex -77.9671047688802 49.925779445495245 9.2
      vertex -77.445 49.96 3
      vertex -77.9671047688802 49.925779445495245 3
    endloop
  endfacet
  facet normal 0.0654031292301384 0.9978589232386038 0
    outer loop
      vertex -77.445 49.96 9.2
      vertex -76.92289523111978 49.925779445495245 3
      vertex -77.445 49.96 3
    endloop
  endfacet
  facet normal 0.19509032201613927 0.9807852804032282 0
    outer loop
      vertex -76.92289523111978 49.925779445495245 9.2
      vertex -76.40972381958991 49.82370330515627 3
      vertex -76.92289523111978 49.925779445495245 3
    endloop
  endfacet
  facet normal -0.5555702330196106 0.8314696123025398 -2.2463916644562077e-18
    outer loop
      vertex -79.88004571603487 49.13341336116494 9.2
      vertex -79.445 49.42410161513776 9.2
      vertex -79.445 49.42410161513776 3
    endloop
  endfacet
  facet normal -0.6593458151000675 0.7518398074789787 -9.09601295065357e-19
    outer loop
      vertex -80.27342712474618 48.78842712474619 9.2
      vertex -79.88004571603487 49.13341336116494 9.2
      vertex -79.88004571603487 49.13341336116494 3
    endloop
  endfacet
  facet normal -0.8314696123025564 0.5555702330195854 0
    outer loop
      vertex -80.61841336116494 48.395045716034886 9.2
      vertex -80.61841336116494 48.395045716034886 3
      vertex -80.90910161513774 47.96 9.2
    endloop
  endfacet
  facet normal -0.7518398074789652 0.6593458151000827 0
    outer loop
      vertex -80.27342712474618 48.78842712474619 9.2
      vertex -80.27342712474618 48.78842712474619 3
      vertex -80.61841336116494 48.395045716034886 9.2
    endloop
  endfacet
  facet normal -0.896872741532687 0.44228869021900374 0
    outer loop
      vertex -80.90910161513774 47.96 9.2
      vertex -80.90910161513774 47.96 3
      vertex -81.14051813004514 47.49073372946036 9.2
    endloop
  endfacet
  facet normal -0.9469301294951005 0.3214394653031772 0
    outer loop
      vertex -81.14051813004514 47.49073372946036 9.2
      vertex -81.14051813004514 47.49073372946036 3
      vertex -81.30870330515627 46.99527618041009 9.2
    endloop
  endfacet
  facet normal -0.980785280403232 0.19509032201612103 0
    outer loop
      vertex -81.30870330515627 46.99527618041009 9.2
      vertex -81.30870330515627 46.99527618041009 3
      vertex -81.41077944549524 46.482104768880205 9.2
    endloop
  endfacet
  facet normal -0.9978589232386037 0.06540312923013929 0
    outer loop
      vertex -81.41077944549524 46.482104768880205 9.2
      vertex -81.41077944549524 46.482104768880205 3
      vertex -81.445 45.96 9.2
    endloop
  endfacet
  facet normal -0.9978589232386037 -0.06540312923013929 0
    outer loop
      vertex -81.445 45.96 9.2
      vertex -81.445 45.96 3
      vertex -81.41077944549524 45.437895231119796 9.2
    endloop
  endfacet
  facet normal -0.980785280403232 -0.19509032201612103 0
    outer loop
      vertex -81.41077944549524 45.437895231119796 9.2
      vertex -81.41077944549524 45.437895231119796 3
      vertex -81.30870330515627 44.924723819589914 9.2
    endloop
  endfacet
  facet normal -0.9469301294951005 -0.3214394653031772 0
    outer loop
      vertex -81.30870330515627 44.924723819589914 9.2
      vertex -81.30870330515627 44.924723819589914 3
      vertex -81.14051813004514 44.42926627053964 9.2
    endloop
  endfacet
  facet normal -0.896872741532687 -0.44228869021900374 0
    outer loop
      vertex -81.14051813004514 44.42926627053964 9.2
      vertex -81.14051813004514 44.42926627053964 3
      vertex -80.90910161513774 43.96 9.2
    endloop
  endfacet
  facet normal -0.8314696123025564 -0.5555702330195854 0
    outer loop
      vertex -80.90910161513774 43.96 9.2
      vertex -80.90910161513774 43.96 3
      vertex -80.61841336116494 43.524954283965116 9.2
    endloop
  endfacet
  facet normal -0.7518398074789652 -0.6593458151000827 0
    outer loop
      vertex -80.61841336116494 43.524954283965116 9.2
      vertex -80.61841336116494 43.524954283965116 3
      vertex -80.27342712474618 43.13157287525381 9.2
    endloop
  endfacet
  facet normal -0.6593458151000675 -0.7518398074789787 0
    outer loop
      vertex -80.27342712474618 43.13157287525381 9.2
      vertex -80.27342712474618 43.13157287525381 3
      vertex -79.88004571603487 42.78658663883506 9.2
    endloop
  endfacet
  facet normal -0.5555702330196106 -0.8314696123025398 0
    outer loop
      vertex -79.88004571603487 42.78658663883506 9.2
      vertex -79.88004571603487 42.78658663883506 3
      vertex -79.445 42.495898384862244 9.2
    endloop
  endfacet
  facet normal -0.44228869021899825 0.8968727415326898 -2.0782579570316644e-18
    outer loop
      vertex -79.445 49.42410161513776 9.2
      vertex -78.97573372946036 49.655518130045145 9.2
      vertex -78.97573372946036 49.655518130045145 3
    endloop
  endfacet
  facet normal -0.32143946530315676 0.9469301294951074 0
    outer loop
      vertex -78.48027618041007 49.82370330515627 9.2
      vertex -78.48027618041007 49.82370330515627 3
      vertex -78.97573372946036 49.655518130045145 9.2
    endloop
  endfacet
  facet normal 0.32143946530315676 0.9469301294951074 1.8177750946498155e-18
    outer loop
      vertex -76.40972381958991 49.82370330515627 9.2
      vertex -75.91426627053963 49.655518130045145 9.2
      vertex -75.91426627053963 49.655518130045145 3
    endloop
  endfacet
  facet normal 0.44228869021899825 0.8968727415326898 2.0782579570316644e-18
    outer loop
      vertex -75.91426627053963 49.655518130045145 9.2
      vertex -75.445 49.42410161513776 9.2
      vertex -75.445 49.42410161513776 3
    endloop
  endfacet
  facet normal 0.5555702330196106 0.8314696123025398 2.2463916644562077e-18
    outer loop
      vertex -75.445 49.42410161513776 9.2
      vertex -75.00995428396511 49.13341336116494 9.2
      vertex -75.00995428396511 49.13341336116494 3
    endloop
  endfacet
  facet normal 0.6593458151000675 0.7518398074789787 9.09601295065357e-19
    outer loop
      vertex -75.00995428396511 49.13341336116494 9.2
      vertex -74.61657287525381 48.78842712474619 9.2
      vertex -74.61657287525381 48.78842712474619 3
    endloop
  endfacet
  facet normal 0.7518398074789652 0.6593458151000827 -2.609315157685251e-18
    outer loop
      vertex -74.61657287525381 48.78842712474619 9.2
      vertex -74.27158663883505 48.395045716034886 9.2
      vertex -74.27158663883505 48.395045716034886 3
    endloop
  endfacet
  facet normal 0.8314696123025564 0.5555702330195854 -3.509959004974975e-18
    outer loop
      vertex -74.27158663883505 48.395045716034886 9.2
      vertex -73.98089838486224 47.96 9.2
      vertex -73.98089838486224 47.96 3
    endloop
  endfacet
  facet normal 0.896872741532687 0.44228869021900374 -1.1284661115926294e-18
    outer loop
      vertex -73.98089838486224 47.96 9.2
      vertex -73.74948186995485 47.49073372946036 9.2
      vertex -73.74948186995485 47.49073372946036 3
    endloop
  endfacet
  facet normal 0.9469301294951005 0.3214394653031772 -1.1864033060583362e-19
    outer loop
      vertex -73.74948186995485 47.49073372946036 9.2
      vertex -73.58129669484372 46.99527618041009 9.2
      vertex -73.58129669484372 46.99527618041009 3
    endloop
  endfacet
  facet normal 0.980785280403232 0.19509032201612103 -8.646533787995008e-19
    outer loop
      vertex -73.58129669484372 46.99527618041009 9.2
      vertex -73.47922055450475 46.482104768880205 9.2
      vertex -73.47922055450475 46.482104768880205 3
    endloop
  endfacet
  facet normal 0.9978589232386037 0.06540312923013929 -1.973210148551751e-20
    outer loop
      vertex -73.47922055450475 46.482104768880205 9.2
      vertex -73.445 45.96 9.2
      vertex -73.445 45.96 3
    endloop
  endfacet
  facet normal -0.44228869021899825 -0.8968727415326898 0
    outer loop
      vertex -79.445 42.495898384862244 9.2
      vertex -79.445 42.495898384862244 3
      vertex -78.97573372946036 42.26448186995486 9.2
    endloop
  endfacet
  facet normal -0.32143946530315676 -0.9469301294951074 0
    outer loop
      vertex -78.97573372946036 42.26448186995486 9.2
      vertex -78.97573372946036 42.26448186995486 3
      vertex -78.48027618041007 42.09629669484373 9.2
    endloop
  endfacet
  facet normal -0.19509032201613927 -0.9807852804032282 0
    outer loop
      vertex -78.48027618041007 42.09629669484373 9.2
      vertex -78.48027618041007 42.09629669484373 3
      vertex -77.9671047688802 41.99422055450476 9.2
    endloop
  endfacet
  facet normal -0.0654031292301384 -0.9978589232386038 0
    outer loop
      vertex -77.9671047688802 41.99422055450476 9.2
      vertex -77.9671047688802 41.99422055450476 3
      vertex -77.445 41.96 9.2
    endloop
  endfacet
  facet normal 0.0654031292301384 -0.9978589232386038 0
    outer loop
      vertex -77.445 41.96 9.2
      vertex -77.445 41.96 3
      vertex -76.92289523111978 41.99422055450476 9.2
    endloop
  endfacet
  facet normal 0.19509032201613927 -0.9807852804032282 0
    outer loop
      vertex -76.92289523111978 41.99422055450476 9.2
      vertex -76.92289523111978 41.99422055450476 3
      vertex -76.40972381958991 42.09629669484373 9.2
    endloop
  endfacet
  facet normal 0.9978589232386037 -0.06540312923013929 1.973210148551751e-20
    outer loop
      vertex -73.445 45.96 9.2
      vertex -73.47922055450475 45.437895231119796 9.2
      vertex -73.47922055450475 45.437895231119796 3
    endloop
  endfacet
  facet normal 0.980785280403232 -0.19509032201612103 8.646533787995008e-19
    outer loop
      vertex -73.47922055450475 45.437895231119796 9.2
      vertex -73.58129669484372 44.924723819589914 9.2
      vertex -73.58129669484372 44.924723819589914 3
    endloop
  endfacet
  facet normal 0.8314696123025564 -0.5555702330195854 3.509959004974975e-18
    outer loop
      vertex -73.98089838486224 43.96 9.2
      vertex -74.27158663883505 43.524954283965116 9.2
      vertex -74.27158663883505 43.524954283965116 3
    endloop
  endfacet
  facet normal 0.896872741532687 -0.44228869021900374 1.1284661115926294e-18
    outer loop
      vertex -73.74948186995485 44.42926627053964 9.2
      vertex -73.98089838486224 43.96 9.2
      vertex -73.98089838486224 43.96 3
    endloop
  endfacet
  facet normal 0.9469301294951005 -0.3214394653031772 1.1864033060583362e-19
    outer loop
      vertex -73.58129669484372 44.924723819589914 9.2
      vertex -73.74948186995485 44.42926627053964 9.2
      vertex -73.74948186995485 44.42926627053964 3
    endloop
  endfacet
  facet normal 0.5555702330196106 -0.8314696123025398 -2.2463916644562077e-18
    outer loop
      vertex -75.00995428396511 42.78658663883506 9.2
      vertex -75.445 42.495898384862244 9.2
      vertex -75.445 42.495898384862244 3
    endloop
  endfacet
  facet normal 0.32143946530315676 -0.9469301294951074 0
    outer loop
      vertex -76.40972381958991 42.09629669484373 9.2
      vertex -76.40972381958991 42.09629669484373 3
      vertex -75.91426627053963 42.26448186995486 9.2
    endloop
  endfacet
  facet normal 0.44228869021899825 -0.8968727415326898 0
    outer loop
      vertex -75.91426627053963 42.26448186995486 9.2
      vertex -75.91426627053963 42.26448186995486 3
      vertex -75.445 42.495898384862244 9.2
    endloop
  endfacet
  facet normal 0.7518398074789652 -0.6593458151000827 0
    outer loop
      vertex -74.61657287525381 43.13157287525381 9.2
      vertex -74.61657287525381 43.13157287525381 3
      vertex -74.27158663883505 43.524954283965116 9.2
    endloop
  endfacet
  facet normal 0.6593458151000675 -0.7518398074789787 0
    outer loop
      vertex -75.00995428396511 42.78658663883506 9.2
      vertex -75.00995428396511 42.78658663883506 3
      vertex -74.61657287525381 43.13157287525381 9.2
    endloop
  endfacet
  facet normal -0.6593458151000675 0.7518398074789787 0
    outer loop
      vertex -80.27342712474618 48.78842712474619 9.2
      vertex -79.88004571603487 49.13341336116494 3
      vertex -80.27342712474618 48.78842712474619 3
    endloop
  endfacet
  facet normal -0.5555702330196106 0.8314696123025398 0
    outer loop
      vertex -79.88004571603487 49.13341336116494 9.2
      vertex -79.445 49.42410161513776 3
      vertex -79.88004571603487 49.13341336116494 3
    endloop
  endfacet
  facet normal -0.7518398074789652 0.6593458151000827 0
    outer loop
      vertex -80.61841336116494 48.395045716034886 9.2
      vertex -80.27342712474618 48.78842712474619 3
      vertex -80.61841336116494 48.395045716034886 3
    endloop
  endfacet
  facet normal -0.8314696123025564 0.5555702330195854 0
    outer loop
      vertex -80.90910161513774 47.96 9.2
      vertex -80.61841336116494 48.395045716034886 3
      vertex -80.90910161513774 47.96 3
    endloop
  endfacet
  facet normal -0.896872741532687 0.44228869021900374 0
    outer loop
      vertex -81.14051813004514 47.49073372946036 9.2
      vertex -80.90910161513774 47.96 3
      vertex -81.14051813004514 47.49073372946036 3
    endloop
  endfacet
  facet normal -0.9469301294951005 0.3214394653031772 0
    outer loop
      vertex -81.30870330515627 46.99527618041009 9.2
      vertex -81.14051813004514 47.49073372946036 3
      vertex -81.30870330515627 46.99527618041009 3
    endloop
  endfacet
  facet normal -0.980785280403232 0.19509032201612103 0
    outer loop
      vertex -81.41077944549524 46.482104768880205 9.2
      vertex -81.30870330515627 46.99527618041009 3
      vertex -81.41077944549524 46.482104768880205 3
    endloop
  endfacet
  facet normal -0.9978589232386037 0.06540312923013929 0
    outer loop
      vertex -81.445 45.96 9.2
      vertex -81.41077944549524 46.482104768880205 3
      vertex -81.445 45.96 3
    endloop
  endfacet
  facet normal -0.9978589232386037 -0.06540312923013929 0
    outer loop
      vertex -81.41077944549524 45.437895231119796 9.2
      vertex -81.445 45.96 3
      vertex -81.41077944549524 45.437895231119796 3
    endloop
  endfacet
  facet normal -0.980785280403232 -0.19509032201612103 0
    outer loop
      vertex -81.30870330515627 44.924723819589914 9.2
      vertex -81.41077944549524 45.437895231119796 3
      vertex -81.30870330515627 44.924723819589914 3
    endloop
  endfacet
  facet normal -0.9469301294951005 -0.3214394653031772 0
    outer loop
      vertex -81.14051813004514 44.42926627053964 9.2
      vertex -81.30870330515627 44.924723819589914 3
      vertex -81.14051813004514 44.42926627053964 3
    endloop
  endfacet
  facet normal -0.896872741532687 -0.44228869021900374 0
    outer loop
      vertex -80.90910161513774 43.96 9.2
      vertex -81.14051813004514 44.42926627053964 3
      vertex -80.90910161513774 43.96 3
    endloop
  endfacet
  facet normal -0.8314696123025564 -0.5555702330195854 0
    outer loop
      vertex -80.61841336116494 43.524954283965116 9.2
      vertex -80.90910161513774 43.96 3
      vertex -80.61841336116494 43.524954283965116 3
    endloop
  endfacet
  facet normal -0.7518398074789652 -0.6593458151000827 0
    outer loop
      vertex -80.27342712474618 43.13157287525381 9.2
      vertex -80.61841336116494 43.524954283965116 3
      vertex -80.27342712474618 43.13157287525381 3
    endloop
  endfacet
  facet normal -0.6593458151000675 -0.7518398074789787 0
    outer loop
      vertex -79.88004571603487 42.78658663883506 9.2
      vertex -80.27342712474618 43.13157287525381 3
      vertex -79.88004571603487 42.78658663883506 3
    endloop
  endfacet
  facet normal -0.5555702330196106 -0.8314696123025398 0
    outer loop
      vertex -79.445 42.495898384862244 9.2
      vertex -79.88004571603487 42.78658663883506 3
      vertex -79.445 42.495898384862244 3
    endloop
  endfacet
  facet normal -0.44228869021899825 0.8968727415326898 0
    outer loop
      vertex -79.445 49.42410161513776 9.2
      vertex -78.97573372946036 49.655518130045145 3
      vertex -79.445 49.42410161513776 3
    endloop
  endfacet
  facet normal -0.32143946530315676 0.9469301294951074 0
    outer loop
      vertex -78.97573372946036 49.655518130045145 9.2
      vertex -78.48027618041007 49.82370330515627 3
      vertex -78.97573372946036 49.655518130045145 3
    endloop
  endfacet
  facet normal 0.32143946530315676 0.9469301294951074 0
    outer loop
      vertex -76.40972381958991 49.82370330515627 9.2
      vertex -75.91426627053963 49.655518130045145 3
      vertex -76.40972381958991 49.82370330515627 3
    endloop
  endfacet
  facet normal 0.44228869021899825 0.8968727415326898 0
    outer loop
      vertex -75.91426627053963 49.655518130045145 9.2
      vertex -75.445 49.42410161513776 3
      vertex -75.91426627053963 49.655518130045145 3
    endloop
  endfacet
  facet normal 0.5555702330196106 0.8314696123025398 0
    outer loop
      vertex -75.445 49.42410161513776 9.2
      vertex -75.00995428396511 49.13341336116494 3
      vertex -75.445 49.42410161513776 3
    endloop
  endfacet
  facet normal 0.6593458151000675 0.7518398074789787 0
    outer loop
      vertex -75.00995428396511 49.13341336116494 9.2
      vertex -74.61657287525381 48.78842712474619 3
      vertex -75.00995428396511 49.13341336116494 3
    endloop
  endfacet
  facet normal 0.7518398074789652 0.6593458151000827 0
    outer loop
      vertex -74.61657287525381 48.78842712474619 9.2
      vertex -74.27158663883505 48.395045716034886 3
      vertex -74.61657287525381 48.78842712474619 3
    endloop
  endfacet
  facet normal 0.8314696123025564 0.5555702330195854 0
    outer loop
      vertex -74.27158663883505 48.395045716034886 9.2
      vertex -73.98089838486224 47.96 3
      vertex -74.27158663883505 48.395045716034886 3
    endloop
  endfacet
  facet normal 0.896872741532687 0.44228869021900374 0
    outer loop
      vertex -73.98089838486224 47.96 9.2
      vertex -73.74948186995485 47.49073372946036 3
      vertex -73.98089838486224 47.96 3
    endloop
  endfacet
  facet normal 0.9469301294951005 0.3214394653031772 0
    outer loop
      vertex -73.74948186995485 47.49073372946036 9.2
      vertex -73.58129669484372 46.99527618041009 3
      vertex -73.74948186995485 47.49073372946036 3
    endloop
  endfacet
  facet normal 0.980785280403232 0.19509032201612103 0
    outer loop
      vertex -73.58129669484372 46.99527618041009 9.2
      vertex -73.47922055450475 46.482104768880205 3
      vertex -73.58129669484372 46.99527618041009 3
    endloop
  endfacet
  facet normal 0.9978589232386037 0.06540312923013929 0
    outer loop
      vertex -73.47922055450475 46.482104768880205 9.2
      vertex -73.445 45.96 3
      vertex -73.47922055450475 46.482104768880205 3
    endloop
  endfacet
  facet normal 0.9978589232386037 -0.06540312923013929 0
    outer loop
      vertex -73.445 45.96 9.2
      vertex -73.47922055450475 45.437895231119796 3
      vertex -73.445 45.96 3
    endloop
  endfacet
  facet normal -0.44228869021899825 -0.8968727415326898 0
    outer loop
      vertex -78.97573372946036 42.26448186995486 9.2
      vertex -79.445 42.495898384862244 3
      vertex -78.97573372946036 42.26448186995486 3
    endloop
  endfacet
  facet normal -0.32143946530315676 -0.9469301294951074 0
    outer loop
      vertex -78.48027618041007 42.09629669484373 9.2
      vertex -78.97573372946036 42.26448186995486 3
      vertex -78.48027618041007 42.09629669484373 3
    endloop
  endfacet
  facet normal -0.19509032201613927 -0.9807852804032282 0
    outer loop
      vertex -77.9671047688802 41.99422055450476 9.2
      vertex -78.48027618041007 42.09629669484373 3
      vertex -77.9671047688802 41.99422055450476 3
    endloop
  endfacet
  facet normal -0.0654031292301384 -0.9978589232386038 0
    outer loop
      vertex -77.445 41.96 9.2
      vertex -77.9671047688802 41.99422055450476 3
      vertex -77.445 41.96 3
    endloop
  endfacet
  facet normal 0.19509032201613927 -0.9807852804032282 0
    outer loop
      vertex -76.40972381958991 42.09629669484373 9.2
      vertex -76.92289523111978 41.99422055450476 3
      vertex -76.40972381958991 42.09629669484373 3
    endloop
  endfacet
  facet normal 0.0654031292301384 -0.9978589232386038 0
    outer loop
      vertex -76.92289523111978 41.99422055450476 9.2
      vertex -77.445 41.96 3
      vertex -76.92289523111978 41.99422055450476 3
    endloop
  endfacet
  facet normal 0.980785280403232 -0.19509032201612103 0
    outer loop
      vertex -73.47922055450475 45.437895231119796 9.2
      vertex -73.58129669484372 44.924723819589914 3
      vertex -73.47922055450475 45.437895231119796 3
    endloop
  endfacet
  facet normal 0.9469301294951005 -0.3214394653031772 0
    outer loop
      vertex -73.58129669484372 44.924723819589914 9.2
      vertex -73.74948186995485 44.42926627053964 3
      vertex -73.58129669484372 44.924723819589914 3
    endloop
  endfacet
  facet normal 0.896872741532687 -0.44228869021900374 0
    outer loop
      vertex -73.74948186995485 44.42926627053964 9.2
      vertex -73.98089838486224 43.96 3
      vertex -73.74948186995485 44.42926627053964 3
    endloop
  endfacet
  facet normal 0.8314696123025564 -0.5555702330195854 0
    outer loop
      vertex -73.98089838486224 43.96 9.2
      vertex -74.27158663883505 43.524954283965116 3
      vertex -73.98089838486224 43.96 3
    endloop
  endfacet
  facet normal 0.5555702330196106 -0.8314696123025398 0
    outer loop
      vertex -75.00995428396511 42.78658663883506 9.2
      vertex -75.445 42.495898384862244 3
      vertex -75.00995428396511 42.78658663883506 3
    endloop
  endfacet
  facet normal 0.32143946530315676 -0.9469301294951074 0
    outer loop
      vertex -75.91426627053963 42.26448186995486 9.2
      vertex -76.40972381958991 42.09629669484373 3
      vertex -75.91426627053963 42.26448186995486 3
    endloop
  endfacet
  facet normal 0.44228869021899825 -0.8968727415326898 0
    outer loop
      vertex -75.445 42.495898384862244 9.2
      vertex -75.91426627053963 42.26448186995486 3
      vertex -75.445 42.495898384862244 3
    endloop
  endfacet
  facet normal 0.7518398074789652 -0.6593458151000827 0
    outer loop
      vertex -74.27158663883505 43.524954283965116 9.2
      vertex -74.61657287525381 43.13157287525381 3
      vertex -74.27158663883505 43.524954283965116 3
    endloop
  endfacet
  facet normal 0.6593458151000675 -0.7518398074789787 0
    outer loop
      vertex -74.61657287525381 43.13157287525381 9.2
      vertex -75.00995428396511 42.78658663883506 3
      vertex -74.61657287525381 43.13157287525381 3
    endloop
  endfacet
  facet normal 0 0 1
    outer loop
      vertex -78.22281745930519 46.737817459305205 10.399999999999999
      vertex -78.31768867432035 46.62963757190959 10.399999999999999
      vertex -78.22281745930519 45.1821825406948 10.399999999999999
    endloop
  endfacet
  facet normal 0 0 1
    outer loop
      vertex -78.22281745930519 46.737817459305205 10.399999999999999
      vertex -78.11463757190958 45.08731132567964 10.399999999999999
      vertex -78.11463757190958 46.83268867432036 10.399999999999999
    endloop
  endfacet
  facet normal 0 0 1
    outer loop
      vertex -77.99499999999999 46.912627944162885 10.399999999999999
      vertex -78.11463757190958 46.83268867432036 10.399999999999999
      vertex -77.99499999999999 45.007372055837116 10.399999999999999
    endloop
  endfacet
  facet normal 0 0 1
    outer loop
      vertex -78.39762794416288 46.51 10.399999999999999
      vertex -78.4612674857624 46.3809517756016 10.399999999999999
      vertex -78.39762794416288 45.410000000000004 10.399999999999999
    endloop
  endfacet
  facet normal 0 0 1
    outer loop
      vertex -78.4612674857624 46.3809517756016 10.399999999999999
      vertex -78.50751840891797 46.24470094961277 10.399999999999999
      vertex -78.4612674857624 45.5390482243984 10.399999999999999
    endloop
  endfacet
  facet normal 0 0 1
    outer loop
      vertex -78.50751840891797 46.24470094961277 10.399999999999999
      vertex -78.53558934751119 46.103578811442055 10.399999999999999
      vertex -78.50751840891797 45.67529905038723 10.399999999999999
    endloop
  endfacet
  facet normal 0 0 1
    outer loop
      vertex -78.53558934751119 46.103578811442055 10.399999999999999
      vertex -78.54499999999999 45.96 10.399999999999999
      vertex -78.53558934751119 45.816421188557946 10.399999999999999
    endloop
  endfacet
  facet normal 0 0 1
    outer loop
      vertex -78.53558934751119 46.103578811442055 10.399999999999999
      vertex -78.53558934751119 45.816421188557946 10.399999999999999
      vertex -78.50751840891797 45.67529905038723 10.399999999999999
    endloop
  endfacet
  facet normal 0 0 1
    outer loop
      vertex -78.50751840891797 46.24470094961277 10.399999999999999
      vertex -78.50751840891797 45.67529905038723 10.399999999999999
      vertex -78.4612674857624 45.5390482243984 10.399999999999999
    endloop
  endfacet
  facet normal 0 0 1
    outer loop
      vertex -78.4612674857624 46.3809517756016 10.399999999999999
      vertex -78.4612674857624 45.5390482243984 10.399999999999999
      vertex -78.39762794416288 45.410000000000004 10.399999999999999
    endloop
  endfacet
  facet normal 0 0 1
    outer loop
      vertex -78.39762794416288 46.51 10.399999999999999
      vertex -78.39762794416288 45.410000000000004 10.399999999999999
      vertex -78.31768867432035 45.29036242809041 10.399999999999999
    endloop
  endfacet
  facet normal 0 0 1
    outer loop
      vertex -78.39762794416288 46.51 10.399999999999999
      vertex -78.31768867432035 45.29036242809041 10.399999999999999
      vertex -78.31768867432035 46.62963757190959 10.399999999999999
    endloop
  endfacet
  facet normal 0 0 1
    outer loop
      vertex -78.31768867432035 46.62963757190959 10.399999999999999
      vertex -78.31768867432035 45.29036242809041 10.399999999999999
      vertex -78.22281745930519 45.1821825406948 10.399999999999999
    endloop
  endfacet
  facet normal 0 0 1
    outer loop
      vertex -78.22281745930519 46.737817459305205 10.399999999999999
      vertex -78.22281745930519 45.1821825406948 10.399999999999999
      vertex -78.11463757190958 45.08731132567964 10.399999999999999
    endloop
  endfacet
  facet normal 0 0 1
    outer loop
      vertex -77.99499999999999 46.912627944162885 10.399999999999999
      vertex -77.86595177560159 44.94373251423759 10.399999999999999
      vertex -77.86595177560159 46.97626748576241 10.399999999999999
    endloop
  endfacet
  facet normal 0 0 1
    outer loop
      vertex -77.86595177560159 46.97626748576241 10.399999999999999
      vertex -77.72970094961276 44.89748159108203 10.399999999999999
      vertex -77.72970094961276 47.022518408917975 10.399999999999999
    endloop
  endfacet
  facet normal 0 0 1
    outer loop
      vertex -77.72970094961276 47.022518408917975 10.399999999999999
      vertex -77.58857881144205 44.86941065248881 10.399999999999999
      vertex -77.58857881144205 47.05058934751119 10.399999999999999
    endloop
  endfacet
  facet normal 0 0 1
    outer loop
      vertex -77.58857881144205 47.05058934751119 10.399999999999999
      vertex -77.445 44.86 10.399999999999999
      vertex -77.445 47.06 10.399999999999999
    endloop
  endfacet
  facet normal 0 0 1
    outer loop
      vertex -77.445 47.06 10.399999999999999
      vertex -77.30142118855794 44.86941065248881 10.399999999999999
      vertex -77.30142118855794 47.05058934751119 10.399999999999999
    endloop
  endfacet
  facet normal 0 0 1
    outer loop
      vertex -77.30142118855794 47.05058934751119 10.399999999999999
      vertex -77.16029905038722 44.89748159108203 10.399999999999999
      vertex -77.16029905038722 47.022518408917975 10.399999999999999
    endloop
  endfacet
  facet normal 0 0 1
    outer loop
      vertex -77.16029905038722 47.022518408917975 10.399999999999999
      vertex -77.0240482243984 44.94373251423759 10.399999999999999
      vertex -77.0240482243984 46.97626748576241 10.399999999999999
    endloop
  endfacet
  facet normal 0 0 1
    outer loop
      vertex -77.0240482243984 46.97626748576241 10.399999999999999
      vertex -76.895 45.007372055837116 10.399999999999999
      vertex -76.895 46.912627944162885 10.399999999999999
    endloop
  endfacet
  facet normal 0 0 1
    outer loop
      vertex -76.895 46.912627944162885 10.399999999999999
      vertex -76.7753624280904 45.08731132567964 10.399999999999999
      vertex -76.7753624280904 46.83268867432036 10.399999999999999
    endloop
  endfacet
  facet normal 0 0 1
    outer loop
      vertex -76.7753624280904 46.83268867432036 10.399999999999999
      vertex -76.6671825406948 45.1821825406948 10.399999999999999
      vertex -76.6671825406948 46.737817459305205 10.399999999999999
    endloop
  endfacet
  facet normal 0 0 1
    outer loop
      vertex -76.6671825406948 46.737817459305205 10.399999999999999
      vertex -76.57231132567964 45.29036242809041 10.399999999999999
      vertex -76.57231132567964 46.62963757190959 10.399999999999999
    endloop
  endfacet
  facet normal 0 0 1
    outer loop
      vertex -76.57231132567964 46.62963757190959 10.399999999999999
      vertex -76.49237205583711 45.410000000000004 10.399999999999999
      vertex -76.49237205583711 46.51 10.399999999999999
    endloop
  endfacet
  facet normal 0 0 1
    outer loop
      vertex -76.895 46.912627944162885 10.399999999999999
      vertex -76.895 45.007372055837116 10.399999999999999
      vertex -76.7753624280904 45.08731132567964 10.399999999999999
    endloop
  endfacet
  facet normal 0 0 1
    outer loop
      vertex -76.49237205583711 46.51 10.399999999999999
      vertex -76.42873251423758 45.5390482243984 10.399999999999999
      vertex -76.42873251423758 46.3809517756016 10.399999999999999
    endloop
  endfacet
  facet normal 0 0 1
    outer loop
      vertex -76.7753624280904 46.83268867432036 10.399999999999999
      vertex -76.7753624280904 45.08731132567964 10.399999999999999
      vertex -76.6671825406948 45.1821825406948 10.399999999999999
    endloop
  endfacet
  facet normal 0 0 1
    outer loop
      vertex -76.49237205583711 46.51 10.399999999999999
      vertex -76.49237205583711 45.410000000000004 10.399999999999999
      vertex -76.42873251423758 45.5390482243984 10.399999999999999
    endloop
  endfacet
  facet normal 0 0 1
    outer loop
      vertex -76.57231132567964 46.62963757190959 10.399999999999999
      vertex -76.57231132567964 45.29036242809041 10.399999999999999
      vertex -76.49237205583711 45.410000000000004 10.399999999999999
    endloop
  endfacet
  facet normal 0 0 1
    outer loop
      vertex -76.6671825406948 46.737817459305205 10.399999999999999
      vertex -76.6671825406948 45.1821825406948 10.399999999999999
      vertex -76.57231132567964 45.29036242809041 10.399999999999999
    endloop
  endfacet
  facet normal 0 0 1
    outer loop
      vertex -76.42873251423758 46.3809517756016 10.399999999999999
      vertex -76.38248159108201 45.67529905038723 10.399999999999999
      vertex -76.38248159108201 46.24470094961277 10.399999999999999
    endloop
  endfacet
  facet normal 0 0 1
    outer loop
      vertex -76.38248159108201 46.24470094961277 10.399999999999999
      vertex -76.3544106524888 45.816421188557946 10.399999999999999
      vertex -76.3544106524888 46.103578811442055 10.399999999999999
    endloop
  endfacet
  facet normal 0 0 1
    outer loop
      vertex -76.38248159108201 46.24470094961277 10.399999999999999
      vertex -76.38248159108201 45.67529905038723 10.399999999999999
      vertex -76.3544106524888 45.816421188557946 10.399999999999999
    endloop
  endfacet
  facet normal 0 0 1
    outer loop
      vertex -76.3544106524888 46.103578811442055 10.399999999999999
      vertex -76.3544106524888 45.816421188557946 10.399999999999999
      vertex -76.345 45.96 10.399999999999999
    endloop
  endfacet
  facet normal 0 0 1
    outer loop
      vertex -76.42873251423758 46.3809517756016 10.399999999999999
      vertex -76.42873251423758 45.5390482243984 10.399999999999999
      vertex -76.38248159108201 45.67529905038723 10.399999999999999
    endloop
  endfacet
  facet normal -0.7518398074789777 0.6593458151000687 0
    outer loop
      vertex -78.22281745930519 46.737817459305205 10.399999999999999
      vertex -78.22281745930519 46.737817459305205 9.2
      vertex -78.31768867432035 46.62963757190959 10.399999999999999
    endloop
  endfacet
  facet normal -0.5555702330196156 0.8314696123025364 0
    outer loop
      vertex -77.99499999999999 46.912627944162885 10.399999999999999
      vertex -77.99499999999999 46.912627944162885 9.2
      vertex -78.11463757190958 46.83268867432036 10.399999999999999
    endloop
  endfacet
  facet normal -0.6593458151000653 0.7518398074789807 -1.8292166634487113e-19
    outer loop
      vertex -78.22281745930519 46.737817459305205 10.399999999999999
      vertex -78.11463757190958 46.83268867432036 10.399999999999999
      vertex -78.11463757190958 46.83268867432036 9.2
    endloop
  endfacet
  facet normal -0.8968727415326944 0.44228869021898914 0
    outer loop
      vertex -78.39762794416288 46.51 10.399999999999999
      vertex -78.39762794416288 46.51 9.2
      vertex -78.4612674857624 46.3809517756016 10.399999999999999
    endloop
  endfacet
  facet normal -0.9469301294950908 0.32143946530320494 0
    outer loop
      vertex -78.4612674857624 46.3809517756016 10.399999999999999
      vertex -78.4612674857624 46.3809517756016 9.2
      vertex -78.50751840891797 46.24470094961277 10.399999999999999
    endloop
  endfacet
  facet normal -0.9807852804032293 0.19509032201613385 0
    outer loop
      vertex -78.50751840891797 46.24470094961277 10.399999999999999
      vertex -78.50751840891797 46.24470094961277 9.2
      vertex -78.53558934751119 46.103578811442055 10.399999999999999
    endloop
  endfacet
  facet normal -0.8314696123025364 0.5555702330196156 1.2646212205533666e-18
    outer loop
      vertex -78.39762794416288 46.51 10.399999999999999
      vertex -78.31768867432035 46.62963757190959 10.399999999999999
      vertex -78.31768867432035 46.62963757190959 9.2
    endloop
  endfacet
  facet normal -0.997858923238609 0.06540312923005889 0
    outer loop
      vertex -78.53558934751119 46.103578811442055 10.399999999999999
      vertex -78.53558934751119 46.103578811442055 9.2
      vertex -78.54499999999999 45.96 10.399999999999999
    endloop
  endfacet
  facet normal -0.997858923238609 -0.06540312923005889 0
    outer loop
      vertex -78.54499999999999 45.96 10.399999999999999
      vertex -78.54499999999999 45.96 9.2
      vertex -78.53558934751119 45.816421188557946 10.399999999999999
    endloop
  endfacet
  facet normal -0.9807852804032293 -0.19509032201613385 0
    outer loop
      vertex -78.53558934751119 45.816421188557946 10.399999999999999
      vertex -78.53558934751119 45.816421188557946 9.2
      vertex -78.50751840891797 45.67529905038723 10.399999999999999
    endloop
  endfacet
  facet normal -0.44228869021896955 0.8968727415327039 -6.164162675731786e-19
    outer loop
      vertex -77.99499999999999 46.912627944162885 10.399999999999999
      vertex -77.86595177560159 46.97626748576241 10.399999999999999
      vertex -77.86595177560159 46.97626748576241 9.2
    endloop
  endfacet
  facet normal -0.19509032201613385 0.9807852804032293 -3.5627392161482326e-19
    outer loop
      vertex -77.72970094961276 47.022518408917975 10.399999999999999
      vertex -77.58857881144205 47.05058934751119 10.399999999999999
      vertex -77.58857881144205 47.05058934751119 9.2
    endloop
  endfacet
  facet normal -0.3214394653031757 0.9469301294951008 3.558583428769462e-19
    outer loop
      vertex -77.86595177560159 46.97626748576241 10.399999999999999
      vertex -77.72970094961276 47.022518408917975 10.399999999999999
      vertex -77.72970094961276 47.022518408917975 9.2
    endloop
  endfacet
  facet normal -0.06540312923015723 0.9978589232386026 4.538433762070515e-20
    outer loop
      vertex -77.58857881144205 47.05058934751119 10.399999999999999
      vertex -77.445 47.06 10.399999999999999
      vertex -77.445 47.06 9.2
    endloop
  endfacet
  facet normal 0.06540312923015723 0.9978589232386026 -4.538433762070515e-20
    outer loop
      vertex -77.445 47.06 10.399999999999999
      vertex -77.30142118855794 47.05058934751119 10.399999999999999
      vertex -77.30142118855794 47.05058934751119 9.2
    endloop
  endfacet
  facet normal 0.19509032201613385 0.9807852804032293 3.5627392161482326e-19
    outer loop
      vertex -77.30142118855794 47.05058934751119 10.399999999999999
      vertex -77.16029905038722 47.022518408917975 10.399999999999999
      vertex -77.16029905038722 47.022518408917975 9.2
    endloop
  endfacet
  facet normal 0.3214394653031757 0.9469301294951008 -3.558583428769462e-19
    outer loop
      vertex -77.16029905038722 47.022518408917975 10.399999999999999
      vertex -77.0240482243984 46.97626748576241 10.399999999999999
      vertex -77.0240482243984 46.97626748576241 9.2
    endloop
  endfacet
  facet normal 0.44228869021896955 0.8968727415327039 6.164162675731786e-19
    outer loop
      vertex -77.0240482243984 46.97626748576241 10.399999999999999
      vertex -76.895 46.912627944162885 10.399999999999999
      vertex -76.895 46.912627944162885 9.2
    endloop
  endfacet
  facet normal 0.5555702330196156 0.8314696123025364 -1.2646212205533666e-18
    outer loop
      vertex -76.895 46.912627944162885 10.399999999999999
      vertex -76.7753624280904 46.83268867432036 10.399999999999999
      vertex -76.7753624280904 46.83268867432036 9.2
    endloop
  endfacet
  facet normal 0.6593458151000653 0.7518398074789807 1.8292166634487113e-19
    outer loop
      vertex -76.7753624280904 46.83268867432036 10.399999999999999
      vertex -76.6671825406948 46.737817459305205 10.399999999999999
      vertex -76.6671825406948 46.737817459305205 9.2
    endloop
  endfacet
  facet normal 0.7518398074789777 0.6593458151000687 3.223932867145131e-18
    outer loop
      vertex -76.6671825406948 46.737817459305205 10.399999999999999
      vertex -76.57231132567964 46.62963757190959 10.399999999999999
      vertex -76.57231132567964 46.62963757190959 9.2
    endloop
  endfacet
  facet normal 0.8314696123025364 0.5555702330196156 -1.2646212205533666e-18
    outer loop
      vertex -76.57231132567964 46.62963757190959 10.399999999999999
      vertex -76.49237205583711 46.51 10.399999999999999
      vertex -76.49237205583711 46.51 9.2
    endloop
  endfacet
  facet normal 0.8968727415326944 0.44228869021898914 -2.723518236376561e-18
    outer loop
      vertex -76.49237205583711 46.51 10.399999999999999
      vertex -76.42873251423758 46.3809517756016 10.399999999999999
      vertex -76.42873251423758 46.3809517756016 9.2
    endloop
  endfacet
  facet normal 0.9469301294950908 0.32143946530320494 -6.287746234274969e-19
    outer loop
      vertex -76.42873251423758 46.3809517756016 10.399999999999999
      vertex -76.38248159108201 46.24470094961277 10.399999999999999
      vertex -76.38248159108201 46.24470094961277 9.2
    endloop
  endfacet
  facet normal 0.9807852804032293 0.19509032201613385 3.5627392161482326e-19
    outer loop
      vertex -76.38248159108201 46.24470094961277 10.399999999999999
      vertex -76.3544106524888 46.103578811442055 10.399999999999999
      vertex -76.3544106524888 46.103578811442055 9.2
    endloop
  endfacet
  facet normal 0.997858923238609 0.06540312923005889 -5.71602286160331e-19
    outer loop
      vertex -76.3544106524888 46.103578811442055 10.399999999999999
      vertex -76.345 45.96 10.399999999999999
      vertex -76.345 45.96 9.2
    endloop
  endfacet
  facet normal 0.997858923238609 -0.06540312923005889 5.71602286160331e-19
    outer loop
      vertex -76.345 45.96 10.399999999999999
      vertex -76.3544106524888 45.816421188557946 10.399999999999999
      vertex -76.3544106524888 45.816421188557946 9.2
    endloop
  endfacet
  facet normal 0.9807852804032293 -0.19509032201613385 -3.5627392161482326e-19
    outer loop
      vertex -76.3544106524888 45.816421188557946 10.399999999999999
      vertex -76.38248159108201 45.67529905038723 10.399999999999999
      vertex -76.38248159108201 45.67529905038723 9.2
    endloop
  endfacet
  facet normal 0 0 1
    outer loop
      vertex -78.11463757190958 46.83268867432036 10.399999999999999
      vertex -78.11463757190958 45.08731132567964 10.399999999999999
      vertex -77.99499999999999 45.007372055837116 10.399999999999999
    endloop
  endfacet
  facet normal 0 0 1
    outer loop
      vertex -77.99499999999999 46.912627944162885 10.399999999999999
      vertex -77.99499999999999 45.007372055837116 10.399999999999999
      vertex -77.86595177560159 44.94373251423759 10.399999999999999
    endloop
  endfacet
  facet normal 0 0 1
    outer loop
      vertex -77.86595177560159 46.97626748576241 10.399999999999999
      vertex -77.86595177560159 44.94373251423759 10.399999999999999
      vertex -77.72970094961276 44.89748159108203 10.399999999999999
    endloop
  endfacet
  facet normal 0 0 1
    outer loop
      vertex -77.72970094961276 47.022518408917975 10.399999999999999
      vertex -77.72970094961276 44.89748159108203 10.399999999999999
      vertex -77.58857881144205 44.86941065248881 10.399999999999999
    endloop
  endfacet
  facet normal 0 0 1
    outer loop
      vertex -77.58857881144205 47.05058934751119 10.399999999999999
      vertex -77.58857881144205 44.86941065248881 10.399999999999999
      vertex -77.445 44.86 10.399999999999999
    endloop
  endfacet
  facet normal 0 0 1
    outer loop
      vertex -77.445 47.06 10.399999999999999
      vertex -77.445 44.86 10.399999999999999
      vertex -77.30142118855794 44.86941065248881 10.399999999999999
    endloop
  endfacet
  facet normal 0 0 1
    outer loop
      vertex -77.30142118855794 47.05058934751119 10.399999999999999
      vertex -77.30142118855794 44.86941065248881 10.399999999999999
      vertex -77.16029905038722 44.89748159108203 10.399999999999999
    endloop
  endfacet
  facet normal 0 0 1
    outer loop
      vertex -77.16029905038722 47.022518408917975 10.399999999999999
      vertex -77.16029905038722 44.89748159108203 10.399999999999999
      vertex -77.0240482243984 44.94373251423759 10.399999999999999
    endloop
  endfacet
  facet normal 0 0 1
    outer loop
      vertex -77.0240482243984 46.97626748576241 10.399999999999999
      vertex -77.0240482243984 44.94373251423759 10.399999999999999
      vertex -76.895 45.007372055837116 10.399999999999999
    endloop
  endfacet
  facet normal -0.9469301294950908 -0.32143946530320494 0
    outer loop
      vertex -78.50751840891797 45.67529905038723 10.399999999999999
      vertex -78.50751840891797 45.67529905038723 9.2
      vertex -78.4612674857624 45.5390482243984 10.399999999999999
    endloop
  endfacet
  facet normal -0.8968727415326944 -0.44228869021898914 0
    outer loop
      vertex -78.4612674857624 45.5390482243984 10.399999999999999
      vertex -78.4612674857624 45.5390482243984 9.2
      vertex -78.39762794416288 45.410000000000004 10.399999999999999
    endloop
  endfacet
  facet normal -0.8314696123025364 -0.5555702330196156 0
    outer loop
      vertex -78.39762794416288 45.410000000000004 10.399999999999999
      vertex -78.39762794416288 45.410000000000004 9.2
      vertex -78.31768867432035 45.29036242809041 10.399999999999999
    endloop
  endfacet
  facet normal -0.7518398074789777 -0.6593458151000687 0
    outer loop
      vertex -78.31768867432035 45.29036242809041 10.399999999999999
      vertex -78.31768867432035 45.29036242809041 9.2
      vertex -78.22281745930519 45.1821825406948 10.399999999999999
    endloop
  endfacet
  facet normal -0.6593458151000653 -0.7518398074789807 0
    outer loop
      vertex -78.22281745930519 45.1821825406948 10.399999999999999
      vertex -78.22281745930519 45.1821825406948 9.2
      vertex -78.11463757190958 45.08731132567964 10.399999999999999
    endloop
  endfacet
  facet normal -0.5555702330196156 -0.8314696123025364 0
    outer loop
      vertex -78.11463757190958 45.08731132567964 10.399999999999999
      vertex -78.11463757190958 45.08731132567964 9.2
      vertex -77.99499999999999 45.007372055837116 10.399999999999999
    endloop
  endfacet
  facet normal -0.44228869021896955 -0.8968727415327039 0
    outer loop
      vertex -77.99499999999999 45.007372055837116 10.399999999999999
      vertex -77.99499999999999 45.007372055837116 9.2
      vertex -77.86595177560159 44.94373251423759 10.399999999999999
    endloop
  endfacet
  facet normal -0.3214394653031757 -0.9469301294951008 0
    outer loop
      vertex -77.86595177560159 44.94373251423759 10.399999999999999
      vertex -77.86595177560159 44.94373251423759 9.2
      vertex -77.72970094961276 44.89748159108203 10.399999999999999
    endloop
  endfacet
  facet normal -0.19509032201613385 -0.9807852804032293 0
    outer loop
      vertex -77.72970094961276 44.89748159108203 10.399999999999999
      vertex -77.72970094961276 44.89748159108203 9.2
      vertex -77.58857881144205 44.86941065248881 10.399999999999999
    endloop
  endfacet
  facet normal 0.19509032201613385 -0.9807852804032293 0
    outer loop
      vertex -77.30142118855794 44.86941065248881 10.399999999999999
      vertex -77.30142118855794 44.86941065248881 9.2
      vertex -77.16029905038722 44.89748159108203 10.399999999999999
    endloop
  endfacet
  facet normal -0.06540312923015723 -0.9978589232386026 0
    outer loop
      vertex -77.58857881144205 44.86941065248881 10.399999999999999
      vertex -77.58857881144205 44.86941065248881 9.2
      vertex -77.445 44.86 10.399999999999999
    endloop
  endfacet
  facet normal 0.06540312923015723 -0.9978589232386026 0
    outer loop
      vertex -77.445 44.86 10.399999999999999
      vertex -77.445 44.86 9.2
      vertex -77.30142118855794 44.86941065248881 10.399999999999999
    endloop
  endfacet
  facet normal 0.8968727415326944 -0.44228869021898914 0
    outer loop
      vertex -76.49237205583711 45.410000000000004 10.399999999999999
      vertex -76.49237205583711 45.410000000000004 9.2
      vertex -76.42873251423758 45.5390482243984 10.399999999999999
    endloop
  endfacet
  facet normal 0.8314696123025364 -0.5555702330196156 1.2646212205533666e-18
    outer loop
      vertex -76.49237205583711 45.410000000000004 10.399999999999999
      vertex -76.57231132567964 45.29036242809041 10.399999999999999
      vertex -76.57231132567964 45.29036242809041 9.2
    endloop
  endfacet
  facet normal 0.7518398074789777 -0.6593458151000687 0
    outer loop
      vertex -76.6671825406948 45.1821825406948 10.399999999999999
      vertex -76.6671825406948 45.1821825406948 9.2
      vertex -76.57231132567964 45.29036242809041 10.399999999999999
    endloop
  endfacet
  facet normal 0.3214394653031757 -0.9469301294951008 0
    outer loop
      vertex -77.16029905038722 44.89748159108203 10.399999999999999
      vertex -77.16029905038722 44.89748159108203 9.2
      vertex -77.0240482243984 44.94373251423759 10.399999999999999
    endloop
  endfacet
  facet normal 0.5555702330196156 -0.8314696123025364 0
    outer loop
      vertex -76.895 45.007372055837116 10.399999999999999
      vertex -76.895 45.007372055837116 9.2
      vertex -76.7753624280904 45.08731132567964 10.399999999999999
    endloop
  endfacet
  facet normal 0.44228869021896955 -0.8968727415327039 0
    outer loop
      vertex -77.0240482243984 44.94373251423759 10.399999999999999
      vertex -77.0240482243984 44.94373251423759 9.2
      vertex -76.895 45.007372055837116 10.399999999999999
    endloop
  endfacet
  facet normal 0.6593458151000653 -0.7518398074789807 -1.8292166634487113e-19
    outer loop
      vertex -76.6671825406948 45.1821825406948 10.399999999999999
      vertex -76.7753624280904 45.08731132567964 10.399999999999999
      vertex -76.7753624280904 45.08731132567964 9.2
    endloop
  endfacet
  facet normal 0.9469301294950908 -0.32143946530320494 6.287746234274969e-19
    outer loop
      vertex -76.38248159108201 45.67529905038723 10.399999999999999
      vertex -76.42873251423758 45.5390482243984 10.399999999999999
      vertex -76.42873251423758 45.5390482243984 9.2
    endloop
  endfacet
  facet normal -0.6593458151000653 0.7518398074789807 0
    outer loop
      vertex -78.22281745930519 46.737817459305205 10.399999999999999
      vertex -78.11463757190958 46.83268867432036 9.2
      vertex -78.22281745930519 46.737817459305205 9.2
    endloop
  endfacet
  facet normal -0.5555702330196156 0.8314696123025364 0
    outer loop
      vertex -78.11463757190958 46.83268867432036 10.399999999999999
      vertex -77.99499999999999 46.912627944162885 9.2
      vertex -78.11463757190958 46.83268867432036 9.2
    endloop
  endfacet
  facet normal -0.8314696123025364 0.5555702330196156 0
    outer loop
      vertex -78.39762794416288 46.51 10.399999999999999
      vertex -78.31768867432035 46.62963757190959 9.2
      vertex -78.39762794416288 46.51 9.2
    endloop
  endfacet
  facet normal -0.8968727415326944 0.44228869021898914 0
    outer loop
      vertex -78.4612674857624 46.3809517756016 10.399999999999999
      vertex -78.39762794416288 46.51 9.2
      vertex -78.4612674857624 46.3809517756016 9.2
    endloop
  endfacet
  facet normal -0.9469301294950908 0.32143946530320494 0
    outer loop
      vertex -78.50751840891797 46.24470094961277 10.399999999999999
      vertex -78.4612674857624 46.3809517756016 9.2
      vertex -78.50751840891797 46.24470094961277 9.2
    endloop
  endfacet
  facet normal -0.7518398074789777 0.6593458151000687 0
    outer loop
      vertex -78.31768867432035 46.62963757190959 10.399999999999999
      vertex -78.22281745930519 46.737817459305205 9.2
      vertex -78.31768867432035 46.62963757190959 9.2
    endloop
  endfacet
  facet normal -0.9807852804032293 0.19509032201613385 0
    outer loop
      vertex -78.53558934751119 46.103578811442055 10.399999999999999
      vertex -78.50751840891797 46.24470094961277 9.2
      vertex -78.53558934751119 46.103578811442055 9.2
    endloop
  endfacet
  facet normal -0.997858923238609 0.06540312923005889 0
    outer loop
      vertex -78.54499999999999 45.96 10.399999999999999
      vertex -78.53558934751119 46.103578811442055 9.2
      vertex -78.54499999999999 45.96 9.2
    endloop
  endfacet
  facet normal -0.997858923238609 -0.06540312923005889 0
    outer loop
      vertex -78.53558934751119 45.816421188557946 10.399999999999999
      vertex -78.54499999999999 45.96 9.2
      vertex -78.53558934751119 45.816421188557946 9.2
    endloop
  endfacet
  facet normal -0.9807852804032293 -0.19509032201613385 0
    outer loop
      vertex -78.50751840891797 45.67529905038723 10.399999999999999
      vertex -78.53558934751119 45.816421188557946 9.2
      vertex -78.50751840891797 45.67529905038723 9.2
    endloop
  endfacet
  facet normal -0.3214394653031757 0.9469301294951008 0
    outer loop
      vertex -77.86595177560159 46.97626748576241 10.399999999999999
      vertex -77.72970094961276 47.022518408917975 9.2
      vertex -77.86595177560159 46.97626748576241 9.2
    endloop
  endfacet
  facet normal -0.19509032201613385 0.9807852804032293 0
    outer loop
      vertex -77.72970094961276 47.022518408917975 10.399999999999999
      vertex -77.58857881144205 47.05058934751119 9.2
      vertex -77.72970094961276 47.022518408917975 9.2
    endloop
  endfacet
  facet normal -0.44228869021896955 0.8968727415327039 0
    outer loop
      vertex -77.99499999999999 46.912627944162885 10.399999999999999
      vertex -77.86595177560159 46.97626748576241 9.2
      vertex -77.99499999999999 46.912627944162885 9.2
    endloop
  endfacet
  facet normal -0.06540312923015723 0.9978589232386026 0
    outer loop
      vertex -77.58857881144205 47.05058934751119 10.399999999999999
      vertex -77.445 47.06 9.2
      vertex -77.58857881144205 47.05058934751119 9.2
    endloop
  endfacet
  facet normal 0.06540312923015723 0.9978589232386026 0
    outer loop
      vertex -77.445 47.06 10.399999999999999
      vertex -77.30142118855794 47.05058934751119 9.2
      vertex -77.445 47.06 9.2
    endloop
  endfacet
  facet normal 0.19509032201613385 0.9807852804032293 0
    outer loop
      vertex -77.30142118855794 47.05058934751119 10.399999999999999
      vertex -77.16029905038722 47.022518408917975 9.2
      vertex -77.30142118855794 47.05058934751119 9.2
    endloop
  endfacet
  facet normal 0.3214394653031757 0.9469301294951008 0
    outer loop
      vertex -77.16029905038722 47.022518408917975 10.399999999999999
      vertex -77.0240482243984 46.97626748576241 9.2
      vertex -77.16029905038722 47.022518408917975 9.2
    endloop
  endfacet
  facet normal 0.44228869021896955 0.8968727415327039 0
    outer loop
      vertex -77.0240482243984 46.97626748576241 10.399999999999999
      vertex -76.895 46.912627944162885 9.2
      vertex -77.0240482243984 46.97626748576241 9.2
    endloop
  endfacet
  facet normal 0.5555702330196156 0.8314696123025364 0
    outer loop
      vertex -76.895 46.912627944162885 10.399999999999999
      vertex -76.7753624280904 46.83268867432036 9.2
      vertex -76.895 46.912627944162885 9.2
    endloop
  endfacet
  facet normal 0.6593458151000653 0.7518398074789807 0
    outer loop
      vertex -76.7753624280904 46.83268867432036 10.399999999999999
      vertex -76.6671825406948 46.737817459305205 9.2
      vertex -76.7753624280904 46.83268867432036 9.2
    endloop
  endfacet
  facet normal 0.7518398074789777 0.6593458151000687 0
    outer loop
      vertex -76.6671825406948 46.737817459305205 10.399999999999999
      vertex -76.57231132567964 46.62963757190959 9.2
      vertex -76.6671825406948 46.737817459305205 9.2
    endloop
  endfacet
  facet normal 0.8314696123025364 0.5555702330196156 0
    outer loop
      vertex -76.57231132567964 46.62963757190959 10.399999999999999
      vertex -76.49237205583711 46.51 9.2
      vertex -76.57231132567964 46.62963757190959 9.2
    endloop
  endfacet
  facet normal 0.8968727415326944 0.44228869021898914 0
    outer loop
      vertex -76.49237205583711 46.51 10.399999999999999
      vertex -76.42873251423758 46.3809517756016 9.2
      vertex -76.49237205583711 46.51 9.2
    endloop
  endfacet
  facet normal 0.9469301294950908 0.32143946530320494 0
    outer loop
      vertex -76.42873251423758 46.3809517756016 10.399999999999999
      vertex -76.38248159108201 46.24470094961277 9.2
      vertex -76.42873251423758 46.3809517756016 9.2
    endloop
  endfacet
  facet normal 0.9807852804032293 0.19509032201613385 0
    outer loop
      vertex -76.38248159108201 46.24470094961277 10.399999999999999
      vertex -76.3544106524888 46.103578811442055 9.2
      vertex -76.38248159108201 46.24470094961277 9.2
    endloop
  endfacet
  facet normal 0.997858923238609 0.06540312923005889 0
    outer loop
      vertex -76.3544106524888 46.103578811442055 10.399999999999999
      vertex -76.345 45.96 9.2
      vertex -76.3544106524888 46.103578811442055 9.2
    endloop
  endfacet
  facet normal 0.997858923238609 -0.06540312923005889 0
    outer loop
      vertex -76.345 45.96 10.399999999999999
      vertex -76.3544106524888 45.816421188557946 9.2
      vertex -76.345 45.96 9.2
    endloop
  endfacet
  facet normal 0.9807852804032293 -0.19509032201613385 0
    outer loop
      vertex -76.3544106524888 45.816421188557946 10.399999999999999
      vertex -76.38248159108201 45.67529905038723 9.2
      vertex -76.3544106524888 45.816421188557946 9.2
    endloop
  endfacet
  facet normal -0.9469301294950908 -0.32143946530320494 0
    outer loop
      vertex -78.4612674857624 45.5390482243984 10.399999999999999
      vertex -78.50751840891797 45.67529905038723 9.2
      vertex -78.4612674857624 45.5390482243984 9.2
    endloop
  endfacet
  facet normal -0.8968727415326944 -0.44228869021898914 0
    outer loop
      vertex -78.39762794416288 45.410000000000004 10.399999999999999
      vertex -78.4612674857624 45.5390482243984 9.2
      vertex -78.39762794416288 45.410000000000004 9.2
    endloop
  endfacet
  facet normal -0.8314696123025364 -0.5555702330196156 0
    outer loop
      vertex -78.31768867432035 45.29036242809041 10.399999999999999
      vertex -78.39762794416288 45.410000000000004 9.2
      vertex -78.31768867432035 45.29036242809041 9.2
    endloop
  endfacet
  facet normal -0.7518398074789777 -0.6593458151000687 0
    outer loop
      vertex -78.22281745930519 45.1821825406948 10.399999999999999
      vertex -78.31768867432035 45.29036242809041 9.2
      vertex -78.22281745930519 45.1821825406948 9.2
    endloop
  endfacet
  facet normal -0.6593458151000653 -0.7518398074789807 0
    outer loop
      vertex -78.11463757190958 45.08731132567964 10.399999999999999
      vertex -78.22281745930519 45.1821825406948 9.2
      vertex -78.11463757190958 45.08731132567964 9.2
    endloop
  endfacet
  facet normal -0.5555702330196156 -0.8314696123025364 0
    outer loop
      vertex -77.99499999999999 45.007372055837116 10.399999999999999
      vertex -78.11463757190958 45.08731132567964 9.2
      vertex -77.99499999999999 45.007372055837116 9.2
    endloop
  endfacet
  facet normal -0.44228869021896955 -0.8968727415327039 0
    outer loop
      vertex -77.86595177560159 44.94373251423759 10.399999999999999
      vertex -77.99499999999999 45.007372055837116 9.2
      vertex -77.86595177560159 44.94373251423759 9.2
    endloop
  endfacet
  facet normal -0.3214394653031757 -0.9469301294951008 0
    outer loop
      vertex -77.72970094961276 44.89748159108203 10.399999999999999
      vertex -77.86595177560159 44.94373251423759 9.2
      vertex -77.72970094961276 44.89748159108203 9.2
    endloop
  endfacet
  facet normal -0.19509032201613385 -0.9807852804032293 0
    outer loop
      vertex -77.58857881144205 44.86941065248881 10.399999999999999
      vertex -77.72970094961276 44.89748159108203 9.2
      vertex -77.58857881144205 44.86941065248881 9.2
    endloop
  endfacet
  facet normal -0.06540312923015723 -0.9978589232386026 0
    outer loop
      vertex -77.445 44.86 10.399999999999999
      vertex -77.58857881144205 44.86941065248881 9.2
      vertex -77.445 44.86 9.2
    endloop
  endfacet
  facet normal 0.06540312923015723 -0.9978589232386026 0
    outer loop
      vertex -77.30142118855794 44.86941065248881 10.399999999999999
      vertex -77.445 44.86 9.2
      vertex -77.30142118855794 44.86941065248881 9.2
    endloop
  endfacet
  facet normal 0.8968727415326944 -0.44228869021898914 0
    outer loop
      vertex -76.42873251423758 45.5390482243984 10.399999999999999
      vertex -76.49237205583711 45.410000000000004 9.2
      vertex -76.42873251423758 45.5390482243984 9.2
    endloop
  endfacet
  facet normal 0.6593458151000653 -0.7518398074789807 0
    outer loop
      vertex -76.6671825406948 45.1821825406948 10.399999999999999
      vertex -76.7753624280904 45.08731132567964 9.2
      vertex -76.6671825406948 45.1821825406948 9.2
    endloop
  endfacet
  facet normal 0.8314696123025364 -0.5555702330196156 0
    outer loop
      vertex -76.49237205583711 45.410000000000004 10.399999999999999
      vertex -76.57231132567964 45.29036242809041 9.2
      vertex -76.49237205583711 45.410000000000004 9.2
    endloop
  endfacet
  facet normal 0.7518398074789777 -0.6593458151000687 0
    outer loop
      vertex -76.57231132567964 45.29036242809041 10.399999999999999
      vertex -76.6671825406948 45.1821825406948 9.2
      vertex -76.57231132567964 45.29036242809041 9.2
    endloop
  endfacet
  facet normal 0.19509032201613385 -0.9807852804032293 0
    outer loop
      vertex -77.16029905038722 44.89748159108203 10.399999999999999
      vertex -77.30142118855794 44.86941065248881 9.2
      vertex -77.16029905038722 44.89748159108203 9.2
    endloop
  endfacet
  facet normal 0.3214394653031757 -0.9469301294951008 0
    outer loop
      vertex -77.0240482243984 44.94373251423759 10.399999999999999
      vertex -77.16029905038722 44.89748159108203 9.2
      vertex -77.0240482243984 44.94373251423759 9.2
    endloop
  endfacet
  facet normal 0.44228869021896955 -0.8968727415327039 0
    outer loop
      vertex -76.895 45.007372055837116 10.399999999999999
      vertex -77.0240482243984 44.94373251423759 9.2
      vertex -76.895 45.007372055837116 9.2
    endloop
  endfacet
  facet normal 0.5555702330196156 -0.8314696123025364 0
    outer loop
      vertex -76.7753624280904 45.08731132567964 10.399999999999999
      vertex -76.895 45.007372055837116 9.2
      vertex -76.7753624280904 45.08731132567964 9.2
    endloop
  endfacet
  facet normal 0.9469301294950908 -0.32143946530320494 0
    outer loop
      vertex -76.38248159108201 45.67529905038723 10.399999999999999
      vertex -76.42873251423758 45.5390482243984 9.2
      vertex -76.38248159108201 45.67529905038723 9.2
    endloop
  endfacet
  facet normal 0.8314696123025541 -0.555570233019589 0
    outer loop
      vertex 90.07464792224191 -59.37500000000001 11.25
      vertex 90.22362565240297 -59.152039070532126 17.45
      vertex 90.07464792224191 -59.37500000000001 17.45
    endloop
  endfacet
  facet normal 0.8968727415327002 -0.4422886902189772 0
    outer loop
      vertex 89.95604695835188 -59.615498963651575 11.25
      vertex 90.07464792224191 -59.37500000000001 17.45
      vertex 89.95604695835188 -59.615498963651575 17.45
    endloop
  endfacet
  facet normal 0.9469301294950977 -0.32143946530318473 0
    outer loop
      vertex 89.86985205610742 -59.86942095753984 11.25
      vertex 89.95604695835188 -59.615498963651575 17.45
      vertex 89.86985205610742 -59.86942095753984 17.45
    endloop
  endfacet
  facet normal 0.9807852804032314 -0.1950903220161232 0
    outer loop
      vertex 89.8175380341837 -60.1324213059489 11.25
      vertex 89.86985205610742 -59.86942095753984 17.45
      vertex 89.8175380341837 -60.1324213059489 17.45
    endloop
  endfacet
  facet normal 0.44228869021898803 -0.8968727415326948 0
    outer loop
      vertex 90.825 -58.624647922241905 11.25
      vertex 91.06549896365158 -58.50604695835187 17.45
      vertex 90.825 -58.624647922241905 17.45
    endloop
  endfacet
  facet normal 0.7518398074789764 -0.6593458151000701 0
    outer loop
      vertex 90.22362565240297 -59.152039070532126 11.25
      vertex 90.40043109856758 -58.950431098567584 17.45
      vertex 90.22362565240297 -59.152039070532126 17.45
    endloop
  endfacet
  facet normal 0.6593458151000569 -0.7518398074789878 0
    outer loop
      vertex 90.40043109856758 -58.950431098567584 11.25
      vertex 90.60203907053213 -58.77362565240298 17.45
      vertex 90.40043109856758 -58.950431098567584 17.45
    endloop
  endfacet
  facet normal 0.5555702330196196 -0.8314696123025337 0
    outer loop
      vertex 90.60203907053213 -58.77362565240298 11.25
      vertex 90.825 -58.624647922241905 17.45
      vertex 90.60203907053213 -58.77362565240298 17.45
    endloop
  endfacet
  facet normal 0.3214394653031529 -0.9469301294951087 0
    outer loop
      vertex 91.06549896365158 -58.50604695835187 11.25
      vertex 91.31942095753985 -58.419852056107416 17.45
      vertex 91.06549896365158 -58.50604695835187 17.45
    endloop
  endfacet
  facet normal 0.19509032201613333 -0.9807852804032295 0
    outer loop
      vertex 91.31942095753985 -58.419852056107416 11.25
      vertex 91.5824213059489 -58.367538034183696 17.45
      vertex 91.31942095753985 -58.419852056107416 17.45
    endloop
  endfacet
  facet normal 0.065403129230136 -0.9978589232386039 0
    outer loop
      vertex 91.5824213059489 -58.367538034183696 11.25
      vertex 91.85000000000001 -58.35000000000001 17.45
      vertex 91.5824213059489 -58.367538034183696 17.45
    endloop
  endfacet
  facet normal 0.9978589232386039 -0.06540312923013772 0
    outer loop
      vertex 89.80000000000001 -60.400000000000006 11.25
      vertex 89.8175380341837 -60.1324213059489 17.45
      vertex 89.80000000000001 -60.400000000000006 17.45
    endloop
  endfacet
  facet normal 0.9978589232386039 0.06540312923013772 0
    outer loop
      vertex 89.8175380341837 -60.66757869405111 11.25
      vertex 89.80000000000001 -60.400000000000006 17.45
      vertex 89.8175380341837 -60.66757869405111 17.45
    endloop
  endfacet
  facet normal 0.9807852804032314 0.1950903220161232 0
    outer loop
      vertex 89.86985205610742 -60.930579042460174 11.25
      vertex 89.8175380341837 -60.66757869405111 17.45
      vertex 89.86985205610742 -60.930579042460174 17.45
    endloop
  endfacet
  facet normal 0.9469301294950977 0.32143946530318473 0
    outer loop
      vertex 89.95604695835188 -61.184501036348436 11.25
      vertex 89.86985205610742 -60.930579042460174 17.45
      vertex 89.95604695835188 -61.184501036348436 17.45
    endloop
  endfacet
  facet normal 0.8968727415327002 0.4422886902189772 0
    outer loop
      vertex 90.07464792224191 -61.425000000000004 11.25
      vertex 89.95604695835188 -61.184501036348436 17.45
      vertex 90.07464792224191 -61.425000000000004 17.45
    endloop
  endfacet
  facet normal 0.8314696123025541 0.555570233019589 0
    outer loop
      vertex 90.22362565240297 -61.647960929467885 11.25
      vertex 90.07464792224191 -61.425000000000004 17.45
      vertex 90.22362565240297 -61.647960929467885 17.45
    endloop
  endfacet
  facet normal 0.7518398074789764 0.6593458151000701 0
    outer loop
      vertex 90.40043109856758 -61.84956890143243 11.25
      vertex 90.22362565240297 -61.647960929467885 17.45
      vertex 90.40043109856758 -61.84956890143243 17.45
    endloop
  endfacet
  facet normal 0.6593458151000569 0.7518398074789878 0
    outer loop
      vertex 90.60203907053213 -62.026374347597034 11.25
      vertex 90.40043109856758 -61.84956890143243 17.45
      vertex 90.60203907053213 -62.026374347597034 17.45
    endloop
  endfacet
  facet normal 0.5555702330196196 0.8314696123025337 0
    outer loop
      vertex 90.825 -62.175352077758106 11.25
      vertex 90.60203907053213 -62.026374347597034 17.45
      vertex 90.825 -62.175352077758106 17.45
    endloop
  endfacet
  facet normal 0.44228869021898803 0.8968727415326948 0
    outer loop
      vertex 91.06549896365158 -62.293953041648145 11.25
      vertex 90.825 -62.175352077758106 17.45
      vertex 91.06549896365158 -62.293953041648145 17.45
    endloop
  endfacet
  facet normal 0.3214394653031529 0.9469301294951087 0
    outer loop
      vertex 91.31942095753985 -62.380147943892595 11.25
      vertex 91.06549896365158 -62.293953041648145 17.45
      vertex 91.31942095753985 -62.380147943892595 17.45
    endloop
  endfacet
  facet normal 0.19509032201613333 0.9807852804032295 0
    outer loop
      vertex 91.5824213059489 -62.432461965816316 11.25
      vertex 91.31942095753985 -62.380147943892595 17.45
      vertex 91.5824213059489 -62.432461965816316 17.45
    endloop
  endfacet
  facet normal -0.065403129230136 -0.9978589232386039 0
    outer loop
      vertex 91.85000000000001 -58.35000000000001 11.25
      vertex 92.11757869405112 -58.367538034183696 17.45
      vertex 91.85000000000001 -58.35000000000001 17.45
    endloop
  endfacet
  facet normal -0.19509032201613333 -0.9807852804032295 0
    outer loop
      vertex 92.11757869405112 -58.367538034183696 11.25
      vertex 92.38057904246017 -58.419852056107416 17.45
      vertex 92.11757869405112 -58.367538034183696 17.45
    endloop
  endfacet
  facet normal -0.3214394653031529 -0.9469301294951087 0
    outer loop
      vertex 92.38057904246017 -58.419852056107416 11.25
      vertex 92.63450103634844 -58.50604695835187 17.45
      vertex 92.38057904246017 -58.419852056107416 17.45
    endloop
  endfacet
  facet normal -0.44228869021898803 -0.8968727415326948 0
    outer loop
      vertex 92.63450103634844 -58.50604695835187 11.25
      vertex 92.87500000000001 -58.624647922241905 17.45
      vertex 92.63450103634844 -58.50604695835187 17.45
    endloop
  endfacet
  facet normal -0.5555702330196196 -0.8314696123025337 0
    outer loop
      vertex 92.87500000000001 -58.624647922241905 11.25
      vertex 93.09796092946789 -58.77362565240298 17.45
      vertex 92.87500000000001 -58.624647922241905 17.45
    endloop
  endfacet
  facet normal -0.6593458151000569 -0.7518398074789878 0
    outer loop
      vertex 93.09796092946789 -58.77362565240298 11.25
      vertex 93.29956890143244 -58.950431098567584 17.45
      vertex 93.09796092946789 -58.77362565240298 17.45
    endloop
  endfacet
  facet normal -0.7518398074789764 -0.6593458151000701 0
    outer loop
      vertex 93.29956890143244 -58.950431098567584 11.25
      vertex 93.47637434759704 -59.152039070532126 17.45
      vertex 93.29956890143244 -58.950431098567584 17.45
    endloop
  endfacet
  facet normal -0.8314696123025541 -0.555570233019589 0
    outer loop
      vertex 93.47637434759704 -59.152039070532126 11.25
      vertex 93.62535207775811 -59.37500000000001 17.45
      vertex 93.47637434759704 -59.152039070532126 17.45
    endloop
  endfacet
  facet normal -0.8968727415327002 -0.4422886902189772 0
    outer loop
      vertex 93.62535207775811 -59.37500000000001 11.25
      vertex 93.74395304164814 -59.615498963651575 17.45
      vertex 93.62535207775811 -59.37500000000001 17.45
    endloop
  endfacet
  facet normal -0.9469301294950977 -0.32143946530318473 0
    outer loop
      vertex 93.74395304164814 -59.615498963651575 11.25
      vertex 93.8301479438926 -59.86942095753984 17.45
      vertex 93.74395304164814 -59.615498963651575 17.45
    endloop
  endfacet
  facet normal -0.9807852804032314 -0.1950903220161232 0
    outer loop
      vertex 93.8301479438926 -59.86942095753984 11.25
      vertex 93.88246196581632 -60.1324213059489 17.45
      vertex 93.8301479438926 -59.86942095753984 17.45
    endloop
  endfacet
  facet normal -0.44228869021898803 0.8968727415326948 0
    outer loop
      vertex 92.87500000000001 -62.175352077758106 11.25
      vertex 92.63450103634844 -62.293953041648145 17.45
      vertex 92.87500000000001 -62.175352077758106 17.45
    endloop
  endfacet
  facet normal -0.6593458151000569 0.7518398074789878 0
    outer loop
      vertex 93.29956890143244 -61.84956890143243 11.25
      vertex 93.09796092946789 -62.026374347597034 17.45
      vertex 93.29956890143244 -61.84956890143243 17.45
    endloop
  endfacet
  facet normal -0.5555702330196196 0.8314696123025337 0
    outer loop
      vertex 93.09796092946789 -62.026374347597034 11.25
      vertex 92.87500000000001 -62.175352077758106 17.45
      vertex 93.09796092946789 -62.026374347597034 17.45
    endloop
  endfacet
  facet normal -0.9978589232386039 -0.06540312923013772 0
    outer loop
      vertex 93.88246196581632 -60.1324213059489 11.25
      vertex 93.9 -60.400000000000006 17.45
      vertex 93.88246196581632 -60.1324213059489 17.45
    endloop
  endfacet
  facet normal -0.9978589232386039 0.06540312923013772 0
    outer loop
      vertex 93.9 -60.400000000000006 11.25
      vertex 93.88246196581632 -60.66757869405111 17.45
      vertex 93.9 -60.400000000000006 17.45
    endloop
  endfacet
  facet normal -0.9807852804032314 0.1950903220161232 0
    outer loop
      vertex 93.88246196581632 -60.66757869405111 11.25
      vertex 93.8301479438926 -60.930579042460174 17.45
      vertex 93.88246196581632 -60.66757869405111 17.45
    endloop
  endfacet
  facet normal -0.9469301294950977 0.32143946530318473 0
    outer loop
      vertex 93.8301479438926 -60.930579042460174 11.25
      vertex 93.74395304164814 -61.184501036348436 17.45
      vertex 93.8301479438926 -60.930579042460174 17.45
    endloop
  endfacet
  facet normal -0.7518398074789764 0.6593458151000701 0
    outer loop
      vertex 93.47637434759704 -61.647960929467885 11.25
      vertex 93.29956890143244 -61.84956890143243 17.45
      vertex 93.47637434759704 -61.647960929467885 17.45
    endloop
  endfacet
  facet normal -0.8314696123025541 0.555570233019589 0
    outer loop
      vertex 93.62535207775811 -61.425000000000004 11.25
      vertex 93.47637434759704 -61.647960929467885 17.45
      vertex 93.62535207775811 -61.425000000000004 17.45
    endloop
  endfacet
  facet normal -0.8968727415327002 0.4422886902189772 0
    outer loop
      vertex 93.74395304164814 -61.184501036348436 11.25
      vertex 93.62535207775811 -61.425000000000004 17.45
      vertex 93.74395304164814 -61.184501036348436 17.45
    endloop
  endfacet
  facet normal 0.065403129230136 0.9978589232386039 0
    outer loop
      vertex 91.85000000000001 -62.45 11.25
      vertex 91.5824213059489 -62.432461965816316 17.45
      vertex 91.85000000000001 -62.45 17.45
    endloop
  endfacet
  facet normal -0.065403129230136 0.9978589232386039 0
    outer loop
      vertex 92.11757869405112 -62.432461965816316 11.25
      vertex 91.85000000000001 -62.45 17.45
      vertex 92.11757869405112 -62.432461965816316 17.45
    endloop
  endfacet
  facet normal -0.19509032201613333 0.9807852804032295 0
    outer loop
      vertex 92.38057904246017 -62.380147943892595 11.25
      vertex 92.11757869405112 -62.432461965816316 17.45
      vertex 92.38057904246017 -62.380147943892595 17.45
    endloop
  endfacet
  facet normal -0.3214394653031529 0.9469301294951087 0
    outer loop
      vertex 92.63450103634844 -62.293953041648145 11.25
      vertex 92.38057904246017 -62.380147943892595 17.45
      vertex 92.63450103634844 -62.293953041648145 17.45
    endloop
  endfacet
  facet normal 0.8314696123025541 -0.555570233019589 0
    outer loop
      vertex 90.22362565240297 -59.152039070532126 11.25
      vertex 90.22362565240297 -59.152039070532126 17.45
      vertex 90.07464792224191 -59.37500000000001 11.25
    endloop
  endfacet
  facet normal 0.8968727415327002 -0.4422886902189772 0
    outer loop
      vertex 90.07464792224191 -59.37500000000001 11.25
      vertex 90.07464792224191 -59.37500000000001 17.45
      vertex 89.95604695835188 -59.615498963651575 11.25
    endloop
  endfacet
  facet normal 0.9469301294950977 -0.32143946530318473 0
    outer loop
      vertex 89.95604695835188 -59.615498963651575 11.25
      vertex 89.95604695835188 -59.615498963651575 17.45
      vertex 89.86985205610742 -59.86942095753984 11.25
    endloop
  endfacet
  facet normal 0.9807852804032314 -0.1950903220161232 0
    outer loop
      vertex 89.86985205610742 -59.86942095753984 11.25
      vertex 89.86985205610742 -59.86942095753984 17.45
      vertex 89.8175380341837 -60.1324213059489 11.25
    endloop
  endfacet
  facet normal 0.6593458151000569 -0.7518398074789878 -1.8732085060031385e-18
    outer loop
      vertex 90.40043109856758 -58.950431098567584 11.25
      vertex 90.60203907053213 -58.77362565240298 11.25
      vertex 90.60203907053213 -58.77362565240298 17.45
    endloop
  endfacet
  facet normal 0.7518398074789764 -0.6593458151000701 -2.076786168883054e-18
    outer loop
      vertex 90.22362565240297 -59.152039070532126 11.25
      vertex 90.40043109856758 -58.950431098567584 11.25
      vertex 90.40043109856758 -58.950431098567584 17.45
    endloop
  endfacet
  facet normal 0.5555702330196196 -0.8314696123025337 -9.574610778669245e-19
    outer loop
      vertex 90.60203907053213 -58.77362565240298 11.25
      vertex 90.825 -58.624647922241905 11.25
      vertex 90.825 -58.624647922241905 17.45
    endloop
  endfacet
  facet normal 0.44228869021898803 -0.8968727415326948 0
    outer loop
      vertex 91.06549896365158 -58.50604695835187 11.25
      vertex 91.06549896365158 -58.50604695835187 17.45
      vertex 90.825 -58.624647922241905 11.25
    endloop
  endfacet
  facet normal 0.3214394653031529 -0.9469301294951087 2.571257907471581e-19
    outer loop
      vertex 91.06549896365158 -58.50604695835187 11.25
      vertex 91.31942095753985 -58.419852056107416 11.25
      vertex 91.31942095753985 -58.419852056107416 17.45
    endloop
  endfacet
  facet normal 0.19509032201613333 -0.9807852804032295 2.6963370948983907e-19
    outer loop
      vertex 91.31942095753985 -58.419852056107416 11.25
      vertex 91.5824213059489 -58.367538034183696 11.25
      vertex 91.5824213059489 -58.367538034183696 17.45
    endloop
  endfacet
  facet normal 0.9978589232386039 -0.06540312923013772 0
    outer loop
      vertex 89.8175380341837 -60.1324213059489 11.25
      vertex 89.8175380341837 -60.1324213059489 17.45
      vertex 89.80000000000001 -60.400000000000006 11.25
    endloop
  endfacet
  facet normal 0.9978589232386039 0.06540312923013772 0
    outer loop
      vertex 89.80000000000001 -60.400000000000006 11.25
      vertex 89.80000000000001 -60.400000000000006 17.45
      vertex 89.8175380341837 -60.66757869405111 11.25
    endloop
  endfacet
  facet normal 0.9807852804032314 0.1950903220161232 0
    outer loop
      vertex 89.8175380341837 -60.66757869405111 11.25
      vertex 89.8175380341837 -60.66757869405111 17.45
      vertex 89.86985205610742 -60.930579042460174 11.25
    endloop
  endfacet
  facet normal 0.9469301294950977 0.32143946530318473 0
    outer loop
      vertex 89.86985205610742 -60.930579042460174 11.25
      vertex 89.86985205610742 -60.930579042460174 17.45
      vertex 89.95604695835188 -61.184501036348436 11.25
    endloop
  endfacet
  facet normal 0.8968727415327002 0.4422886902189772 0
    outer loop
      vertex 89.95604695835188 -61.184501036348436 11.25
      vertex 89.95604695835188 -61.184501036348436 17.45
      vertex 90.07464792224191 -61.425000000000004 11.25
    endloop
  endfacet
  facet normal 0.8314696123025541 0.555570233019589 0
    outer loop
      vertex 90.07464792224191 -61.425000000000004 11.25
      vertex 90.07464792224191 -61.425000000000004 17.45
      vertex 90.22362565240297 -61.647960929467885 11.25
    endloop
  endfacet
  facet normal 0.7518398074789764 0.6593458151000701 0
    outer loop
      vertex 90.22362565240297 -61.647960929467885 11.25
      vertex 90.22362565240297 -61.647960929467885 17.45
      vertex 90.40043109856758 -61.84956890143243 11.25
    endloop
  endfacet
  facet normal 0.6593458151000569 0.7518398074789878 0
    outer loop
      vertex 90.40043109856758 -61.84956890143243 11.25
      vertex 90.40043109856758 -61.84956890143243 17.45
      vertex 90.60203907053213 -62.026374347597034 11.25
    endloop
  endfacet
  facet normal 0.5555702330196196 0.8314696123025337 0
    outer loop
      vertex 90.60203907053213 -62.026374347597034 11.25
      vertex 90.60203907053213 -62.026374347597034 17.45
      vertex 90.825 -62.175352077758106 11.25
    endloop
  endfacet
  facet normal 0.44228869021898803 0.8968727415326948 0
    outer loop
      vertex 90.825 -62.175352077758106 11.25
      vertex 90.825 -62.175352077758106 17.45
      vertex 91.06549896365158 -62.293953041648145 11.25
    endloop
  endfacet
  facet normal 0.3214394653031529 0.9469301294951087 0
    outer loop
      vertex 91.06549896365158 -62.293953041648145 11.25
      vertex 91.06549896365158 -62.293953041648145 17.45
      vertex 91.31942095753985 -62.380147943892595 11.25
    endloop
  endfacet
  facet normal 0.19509032201613333 0.9807852804032295 0
    outer loop
      vertex 91.31942095753985 -62.380147943892595 11.25
      vertex 91.31942095753985 -62.380147943892595 17.45
      vertex 91.5824213059489 -62.432461965816316 11.25
    endloop
  endfacet
  facet normal 0.065403129230136 0.9978589232386039 0
    outer loop
      vertex 91.5824213059489 -62.432461965816316 11.25
      vertex 91.5824213059489 -62.432461965816316 17.45
      vertex 91.85000000000001 -62.45 11.25
    endloop
  endfacet
  facet normal 0.065403129230136 -0.9978589232386039 -2.407096094360382e-19
    outer loop
      vertex 91.5824213059489 -58.367538034183696 11.25
      vertex 91.85000000000001 -58.35000000000001 11.25
      vertex 91.85000000000001 -58.35000000000001 17.45
    endloop
  endfacet
  facet normal -0.065403129230136 -0.9978589232386039 2.407096094360382e-19
    outer loop
      vertex 91.85000000000001 -58.35000000000001 11.25
      vertex 92.11757869405112 -58.367538034183696 11.25
      vertex 92.11757869405112 -58.367538034183696 17.45
    endloop
  endfacet
  facet normal -0.19509032201613333 -0.9807852804032295 -2.6963370948983907e-19
    outer loop
      vertex 92.11757869405112 -58.367538034183696 11.25
      vertex 92.38057904246017 -58.419852056107416 11.25
      vertex 92.38057904246017 -58.419852056107416 17.45
    endloop
  endfacet
  facet normal -0.3214394653031529 -0.9469301294951087 -2.571257907471581e-19
    outer loop
      vertex 92.38057904246017 -58.419852056107416 11.25
      vertex 92.63450103634844 -58.50604695835187 11.25
      vertex 92.63450103634844 -58.50604695835187 17.45
    endloop
  endfacet
  facet normal -0.44228869021898803 -0.8968727415326948 4.438442996167146e-19
    outer loop
      vertex 92.63450103634844 -58.50604695835187 11.25
      vertex 92.87500000000001 -58.624647922241905 11.25
      vertex 92.87500000000001 -58.624647922241905 17.45
    endloop
  endfacet
  facet normal -0.5555702330196196 -0.8314696123025337 9.574610778669245e-19
    outer loop
      vertex 92.87500000000001 -58.624647922241905 11.25
      vertex 93.09796092946789 -58.77362565240298 11.25
      vertex 93.09796092946789 -58.77362565240298 17.45
    endloop
  endfacet
  facet normal -0.6593458151000569 -0.7518398074789878 1.8732085060031385e-18
    outer loop
      vertex 93.09796092946789 -58.77362565240298 11.25
      vertex 93.29956890143244 -58.950431098567584 11.25
      vertex 93.29956890143244 -58.950431098567584 17.45
    endloop
  endfacet
  facet normal -0.7518398074789764 -0.6593458151000701 2.076786168883054e-18
    outer loop
      vertex 93.29956890143244 -58.950431098567584 11.25
      vertex 93.47637434759704 -59.152039070532126 11.25
      vertex 93.47637434759704 -59.152039070532126 17.45
    endloop
  endfacet
  facet normal -0.8314696123025541 -0.555570233019589 -4.9239960248563815e-20
    outer loop
      vertex 93.47637434759704 -59.152039070532126 11.25
      vertex 93.62535207775811 -59.37500000000001 11.25
      vertex 93.62535207775811 -59.37500000000001 17.45
    endloop
  endfacet
  facet normal -0.8968727415327002 -0.4422886902189772 -7.317656112293717e-19
    outer loop
      vertex 93.62535207775811 -59.37500000000001 11.25
      vertex 93.74395304164814 -59.615498963651575 11.25
      vertex 93.74395304164814 -59.615498963651575 17.45
    endloop
  endfacet
  facet normal -0.9469301294950977 -0.32143946530318473 7.756782937947211e-19
    outer loop
      vertex 93.74395304164814 -59.615498963651575 11.25
      vertex 93.8301479438926 -59.86942095753984 11.25
      vertex 93.8301479438926 -59.86942095753984 17.45
    endloop
  endfacet
  facet normal -0.9807852804032314 -0.1950903220161232 1.9315369798279645e-19
    outer loop
      vertex 93.8301479438926 -59.86942095753984 11.25
      vertex 93.88246196581632 -60.1324213059489 11.25
      vertex 93.88246196581632 -60.1324213059489 17.45
    endloop
  endfacet
  facet normal -0.6593458151000569 0.7518398074789878 0
    outer loop
      vertex 93.09796092946789 -62.026374347597034 11.25
      vertex 93.09796092946789 -62.026374347597034 17.45
      vertex 93.29956890143244 -61.84956890143243 11.25
    endloop
  endfacet
  facet normal -0.5555702330196196 0.8314696123025337 0
    outer loop
      vertex 92.87500000000001 -62.175352077758106 11.25
      vertex 92.87500000000001 -62.175352077758106 17.45
      vertex 93.09796092946789 -62.026374347597034 11.25
    endloop
  endfacet
  facet normal -0.9978589232386039 -0.06540312923013772 6.936871523416226e-20
    outer loop
      vertex 93.88246196581632 -60.1324213059489 11.25
      vertex 93.9 -60.400000000000006 11.25
      vertex 93.9 -60.400000000000006 17.45
    endloop
  endfacet
  facet normal -0.9978589232386039 0.06540312923013772 -6.936871523416226e-20
    outer loop
      vertex 93.9 -60.400000000000006 11.25
      vertex 93.88246196581632 -60.66757869405111 11.25
      vertex 93.88246196581632 -60.66757869405111 17.45
    endloop
  endfacet
  facet normal -0.9807852804032314 0.1950903220161232 -1.9315369798279645e-19
    outer loop
      vertex 93.88246196581632 -60.66757869405111 11.25
      vertex 93.8301479438926 -60.930579042460174 11.25
      vertex 93.8301479438926 -60.930579042460174 17.45
    endloop
  endfacet
  facet normal -0.9469301294950977 0.32143946530318473 -7.756782937947211e-19
    outer loop
      vertex 93.8301479438926 -60.930579042460174 11.25
      vertex 93.74395304164814 -61.184501036348436 11.25
      vertex 93.74395304164814 -61.184501036348436 17.45
    endloop
  endfacet
  facet normal -0.8314696123025541 0.555570233019589 4.9239960248563815e-20
    outer loop
      vertex 93.62535207775811 -61.425000000000004 11.25
      vertex 93.47637434759704 -61.647960929467885 11.25
      vertex 93.47637434759704 -61.647960929467885 17.45
    endloop
  endfacet
  facet normal -0.8968727415327002 0.4422886902189772 7.317656112293717e-19
    outer loop
      vertex 93.74395304164814 -61.184501036348436 11.25
      vertex 93.62535207775811 -61.425000000000004 11.25
      vertex 93.62535207775811 -61.425000000000004 17.45
    endloop
  endfacet
  facet normal -0.7518398074789764 0.6593458151000701 -2.076786168883054e-18
    outer loop
      vertex 93.47637434759704 -61.647960929467885 11.25
      vertex 93.29956890143244 -61.84956890143243 11.25
      vertex 93.29956890143244 -61.84956890143243 17.45
    endloop
  endfacet
  facet normal -0.065403129230136 0.9978589232386039 0
    outer loop
      vertex 91.85000000000001 -62.45 11.25
      vertex 91.85000000000001 -62.45 17.45
      vertex 92.11757869405112 -62.432461965816316 11.25
    endloop
  endfacet
  facet normal -0.19509032201613333 0.9807852804032295 0
    outer loop
      vertex 92.11757869405112 -62.432461965816316 11.25
      vertex 92.11757869405112 -62.432461965816316 17.45
      vertex 92.38057904246017 -62.380147943892595 11.25
    endloop
  endfacet
  facet normal -0.3214394653031529 0.9469301294951087 0
    outer loop
      vertex 92.38057904246017 -62.380147943892595 11.25
      vertex 92.38057904246017 -62.380147943892595 17.45
      vertex 92.63450103634844 -62.293953041648145 11.25
    endloop
  endfacet
  facet normal -0.44228869021898803 0.8968727415326948 0
    outer loop
      vertex 92.63450103634844 -62.293953041648145 11.25
      vertex 92.63450103634844 -62.293953041648145 17.45
      vertex 92.87500000000001 -62.175352077758106 11.25
    endloop
  endfacet
  facet normal 0 0 1
    outer loop
      vertex 90.07464792224191 -59.37500000000001 11.25
      vertex 89.95604695835188 -59.615498963651575 11.25
      vertex 89.95604695835188 -61.184501036348436 11.25
    endloop
  endfacet
  facet normal 0 0 1
    outer loop
      vertex 89.95604695835188 -59.615498963651575 11.25
      vertex 89.86985205610742 -59.86942095753984 11.25
      vertex 89.86985205610742 -60.930579042460174 11.25
    endloop
  endfacet
  facet normal 0 0 1
    outer loop
      vertex 90.22362565240297 -59.152039070532126 11.25
      vertex 90.07464792224191 -59.37500000000001 11.25
      vertex 90.07464792224191 -61.425000000000004 11.25
    endloop
  endfacet
  facet normal 0 0 1
    outer loop
      vertex 90.40043109856758 -58.950431098567584 11.25
      vertex 90.40043109856758 -61.84956890143243 11.25
      vertex 90.60203907053213 -58.77362565240298 11.25
    endloop
  endfacet
  facet normal 0 0 1
    outer loop
      vertex 90.22362565240297 -59.152039070532126 11.25
      vertex 90.22362565240297 -61.647960929467885 11.25
      vertex 90.40043109856758 -58.950431098567584 11.25
    endloop
  endfacet
  facet normal 0 0 1
    outer loop
      vertex 90.60203907053213 -58.77362565240298 11.25
      vertex 90.60203907053213 -62.026374347597034 11.25
      vertex 90.825 -58.624647922241905 11.25
    endloop
  endfacet
  facet normal 0 0 1
    outer loop
      vertex 91.06549896365158 -58.50604695835187 11.25
      vertex 90.825 -58.624647922241905 11.25
      vertex 90.825 -62.175352077758106 11.25
    endloop
  endfacet
  facet normal 0 0 1
    outer loop
      vertex 91.06549896365158 -58.50604695835187 11.25
      vertex 91.06549896365158 -62.293953041648145 11.25
      vertex 91.31942095753985 -58.419852056107416 11.25
    endloop
  endfacet
  facet normal 0 0 1
    outer loop
      vertex 91.31942095753985 -58.419852056107416 11.25
      vertex 91.31942095753985 -62.380147943892595 11.25
      vertex 91.5824213059489 -58.367538034183696 11.25
    endloop
  endfacet
  facet normal 0 0 1
    outer loop
      vertex 91.5824213059489 -58.367538034183696 11.25
      vertex 91.5824213059489 -62.432461965816316 11.25
      vertex 91.85000000000001 -58.35000000000001 11.25
    endloop
  endfacet
  facet normal 0 0 1
    outer loop
      vertex 89.8175380341837 -60.1324213059489 11.25
      vertex 89.80000000000001 -60.400000000000006 11.25
      vertex 89.8175380341837 -60.66757869405111 11.25
    endloop
  endfacet
  facet normal 0 0 1
    outer loop
      vertex 89.86985205610742 -59.86942095753984 11.25
      vertex 89.8175380341837 -60.1324213059489 11.25
      vertex 89.8175380341837 -60.66757869405111 11.25
    endloop
  endfacet
  facet normal 0 0 1
    outer loop
      vertex 89.86985205610742 -59.86942095753984 11.25
      vertex 89.8175380341837 -60.66757869405111 11.25
      vertex 89.86985205610742 -60.930579042460174 11.25
    endloop
  endfacet
  facet normal 0 0 1
    outer loop
      vertex 89.95604695835188 -59.615498963651575 11.25
      vertex 89.86985205610742 -60.930579042460174 11.25
      vertex 89.95604695835188 -61.184501036348436 11.25
    endloop
  endfacet
  facet normal 0 0 1
    outer loop
      vertex 90.07464792224191 -59.37500000000001 11.25
      vertex 89.95604695835188 -61.184501036348436 11.25
      vertex 90.07464792224191 -61.425000000000004 11.25
    endloop
  endfacet
  facet normal 0 0 1
    outer loop
      vertex 90.22362565240297 -59.152039070532126 11.25
      vertex 90.07464792224191 -61.425000000000004 11.25
      vertex 90.22362565240297 -61.647960929467885 11.25
    endloop
  endfacet
  facet normal 0 0 1
    outer loop
      vertex 90.40043109856758 -58.950431098567584 11.25
      vertex 90.22362565240297 -61.647960929467885 11.25
      vertex 90.40043109856758 -61.84956890143243 11.25
    endloop
  endfacet
  facet normal 0 0 1
    outer loop
      vertex 90.60203907053213 -58.77362565240298 11.25
      vertex 90.40043109856758 -61.84956890143243 11.25
      vertex 90.60203907053213 -62.026374347597034 11.25
    endloop
  endfacet
  facet normal 0 0 1
    outer loop
      vertex 90.825 -58.624647922241905 11.25
      vertex 90.60203907053213 -62.026374347597034 11.25
      vertex 90.825 -62.175352077758106 11.25
    endloop
  endfacet
  facet normal 0 0 1
    outer loop
      vertex 91.06549896365158 -58.50604695835187 11.25
      vertex 90.825 -62.175352077758106 11.25
      vertex 91.06549896365158 -62.293953041648145 11.25
    endloop
  endfacet
  facet normal 0 0 1
    outer loop
      vertex 91.31942095753985 -58.419852056107416 11.25
      vertex 91.06549896365158 -62.293953041648145 11.25
      vertex 91.31942095753985 -62.380147943892595 11.25
    endloop
  endfacet
  facet normal 0 0 1
    outer loop
      vertex 91.5824213059489 -58.367538034183696 11.25
      vertex 91.31942095753985 -62.380147943892595 11.25
      vertex 91.5824213059489 -62.432461965816316 11.25
    endloop
  endfacet
  facet normal 0 0 1
    outer loop
      vertex 91.85000000000001 -58.35000000000001 11.25
      vertex 91.85000000000001 -62.45 11.25
      vertex 92.11757869405112 -58.367538034183696 11.25
    endloop
  endfacet
  facet normal 0 0 1
    outer loop
      vertex 92.11757869405112 -58.367538034183696 11.25
      vertex 92.11757869405112 -62.432461965816316 11.25
      vertex 92.38057904246017 -58.419852056107416 11.25
    endloop
  endfacet
  facet normal 0 0 1
    outer loop
      vertex 92.38057904246017 -58.419852056107416 11.25
      vertex 92.38057904246017 -62.380147943892595 11.25
      vertex 92.63450103634844 -58.50604695835187 11.25
    endloop
  endfacet
  facet normal 0 0 1
    outer loop
      vertex 92.63450103634844 -58.50604695835187 11.25
      vertex 92.63450103634844 -62.293953041648145 11.25
      vertex 92.87500000000001 -58.624647922241905 11.25
    endloop
  endfacet
  facet normal 0 0 1
    outer loop
      vertex 92.87500000000001 -58.624647922241905 11.25
      vertex 92.87500000000001 -62.175352077758106 11.25
      vertex 93.09796092946789 -58.77362565240298 11.25
    endloop
  endfacet
  facet normal 0 0 1
    outer loop
      vertex 93.09796092946789 -58.77362565240298 11.25
      vertex 93.09796092946789 -62.026374347597034 11.25
      vertex 93.29956890143244 -58.950431098567584 11.25
    endloop
  endfacet
  facet normal 0 0 1
    outer loop
      vertex 93.29956890143244 -58.950431098567584 11.25
      vertex 93.29956890143244 -61.84956890143243 11.25
      vertex 93.47637434759704 -59.152039070532126 11.25
    endloop
  endfacet
  facet normal 0 0 1
    outer loop
      vertex 93.47637434759704 -59.152039070532126 11.25
      vertex 93.47637434759704 -61.647960929467885 11.25
      vertex 93.62535207775811 -59.37500000000001 11.25
    endloop
  endfacet
  facet normal 0 0 1
    outer loop
      vertex 93.62535207775811 -59.37500000000001 11.25
      vertex 93.62535207775811 -61.425000000000004 11.25
      vertex 93.74395304164814 -59.615498963651575 11.25
    endloop
  endfacet
  facet normal 0 0 1
    outer loop
      vertex 91.85000000000001 -58.35000000000001 11.25
      vertex 91.5824213059489 -62.432461965816316 11.25
      vertex 91.85000000000001 -62.45 11.25
    endloop
  endfacet
  facet normal 0 0 1
    outer loop
      vertex 92.11757869405112 -58.367538034183696 11.25
      vertex 91.85000000000001 -62.45 11.25
      vertex 92.11757869405112 -62.432461965816316 11.25
    endloop
  endfacet
  facet normal 0 0 1
    outer loop
      vertex 92.38057904246017 -58.419852056107416 11.25
      vertex 92.11757869405112 -62.432461965816316 11.25
      vertex 92.38057904246017 -62.380147943892595 11.25
    endloop
  endfacet
  facet normal 0 0 1
    outer loop
      vertex 92.63450103634844 -58.50604695835187 11.25
      vertex 92.38057904246017 -62.380147943892595 11.25
      vertex 92.63450103634844 -62.293953041648145 11.25
    endloop
  endfacet
  facet normal 0 0 1
    outer loop
      vertex 92.87500000000001 -58.624647922241905 11.25
      vertex 92.63450103634844 -62.293953041648145 11.25
      vertex 92.87500000000001 -62.175352077758106 11.25
    endloop
  endfacet
  facet normal 0 0 1
    outer loop
      vertex 93.29956890143244 -58.950431098567584 11.25
      vertex 93.09796092946789 -62.026374347597034 11.25
      vertex 93.29956890143244 -61.84956890143243 11.25
    endloop
  endfacet
  facet normal 0 0 1
    outer loop
      vertex 93.09796092946789 -58.77362565240298 11.25
      vertex 92.87500000000001 -62.175352077758106 11.25
      vertex 93.09796092946789 -62.026374347597034 11.25
    endloop
  endfacet
  facet normal 0 0 1
    outer loop
      vertex 93.74395304164814 -59.615498963651575 11.25
      vertex 93.74395304164814 -61.184501036348436 11.25
      vertex 93.8301479438926 -59.86942095753984 11.25
    endloop
  endfacet
  facet normal 0 0 1
    outer loop
      vertex 93.8301479438926 -59.86942095753984 11.25
      vertex 93.8301479438926 -60.930579042460174 11.25
      vertex 93.88246196581632 -60.1324213059489 11.25
    endloop
  endfacet
  facet normal 0 0 1
    outer loop
      vertex 93.88246196581632 -60.1324213059489 11.25
      vertex 93.88246196581632 -60.66757869405111 11.25
      vertex 93.9 -60.400000000000006 11.25
    endloop
  endfacet
  facet normal 0 0 1
    outer loop
      vertex 93.8301479438926 -59.86942095753984 11.25
      vertex 93.74395304164814 -61.184501036348436 11.25
      vertex 93.8301479438926 -60.930579042460174 11.25
    endloop
  endfacet
  facet normal 0 0 1
    outer loop
      vertex 93.88246196581632 -60.1324213059489 11.25
      vertex 93.8301479438926 -60.930579042460174 11.25
      vertex 93.88246196581632 -60.66757869405111 11.25
    endloop
  endfacet
  facet normal 0 0 1
    outer loop
      vertex 93.47637434759704 -59.152039070532126 11.25
      vertex 93.29956890143244 -61.84956890143243 11.25
      vertex 93.47637434759704 -61.647960929467885 11.25
    endloop
  endfacet
  facet normal 0 0 1
    outer loop
      vertex 93.62535207775811 -59.37500000000001 11.25
      vertex 93.47637434759704 -61.647960929467885 11.25
      vertex 93.62535207775811 -61.425000000000004 11.25
    endloop
  endfacet
  facet normal 0 0 1
    outer loop
      vertex 93.74395304164814 -59.615498963651575 11.25
      vertex 93.62535207775811 -61.425000000000004 11.25
      vertex 93.74395304164814 -61.184501036348436 11.25
    endloop
  endfacet
  facet normal 0.7518398074789764 -0.6593458151000701 0
    outer loop
      vertex -93.47637434759704 -59.152039070532126 11.25
      vertex -93.29956890143244 -58.950431098567584 17.45
      vertex -93.47637434759704 -59.152039070532126 17.45
    endloop
  endfacet
  facet normal 0.8968727415327002 -0.4422886902189772 0
    outer loop
      vertex -93.74395304164814 -59.615498963651575 11.25
      vertex -93.62535207775811 -59.37500000000001 17.45
      vertex -93.74395304164814 -59.615498963651575 17.45
    endloop
  endfacet
  facet normal 0.8314696123025541 -0.555570233019589 0
    outer loop
      vertex -93.62535207775811 -59.37500000000001 11.25
      vertex -93.47637434759704 -59.152039070532126 17.45
      vertex -93.62535207775811 -59.37500000000001 17.45
    endloop
  endfacet
  facet normal 0.9469301294950977 -0.32143946530318473 0
    outer loop
      vertex -93.8301479438926 -59.86942095753984 11.25
      vertex -93.74395304164814 -59.615498963651575 17.45
      vertex -93.8301479438926 -59.86942095753984 17.45
    endloop
  endfacet
  facet normal 0.9807852804032314 -0.1950903220161232 0
    outer loop
      vertex -93.88246196581632 -60.1324213059489 11.25
      vertex -93.8301479438926 -59.86942095753984 17.45
      vertex -93.88246196581632 -60.1324213059489 17.45
    endloop
  endfacet
  facet normal 0.44228869021898803 -0.8968727415326948 0
    outer loop
      vertex -92.87500000000001 -58.624647922241905 11.25
      vertex -92.63450103634844 -58.50604695835187 17.45
      vertex -92.87500000000001 -58.624647922241905 17.45
    endloop
  endfacet
  facet normal 0.3214394653031529 -0.9469301294951087 0
    outer loop
      vertex -92.63450103634844 -58.50604695835187 11.25
      vertex -92.38057904246017 -58.419852056107416 17.45
      vertex -92.63450103634844 -58.50604695835187 17.45
    endloop
  endfacet
  facet normal 0.5555702330196196 -0.8314696123025337 0
    outer loop
      vertex -93.09796092946789 -58.77362565240298 11.25
      vertex -92.87500000000001 -58.624647922241905 17.45
      vertex -93.09796092946789 -58.77362565240298 17.45
    endloop
  endfacet
  facet normal 0.6593458151000569 -0.7518398074789878 0
    outer loop
      vertex -93.29956890143244 -58.950431098567584 11.25
      vertex -93.09796092946789 -58.77362565240298 17.45
      vertex -93.29956890143244 -58.950431098567584 17.45
    endloop
  endfacet
  facet normal 0.19509032201613333 -0.9807852804032295 0
    outer loop
      vertex -92.38057904246017 -58.419852056107416 11.25
      vertex -92.11757869405112 -58.367538034183696 17.45
      vertex -92.38057904246017 -58.419852056107416 17.45
    endloop
  endfacet
  facet normal -0.065403129230136 -0.9978589232386039 0
    outer loop
      vertex -91.85000000000001 -58.35000000000001 11.25
      vertex -91.5824213059489 -58.367538034183696 17.45
      vertex -91.85000000000001 -58.35000000000001 17.45
    endloop
  endfacet
  facet normal 0.065403129230136 -0.9978589232386039 0
    outer loop
      vertex -92.11757869405112 -58.367538034183696 11.25
      vertex -91.85000000000001 -58.35000000000001 17.45
      vertex -92.11757869405112 -58.367538034183696 17.45
    endloop
  endfacet
  facet normal 0.9978589232386039 -0.06540312923013772 0
    outer loop
      vertex -93.9 -60.400000000000006 11.25
      vertex -93.88246196581632 -60.1324213059489 17.45
      vertex -93.9 -60.400000000000006 17.45
    endloop
  endfacet
  facet normal 0.9978589232386039 0.06540312923013772 0
    outer loop
      vertex -93.88246196581632 -60.66757869405111 11.25
      vertex -93.9 -60.400000000000006 17.45
      vertex -93.88246196581632 -60.66757869405111 17.45
    endloop
  endfacet
  facet normal 0.9807852804032314 0.1950903220161232 0
    outer loop
      vertex -93.8301479438926 -60.930579042460174 11.25
      vertex -93.88246196581632 -60.66757869405111 17.45
      vertex -93.8301479438926 -60.930579042460174 17.45
    endloop
  endfacet
  facet normal 0.9469301294950977 0.32143946530318473 0
    outer loop
      vertex -93.74395304164814 -61.184501036348436 11.25
      vertex -93.8301479438926 -60.930579042460174 17.45
      vertex -93.74395304164814 -61.184501036348436 17.45
    endloop
  endfacet
  facet normal 0.8968727415327002 0.4422886902189772 0
    outer loop
      vertex -93.62535207775811 -61.425000000000004 11.25
      vertex -93.74395304164814 -61.184501036348436 17.45
      vertex -93.62535207775811 -61.425000000000004 17.45
    endloop
  endfacet
  facet normal 0.8314696123025541 0.555570233019589 0
    outer loop
      vertex -93.47637434759704 -61.647960929467885 11.25
      vertex -93.62535207775811 -61.425000000000004 17.45
      vertex -93.47637434759704 -61.647960929467885 17.45
    endloop
  endfacet
  facet normal 0.7518398074789764 0.6593458151000701 0
    outer loop
      vertex -93.29956890143244 -61.84956890143243 11.25
      vertex -93.47637434759704 -61.647960929467885 17.45
      vertex -93.29956890143244 -61.84956890143243 17.45
    endloop
  endfacet
  facet normal 0.6593458151000569 0.7518398074789878 0
    outer loop
      vertex -93.09796092946789 -62.026374347597034 11.25
      vertex -93.29956890143244 -61.84956890143243 17.45
      vertex -93.09796092946789 -62.026374347597034 17.45
    endloop
  endfacet
  facet normal 0.5555702330196196 0.8314696123025337 0
    outer loop
      vertex -92.87500000000001 -62.175352077758106 11.25
      vertex -93.09796092946789 -62.026374347597034 17.45
      vertex -92.87500000000001 -62.175352077758106 17.45
    endloop
  endfacet
  facet normal 0.44228869021898803 0.8968727415326948 0
    outer loop
      vertex -92.63450103634844 -62.293953041648145 11.25
      vertex -92.87500000000001 -62.175352077758106 17.45
      vertex -92.63450103634844 -62.293953041648145 17.45
    endloop
  endfacet
  facet normal 0.3214394653031529 0.9469301294951087 0
    outer loop
      vertex -92.38057904246017 -62.380147943892595 11.25
      vertex -92.63450103634844 -62.293953041648145 17.45
      vertex -92.38057904246017 -62.380147943892595 17.45
    endloop
  endfacet
  facet normal 0.19509032201613333 0.9807852804032295 0
    outer loop
      vertex -92.11757869405112 -62.432461965816316 11.25
      vertex -92.38057904246017 -62.380147943892595 17.45
      vertex -92.11757869405112 -62.432461965816316 17.45
    endloop
  endfacet
  facet normal 0.065403129230136 0.9978589232386039 0
    outer loop
      vertex -91.85000000000001 -62.45 11.25
      vertex -92.11757869405112 -62.432461965816316 17.45
      vertex -91.85000000000001 -62.45 17.45
    endloop
  endfacet
  facet normal -0.19509032201613333 -0.9807852804032295 0
    outer loop
      vertex -91.5824213059489 -58.367538034183696 11.25
      vertex -91.31942095753985 -58.419852056107416 17.45
      vertex -91.5824213059489 -58.367538034183696 17.45
    endloop
  endfacet
  facet normal -0.3214394653031529 -0.9469301294951087 0
    outer loop
      vertex -91.31942095753985 -58.419852056107416 11.25
      vertex -91.06549896365158 -58.50604695835187 17.45
      vertex -91.31942095753985 -58.419852056107416 17.45
    endloop
  endfacet
  facet normal -0.44228869021898803 -0.8968727415326948 0
    outer loop
      vertex -91.06549896365158 -58.50604695835187 11.25
      vertex -90.825 -58.624647922241905 17.45
      vertex -91.06549896365158 -58.50604695835187 17.45
    endloop
  endfacet
  facet normal -0.5555702330196196 -0.8314696123025337 0
    outer loop
      vertex -90.825 -58.624647922241905 11.25
      vertex -90.60203907053213 -58.77362565240298 17.45
      vertex -90.825 -58.624647922241905 17.45
    endloop
  endfacet
  facet normal -0.6593458151000569 -0.7518398074789878 0
    outer loop
      vertex -90.60203907053213 -58.77362565240298 11.25
      vertex -90.40043109856758 -58.950431098567584 17.45
      vertex -90.60203907053213 -58.77362565240298 17.45
    endloop
  endfacet
  facet normal -0.7518398074789764 -0.6593458151000701 0
    outer loop
      vertex -90.40043109856758 -58.950431098567584 11.25
      vertex -90.22362565240297 -59.152039070532126 17.45
      vertex -90.40043109856758 -58.950431098567584 17.45
    endloop
  endfacet
  facet normal -0.8314696123025541 -0.555570233019589 0
    outer loop
      vertex -90.22362565240297 -59.152039070532126 11.25
      vertex -90.07464792224191 -59.37500000000001 17.45
      vertex -90.22362565240297 -59.152039070532126 17.45
    endloop
  endfacet
  facet normal -0.8968727415327002 -0.4422886902189772 0
    outer loop
      vertex -90.07464792224191 -59.37500000000001 11.25
      vertex -89.95604695835188 -59.615498963651575 17.45
      vertex -90.07464792224191 -59.37500000000001 17.45
    endloop
  endfacet
  facet normal -0.9469301294950977 -0.32143946530318473 0
    outer loop
      vertex -89.95604695835188 -59.615498963651575 11.25
      vertex -89.86985205610742 -59.86942095753984 17.45
      vertex -89.95604695835188 -59.615498963651575 17.45
    endloop
  endfacet
  facet normal -0.9807852804032314 -0.1950903220161232 0
    outer loop
      vertex -89.86985205610742 -59.86942095753984 11.25
      vertex -89.8175380341837 -60.1324213059489 17.45
      vertex -89.86985205610742 -59.86942095753984 17.45
    endloop
  endfacet
  facet normal -0.7518398074789764 0.6593458151000701 0
    outer loop
      vertex -90.22362565240297 -61.647960929467885 11.25
      vertex -90.40043109856758 -61.84956890143243 17.45
      vertex -90.22362565240297 -61.647960929467885 17.45
    endloop
  endfacet
  facet normal -0.44228869021898803 0.8968727415326948 0
    outer loop
      vertex -90.825 -62.175352077758106 11.25
      vertex -91.06549896365158 -62.293953041648145 17.45
      vertex -90.825 -62.175352077758106 17.45
    endloop
  endfacet
  facet normal -0.5555702330196196 0.8314696123025337 0
    outer loop
      vertex -90.60203907053213 -62.026374347597034 11.25
      vertex -90.825 -62.175352077758106 17.45
      vertex -90.60203907053213 -62.026374347597034 17.45
    endloop
  endfacet
  facet normal -0.6593458151000569 0.7518398074789878 0
    outer loop
      vertex -90.40043109856758 -61.84956890143243 11.25
      vertex -90.60203907053213 -62.026374347597034 17.45
      vertex -90.40043109856758 -61.84956890143243 17.45
    endloop
  endfacet
  facet normal -0.9978589232386039 -0.06540312923013772 0
    outer loop
      vertex -89.8175380341837 -60.1324213059489 11.25
      vertex -89.80000000000001 -60.400000000000006 17.45
      vertex -89.8175380341837 -60.1324213059489 17.45
    endloop
  endfacet
  facet normal -0.9978589232386039 0.06540312923013772 0
    outer loop
      vertex -89.80000000000001 -60.400000000000006 11.25
      vertex -89.8175380341837 -60.66757869405111 17.45
      vertex -89.80000000000001 -60.400000000000006 17.45
    endloop
  endfacet
  facet normal -0.9807852804032314 0.1950903220161232 0
    outer loop
      vertex -89.8175380341837 -60.66757869405111 11.25
      vertex -89.86985205610742 -60.930579042460174 17.45
      vertex -89.8175380341837 -60.66757869405111 17.45
    endloop
  endfacet
  facet normal -0.9469301294950977 0.32143946530318473 0
    outer loop
      vertex -89.86985205610742 -60.930579042460174 11.25
      vertex -89.95604695835188 -61.184501036348436 17.45
      vertex -89.86985205610742 -60.930579042460174 17.45
    endloop
  endfacet
  facet normal -0.8968727415327002 0.4422886902189772 0
    outer loop
      vertex -89.95604695835188 -61.184501036348436 11.25
      vertex -90.07464792224191 -61.425000000000004 17.45
      vertex -89.95604695835188 -61.184501036348436 17.45
    endloop
  endfacet
  facet normal -0.8314696123025541 0.555570233019589 0
    outer loop
      vertex -90.07464792224191 -61.425000000000004 11.25
      vertex -90.22362565240297 -61.647960929467885 17.45
      vertex -90.07464792224191 -61.425000000000004 17.45
    endloop
  endfacet
  facet normal -0.065403129230136 0.9978589232386039 0
    outer loop
      vertex -91.5824213059489 -62.432461965816316 11.25
      vertex -91.85000000000001 -62.45 17.45
      vertex -91.5824213059489 -62.432461965816316 17.45
    endloop
  endfacet
  facet normal -0.19509032201613333 0.9807852804032295 0
    outer loop
      vertex -91.31942095753985 -62.380147943892595 11.25
      vertex -91.5824213059489 -62.432461965816316 17.45
      vertex -91.31942095753985 -62.380147943892595 17.45
    endloop
  endfacet
  facet normal -0.3214394653031529 0.9469301294951087 0
    outer loop
      vertex -91.06549896365158 -62.293953041648145 11.25
      vertex -91.31942095753985 -62.380147943892595 17.45
      vertex -91.06549896365158 -62.293953041648145 17.45
    endloop
  endfacet
  facet normal 0.7518398074789764 -0.6593458151000701 0
    outer loop
      vertex -93.29956890143244 -58.950431098567584 11.25
      vertex -93.29956890143244 -58.950431098567584 17.45
      vertex -93.47637434759704 -59.152039070532126 11.25
    endloop
  endfacet
  facet normal 0.8968727415327002 -0.4422886902189772 0
    outer loop
      vertex -93.62535207775811 -59.37500000000001 11.25
      vertex -93.62535207775811 -59.37500000000001 17.45
      vertex -93.74395304164814 -59.615498963651575 11.25
    endloop
  endfacet
  facet normal 0.8314696123025541 -0.555570233019589 4.9239960248563815e-20
    outer loop
      vertex -93.62535207775811 -59.37500000000001 11.25
      vertex -93.47637434759704 -59.152039070532126 11.25
      vertex -93.47637434759704 -59.152039070532126 17.45
    endloop
  endfacet
  facet normal 0.9469301294950977 -0.32143946530318473 0
    outer loop
      vertex -93.74395304164814 -59.615498963651575 11.25
      vertex -93.74395304164814 -59.615498963651575 17.45
      vertex -93.8301479438926 -59.86942095753984 11.25
    endloop
  endfacet
  facet normal 0.9807852804032314 -0.1950903220161232 0
    outer loop
      vertex -93.8301479438926 -59.86942095753984 11.25
      vertex -93.8301479438926 -59.86942095753984 17.45
      vertex -93.88246196581632 -60.1324213059489 11.25
    endloop
  endfacet
  facet normal 0.44228869021898803 -0.8968727415326948 0
    outer loop
      vertex -92.63450103634844 -58.50604695835187 11.25
      vertex -92.63450103634844 -58.50604695835187 17.45
      vertex -92.87500000000001 -58.624647922241905 11.25
    endloop
  endfacet
  facet normal 0.6593458151000569 -0.7518398074789878 -1.8732085060031385e-18
    outer loop
      vertex -93.29956890143244 -58.950431098567584 11.25
      vertex -93.09796092946789 -58.77362565240298 11.25
      vertex -93.09796092946789 -58.77362565240298 17.45
    endloop
  endfacet
  facet normal 0.5555702330196196 -0.8314696123025337 -9.574610778669245e-19
    outer loop
      vertex -93.09796092946789 -58.77362565240298 11.25
      vertex -92.87500000000001 -58.624647922241905 11.25
      vertex -92.87500000000001 -58.624647922241905 17.45
    endloop
  endfacet
  facet normal 0.3214394653031529 -0.9469301294951087 2.571257907471581e-19
    outer loop
      vertex -92.63450103634844 -58.50604695835187 11.25
      vertex -92.38057904246017 -58.419852056107416 11.25
      vertex -92.38057904246017 -58.419852056107416 17.45
    endloop
  endfacet
  facet normal 0.19509032201613333 -0.9807852804032295 2.6963370948983907e-19
    outer loop
      vertex -92.38057904246017 -58.419852056107416 11.25
      vertex -92.11757869405112 -58.367538034183696 11.25
      vertex -92.11757869405112 -58.367538034183696 17.45
    endloop
  endfacet
  facet normal 0.065403129230136 -0.9978589232386039 -2.407096094360382e-19
    outer loop
      vertex -92.11757869405112 -58.367538034183696 11.25
      vertex -91.85000000000001 -58.35000000000001 11.25
      vertex -91.85000000000001 -58.35000000000001 17.45
    endloop
  endfacet
  facet normal 0.9978589232386039 -0.06540312923013772 0
    outer loop
      vertex -93.88246196581632 -60.1324213059489 11.25
      vertex -93.88246196581632 -60.1324213059489 17.45
      vertex -93.9 -60.400000000000006 11.25
    endloop
  endfacet
  facet normal 0.9978589232386039 0.06540312923013772 0
    outer loop
      vertex -93.9 -60.400000000000006 11.25
      vertex -93.9 -60.400000000000006 17.45
      vertex -93.88246196581632 -60.66757869405111 11.25
    endloop
  endfacet
  facet normal 0.9807852804032314 0.1950903220161232 0
    outer loop
      vertex -93.88246196581632 -60.66757869405111 11.25
      vertex -93.88246196581632 -60.66757869405111 17.45
      vertex -93.8301479438926 -60.930579042460174 11.25
    endloop
  endfacet
  facet normal 0.9469301294950977 0.32143946530318473 0
    outer loop
      vertex -93.8301479438926 -60.930579042460174 11.25
      vertex -93.8301479438926 -60.930579042460174 17.45
      vertex -93.74395304164814 -61.184501036348436 11.25
    endloop
  endfacet
  facet normal 0.8968727415327002 0.4422886902189772 0
    outer loop
      vertex -93.74395304164814 -61.184501036348436 11.25
      vertex -93.74395304164814 -61.184501036348436 17.45
      vertex -93.62535207775811 -61.425000000000004 11.25
    endloop
  endfacet
  facet normal 0.8314696123025541 0.555570233019589 0
    outer loop
      vertex -93.62535207775811 -61.425000000000004 11.25
      vertex -93.62535207775811 -61.425000000000004 17.45
      vertex -93.47637434759704 -61.647960929467885 11.25
    endloop
  endfacet
  facet normal 0.7518398074789764 0.6593458151000701 0
    outer loop
      vertex -93.47637434759704 -61.647960929467885 11.25
      vertex -93.47637434759704 -61.647960929467885 17.45
      vertex -93.29956890143244 -61.84956890143243 11.25
    endloop
  endfacet
  facet normal 0.6593458151000569 0.7518398074789878 0
    outer loop
      vertex -93.29956890143244 -61.84956890143243 11.25
      vertex -93.29956890143244 -61.84956890143243 17.45
      vertex -93.09796092946789 -62.026374347597034 11.25
    endloop
  endfacet
  facet normal 0.5555702330196196 0.8314696123025337 0
    outer loop
      vertex -93.09796092946789 -62.026374347597034 11.25
      vertex -93.09796092946789 -62.026374347597034 17.45
      vertex -92.87500000000001 -62.175352077758106 11.25
    endloop
  endfacet
  facet normal 0.44228869021898803 0.8968727415326948 0
    outer loop
      vertex -92.87500000000001 -62.175352077758106 11.25
      vertex -92.87500000000001 -62.175352077758106 17.45
      vertex -92.63450103634844 -62.293953041648145 11.25
    endloop
  endfacet
  facet normal 0.3214394653031529 0.9469301294951087 0
    outer loop
      vertex -92.63450103634844 -62.293953041648145 11.25
      vertex -92.63450103634844 -62.293953041648145 17.45
      vertex -92.38057904246017 -62.380147943892595 11.25
    endloop
  endfacet
  facet normal 0.19509032201613333 0.9807852804032295 0
    outer loop
      vertex -92.38057904246017 -62.380147943892595 11.25
      vertex -92.38057904246017 -62.380147943892595 17.45
      vertex -92.11757869405112 -62.432461965816316 11.25
    endloop
  endfacet
  facet normal 0.065403129230136 0.9978589232386039 0
    outer loop
      vertex -92.11757869405112 -62.432461965816316 11.25
      vertex -92.11757869405112 -62.432461965816316 17.45
      vertex -91.85000000000001 -62.45 11.25
    endloop
  endfacet
  facet normal -0.065403129230136 0.9978589232386039 0
    outer loop
      vertex -91.85000000000001 -62.45 11.25
      vertex -91.85000000000001 -62.45 17.45
      vertex -91.5824213059489 -62.432461965816316 11.25
    endloop
  endfacet
  facet normal -0.065403129230136 -0.9978589232386039 2.407096094360382e-19
    outer loop
      vertex -91.85000000000001 -58.35000000000001 11.25
      vertex -91.5824213059489 -58.367538034183696 11.25
      vertex -91.5824213059489 -58.367538034183696 17.45
    endloop
  endfacet
  facet normal -0.19509032201613333 -0.9807852804032295 -2.6963370948983907e-19
    outer loop
      vertex -91.5824213059489 -58.367538034183696 11.25
      vertex -91.31942095753985 -58.419852056107416 11.25
      vertex -91.31942095753985 -58.419852056107416 17.45
    endloop
  endfacet
  facet normal -0.3214394653031529 -0.9469301294951087 -2.571257907471581e-19
    outer loop
      vertex -91.31942095753985 -58.419852056107416 11.25
      vertex -91.06549896365158 -58.50604695835187 11.25
      vertex -91.06549896365158 -58.50604695835187 17.45
    endloop
  endfacet
  facet normal -0.44228869021898803 -0.8968727415326948 4.438442996167146e-19
    outer loop
      vertex -91.06549896365158 -58.50604695835187 11.25
      vertex -90.825 -58.624647922241905 11.25
      vertex -90.825 -58.624647922241905 17.45
    endloop
  endfacet
  facet normal -0.5555702330196196 -0.8314696123025337 9.574610778669245e-19
    outer loop
      vertex -90.825 -58.624647922241905 11.25
      vertex -90.60203907053213 -58.77362565240298 11.25
      vertex -90.60203907053213 -58.77362565240298 17.45
    endloop
  endfacet
  facet normal -0.6593458151000569 -0.7518398074789878 1.8732085060031385e-18
    outer loop
      vertex -90.60203907053213 -58.77362565240298 11.25
      vertex -90.40043109856758 -58.950431098567584 11.25
      vertex -90.40043109856758 -58.950431098567584 17.45
    endloop
  endfacet
  facet normal -0.7518398074789764 -0.6593458151000701 2.076786168883054e-18
    outer loop
      vertex -90.40043109856758 -58.950431098567584 11.25
      vertex -90.22362565240297 -59.152039070532126 11.25
      vertex -90.22362565240297 -59.152039070532126 17.45
    endloop
  endfacet
  facet normal -0.8314696123025541 -0.555570233019589 -4.9239960248563815e-20
    outer loop
      vertex -90.22362565240297 -59.152039070532126 11.25
      vertex -90.07464792224191 -59.37500000000001 11.25
      vertex -90.07464792224191 -59.37500000000001 17.45
    endloop
  endfacet
  facet normal -0.8968727415327002 -0.4422886902189772 -7.317656112293717e-19
    outer loop
      vertex -90.07464792224191 -59.37500000000001 11.25
      vertex -89.95604695835188 -59.615498963651575 11.25
      vertex -89.95604695835188 -59.615498963651575 17.45
    endloop
  endfacet
  facet normal -0.9469301294950977 -0.32143946530318473 7.756782937947211e-19
    outer loop
      vertex -89.95604695835188 -59.615498963651575 11.25
      vertex -89.86985205610742 -59.86942095753984 11.25
      vertex -89.86985205610742 -59.86942095753984 17.45
    endloop
  endfacet
  facet normal -0.9807852804032314 -0.1950903220161232 1.9315369798279645e-19
    outer loop
      vertex -89.86985205610742 -59.86942095753984 11.25
      vertex -89.8175380341837 -60.1324213059489 11.25
      vertex -89.8175380341837 -60.1324213059489 17.45
    endloop
  endfacet
  facet normal -0.5555702330196196 0.8314696123025337 0
    outer loop
      vertex -90.825 -62.175352077758106 11.25
      vertex -90.825 -62.175352077758106 17.45
      vertex -90.60203907053213 -62.026374347597034 11.25
    endloop
  endfacet
  facet normal -0.6593458151000569 0.7518398074789878 -1.8732085060031385e-18
    outer loop
      vertex -90.40043109856758 -61.84956890143243 11.25
      vertex -90.60203907053213 -62.026374347597034 11.25
      vertex -90.60203907053213 -62.026374347597034 17.45
    endloop
  endfacet
  facet normal -0.7518398074789764 0.6593458151000701 0
    outer loop
      vertex -90.40043109856758 -61.84956890143243 11.25
      vertex -90.40043109856758 -61.84956890143243 17.45
      vertex -90.22362565240297 -61.647960929467885 11.25
    endloop
  endfacet
  facet normal -0.9978589232386039 -0.06540312923013772 6.936871523416226e-20
    outer loop
      vertex -89.8175380341837 -60.1324213059489 11.25
      vertex -89.80000000000001 -60.400000000000006 11.25
      vertex -89.80000000000001 -60.400000000000006 17.45
    endloop
  endfacet
  facet normal -0.9978589232386039 0.06540312923013772 -6.936871523416226e-20
    outer loop
      vertex -89.80000000000001 -60.400000000000006 11.25
      vertex -89.8175380341837 -60.66757869405111 11.25
      vertex -89.8175380341837 -60.66757869405111 17.45
    endloop
  endfacet
  facet normal -0.9807852804032314 0.1950903220161232 0
    outer loop
      vertex -89.86985205610742 -60.930579042460174 11.25
      vertex -89.86985205610742 -60.930579042460174 17.45
      vertex -89.8175380341837 -60.66757869405111 11.25
    endloop
  endfacet
  facet normal -0.9469301294950977 0.32143946530318473 -7.756782937947211e-19
    outer loop
      vertex -89.86985205610742 -60.930579042460174 11.25
      vertex -89.95604695835188 -61.184501036348436 11.25
      vertex -89.95604695835188 -61.184501036348436 17.45
    endloop
  endfacet
  facet normal -0.8968727415327002 0.4422886902189772 7.317656112293717e-19
    outer loop
      vertex -89.95604695835188 -61.184501036348436 11.25
      vertex -90.07464792224191 -61.425000000000004 11.25
      vertex -90.07464792224191 -61.425000000000004 17.45
    endloop
  endfacet
  facet normal -0.8314696123025541 0.555570233019589 4.9239960248563815e-20
    outer loop
      vertex -90.07464792224191 -61.425000000000004 11.25
      vertex -90.22362565240297 -61.647960929467885 11.25
      vertex -90.22362565240297 -61.647960929467885 17.45
    endloop
  endfacet
  facet normal -0.19509032201613333 0.9807852804032295 0
    outer loop
      vertex -91.5824213059489 -62.432461965816316 11.25
      vertex -91.5824213059489 -62.432461965816316 17.45
      vertex -91.31942095753985 -62.380147943892595 11.25
    endloop
  endfacet
  facet normal -0.3214394653031529 0.9469301294951087 0
    outer loop
      vertex -91.31942095753985 -62.380147943892595 11.25
      vertex -91.31942095753985 -62.380147943892595 17.45
      vertex -91.06549896365158 -62.293953041648145 11.25
    endloop
  endfacet
  facet normal -0.44228869021898803 0.8968727415326948 0
    outer loop
      vertex -91.06549896365158 -62.293953041648145 11.25
      vertex -91.06549896365158 -62.293953041648145 17.45
      vertex -90.825 -62.175352077758106 11.25
    endloop
  endfacet
  facet normal 0 0 1
    outer loop
      vertex -93.74395304164814 -59.615498963651575 11.25
      vertex -93.8301479438926 -59.86942095753984 11.25
      vertex -93.8301479438926 -60.930579042460174 11.25
    endloop
  endfacet
  facet normal 0 0 1
    outer loop
      vertex -93.62535207775811 -59.37500000000001 11.25
      vertex -93.74395304164814 -59.615498963651575 11.25
      vertex -93.74395304164814 -61.184501036348436 11.25
    endloop
  endfacet
  facet normal 0 0 1
    outer loop
      vertex -93.62535207775811 -59.37500000000001 11.25
      vertex -93.62535207775811 -61.425000000000004 11.25
      vertex -93.47637434759704 -59.152039070532126 11.25
    endloop
  endfacet
  facet normal 0 0 1
    outer loop
      vertex -93.29956890143244 -58.950431098567584 11.25
      vertex -93.47637434759704 -59.152039070532126 11.25
      vertex -93.47637434759704 -61.647960929467885 11.25
    endloop
  endfacet
  facet normal 0 0 1
    outer loop
      vertex -93.29956890143244 -58.950431098567584 11.25
      vertex -93.29956890143244 -61.84956890143243 11.25
      vertex -93.09796092946789 -58.77362565240298 11.25
    endloop
  endfacet
  facet normal 0 0 1
    outer loop
      vertex -93.09796092946789 -58.77362565240298 11.25
      vertex -93.09796092946789 -62.026374347597034 11.25
      vertex -92.87500000000001 -58.624647922241905 11.25
    endloop
  endfacet
  facet normal 0 0 1
    outer loop
      vertex -92.63450103634844 -58.50604695835187 11.25
      vertex -92.87500000000001 -58.624647922241905 11.25
      vertex -92.87500000000001 -62.175352077758106 11.25
    endloop
  endfacet
  facet normal 0 0 1
    outer loop
      vertex -92.63450103634844 -58.50604695835187 11.25
      vertex -92.63450103634844 -62.293953041648145 11.25
      vertex -92.38057904246017 -58.419852056107416 11.25
    endloop
  endfacet
  facet normal 0 0 1
    outer loop
      vertex -92.38057904246017 -58.419852056107416 11.25
      vertex -92.38057904246017 -62.380147943892595 11.25
      vertex -92.11757869405112 -58.367538034183696 11.25
    endloop
  endfacet
  facet normal 0 0 1
    outer loop
      vertex -92.11757869405112 -58.367538034183696 11.25
      vertex -92.11757869405112 -62.432461965816316 11.25
      vertex -91.85000000000001 -58.35000000000001 11.25
    endloop
  endfacet
  facet normal 0 0 1
    outer loop
      vertex -91.85000000000001 -58.35000000000001 11.25
      vertex -91.85000000000001 -62.45 11.25
      vertex -91.5824213059489 -58.367538034183696 11.25
    endloop
  endfacet
  facet normal 0 0 1
    outer loop
      vertex -93.8301479438926 -59.86942095753984 11.25
      vertex -93.88246196581632 -60.1324213059489 11.25
      vertex -93.88246196581632 -60.66757869405111 11.25
    endloop
  endfacet
  facet normal 0 0 1
    outer loop
      vertex -93.88246196581632 -60.1324213059489 11.25
      vertex -93.9 -60.400000000000006 11.25
      vertex -93.88246196581632 -60.66757869405111 11.25
    endloop
  endfacet
  facet normal 0 0 1
    outer loop
      vertex -93.8301479438926 -59.86942095753984 11.25
      vertex -93.88246196581632 -60.66757869405111 11.25
      vertex -93.8301479438926 -60.930579042460174 11.25
    endloop
  endfacet
  facet normal 0 0 1
    outer loop
      vertex -93.74395304164814 -59.615498963651575 11.25
      vertex -93.8301479438926 -60.930579042460174 11.25
      vertex -93.74395304164814 -61.184501036348436 11.25
    endloop
  endfacet
  facet normal 0 0 1
    outer loop
      vertex -93.62535207775811 -59.37500000000001 11.25
      vertex -93.74395304164814 -61.184501036348436 11.25
      vertex -93.62535207775811 -61.425000000000004 11.25
    endloop
  endfacet
  facet normal 0 0 1
    outer loop
      vertex -93.47637434759704 -59.152039070532126 11.25
      vertex -93.62535207775811 -61.425000000000004 11.25
      vertex -93.47637434759704 -61.647960929467885 11.25
    endloop
  endfacet
  facet normal 0 0 1
    outer loop
      vertex -93.29956890143244 -58.950431098567584 11.25
      vertex -93.47637434759704 -61.647960929467885 11.25
      vertex -93.29956890143244 -61.84956890143243 11.25
    endloop
  endfacet
  facet normal 0 0 1
    outer loop
      vertex -93.09796092946789 -58.77362565240298 11.25
      vertex -93.29956890143244 -61.84956890143243 11.25
      vertex -93.09796092946789 -62.026374347597034 11.25
    endloop
  endfacet
  facet normal 0 0 1
    outer loop
      vertex -92.87500000000001 -58.624647922241905 11.25
      vertex -93.09796092946789 -62.026374347597034 11.25
      vertex -92.87500000000001 -62.175352077758106 11.25
    endloop
  endfacet
  facet normal 0 0 1
    outer loop
      vertex -92.63450103634844 -58.50604695835187 11.25
      vertex -92.87500000000001 -62.175352077758106 11.25
      vertex -92.63450103634844 -62.293953041648145 11.25
    endloop
  endfacet
  facet normal 0 0 1
    outer loop
      vertex -92.38057904246017 -58.419852056107416 11.25
      vertex -92.63450103634844 -62.293953041648145 11.25
      vertex -92.38057904246017 -62.380147943892595 11.25
    endloop
  endfacet
  facet normal 0 0 1
    outer loop
      vertex -92.11757869405112 -58.367538034183696 11.25
      vertex -92.38057904246017 -62.380147943892595 11.25
      vertex -92.11757869405112 -62.432461965816316 11.25
    endloop
  endfacet
  facet normal 0 0 1
    outer loop
      vertex -91.85000000000001 -58.35000000000001 11.25
      vertex -92.11757869405112 -62.432461965816316 11.25
      vertex -91.85000000000001 -62.45 11.25
    endloop
  endfacet
  facet normal 0 0 1
    outer loop
      vertex -91.5824213059489 -58.367538034183696 11.25
      vertex -91.5824213059489 -62.432461965816316 11.25
      vertex -91.31942095753985 -58.419852056107416 11.25
    endloop
  endfacet
  facet normal 0 0 1
    outer loop
      vertex -91.31942095753985 -58.419852056107416 11.25
      vertex -91.31942095753985 -62.380147943892595 11.25
      vertex -91.06549896365158 -58.50604695835187 11.25
    endloop
  endfacet
  facet normal 0 0 1
    outer loop
      vertex -91.06549896365158 -58.50604695835187 11.25
      vertex -91.06549896365158 -62.293953041648145 11.25
      vertex -90.825 -58.624647922241905 11.25
    endloop
  endfacet
  facet normal 0 0 1
    outer loop
      vertex -90.825 -58.624647922241905 11.25
      vertex -90.825 -62.175352077758106 11.25
      vertex -90.60203907053213 -58.77362565240298 11.25
    endloop
  endfacet
  facet normal 0 0 1
    outer loop
      vertex -90.60203907053213 -58.77362565240298 11.25
      vertex -90.60203907053213 -62.026374347597034 11.25
      vertex -90.40043109856758 -58.950431098567584 11.25
    endloop
  endfacet
  facet normal 0 0 1
    outer loop
      vertex -90.40043109856758 -58.950431098567584 11.25
      vertex -90.40043109856758 -61.84956890143243 11.25
      vertex -90.22362565240297 -59.152039070532126 11.25
    endloop
  endfacet
  facet normal 0 0 1
    outer loop
      vertex -90.22362565240297 -59.152039070532126 11.25
      vertex -90.22362565240297 -61.647960929467885 11.25
      vertex -90.07464792224191 -59.37500000000001 11.25
    endloop
  endfacet
  facet normal 0 0 1
    outer loop
      vertex -90.07464792224191 -59.37500000000001 11.25
      vertex -90.07464792224191 -61.425000000000004 11.25
      vertex -89.95604695835188 -59.615498963651575 11.25
    endloop
  endfacet
  facet normal 0 0 1
    outer loop
      vertex -91.5824213059489 -58.367538034183696 11.25
      vertex -91.85000000000001 -62.45 11.25
      vertex -91.5824213059489 -62.432461965816316 11.25
    endloop
  endfacet
  facet normal 0 0 1
    outer loop
      vertex -91.31942095753985 -58.419852056107416 11.25
      vertex -91.5824213059489 -62.432461965816316 11.25
      vertex -91.31942095753985 -62.380147943892595 11.25
    endloop
  endfacet
  facet normal 0 0 1
    outer loop
      vertex -91.06549896365158 -58.50604695835187 11.25
      vertex -91.31942095753985 -62.380147943892595 11.25
      vertex -91.06549896365158 -62.293953041648145 11.25
    endloop
  endfacet
  facet normal 0 0 1
    outer loop
      vertex -91.06549896365158 -62.293953041648145 11.25
      vertex -90.825 -62.175352077758106 11.25
      vertex -90.825 -58.624647922241905 11.25
    endloop
  endfacet
  facet normal 0 0 1
    outer loop
      vertex -90.60203907053213 -58.77362565240298 11.25
      vertex -90.825 -62.175352077758106 11.25
      vertex -90.60203907053213 -62.026374347597034 11.25
    endloop
  endfacet
  facet normal 0 0 1
    outer loop
      vertex -90.40043109856758 -58.950431098567584 11.25
      vertex -90.60203907053213 -62.026374347597034 11.25
      vertex -90.40043109856758 -61.84956890143243 11.25
    endloop
  endfacet
  facet normal 0 0 1
    outer loop
      vertex -90.22362565240297 -59.152039070532126 11.25
      vertex -90.40043109856758 -61.84956890143243 11.25
      vertex -90.22362565240297 -61.647960929467885 11.25
    endloop
  endfacet
  facet normal 0 0 1
    outer loop
      vertex -89.95604695835188 -59.615498963651575 11.25
      vertex -89.95604695835188 -61.184501036348436 11.25
      vertex -89.86985205610742 -59.86942095753984 11.25
    endloop
  endfacet
  facet normal 0 0 1
    outer loop
      vertex -89.86985205610742 -59.86942095753984 11.25
      vertex -89.86985205610742 -60.930579042460174 11.25
      vertex -89.8175380341837 -60.1324213059489 11.25
    endloop
  endfacet
  facet normal 0 0 1
    outer loop
      vertex -89.86985205610742 -59.86942095753984 11.25
      vertex -89.95604695835188 -61.184501036348436 11.25
      vertex -89.86985205610742 -60.930579042460174 11.25
    endloop
  endfacet
  facet normal 0 0 1
    outer loop
      vertex -89.8175380341837 -60.1324213059489 11.25
      vertex -89.86985205610742 -60.930579042460174 11.25
      vertex -89.8175380341837 -60.66757869405111 11.25
    endloop
  endfacet
  facet normal 0 0 1
    outer loop
      vertex -89.8175380341837 -60.1324213059489 11.25
      vertex -89.8175380341837 -60.66757869405111 11.25
      vertex -89.80000000000001 -60.400000000000006 11.25
    endloop
  endfacet
  facet normal 0 0 1
    outer loop
      vertex -90.07464792224191 -59.37500000000001 11.25
      vertex -90.22362565240297 -61.647960929467885 11.25
      vertex -90.07464792224191 -61.425000000000004 11.25
    endloop
  endfacet
  facet normal 0 0 1
    outer loop
      vertex -89.95604695835188 -59.615498963651575 11.25
      vertex -90.07464792224191 -61.425000000000004 11.25
      vertex -89.95604695835188 -61.184501036348436 11.25
    endloop
  endfacet
  facet normal 0.3214394653031529 -0.9469301294951087 0
    outer loop
      vertex 91.06549896365158 62.293953041648145 11.25
      vertex 91.31942095753985 62.380147943892595 17.45
      vertex 91.06549896365158 62.293953041648145 17.45
    endloop
  endfacet
  facet normal 0.19509032201613333 -0.9807852804032295 0
    outer loop
      vertex 91.31942095753985 62.380147943892595 11.25
      vertex 91.5824213059489 62.432461965816316 17.45
      vertex 91.31942095753985 62.380147943892595 17.45
    endloop
  endfacet
  facet normal 0.065403129230136 -0.9978589232386039 0
    outer loop
      vertex 91.5824213059489 62.432461965816316 11.25
      vertex 91.85000000000001 62.45 17.45
      vertex 91.5824213059489 62.432461965816316 17.45
    endloop
  endfacet
  facet normal 0.8314696123025541 -0.555570233019589 0
    outer loop
      vertex 90.07464792224191 61.425000000000004 11.25
      vertex 90.22362565240297 61.647960929467885 17.45
      vertex 90.07464792224191 61.425000000000004 17.45
    endloop
  endfacet
  facet normal 0.8968727415327002 -0.4422886902189772 0
    outer loop
      vertex 89.95604695835188 61.184501036348436 11.25
      vertex 90.07464792224191 61.425000000000004 17.45
      vertex 89.95604695835188 61.184501036348436 17.45
    endloop
  endfacet
  facet normal 0.9469301294950977 -0.32143946530318473 0
    outer loop
      vertex 89.86985205610742 60.930579042460174 11.25
      vertex 89.95604695835188 61.184501036348436 17.45
      vertex 89.86985205610742 60.930579042460174 17.45
    endloop
  endfacet
  facet normal 0.9807852804032314 -0.1950903220161232 0
    outer loop
      vertex 89.8175380341837 60.66757869405111 11.25
      vertex 89.86985205610742 60.930579042460174 17.45
      vertex 89.8175380341837 60.66757869405111 17.45
    endloop
  endfacet
  facet normal 0.9978589232386039 -0.06540312923013772 0
    outer loop
      vertex 89.80000000000001 60.400000000000006 11.25
      vertex 89.8175380341837 60.66757869405111 17.45
      vertex 89.80000000000001 60.400000000000006 17.45
    endloop
  endfacet
  facet normal 0.9978589232386039 0.06540312923013772 0
    outer loop
      vertex 89.8175380341837 60.1324213059489 11.25
      vertex 89.80000000000001 60.400000000000006 17.45
      vertex 89.8175380341837 60.1324213059489 17.45
    endloop
  endfacet
  facet normal 0.6593458151000569 -0.7518398074789878 0
    outer loop
      vertex 90.40043109856758 61.84956890143243 11.25
      vertex 90.60203907053213 62.026374347597034 17.45
      vertex 90.40043109856758 61.84956890143243 17.45
    endloop
  endfacet
  facet normal 0.5555702330196196 -0.8314696123025337 0
    outer loop
      vertex 90.60203907053213 62.026374347597034 11.25
      vertex 90.825 62.175352077758106 17.45
      vertex 90.60203907053213 62.026374347597034 17.45
    endloop
  endfacet
  facet normal 0.44228869021898803 -0.8968727415326948 0
    outer loop
      vertex 90.825 62.175352077758106 11.25
      vertex 91.06549896365158 62.293953041648145 17.45
      vertex 90.825 62.175352077758106 17.45
    endloop
  endfacet
  facet normal 0.7518398074789764 -0.6593458151000701 0
    outer loop
      vertex 90.22362565240297 61.647960929467885 11.25
      vertex 90.40043109856758 61.84956890143243 17.45
      vertex 90.22362565240297 61.647960929467885 17.45
    endloop
  endfacet
  facet normal 0.9807852804032314 0.1950903220161232 0
    outer loop
      vertex 89.86985205610742 59.86942095753984 11.25
      vertex 89.8175380341837 60.1324213059489 17.45
      vertex 89.86985205610742 59.86942095753984 17.45
    endloop
  endfacet
  facet normal 0.9469301294950977 0.32143946530318473 0
    outer loop
      vertex 89.95604695835188 59.615498963651575 11.25
      vertex 89.86985205610742 59.86942095753984 17.45
      vertex 89.95604695835188 59.615498963651575 17.45
    endloop
  endfacet
  facet normal 0.8968727415327002 0.4422886902189772 0
    outer loop
      vertex 90.07464792224191 59.37500000000001 11.25
      vertex 89.95604695835188 59.615498963651575 17.45
      vertex 90.07464792224191 59.37500000000001 17.45
    endloop
  endfacet
  facet normal 0.8314696123025541 0.555570233019589 0
    outer loop
      vertex 90.22362565240297 59.152039070532126 11.25
      vertex 90.07464792224191 59.37500000000001 17.45
      vertex 90.22362565240297 59.152039070532126 17.45
    endloop
  endfacet
  facet normal 0.7518398074789764 0.6593458151000701 0
    outer loop
      vertex 90.40043109856758 58.950431098567584 11.25
      vertex 90.22362565240297 59.152039070532126 17.45
      vertex 90.40043109856758 58.950431098567584 17.45
    endloop
  endfacet
  facet normal 0.6593458151000569 0.7518398074789878 0
    outer loop
      vertex 90.60203907053213 58.77362565240298 11.25
      vertex 90.40043109856758 58.950431098567584 17.45
      vertex 90.60203907053213 58.77362565240298 17.45
    endloop
  endfacet
  facet normal 0.5555702330196196 0.8314696123025337 0
    outer loop
      vertex 90.825 58.624647922241905 11.25
      vertex 90.60203907053213 58.77362565240298 17.45
      vertex 90.825 58.624647922241905 17.45
    endloop
  endfacet
  facet normal 0.44228869021898803 0.8968727415326948 0
    outer loop
      vertex 91.06549896365158 58.50604695835187 11.25
      vertex 90.825 58.624647922241905 17.45
      vertex 91.06549896365158 58.50604695835187 17.45
    endloop
  endfacet
  facet normal 0.3214394653031529 0.9469301294951087 0
    outer loop
      vertex 91.31942095753985 58.419852056107416 11.25
      vertex 91.06549896365158 58.50604695835187 17.45
      vertex 91.31942095753985 58.419852056107416 17.45
    endloop
  endfacet
  facet normal 0.19509032201613333 0.9807852804032295 0
    outer loop
      vertex 91.5824213059489 58.367538034183696 11.25
      vertex 91.31942095753985 58.419852056107416 17.45
      vertex 91.5824213059489 58.367538034183696 17.45
    endloop
  endfacet
  facet normal -0.065403129230136 -0.9978589232386039 0
    outer loop
      vertex 91.85000000000001 62.45 11.25
      vertex 92.11757869405112 62.432461965816316 17.45
      vertex 91.85000000000001 62.45 17.45
    endloop
  endfacet
  facet normal -0.19509032201613333 -0.9807852804032295 0
    outer loop
      vertex 92.11757869405112 62.432461965816316 11.25
      vertex 92.38057904246017 62.380147943892595 17.45
      vertex 92.11757869405112 62.432461965816316 17.45
    endloop
  endfacet
  facet normal -0.3214394653031529 -0.9469301294951087 0
    outer loop
      vertex 92.38057904246017 62.380147943892595 11.25
      vertex 92.63450103634844 62.293953041648145 17.45
      vertex 92.38057904246017 62.380147943892595 17.45
    endloop
  endfacet
  facet normal -0.44228869021898803 -0.8968727415326948 0
    outer loop
      vertex 92.63450103634844 62.293953041648145 11.25
      vertex 92.87500000000001 62.175352077758106 17.45
      vertex 92.63450103634844 62.293953041648145 17.45
    endloop
  endfacet
  facet normal -0.5555702330196196 -0.8314696123025337 0
    outer loop
      vertex 92.87500000000001 62.175352077758106 11.25
      vertex 93.09796092946789 62.026374347597034 17.45
      vertex 92.87500000000001 62.175352077758106 17.45
    endloop
  endfacet
  facet normal -0.6593458151000569 -0.7518398074789878 0
    outer loop
      vertex 93.09796092946789 62.026374347597034 11.25
      vertex 93.29956890143244 61.84956890143243 17.45
      vertex 93.09796092946789 62.026374347597034 17.45
    endloop
  endfacet
  facet normal -0.7518398074789764 -0.6593458151000701 0
    outer loop
      vertex 93.29956890143244 61.84956890143243 11.25
      vertex 93.47637434759704 61.647960929467885 17.45
      vertex 93.29956890143244 61.84956890143243 17.45
    endloop
  endfacet
  facet normal -0.8314696123025541 -0.555570233019589 0
    outer loop
      vertex 93.47637434759704 61.647960929467885 11.25
      vertex 93.62535207775811 61.425000000000004 17.45
      vertex 93.47637434759704 61.647960929467885 17.45
    endloop
  endfacet
  facet normal -0.8968727415327002 -0.4422886902189772 0
    outer loop
      vertex 93.62535207775811 61.425000000000004 11.25
      vertex 93.74395304164814 61.184501036348436 17.45
      vertex 93.62535207775811 61.425000000000004 17.45
    endloop
  endfacet
  facet normal -0.9469301294950977 -0.32143946530318473 0
    outer loop
      vertex 93.74395304164814 61.184501036348436 11.25
      vertex 93.8301479438926 60.930579042460174 17.45
      vertex 93.74395304164814 61.184501036348436 17.45
    endloop
  endfacet
  facet normal -0.9807852804032314 -0.1950903220161232 0
    outer loop
      vertex 93.8301479438926 60.930579042460174 11.25
      vertex 93.88246196581632 60.66757869405111 17.45
      vertex 93.8301479438926 60.930579042460174 17.45
    endloop
  endfacet
  facet normal -0.9978589232386039 -0.06540312923013772 0
    outer loop
      vertex 93.88246196581632 60.66757869405111 11.25
      vertex 93.9 60.400000000000006 17.45
      vertex 93.88246196581632 60.66757869405111 17.45
    endloop
  endfacet
  facet normal -0.9978589232386039 0.06540312923013772 0
    outer loop
      vertex 93.9 60.400000000000006 11.25
      vertex 93.88246196581632 60.1324213059489 17.45
      vertex 93.9 60.400000000000006 17.45
    endloop
  endfacet
  facet normal -0.065403129230136 0.9978589232386039 0
    outer loop
      vertex 92.11757869405112 58.367538034183696 11.25
      vertex 91.85000000000001 58.35000000000001 17.45
      vertex 92.11757869405112 58.367538034183696 17.45
    endloop
  endfacet
  facet normal 0.065403129230136 0.9978589232386039 0
    outer loop
      vertex 91.85000000000001 58.35000000000001 11.25
      vertex 91.5824213059489 58.367538034183696 17.45
      vertex 91.85000000000001 58.35000000000001 17.45
    endloop
  endfacet
  facet normal -0.19509032201613333 0.9807852804032295 0
    outer loop
      vertex 92.38057904246017 58.419852056107416 11.25
      vertex 92.11757869405112 58.367538034183696 17.45
      vertex 92.38057904246017 58.419852056107416 17.45
    endloop
  endfacet
  facet normal -0.6593458151000569 0.7518398074789878 0
    outer loop
      vertex 93.29956890143244 58.950431098567584 11.25
      vertex 93.09796092946789 58.77362565240298 17.45
      vertex 93.29956890143244 58.950431098567584 17.45
    endloop
  endfacet
  facet normal -0.5555702330196196 0.8314696123025337 0
    outer loop
      vertex 93.09796092946789 58.77362565240298 11.25
      vertex 92.87500000000001 58.624647922241905 17.45
      vertex 93.09796092946789 58.77362565240298 17.45
    endloop
  endfacet
  facet normal -0.3214394653031529 0.9469301294951087 0
    outer loop
      vertex 92.63450103634844 58.50604695835187 11.25
      vertex 92.38057904246017 58.419852056107416 17.45
      vertex 92.63450103634844 58.50604695835187 17.45
    endloop
  endfacet
  facet normal -0.44228869021898803 0.8968727415326948 0
    outer loop
      vertex 92.87500000000001 58.624647922241905 11.25
      vertex 92.63450103634844 58.50604695835187 17.45
      vertex 92.87500000000001 58.624647922241905 17.45
    endloop
  endfacet
  facet normal -0.9807852804032314 0.1950903220161232 0
    outer loop
      vertex 93.88246196581632 60.1324213059489 11.25
      vertex 93.8301479438926 59.86942095753984 17.45
      vertex 93.88246196581632 60.1324213059489 17.45
    endloop
  endfacet
  facet normal -0.9469301294950977 0.32143946530318473 0
    outer loop
      vertex 93.8301479438926 59.86942095753984 11.25
      vertex 93.74395304164814 59.615498963651575 17.45
      vertex 93.8301479438926 59.86942095753984 17.45
    endloop
  endfacet
  facet normal -0.8314696123025541 0.555570233019589 0
    outer loop
      vertex 93.62535207775811 59.37500000000001 11.25
      vertex 93.47637434759704 59.152039070532126 17.45
      vertex 93.62535207775811 59.37500000000001 17.45
    endloop
  endfacet
  facet normal -0.8968727415327002 0.4422886902189772 0
    outer loop
      vertex 93.74395304164814 59.615498963651575 11.25
      vertex 93.62535207775811 59.37500000000001 17.45
      vertex 93.74395304164814 59.615498963651575 17.45
    endloop
  endfacet
  facet normal -0.7518398074789764 0.6593458151000701 0
    outer loop
      vertex 93.47637434759704 59.152039070532126 11.25
      vertex 93.29956890143244 58.950431098567584 17.45
      vertex 93.47637434759704 59.152039070532126 17.45
    endloop
  endfacet
  facet normal 0.44228869021898803 -0.8968727415326948 -4.438442996167146e-19
    outer loop
      vertex 90.825 62.175352077758106 11.25
      vertex 91.06549896365158 62.293953041648145 11.25
      vertex 91.06549896365158 62.293953041648145 17.45
    endloop
  endfacet
  facet normal 0.3214394653031529 -0.9469301294951087 2.571257907471581e-19
    outer loop
      vertex 91.06549896365158 62.293953041648145 11.25
      vertex 91.31942095753985 62.380147943892595 11.25
      vertex 91.31942095753985 62.380147943892595 17.45
    endloop
  endfacet
  facet normal 0.19509032201613333 -0.9807852804032295 2.6963370948983907e-19
    outer loop
      vertex 91.31942095753985 62.380147943892595 11.25
      vertex 91.5824213059489 62.432461965816316 11.25
      vertex 91.5824213059489 62.432461965816316 17.45
    endloop
  endfacet
  facet normal 0.8314696123025541 -0.555570233019589 0
    outer loop
      vertex 90.22362565240297 61.647960929467885 11.25
      vertex 90.22362565240297 61.647960929467885 17.45
      vertex 90.07464792224191 61.425000000000004 11.25
    endloop
  endfacet
  facet normal 0.8968727415327002 -0.4422886902189772 0
    outer loop
      vertex 90.07464792224191 61.425000000000004 11.25
      vertex 90.07464792224191 61.425000000000004 17.45
      vertex 89.95604695835188 61.184501036348436 11.25
    endloop
  endfacet
  facet normal 0.9469301294950977 -0.32143946530318473 0
    outer loop
      vertex 89.95604695835188 61.184501036348436 11.25
      vertex 89.95604695835188 61.184501036348436 17.45
      vertex 89.86985205610742 60.930579042460174 11.25
    endloop
  endfacet
  facet normal 0.9807852804032314 -0.1950903220161232 -1.9315369798279645e-19
    outer loop
      vertex 89.8175380341837 60.66757869405111 11.25
      vertex 89.86985205610742 60.930579042460174 11.25
      vertex 89.86985205610742 60.930579042460174 17.45
    endloop
  endfacet
  facet normal 0.9978589232386039 -0.06540312923013772 0
    outer loop
      vertex 89.8175380341837 60.66757869405111 11.25
      vertex 89.8175380341837 60.66757869405111 17.45
      vertex 89.80000000000001 60.400000000000006 11.25
    endloop
  endfacet
  facet normal 0.9978589232386039 0.06540312923013772 0
    outer loop
      vertex 89.80000000000001 60.400000000000006 11.25
      vertex 89.80000000000001 60.400000000000006 17.45
      vertex 89.8175380341837 60.1324213059489 11.25
    endloop
  endfacet
  facet normal 0.7518398074789764 -0.6593458151000701 -2.076786168883054e-18
    outer loop
      vertex 90.22362565240297 61.647960929467885 11.25
      vertex 90.40043109856758 61.84956890143243 11.25
      vertex 90.40043109856758 61.84956890143243 17.45
    endloop
  endfacet
  facet normal 0.6593458151000569 -0.7518398074789878 0
    outer loop
      vertex 90.60203907053213 62.026374347597034 11.25
      vertex 90.60203907053213 62.026374347597034 17.45
      vertex 90.40043109856758 61.84956890143243 11.25
    endloop
  endfacet
  facet normal 0.5555702330196196 -0.8314696123025337 -9.574610778669245e-19
    outer loop
      vertex 90.60203907053213 62.026374347597034 11.25
      vertex 90.825 62.175352077758106 11.25
      vertex 90.825 62.175352077758106 17.45
    endloop
  endfacet
  facet normal 0.9807852804032314 0.1950903220161232 0
    outer loop
      vertex 89.8175380341837 60.1324213059489 11.25
      vertex 89.8175380341837 60.1324213059489 17.45
      vertex 89.86985205610742 59.86942095753984 11.25
    endloop
  endfacet
  facet normal 0.9469301294950977 0.32143946530318473 0
    outer loop
      vertex 89.86985205610742 59.86942095753984 11.25
      vertex 89.86985205610742 59.86942095753984 17.45
      vertex 89.95604695835188 59.615498963651575 11.25
    endloop
  endfacet
  facet normal 0.8968727415327002 0.4422886902189772 0
    outer loop
      vertex 89.95604695835188 59.615498963651575 11.25
      vertex 89.95604695835188 59.615498963651575 17.45
      vertex 90.07464792224191 59.37500000000001 11.25
    endloop
  endfacet
  facet normal 0.8314696123025541 0.555570233019589 0
    outer loop
      vertex 90.07464792224191 59.37500000000001 11.25
      vertex 90.07464792224191 59.37500000000001 17.45
      vertex 90.22362565240297 59.152039070532126 11.25
    endloop
  endfacet
  facet normal 0.7518398074789764 0.6593458151000701 0
    outer loop
      vertex 90.22362565240297 59.152039070532126 11.25
      vertex 90.22362565240297 59.152039070532126 17.45
      vertex 90.40043109856758 58.950431098567584 11.25
    endloop
  endfacet
  facet normal 0.6593458151000569 0.7518398074789878 0
    outer loop
      vertex 90.40043109856758 58.950431098567584 11.25
      vertex 90.40043109856758 58.950431098567584 17.45
      vertex 90.60203907053213 58.77362565240298 11.25
    endloop
  endfacet
  facet normal 0.5555702330196196 0.8314696123025337 0
    outer loop
      vertex 90.60203907053213 58.77362565240298 11.25
      vertex 90.60203907053213 58.77362565240298 17.45
      vertex 90.825 58.624647922241905 11.25
    endloop
  endfacet
  facet normal 0.44228869021898803 0.8968727415326948 0
    outer loop
      vertex 90.825 58.624647922241905 11.25
      vertex 90.825 58.624647922241905 17.45
      vertex 91.06549896365158 58.50604695835187 11.25
    endloop
  endfacet
  facet normal 0.3214394653031529 0.9469301294951087 0
    outer loop
      vertex 91.06549896365158 58.50604695835187 11.25
      vertex 91.06549896365158 58.50604695835187 17.45
      vertex 91.31942095753985 58.419852056107416 11.25
    endloop
  endfacet
  facet normal 0.19509032201613333 0.9807852804032295 0
    outer loop
      vertex 91.31942095753985 58.419852056107416 11.25
      vertex 91.31942095753985 58.419852056107416 17.45
      vertex 91.5824213059489 58.367538034183696 11.25
    endloop
  endfacet
  facet normal 0.065403129230136 0.9978589232386039 0
    outer loop
      vertex 91.5824213059489 58.367538034183696 11.25
      vertex 91.5824213059489 58.367538034183696 17.45
      vertex 91.85000000000001 58.35000000000001 11.25
    endloop
  endfacet
  facet normal 0.065403129230136 -0.9978589232386039 -2.407096094360382e-19
    outer loop
      vertex 91.5824213059489 62.432461965816316 11.25
      vertex 91.85000000000001 62.45 11.25
      vertex 91.85000000000001 62.45 17.45
    endloop
  endfacet
  facet normal -0.065403129230136 -0.9978589232386039 2.407096094360382e-19
    outer loop
      vertex 91.85000000000001 62.45 11.25
      vertex 92.11757869405112 62.432461965816316 11.25
      vertex 92.11757869405112 62.432461965816316 17.45
    endloop
  endfacet
  facet normal -0.19509032201613333 -0.9807852804032295 -2.6963370948983907e-19
    outer loop
      vertex 92.11757869405112 62.432461965816316 11.25
      vertex 92.38057904246017 62.380147943892595 11.25
      vertex 92.38057904246017 62.380147943892595 17.45
    endloop
  endfacet
  facet normal -0.3214394653031529 -0.9469301294951087 -2.571257907471581e-19
    outer loop
      vertex 92.38057904246017 62.380147943892595 11.25
      vertex 92.63450103634844 62.293953041648145 11.25
      vertex 92.63450103634844 62.293953041648145 17.45
    endloop
  endfacet
  facet normal -0.44228869021898803 -0.8968727415326948 4.438442996167146e-19
    outer loop
      vertex 92.63450103634844 62.293953041648145 11.25
      vertex 92.87500000000001 62.175352077758106 11.25
      vertex 92.87500000000001 62.175352077758106 17.45
    endloop
  endfacet
  facet normal -0.5555702330196196 -0.8314696123025337 9.574610778669245e-19
    outer loop
      vertex 92.87500000000001 62.175352077758106 11.25
      vertex 93.09796092946789 62.026374347597034 11.25
      vertex 93.09796092946789 62.026374347597034 17.45
    endloop
  endfacet
  facet normal -0.6593458151000569 -0.7518398074789878 1.8732085060031385e-18
    outer loop
      vertex 93.09796092946789 62.026374347597034 11.25
      vertex 93.29956890143244 61.84956890143243 11.25
      vertex 93.29956890143244 61.84956890143243 17.45
    endloop
  endfacet
  facet normal -0.7518398074789764 -0.6593458151000701 2.076786168883054e-18
    outer loop
      vertex 93.29956890143244 61.84956890143243 11.25
      vertex 93.47637434759704 61.647960929467885 11.25
      vertex 93.47637434759704 61.647960929467885 17.45
    endloop
  endfacet
  facet normal -0.8314696123025541 -0.555570233019589 -4.9239960248563815e-20
    outer loop
      vertex 93.47637434759704 61.647960929467885 11.25
      vertex 93.62535207775811 61.425000000000004 11.25
      vertex 93.62535207775811 61.425000000000004 17.45
    endloop
  endfacet
  facet normal -0.8968727415327002 -0.4422886902189772 -7.317656112293717e-19
    outer loop
      vertex 93.62535207775811 61.425000000000004 11.25
      vertex 93.74395304164814 61.184501036348436 11.25
      vertex 93.74395304164814 61.184501036348436 17.45
    endloop
  endfacet
  facet normal -0.9469301294950977 -0.32143946530318473 7.756782937947211e-19
    outer loop
      vertex 93.74395304164814 61.184501036348436 11.25
      vertex 93.8301479438926 60.930579042460174 11.25
      vertex 93.8301479438926 60.930579042460174 17.45
    endloop
  endfacet
  facet normal -0.9807852804032314 -0.1950903220161232 1.9315369798279645e-19
    outer loop
      vertex 93.8301479438926 60.930579042460174 11.25
      vertex 93.88246196581632 60.66757869405111 11.25
      vertex 93.88246196581632 60.66757869405111 17.45
    endloop
  endfacet
  facet normal -0.9978589232386039 -0.06540312923013772 6.936871523416226e-20
    outer loop
      vertex 93.88246196581632 60.66757869405111 11.25
      vertex 93.9 60.400000000000006 11.25
      vertex 93.9 60.400000000000006 17.45
    endloop
  endfacet
  facet normal -0.9978589232386039 0.06540312923013772 -6.936871523416226e-20
    outer loop
      vertex 93.9 60.400000000000006 11.25
      vertex 93.88246196581632 60.1324213059489 11.25
      vertex 93.88246196581632 60.1324213059489 17.45
    endloop
  endfacet
  facet normal -0.065403129230136 0.9978589232386039 0
    outer loop
      vertex 91.85000000000001 58.35000000000001 11.25
      vertex 91.85000000000001 58.35000000000001 17.45
      vertex 92.11757869405112 58.367538034183696 11.25
    endloop
  endfacet
  facet normal -0.19509032201613333 0.9807852804032295 0
    outer loop
      vertex 92.11757869405112 58.367538034183696 11.25
      vertex 92.11757869405112 58.367538034183696 17.45
      vertex 92.38057904246017 58.419852056107416 11.25
    endloop
  endfacet
  facet normal -0.3214394653031529 0.9469301294951087 0
    outer loop
      vertex 92.38057904246017 58.419852056107416 11.25
      vertex 92.38057904246017 58.419852056107416 17.45
      vertex 92.63450103634844 58.50604695835187 11.25
    endloop
  endfacet
  facet normal -0.5555702330196196 0.8314696123025337 0
    outer loop
      vertex 92.87500000000001 58.624647922241905 11.25
      vertex 92.87500000000001 58.624647922241905 17.45
      vertex 93.09796092946789 58.77362565240298 11.25
    endloop
  endfacet
  facet normal -0.6593458151000569 0.7518398074789878 0
    outer loop
      vertex 93.09796092946789 58.77362565240298 11.25
      vertex 93.09796092946789 58.77362565240298 17.45
      vertex 93.29956890143244 58.950431098567584 11.25
    endloop
  endfacet
  facet normal -0.44228869021898803 0.8968727415326948 -4.438442996167146e-19
    outer loop
      vertex 92.87500000000001 58.624647922241905 11.25
      vertex 92.63450103634844 58.50604695835187 11.25
      vertex 92.63450103634844 58.50604695835187 17.45
    endloop
  endfacet
  facet normal -0.9807852804032314 0.1950903220161232 -1.9315369798279645e-19
    outer loop
      vertex 93.88246196581632 60.1324213059489 11.25
      vertex 93.8301479438926 59.86942095753984 11.25
      vertex 93.8301479438926 59.86942095753984 17.45
    endloop
  endfacet
  facet normal -0.9469301294950977 0.32143946530318473 -7.756782937947211e-19
    outer loop
      vertex 93.8301479438926 59.86942095753984 11.25
      vertex 93.74395304164814 59.615498963651575 11.25
      vertex 93.74395304164814 59.615498963651575 17.45
    endloop
  endfacet
  facet normal -0.8314696123025541 0.555570233019589 0
    outer loop
      vertex 93.47637434759704 59.152039070532126 11.25
      vertex 93.47637434759704 59.152039070532126 17.45
      vertex 93.62535207775811 59.37500000000001 11.25
    endloop
  endfacet
  facet normal -0.8968727415327002 0.4422886902189772 7.317656112293717e-19
    outer loop
      vertex 93.74395304164814 59.615498963651575 11.25
      vertex 93.62535207775811 59.37500000000001 11.25
      vertex 93.62535207775811 59.37500000000001 17.45
    endloop
  endfacet
  facet normal -0.7518398074789764 0.6593458151000701 -2.076786168883054e-18
    outer loop
      vertex 93.47637434759704 59.152039070532126 11.25
      vertex 93.29956890143244 58.950431098567584 11.25
      vertex 93.29956890143244 58.950431098567584 17.45
    endloop
  endfacet
  facet normal 0 0 1
    outer loop
      vertex 90.07464792224191 61.425000000000004 11.25
      vertex 89.95604695835188 61.184501036348436 11.25
      vertex 89.95604695835188 59.615498963651575 11.25
    endloop
  endfacet
  facet normal 0 0 1
    outer loop
      vertex 90.22362565240297 61.647960929467885 11.25
      vertex 90.07464792224191 61.425000000000004 11.25
      vertex 90.07464792224191 59.37500000000001 11.25
    endloop
  endfacet
  facet normal 0 0 1
    outer loop
      vertex 89.8175380341837 60.66757869405111 11.25
      vertex 89.80000000000001 60.400000000000006 11.25
      vertex 89.8175380341837 60.1324213059489 11.25
    endloop
  endfacet
  facet normal 0 0 1
    outer loop
      vertex 89.8175380341837 60.66757869405111 11.25
      vertex 89.8175380341837 60.1324213059489 11.25
      vertex 89.86985205610742 60.930579042460174 11.25
    endloop
  endfacet
  facet normal 0 0 1
    outer loop
      vertex 89.95604695835188 61.184501036348436 11.25
      vertex 89.86985205610742 60.930579042460174 11.25
      vertex 89.86985205610742 59.86942095753984 11.25
    endloop
  endfacet
  facet normal 0 0 1
    outer loop
      vertex 89.86985205610742 60.930579042460174 11.25
      vertex 89.8175380341837 60.1324213059489 11.25
      vertex 89.86985205610742 59.86942095753984 11.25
    endloop
  endfacet
  facet normal 0 0 1
    outer loop
      vertex 89.95604695835188 61.184501036348436 11.25
      vertex 89.86985205610742 59.86942095753984 11.25
      vertex 89.95604695835188 59.615498963651575 11.25
    endloop
  endfacet
  facet normal 0 0 1
    outer loop
      vertex 90.22362565240297 61.647960929467885 11.25
      vertex 90.22362565240297 59.152039070532126 11.25
      vertex 90.40043109856758 61.84956890143243 11.25
    endloop
  endfacet
  facet normal 0 0 1
    outer loop
      vertex 90.60203907053213 62.026374347597034 11.25
      vertex 90.40043109856758 61.84956890143243 11.25
      vertex 90.40043109856758 58.950431098567584 11.25
    endloop
  endfacet
  facet normal 0 0 1
    outer loop
      vertex 90.60203907053213 62.026374347597034 11.25
      vertex 90.60203907053213 58.77362565240298 11.25
      vertex 90.825 62.175352077758106 11.25
    endloop
  endfacet
  facet normal 0 0 1
    outer loop
      vertex 90.825 62.175352077758106 11.25
      vertex 90.825 58.624647922241905 11.25
      vertex 91.06549896365158 62.293953041648145 11.25
    endloop
  endfacet
  facet normal 0 0 1
    outer loop
      vertex 91.06549896365158 62.293953041648145 11.25
      vertex 91.06549896365158 58.50604695835187 11.25
      vertex 91.31942095753985 62.380147943892595 11.25
    endloop
  endfacet
  facet normal 0 0 1
    outer loop
      vertex 91.31942095753985 62.380147943892595 11.25
      vertex 91.31942095753985 58.419852056107416 11.25
      vertex 91.5824213059489 62.432461965816316 11.25
    endloop
  endfacet
  facet normal 0 0 1
    outer loop
      vertex 91.5824213059489 62.432461965816316 11.25
      vertex 91.5824213059489 58.367538034183696 11.25
      vertex 91.85000000000001 62.45 11.25
    endloop
  endfacet
  facet normal 0 0 1
    outer loop
      vertex 90.07464792224191 61.425000000000004 11.25
      vertex 89.95604695835188 59.615498963651575 11.25
      vertex 90.07464792224191 59.37500000000001 11.25
    endloop
  endfacet
  facet normal 0 0 1
    outer loop
      vertex 90.22362565240297 61.647960929467885 11.25
      vertex 90.07464792224191 59.37500000000001 11.25
      vertex 90.22362565240297 59.152039070532126 11.25
    endloop
  endfacet
  facet normal 0 0 1
    outer loop
      vertex 90.40043109856758 61.84956890143243 11.25
      vertex 90.22362565240297 59.152039070532126 11.25
      vertex 90.40043109856758 58.950431098567584 11.25
    endloop
  endfacet
  facet normal 0 0 1
    outer loop
      vertex 90.60203907053213 62.026374347597034 11.25
      vertex 90.40043109856758 58.950431098567584 11.25
      vertex 90.60203907053213 58.77362565240298 11.25
    endloop
  endfacet
  facet normal 0 0 1
    outer loop
      vertex 90.825 62.175352077758106 11.25
      vertex 90.60203907053213 58.77362565240298 11.25
      vertex 90.825 58.624647922241905 11.25
    endloop
  endfacet
  facet normal 0 0 1
    outer loop
      vertex 90.825 58.624647922241905 11.25
      vertex 91.06549896365158 58.50604695835187 11.25
      vertex 91.06549896365158 62.293953041648145 11.25
    endloop
  endfacet
  facet normal 0 0 1
    outer loop
      vertex 91.31942095753985 62.380147943892595 11.25
      vertex 91.06549896365158 58.50604695835187 11.25
      vertex 91.31942095753985 58.419852056107416 11.25
    endloop
  endfacet
  facet normal 0 0 1
    outer loop
      vertex 91.5824213059489 62.432461965816316 11.25
      vertex 91.31942095753985 58.419852056107416 11.25
      vertex 91.5824213059489 58.367538034183696 11.25
    endloop
  endfacet
  facet normal 0 0 1
    outer loop
      vertex 91.85000000000001 62.45 11.25
      vertex 91.85000000000001 58.35000000000001 11.25
      vertex 92.11757869405112 62.432461965816316 11.25
    endloop
  endfacet
  facet normal 0 0 1
    outer loop
      vertex 92.11757869405112 62.432461965816316 11.25
      vertex 92.11757869405112 58.367538034183696 11.25
      vertex 92.38057904246017 62.380147943892595 11.25
    endloop
  endfacet
  facet normal 0 0 1
    outer loop
      vertex 92.38057904246017 62.380147943892595 11.25
      vertex 92.38057904246017 58.419852056107416 11.25
      vertex 92.63450103634844 62.293953041648145 11.25
    endloop
  endfacet
  facet normal 0 0 1
    outer loop
      vertex 92.63450103634844 62.293953041648145 11.25
      vertex 92.63450103634844 58.50604695835187 11.25
      vertex 92.87500000000001 62.175352077758106 11.25
    endloop
  endfacet
  facet normal 0 0 1
    outer loop
      vertex 92.87500000000001 62.175352077758106 11.25
      vertex 92.87500000000001 58.624647922241905 11.25
      vertex 93.09796092946789 62.026374347597034 11.25
    endloop
  endfacet
  facet normal 0 0 1
    outer loop
      vertex 93.09796092946789 62.026374347597034 11.25
      vertex 93.09796092946789 58.77362565240298 11.25
      vertex 93.29956890143244 61.84956890143243 11.25
    endloop
  endfacet
  facet normal 0 0 1
    outer loop
      vertex 93.29956890143244 61.84956890143243 11.25
      vertex 93.29956890143244 58.950431098567584 11.25
      vertex 93.47637434759704 61.647960929467885 11.25
    endloop
  endfacet
  facet normal 0 0 1
    outer loop
      vertex 93.47637434759704 61.647960929467885 11.25
      vertex 93.47637434759704 59.152039070532126 11.25
      vertex 93.62535207775811 61.425000000000004 11.25
    endloop
  endfacet
  facet normal 0 0 1
    outer loop
      vertex 93.62535207775811 61.425000000000004 11.25
      vertex 93.62535207775811 59.37500000000001 11.25
      vertex 93.74395304164814 61.184501036348436 11.25
    endloop
  endfacet
  facet normal 0 0 1
    outer loop
      vertex 93.74395304164814 61.184501036348436 11.25
      vertex 93.74395304164814 59.615498963651575 11.25
      vertex 93.8301479438926 60.930579042460174 11.25
    endloop
  endfacet
  facet normal 0 0 1
    outer loop
      vertex 93.8301479438926 60.930579042460174 11.25
      vertex 93.8301479438926 59.86942095753984 11.25
      vertex 93.88246196581632 60.66757869405111 11.25
    endloop
  endfacet
  facet normal 0 0 1
    outer loop
      vertex 93.88246196581632 60.66757869405111 11.25
      vertex 93.88246196581632 60.1324213059489 11.25
      vertex 93.9 60.400000000000006 11.25
    endloop
  endfacet
  facet normal 0 0 1
    outer loop
      vertex 93.88246196581632 60.66757869405111 11.25
      vertex 93.8301479438926 59.86942095753984 11.25
      vertex 93.88246196581632 60.1324213059489 11.25
    endloop
  endfacet
  facet normal 0 0 1
    outer loop
      vertex 91.85000000000001 62.45 11.25
      vertex 91.5824213059489 58.367538034183696 11.25
      vertex 91.85000000000001 58.35000000000001 11.25
    endloop
  endfacet
  facet normal 0 0 1
    outer loop
      vertex 92.11757869405112 62.432461965816316 11.25
      vertex 91.85000000000001 58.35000000000001 11.25
      vertex 92.11757869405112 58.367538034183696 11.25
    endloop
  endfacet
  facet normal 0 0 1
    outer loop
      vertex 92.38057904246017 62.380147943892595 11.25
      vertex 92.11757869405112 58.367538034183696 11.25
      vertex 92.38057904246017 58.419852056107416 11.25
    endloop
  endfacet
  facet normal 0 0 1
    outer loop
      vertex 92.63450103634844 62.293953041648145 11.25
      vertex 92.38057904246017 58.419852056107416 11.25
      vertex 92.63450103634844 58.50604695835187 11.25
    endloop
  endfacet
  facet normal 0 0 1
    outer loop
      vertex 92.87500000000001 62.175352077758106 11.25
      vertex 92.63450103634844 58.50604695835187 11.25
      vertex 92.87500000000001 58.624647922241905 11.25
    endloop
  endfacet
  facet normal 0 0 1
    outer loop
      vertex 93.09796092946789 62.026374347597034 11.25
      vertex 92.87500000000001 58.624647922241905 11.25
      vertex 93.09796092946789 58.77362565240298 11.25
    endloop
  endfacet
  facet normal 0 0 1
    outer loop
      vertex 93.29956890143244 61.84956890143243 11.25
      vertex 93.09796092946789 58.77362565240298 11.25
      vertex 93.29956890143244 58.950431098567584 11.25
    endloop
  endfacet
  facet normal 0 0 1
    outer loop
      vertex 93.47637434759704 61.647960929467885 11.25
      vertex 93.29956890143244 58.950431098567584 11.25
      vertex 93.47637434759704 59.152039070532126 11.25
    endloop
  endfacet
  facet normal 0 0 1
    outer loop
      vertex 93.62535207775811 61.425000000000004 11.25
      vertex 93.47637434759704 59.152039070532126 11.25
      vertex 93.62535207775811 59.37500000000001 11.25
    endloop
  endfacet
  facet normal 0 0 1
    outer loop
      vertex 93.74395304164814 61.184501036348436 11.25
      vertex 93.62535207775811 59.37500000000001 11.25
      vertex 93.74395304164814 59.615498963651575 11.25
    endloop
  endfacet
  facet normal 0 0 1
    outer loop
      vertex 93.8301479438926 60.930579042460174 11.25
      vertex 93.74395304164814 59.615498963651575 11.25
      vertex 93.8301479438926 59.86942095753984 11.25
    endloop
  endfacet
  facet normal 0.3214394653031529 -0.9469301294951087 0
    outer loop
      vertex -92.63450103634844 62.293953041648145 11.25
      vertex -92.38057904246017 62.380147943892595 17.45
      vertex -92.63450103634844 62.293953041648145 17.45
    endloop
  endfacet
  facet normal 0.19509032201613333 -0.9807852804032295 0
    outer loop
      vertex -92.38057904246017 62.380147943892595 11.25
      vertex -92.11757869405112 62.432461965816316 17.45
      vertex -92.38057904246017 62.380147943892595 17.45
    endloop
  endfacet
  facet normal 0.065403129230136 -0.9978589232386039 0
    outer loop
      vertex -92.11757869405112 62.432461965816316 11.25
      vertex -91.85000000000001 62.45 17.45
      vertex -92.11757869405112 62.432461965816316 17.45
    endloop
  endfacet
  facet normal -0.065403129230136 -0.9978589232386039 0
    outer loop
      vertex -91.85000000000001 62.45 11.25
      vertex -91.5824213059489 62.432461965816316 17.45
      vertex -91.85000000000001 62.45 17.45
    endloop
  endfacet
  facet normal 0.8968727415327002 -0.4422886902189772 0
    outer loop
      vertex -93.74395304164814 61.184501036348436 11.25
      vertex -93.62535207775811 61.425000000000004 17.45
      vertex -93.74395304164814 61.184501036348436 17.45
    endloop
  endfacet
  facet normal 0.8314696123025541 -0.555570233019589 0
    outer loop
      vertex -93.62535207775811 61.425000000000004 11.25
      vertex -93.47637434759704 61.647960929467885 17.45
      vertex -93.62535207775811 61.425000000000004 17.45
    endloop
  endfacet
  facet normal 0.7518398074789764 -0.6593458151000701 0
    outer loop
      vertex -93.47637434759704 61.647960929467885 11.25
      vertex -93.29956890143244 61.84956890143243 17.45
      vertex -93.47637434759704 61.647960929467885 17.45
    endloop
  endfacet
  facet normal 0.9469301294950977 -0.32143946530318473 0
    outer loop
      vertex -93.8301479438926 60.930579042460174 11.25
      vertex -93.74395304164814 61.184501036348436 17.45
      vertex -93.8301479438926 60.930579042460174 17.45
    endloop
  endfacet
  facet normal 0.9807852804032314 -0.1950903220161232 0
    outer loop
      vertex -93.88246196581632 60.66757869405111 11.25
      vertex -93.8301479438926 60.930579042460174 17.45
      vertex -93.88246196581632 60.66757869405111 17.45
    endloop
  endfacet
  facet normal 0.9978589232386039 -0.06540312923013772 0
    outer loop
      vertex -93.9 60.400000000000006 11.25
      vertex -93.88246196581632 60.66757869405111 17.45
      vertex -93.9 60.400000000000006 17.45
    endloop
  endfacet
  facet normal 0.9978589232386039 0.06540312923013772 0
    outer loop
      vertex -93.88246196581632 60.1324213059489 11.25
      vertex -93.9 60.400000000000006 17.45
      vertex -93.88246196581632 60.1324213059489 17.45
    endloop
  endfacet
  facet normal 0.5555702330196196 -0.8314696123025337 0
    outer loop
      vertex -93.09796092946789 62.026374347597034 11.25
      vertex -92.87500000000001 62.175352077758106 17.45
      vertex -93.09796092946789 62.026374347597034 17.45
    endloop
  endfacet
  facet normal 0.6593458151000569 -0.7518398074789878 0
    outer loop
      vertex -93.29956890143244 61.84956890143243 11.25
      vertex -93.09796092946789 62.026374347597034 17.45
      vertex -93.29956890143244 61.84956890143243 17.45
    endloop
  endfacet
  facet normal 0.44228869021898803 -0.8968727415326948 0
    outer loop
      vertex -92.87500000000001 62.175352077758106 11.25
      vertex -92.63450103634844 62.293953041648145 17.45
      vertex -92.87500000000001 62.175352077758106 17.45
    endloop
  endfacet
  facet normal 0.9807852804032314 0.1950903220161232 0
    outer loop
      vertex -93.8301479438926 59.86942095753984 11.25
      vertex -93.88246196581632 60.1324213059489 17.45
      vertex -93.8301479438926 59.86942095753984 17.45
    endloop
  endfacet
  facet normal 0.9469301294950977 0.32143946530318473 0
    outer loop
      vertex -93.74395304164814 59.615498963651575 11.25
      vertex -93.8301479438926 59.86942095753984 17.45
      vertex -93.74395304164814 59.615498963651575 17.45
    endloop
  endfacet
  facet normal 0.8968727415327002 0.4422886902189772 0
    outer loop
      vertex -93.62535207775811 59.37500000000001 11.25
      vertex -93.74395304164814 59.615498963651575 17.45
      vertex -93.62535207775811 59.37500000000001 17.45
    endloop
  endfacet
  facet normal 0.8314696123025541 0.555570233019589 0
    outer loop
      vertex -93.47637434759704 59.152039070532126 11.25
      vertex -93.62535207775811 59.37500000000001 17.45
      vertex -93.47637434759704 59.152039070532126 17.45
    endloop
  endfacet
  facet normal 0.7518398074789764 0.6593458151000701 0
    outer loop
      vertex -93.29956890143244 58.950431098567584 11.25
      vertex -93.47637434759704 59.152039070532126 17.45
      vertex -93.29956890143244 58.950431098567584 17.45
    endloop
  endfacet
  facet normal 0.6593458151000569 0.7518398074789878 0
    outer loop
      vertex -93.09796092946789 58.77362565240298 11.25
      vertex -93.29956890143244 58.950431098567584 17.45
      vertex -93.09796092946789 58.77362565240298 17.45
    endloop
  endfacet
  facet normal 0.5555702330196196 0.8314696123025337 0
    outer loop
      vertex -92.87500000000001 58.624647922241905 11.25
      vertex -93.09796092946789 58.77362565240298 17.45
      vertex -92.87500000000001 58.624647922241905 17.45
    endloop
  endfacet
  facet normal 0.44228869021898803 0.8968727415326948 0
    outer loop
      vertex -92.63450103634844 58.50604695835187 11.25
      vertex -92.87500000000001 58.624647922241905 17.45
      vertex -92.63450103634844 58.50604695835187 17.45
    endloop
  endfacet
  facet normal 0.3214394653031529 0.9469301294951087 0
    outer loop
      vertex -92.38057904246017 58.419852056107416 11.25
      vertex -92.63450103634844 58.50604695835187 17.45
      vertex -92.38057904246017 58.419852056107416 17.45
    endloop
  endfacet
  facet normal 0.19509032201613333 0.9807852804032295 0
    outer loop
      vertex -92.11757869405112 58.367538034183696 11.25
      vertex -92.38057904246017 58.419852056107416 17.45
      vertex -92.11757869405112 58.367538034183696 17.45
    endloop
  endfacet
  facet normal 0.065403129230136 0.9978589232386039 0
    outer loop
      vertex -91.85000000000001 58.35000000000001 11.25
      vertex -92.11757869405112 58.367538034183696 17.45
      vertex -91.85000000000001 58.35000000000001 17.45
    endloop
  endfacet
  facet normal -0.19509032201613333 -0.9807852804032295 0
    outer loop
      vertex -91.5824213059489 62.432461965816316 11.25
      vertex -91.31942095753985 62.380147943892595 17.45
      vertex -91.5824213059489 62.432461965816316 17.45
    endloop
  endfacet
  facet normal -0.3214394653031529 -0.9469301294951087 0
    outer loop
      vertex -91.31942095753985 62.380147943892595 11.25
      vertex -91.06549896365158 62.293953041648145 17.45
      vertex -91.31942095753985 62.380147943892595 17.45
    endloop
  endfacet
  facet normal -0.44228869021898803 -0.8968727415326948 0
    outer loop
      vertex -91.06549896365158 62.293953041648145 11.25
      vertex -90.825 62.175352077758106 17.45
      vertex -91.06549896365158 62.293953041648145 17.45
    endloop
  endfacet
  facet normal -0.5555702330196196 -0.8314696123025337 0
    outer loop
      vertex -90.825 62.175352077758106 11.25
      vertex -90.60203907053213 62.026374347597034 17.45
      vertex -90.825 62.175352077758106 17.45
    endloop
  endfacet
  facet normal -0.6593458151000569 -0.7518398074789878 0
    outer loop
      vertex -90.60203907053213 62.026374347597034 11.25
      vertex -90.40043109856758 61.84956890143243 17.45
      vertex -90.60203907053213 62.026374347597034 17.45
    endloop
  endfacet
  facet normal -0.7518398074789764 -0.6593458151000701 0
    outer loop
      vertex -90.40043109856758 61.84956890143243 11.25
      vertex -90.22362565240297 61.647960929467885 17.45
      vertex -90.40043109856758 61.84956890143243 17.45
    endloop
  endfacet
  facet normal -0.8314696123025541 -0.555570233019589 0
    outer loop
      vertex -90.22362565240297 61.647960929467885 11.25
      vertex -90.07464792224191 61.425000000000004 17.45
      vertex -90.22362565240297 61.647960929467885 17.45
    endloop
  endfacet
  facet normal -0.8968727415327002 -0.4422886902189772 0
    outer loop
      vertex -90.07464792224191 61.425000000000004 11.25
      vertex -89.95604695835188 61.184501036348436 17.45
      vertex -90.07464792224191 61.425000000000004 17.45
    endloop
  endfacet
  facet normal -0.9469301294950977 -0.32143946530318473 0
    outer loop
      vertex -89.95604695835188 61.184501036348436 11.25
      vertex -89.86985205610742 60.930579042460174 17.45
      vertex -89.95604695835188 61.184501036348436 17.45
    endloop
  endfacet
  facet normal -0.9807852804032314 -0.1950903220161232 0
    outer loop
      vertex -89.86985205610742 60.930579042460174 11.25
      vertex -89.8175380341837 60.66757869405111 17.45
      vertex -89.86985205610742 60.930579042460174 17.45
    endloop
  endfacet
  facet normal -0.9978589232386039 -0.06540312923013772 0
    outer loop
      vertex -89.8175380341837 60.66757869405111 11.25
      vertex -89.80000000000001 60.400000000000006 17.45
      vertex -89.8175380341837 60.66757869405111 17.45
    endloop
  endfacet
  facet normal -0.9978589232386039 0.06540312923013772 0
    outer loop
      vertex -89.80000000000001 60.400000000000006 11.25
      vertex -89.8175380341837 60.1324213059489 17.45
      vertex -89.80000000000001 60.400000000000006 17.45
    endloop
  endfacet
  facet normal -0.065403129230136 0.9978589232386039 0
    outer loop
      vertex -91.5824213059489 58.367538034183696 11.25
      vertex -91.85000000000001 58.35000000000001 17.45
      vertex -91.5824213059489 58.367538034183696 17.45
    endloop
  endfacet
  facet normal -0.19509032201613333 0.9807852804032295 0
    outer loop
      vertex -91.31942095753985 58.419852056107416 11.25
      vertex -91.5824213059489 58.367538034183696 17.45
      vertex -91.31942095753985 58.419852056107416 17.45
    endloop
  endfacet
  facet normal -0.3214394653031529 0.9469301294951087 0
    outer loop
      vertex -91.06549896365158 58.50604695835187 11.25
      vertex -91.31942095753985 58.419852056107416 17.45
      vertex -91.06549896365158 58.50604695835187 17.45
    endloop
  endfacet
  facet normal -0.5555702330196196 0.8314696123025337 0
    outer loop
      vertex -90.60203907053213 58.77362565240298 11.25
      vertex -90.825 58.624647922241905 17.45
      vertex -90.60203907053213 58.77362565240298 17.45
    endloop
  endfacet
  facet normal -0.6593458151000569 0.7518398074789878 0
    outer loop
      vertex -90.40043109856758 58.950431098567584 11.25
      vertex -90.60203907053213 58.77362565240298 17.45
      vertex -90.40043109856758 58.950431098567584 17.45
    endloop
  endfacet
  facet normal -0.7518398074789764 0.6593458151000701 0
    outer loop
      vertex -90.22362565240297 59.152039070532126 11.25
      vertex -90.40043109856758 58.950431098567584 17.45
      vertex -90.22362565240297 59.152039070532126 17.45
    endloop
  endfacet
  facet normal -0.44228869021898803 0.8968727415326948 0
    outer loop
      vertex -90.825 58.624647922241905 11.25
      vertex -91.06549896365158 58.50604695835187 17.45
      vertex -90.825 58.624647922241905 17.45
    endloop
  endfacet
  facet normal -0.9807852804032314 0.1950903220161232 0
    outer loop
      vertex -89.8175380341837 60.1324213059489 11.25
      vertex -89.86985205610742 59.86942095753984 17.45
      vertex -89.8175380341837 60.1324213059489 17.45
    endloop
  endfacet
  facet normal -0.9469301294950977 0.32143946530318473 0
    outer loop
      vertex -89.86985205610742 59.86942095753984 11.25
      vertex -89.95604695835188 59.615498963651575 17.45
      vertex -89.86985205610742 59.86942095753984 17.45
    endloop
  endfacet
  facet normal -0.8968727415327002 0.4422886902189772 0
    outer loop
      vertex -89.95604695835188 59.615498963651575 11.25
      vertex -90.07464792224191 59.37500000000001 17.45
      vertex -89.95604695835188 59.615498963651575 17.45
    endloop
  endfacet
  facet normal -0.8314696123025541 0.555570233019589 0
    outer loop
      vertex -90.07464792224191 59.37500000000001 11.25
      vertex -90.22362565240297 59.152039070532126 17.45
      vertex -90.07464792224191 59.37500000000001 17.45
    endloop
  endfacet
  facet normal 0.44228869021898803 -0.8968727415326948 -4.438442996167146e-19
    outer loop
      vertex -92.87500000000001 62.175352077758106 11.25
      vertex -92.63450103634844 62.293953041648145 11.25
      vertex -92.63450103634844 62.293953041648145 17.45
    endloop
  endfacet
  facet normal 0.3214394653031529 -0.9469301294951087 2.571257907471581e-19
    outer loop
      vertex -92.63450103634844 62.293953041648145 11.25
      vertex -92.38057904246017 62.380147943892595 11.25
      vertex -92.38057904246017 62.380147943892595 17.45
    endloop
  endfacet
  facet normal 0.19509032201613333 -0.9807852804032295 2.6963370948983907e-19
    outer loop
      vertex -92.38057904246017 62.380147943892595 11.25
      vertex -92.11757869405112 62.432461965816316 11.25
      vertex -92.11757869405112 62.432461965816316 17.45
    endloop
  endfacet
  facet normal 0.065403129230136 -0.9978589232386039 -2.407096094360382e-19
    outer loop
      vertex -92.11757869405112 62.432461965816316 11.25
      vertex -91.85000000000001 62.45 11.25
      vertex -91.85000000000001 62.45 17.45
    endloop
  endfacet
  facet normal 0.7518398074789764 -0.6593458151000701 0
    outer loop
      vertex -93.29956890143244 61.84956890143243 11.25
      vertex -93.29956890143244 61.84956890143243 17.45
      vertex -93.47637434759704 61.647960929467885 11.25
    endloop
  endfacet
  facet normal 0.8968727415327002 -0.4422886902189772 0
    outer loop
      vertex -93.62535207775811 61.425000000000004 11.25
      vertex -93.62535207775811 61.425000000000004 17.45
      vertex -93.74395304164814 61.184501036348436 11.25
    endloop
  endfacet
  facet normal 0.8314696123025541 -0.555570233019589 0
    outer loop
      vertex -93.47637434759704 61.647960929467885 11.25
      vertex -93.47637434759704 61.647960929467885 17.45
      vertex -93.62535207775811 61.425000000000004 11.25
    endloop
  endfacet
  facet normal 0.9469301294950977 -0.32143946530318473 0
    outer loop
      vertex -93.74395304164814 61.184501036348436 11.25
      vertex -93.74395304164814 61.184501036348436 17.45
      vertex -93.8301479438926 60.930579042460174 11.25
    endloop
  endfacet
  facet normal 0.9807852804032314 -0.1950903220161232 0
    outer loop
      vertex -93.8301479438926 60.930579042460174 11.25
      vertex -93.8301479438926 60.930579042460174 17.45
      vertex -93.88246196581632 60.66757869405111 11.25
    endloop
  endfacet
  facet normal 0.9978589232386039 -0.06540312923013772 0
    outer loop
      vertex -93.88246196581632 60.66757869405111 11.25
      vertex -93.88246196581632 60.66757869405111 17.45
      vertex -93.9 60.400000000000006 11.25
    endloop
  endfacet
  facet normal 0.9978589232386039 0.06540312923013772 0
    outer loop
      vertex -93.9 60.400000000000006 11.25
      vertex -93.9 60.400000000000006 17.45
      vertex -93.88246196581632 60.1324213059489 11.25
    endloop
  endfacet
  facet normal 0.5555702330196196 -0.8314696123025337 -9.574610778669245e-19
    outer loop
      vertex -93.09796092946789 62.026374347597034 11.25
      vertex -92.87500000000001 62.175352077758106 11.25
      vertex -92.87500000000001 62.175352077758106 17.45
    endloop
  endfacet
  facet normal 0.6593458151000569 -0.7518398074789878 -1.8732085060031385e-18
    outer loop
      vertex -93.29956890143244 61.84956890143243 11.25
      vertex -93.09796092946789 62.026374347597034 11.25
      vertex -93.09796092946789 62.026374347597034 17.45
    endloop
  endfacet
  facet normal 0.9807852804032314 0.1950903220161232 0
    outer loop
      vertex -93.88246196581632 60.1324213059489 11.25
      vertex -93.88246196581632 60.1324213059489 17.45
      vertex -93.8301479438926 59.86942095753984 11.25
    endloop
  endfacet
  facet normal 0.9469301294950977 0.32143946530318473 0
    outer loop
      vertex -93.8301479438926 59.86942095753984 11.25
      vertex -93.8301479438926 59.86942095753984 17.45
      vertex -93.74395304164814 59.615498963651575 11.25
    endloop
  endfacet
  facet normal 0.8968727415327002 0.4422886902189772 0
    outer loop
      vertex -93.74395304164814 59.615498963651575 11.25
      vertex -93.74395304164814 59.615498963651575 17.45
      vertex -93.62535207775811 59.37500000000001 11.25
    endloop
  endfacet
  facet normal 0.8314696123025541 0.555570233019589 0
    outer loop
      vertex -93.62535207775811 59.37500000000001 11.25
      vertex -93.62535207775811 59.37500000000001 17.45
      vertex -93.47637434759704 59.152039070532126 11.25
    endloop
  endfacet
  facet normal 0.7518398074789764 0.6593458151000701 0
    outer loop
      vertex -93.47637434759704 59.152039070532126 11.25
      vertex -93.47637434759704 59.152039070532126 17.45
      vertex -93.29956890143244 58.950431098567584 11.25
    endloop
  endfacet
  facet normal 0.6593458151000569 0.7518398074789878 0
    outer loop
      vertex -93.29956890143244 58.950431098567584 11.25
      vertex -93.29956890143244 58.950431098567584 17.45
      vertex -93.09796092946789 58.77362565240298 11.25
    endloop
  endfacet
  facet normal 0.5555702330196196 0.8314696123025337 0
    outer loop
      vertex -93.09796092946789 58.77362565240298 11.25
      vertex -93.09796092946789 58.77362565240298 17.45
      vertex -92.87500000000001 58.624647922241905 11.25
    endloop
  endfacet
  facet normal 0.44228869021898803 0.8968727415326948 0
    outer loop
      vertex -92.87500000000001 58.624647922241905 11.25
      vertex -92.87500000000001 58.624647922241905 17.45
      vertex -92.63450103634844 58.50604695835187 11.25
    endloop
  endfacet
  facet normal 0.3214394653031529 0.9469301294951087 0
    outer loop
      vertex -92.63450103634844 58.50604695835187 11.25
      vertex -92.63450103634844 58.50604695835187 17.45
      vertex -92.38057904246017 58.419852056107416 11.25
    endloop
  endfacet
  facet normal 0.19509032201613333 0.9807852804032295 0
    outer loop
      vertex -92.38057904246017 58.419852056107416 11.25
      vertex -92.38057904246017 58.419852056107416 17.45
      vertex -92.11757869405112 58.367538034183696 11.25
    endloop
  endfacet
  facet normal 0.065403129230136 0.9978589232386039 0
    outer loop
      vertex -92.11757869405112 58.367538034183696 11.25
      vertex -92.11757869405112 58.367538034183696 17.45
      vertex -91.85000000000001 58.35000000000001 11.25
    endloop
  endfacet
  facet normal -0.065403129230136 0.9978589232386039 0
    outer loop
      vertex -91.85000000000001 58.35000000000001 11.25
      vertex -91.85000000000001 58.35000000000001 17.45
      vertex -91.5824213059489 58.367538034183696 11.25
    endloop
  endfacet
  facet normal -0.065403129230136 -0.9978589232386039 2.407096094360382e-19
    outer loop
      vertex -91.85000000000001 62.45 11.25
      vertex -91.5824213059489 62.432461965816316 11.25
      vertex -91.5824213059489 62.432461965816316 17.45
    endloop
  endfacet
  facet normal -0.19509032201613333 -0.9807852804032295 -2.6963370948983907e-19
    outer loop
      vertex -91.5824213059489 62.432461965816316 11.25
      vertex -91.31942095753985 62.380147943892595 11.25
      vertex -91.31942095753985 62.380147943892595 17.45
    endloop
  endfacet
  facet normal -0.3214394653031529 -0.9469301294951087 -2.571257907471581e-19
    outer loop
      vertex -91.31942095753985 62.380147943892595 11.25
      vertex -91.06549896365158 62.293953041648145 11.25
      vertex -91.06549896365158 62.293953041648145 17.45
    endloop
  endfacet
  facet normal -0.44228869021898803 -0.8968727415326948 4.438442996167146e-19
    outer loop
      vertex -91.06549896365158 62.293953041648145 11.25
      vertex -90.825 62.175352077758106 11.25
      vertex -90.825 62.175352077758106 17.45
    endloop
  endfacet
  facet normal -0.5555702330196196 -0.8314696123025337 9.574610778669245e-19
    outer loop
      vertex -90.825 62.175352077758106 11.25
      vertex -90.60203907053213 62.026374347597034 11.25
      vertex -90.60203907053213 62.026374347597034 17.45
    endloop
  endfacet
  facet normal -0.6593458151000569 -0.7518398074789878 1.8732085060031385e-18
    outer loop
      vertex -90.60203907053213 62.026374347597034 11.25
      vertex -90.40043109856758 61.84956890143243 11.25
      vertex -90.40043109856758 61.84956890143243 17.45
    endloop
  endfacet
  facet normal -0.7518398074789764 -0.6593458151000701 2.076786168883054e-18
    outer loop
      vertex -90.40043109856758 61.84956890143243 11.25
      vertex -90.22362565240297 61.647960929467885 11.25
      vertex -90.22362565240297 61.647960929467885 17.45
    endloop
  endfacet
  facet normal -0.8314696123025541 -0.555570233019589 -4.9239960248563815e-20
    outer loop
      vertex -90.22362565240297 61.647960929467885 11.25
      vertex -90.07464792224191 61.425000000000004 11.25
      vertex -90.07464792224191 61.425000000000004 17.45
    endloop
  endfacet
  facet normal -0.8968727415327002 -0.4422886902189772 -7.317656112293717e-19
    outer loop
      vertex -90.07464792224191 61.425000000000004 11.25
      vertex -89.95604695835188 61.184501036348436 11.25
      vertex -89.95604695835188 61.184501036348436 17.45
    endloop
  endfacet
  facet normal -0.9469301294950977 -0.32143946530318473 7.756782937947211e-19
    outer loop
      vertex -89.95604695835188 61.184501036348436 11.25
      vertex -89.86985205610742 60.930579042460174 11.25
      vertex -89.86985205610742 60.930579042460174 17.45
    endloop
  endfacet
  facet normal -0.9807852804032314 -0.1950903220161232 1.9315369798279645e-19
    outer loop
      vertex -89.86985205610742 60.930579042460174 11.25
      vertex -89.8175380341837 60.66757869405111 11.25
      vertex -89.8175380341837 60.66757869405111 17.45
    endloop
  endfacet
  facet normal -0.9978589232386039 -0.06540312923013772 6.936871523416226e-20
    outer loop
      vertex -89.8175380341837 60.66757869405111 11.25
      vertex -89.80000000000001 60.400000000000006 11.25
      vertex -89.80000000000001 60.400000000000006 17.45
    endloop
  endfacet
  facet normal -0.9978589232386039 0.06540312923013772 -6.936871523416226e-20
    outer loop
      vertex -89.80000000000001 60.400000000000006 11.25
      vertex -89.8175380341837 60.1324213059489 11.25
      vertex -89.8175380341837 60.1324213059489 17.45
    endloop
  endfacet
  facet normal -0.19509032201613333 0.9807852804032295 0
    outer loop
      vertex -91.5824213059489 58.367538034183696 11.25
      vertex -91.5824213059489 58.367538034183696 17.45
      vertex -91.31942095753985 58.419852056107416 11.25
    endloop
  endfacet
  facet normal -0.3214394653031529 0.9469301294951087 0
    outer loop
      vertex -91.31942095753985 58.419852056107416 11.25
      vertex -91.31942095753985 58.419852056107416 17.45
      vertex -91.06549896365158 58.50604695835187 11.25
    endloop
  endfacet
  facet normal -0.44228869021898803 0.8968727415326948 -4.438442996167146e-19
    outer loop
      vertex -90.825 58.624647922241905 11.25
      vertex -91.06549896365158 58.50604695835187 11.25
      vertex -91.06549896365158 58.50604695835187 17.45
    endloop
  endfacet
  facet normal -0.5555702330196196 0.8314696123025337 0
    outer loop
      vertex -90.825 58.624647922241905 11.25
      vertex -90.825 58.624647922241905 17.45
      vertex -90.60203907053213 58.77362565240298 11.25
    endloop
  endfacet
  facet normal -0.7518398074789764 0.6593458151000701 0
    outer loop
      vertex -90.40043109856758 58.950431098567584 11.25
      vertex -90.40043109856758 58.950431098567584 17.45
      vertex -90.22362565240297 59.152039070532126 11.25
    endloop
  endfacet
  facet normal -0.6593458151000569 0.7518398074789878 0
    outer loop
      vertex -90.60203907053213 58.77362565240298 11.25
      vertex -90.60203907053213 58.77362565240298 17.45
      vertex -90.40043109856758 58.950431098567584 11.25
    endloop
  endfacet
  facet normal -0.9807852804032314 0.1950903220161232 -1.9315369798279645e-19
    outer loop
      vertex -89.8175380341837 60.1324213059489 11.25
      vertex -89.86985205610742 59.86942095753984 11.25
      vertex -89.86985205610742 59.86942095753984 17.45
    endloop
  endfacet
  facet normal -0.9469301294950977 0.32143946530318473 -7.756782937947211e-19
    outer loop
      vertex -89.86985205610742 59.86942095753984 11.25
      vertex -89.95604695835188 59.615498963651575 11.25
      vertex -89.95604695835188 59.615498963651575 17.45
    endloop
  endfacet
  facet normal -0.8968727415327002 0.4422886902189772 7.317656112293717e-19
    outer loop
      vertex -89.95604695835188 59.615498963651575 11.25
      vertex -90.07464792224191 59.37500000000001 11.25
      vertex -90.07464792224191 59.37500000000001 17.45
    endloop
  endfacet
  facet normal -0.8314696123025541 0.555570233019589 4.9239960248563815e-20
    outer loop
      vertex -90.07464792224191 59.37500000000001 11.25
      vertex -90.22362565240297 59.152039070532126 11.25
      vertex -90.22362565240297 59.152039070532126 17.45
    endloop
  endfacet
  facet normal 0 0 1
    outer loop
      vertex -93.62535207775811 61.425000000000004 11.25
      vertex -93.74395304164814 61.184501036348436 11.25
      vertex -93.74395304164814 59.615498963651575 11.25
    endloop
  endfacet
  facet normal 0 0 1
    outer loop
      vertex -93.47637434759704 61.647960929467885 11.25
      vertex -93.62535207775811 61.425000000000004 11.25
      vertex -93.62535207775811 59.37500000000001 11.25
    endloop
  endfacet
  facet normal 0 0 1
    outer loop
      vertex -93.29956890143244 61.84956890143243 11.25
      vertex -93.47637434759704 61.647960929467885 11.25
      vertex -93.47637434759704 59.152039070532126 11.25
    endloop
  endfacet
  facet normal 0 0 1
    outer loop
      vertex -93.8301479438926 60.930579042460174 11.25
      vertex -93.88246196581632 60.66757869405111 11.25
      vertex -93.88246196581632 60.1324213059489 11.25
    endloop
  endfacet
  facet normal 0 0 1
    outer loop
      vertex -93.74395304164814 61.184501036348436 11.25
      vertex -93.8301479438926 60.930579042460174 11.25
      vertex -93.8301479438926 59.86942095753984 11.25
    endloop
  endfacet
  facet normal 0 0 1
    outer loop
      vertex -93.88246196581632 60.66757869405111 11.25
      vertex -93.9 60.400000000000006 11.25
      vertex -93.88246196581632 60.1324213059489 11.25
    endloop
  endfacet
  facet normal 0 0 1
    outer loop
      vertex -93.8301479438926 60.930579042460174 11.25
      vertex -93.88246196581632 60.1324213059489 11.25
      vertex -93.8301479438926 59.86942095753984 11.25
    endloop
  endfacet
  facet normal 0 0 1
    outer loop
      vertex -93.74395304164814 61.184501036348436 11.25
      vertex -93.8301479438926 59.86942095753984 11.25
      vertex -93.74395304164814 59.615498963651575 11.25
    endloop
  endfacet
  facet normal 0 0 1
    outer loop
      vertex -93.09796092946789 62.026374347597034 11.25
      vertex -93.09796092946789 58.77362565240298 11.25
      vertex -92.87500000000001 62.175352077758106 11.25
    endloop
  endfacet
  facet normal 0 0 1
    outer loop
      vertex -93.29956890143244 61.84956890143243 11.25
      vertex -93.29956890143244 58.950431098567584 11.25
      vertex -93.09796092946789 62.026374347597034 11.25
    endloop
  endfacet
  facet normal 0 0 1
    outer loop
      vertex -92.87500000000001 62.175352077758106 11.25
      vertex -92.87500000000001 58.624647922241905 11.25
      vertex -92.63450103634844 62.293953041648145 11.25
    endloop
  endfacet
  facet normal 0 0 1
    outer loop
      vertex -92.63450103634844 62.293953041648145 11.25
      vertex -92.63450103634844 58.50604695835187 11.25
      vertex -92.38057904246017 62.380147943892595 11.25
    endloop
  endfacet
  facet normal 0 0 1
    outer loop
      vertex -92.38057904246017 62.380147943892595 11.25
      vertex -92.38057904246017 58.419852056107416 11.25
      vertex -92.11757869405112 62.432461965816316 11.25
    endloop
  endfacet
  facet normal 0 0 1
    outer loop
      vertex -92.11757869405112 62.432461965816316 11.25
      vertex -92.11757869405112 58.367538034183696 11.25
      vertex -91.85000000000001 62.45 11.25
    endloop
  endfacet
  facet normal 0 0 1
    outer loop
      vertex -91.85000000000001 62.45 11.25
      vertex -91.85000000000001 58.35000000000001 11.25
      vertex -91.5824213059489 62.432461965816316 11.25
    endloop
  endfacet
  facet normal 0 0 1
    outer loop
      vertex -93.62535207775811 61.425000000000004 11.25
      vertex -93.74395304164814 59.615498963651575 11.25
      vertex -93.62535207775811 59.37500000000001 11.25
    endloop
  endfacet
  facet normal 0 0 1
    outer loop
      vertex -93.47637434759704 61.647960929467885 11.25
      vertex -93.62535207775811 59.37500000000001 11.25
      vertex -93.47637434759704 59.152039070532126 11.25
    endloop
  endfacet
  facet normal 0 0 1
    outer loop
      vertex -93.29956890143244 61.84956890143243 11.25
      vertex -93.47637434759704 59.152039070532126 11.25
      vertex -93.29956890143244 58.950431098567584 11.25
    endloop
  endfacet
  facet normal 0 0 1
    outer loop
      vertex -93.09796092946789 62.026374347597034 11.25
      vertex -93.29956890143244 58.950431098567584 11.25
      vertex -93.09796092946789 58.77362565240298 11.25
    endloop
  endfacet
  facet normal 0 0 1
    outer loop
      vertex -92.87500000000001 62.175352077758106 11.25
      vertex -93.09796092946789 58.77362565240298 11.25
      vertex -92.87500000000001 58.624647922241905 11.25
    endloop
  endfacet
  facet normal 0 0 1
    outer loop
      vertex -92.63450103634844 62.293953041648145 11.25
      vertex -92.87500000000001 58.624647922241905 11.25
      vertex -92.63450103634844 58.50604695835187 11.25
    endloop
  endfacet
  facet normal 0 0 1
    outer loop
      vertex -92.38057904246017 62.380147943892595 11.25
      vertex -92.63450103634844 58.50604695835187 11.25
      vertex -92.38057904246017 58.419852056107416 11.25
    endloop
  endfacet
  facet normal 0 0 1
    outer loop
      vertex -92.11757869405112 62.432461965816316 11.25
      vertex -92.38057904246017 58.419852056107416 11.25
      vertex -92.11757869405112 58.367538034183696 11.25
    endloop
  endfacet
  facet normal 0 0 1
    outer loop
      vertex -91.85000000000001 62.45 11.25
      vertex -92.11757869405112 58.367538034183696 11.25
      vertex -91.85000000000001 58.35000000000001 11.25
    endloop
  endfacet
  facet normal 0 0 1
    outer loop
      vertex -91.5824213059489 62.432461965816316 11.25
      vertex -91.5824213059489 58.367538034183696 11.25
      vertex -91.31942095753985 62.380147943892595 11.25
    endloop
  endfacet
  facet normal 0 0 1
    outer loop
      vertex -91.31942095753985 62.380147943892595 11.25
      vertex -91.31942095753985 58.419852056107416 11.25
      vertex -91.06549896365158 62.293953041648145 11.25
    endloop
  endfacet
  facet normal 0 0 1
    outer loop
      vertex -91.06549896365158 62.293953041648145 11.25
      vertex -91.06549896365158 58.50604695835187 11.25
      vertex -90.825 62.175352077758106 11.25
    endloop
  endfacet
  facet normal 0 0 1
    outer loop
      vertex -90.825 62.175352077758106 11.25
      vertex -90.825 58.624647922241905 11.25
      vertex -90.60203907053213 62.026374347597034 11.25
    endloop
  endfacet
  facet normal 0 0 1
    outer loop
      vertex -90.60203907053213 62.026374347597034 11.25
      vertex -90.60203907053213 58.77362565240298 11.25
      vertex -90.40043109856758 61.84956890143243 11.25
    endloop
  endfacet
  facet normal 0 0 1
    outer loop
      vertex -90.40043109856758 61.84956890143243 11.25
      vertex -90.40043109856758 58.950431098567584 11.25
      vertex -90.22362565240297 61.647960929467885 11.25
    endloop
  endfacet
  facet normal 0 0 1
    outer loop
      vertex -90.22362565240297 61.647960929467885 11.25
      vertex -90.22362565240297 59.152039070532126 11.25
      vertex -90.07464792224191 61.425000000000004 11.25
    endloop
  endfacet
  facet normal 0 0 1
    outer loop
      vertex -90.07464792224191 61.425000000000004 11.25
      vertex -90.07464792224191 59.37500000000001 11.25
      vertex -89.95604695835188 61.184501036348436 11.25
    endloop
  endfacet
  facet normal 0 0 1
    outer loop
      vertex -89.95604695835188 61.184501036348436 11.25
      vertex -89.95604695835188 59.615498963651575 11.25
      vertex -89.86985205610742 60.930579042460174 11.25
    endloop
  endfacet
  facet normal 0 0 1
    outer loop
      vertex -89.86985205610742 60.930579042460174 11.25
      vertex -89.86985205610742 59.86942095753984 11.25
      vertex -89.8175380341837 60.66757869405111 11.25
    endloop
  endfacet
  facet normal 0 0 1
    outer loop
      vertex -89.8175380341837 60.66757869405111 11.25
      vertex -89.86985205610742 59.86942095753984 11.25
      vertex -89.8175380341837 60.1324213059489 11.25
    endloop
  endfacet
  facet normal 0 0 1
    outer loop
      vertex -89.8175380341837 60.66757869405111 11.25
      vertex -89.8175380341837 60.1324213059489 11.25
      vertex -89.80000000000001 60.400000000000006 11.25
    endloop
  endfacet
  facet normal 0 0 1
    outer loop
      vertex -91.5824213059489 62.432461965816316 11.25
      vertex -91.85000000000001 58.35000000000001 11.25
      vertex -91.5824213059489 58.367538034183696 11.25
    endloop
  endfacet
  facet normal 0 0 1
    outer loop
      vertex -91.31942095753985 62.380147943892595 11.25
      vertex -91.5824213059489 58.367538034183696 11.25
      vertex -91.31942095753985 58.419852056107416 11.25
    endloop
  endfacet
  facet normal 0 0 1
    outer loop
      vertex -91.06549896365158 62.293953041648145 11.25
      vertex -91.31942095753985 58.419852056107416 11.25
      vertex -91.06549896365158 58.50604695835187 11.25
    endloop
  endfacet
  facet normal 0 0 1
    outer loop
      vertex -90.825 62.175352077758106 11.25
      vertex -91.06549896365158 58.50604695835187 11.25
      vertex -90.825 58.624647922241905 11.25
    endloop
  endfacet
  facet normal 0 0 1
    outer loop
      vertex -90.60203907053213 62.026374347597034 11.25
      vertex -90.825 58.624647922241905 11.25
      vertex -90.60203907053213 58.77362565240298 11.25
    endloop
  endfacet
  facet normal 0 0 1
    outer loop
      vertex -90.22362565240297 61.647960929467885 11.25
      vertex -90.40043109856758 58.950431098567584 11.25
      vertex -90.22362565240297 59.152039070532126 11.25
    endloop
  endfacet
  facet normal 0 0 1
    outer loop
      vertex -90.40043109856758 61.84956890143243 11.25
      vertex -90.60203907053213 58.77362565240298 11.25
      vertex -90.40043109856758 58.950431098567584 11.25
    endloop
  endfacet
  facet normal 0 0 1
    outer loop
      vertex -90.07464792224191 61.425000000000004 11.25
      vertex -90.22362565240297 59.152039070532126 11.25
      vertex -90.07464792224191 59.37500000000001 11.25
    endloop
  endfacet
  facet normal 0 0 1
    outer loop
      vertex -89.86985205610742 60.930579042460174 11.25
      vertex -89.95604695835188 59.615498963651575 11.25
      vertex -89.86985205610742 59.86942095753984 11.25
    endloop
  endfacet
  facet normal 0 0 1
    outer loop
      vertex -89.95604695835188 61.184501036348436 11.25
      vertex -90.07464792224191 59.37500000000001 11.25
      vertex -89.95604695835188 59.615498963651575 11.25
    endloop
  endfacet
  facet normal 0.83146961230255 -0.5555702330195951 0
    outer loop
      vertex 90.07464792224191 1.025 11.25
      vertex 90.22362565240297 1.2479609294678773 17.45
      vertex 90.07464792224191 1.025 17.45
    endloop
  endfacet
  facet normal 0.8968727415326987 -0.4422886902189802 0
    outer loop
      vertex 89.95604695835188 0.7845010363484339 11.25
      vertex 90.07464792224191 1.025 17.45
      vertex 89.95604695835188 0.7845010363484339 17.45
    endloop
  endfacet
  facet normal 0.9469301294950992 -0.32143946530318024 0
    outer loop
      vertex 89.86985205610742 0.5305790424601675 11.25
      vertex 89.95604695835188 0.7845010363484339 17.45
      vertex 89.86985205610742 0.5305790424601675 17.45
    endloop
  endfacet
  facet normal 0.9978589232386039 -0.06540312923013711 0
    outer loop
      vertex 89.80000000000001 0 11.25
      vertex 89.8175380341837 0.2675786940511057 17.45
      vertex 89.80000000000001 0 17.45
    endloop
  endfacet
  facet normal 0.9807852804032311 -0.1950903220161255 0
    outer loop
      vertex 89.8175380341837 0.2675786940511057 11.25
      vertex 89.86985205610742 0.5305790424601675 17.45
      vertex 89.8175380341837 0.2675786940511057 17.45
    endloop
  endfacet
  facet normal 0.5555702330196075 -0.8314696123025417 0
    outer loop
      vertex 90.60203907053213 1.626374347597032 11.25
      vertex 90.825 1.775352077758099 17.45
      vertex 90.60203907053213 1.626374347597032 17.45
    endloop
  endfacet
  facet normal 0.44228869021898803 -0.8968727415326948 0
    outer loop
      vertex 90.825 1.775352077758099 11.25
      vertex 91.06549896365158 1.8939530416481376 17.45
      vertex 90.825 1.775352077758099 17.45
    endloop
  endfacet
  facet normal 0.7518398074789817 -0.6593458151000638 0
    outer loop
      vertex 90.22362565240297 1.2479609294678773 11.25
      vertex 90.40043109856758 1.4495689014324225 17.45
      vertex 90.22362565240297 1.2479609294678773 17.45
    endloop
  endfacet
  facet normal 0.6593458151000616 -0.7518398074789837 0
    outer loop
      vertex 90.40043109856758 1.4495689014324225 11.25
      vertex 90.60203907053213 1.626374347597032 17.45
      vertex 90.40043109856758 1.4495689014324225 17.45
    endloop
  endfacet
  facet normal 0.32143946530315887 -0.9469301294951066 0
    outer loop
      vertex 91.06549896365158 1.8939530416481376 11.25
      vertex 91.31942095753985 1.98014794389259 17.45
      vertex 91.06549896365158 1.8939530416481376 17.45
    endloop
  endfacet
  facet normal 0.1950903220161349 -0.9807852804032291 0
    outer loop
      vertex 91.31942095753985 1.98014794389259 11.25
      vertex 91.5824213059489 2.032461965816311 17.45
      vertex 91.31942095753985 1.98014794389259 17.45
    endloop
  endfacet
  facet normal 0.06540312923014259 -0.9978589232386035 0
    outer loop
      vertex 91.5824213059489 2.032461965816311 11.25
      vertex 91.85000000000001 2.05 17.45
      vertex 91.5824213059489 2.032461965816311 17.45
    endloop
  endfacet
  facet normal -0.06540312923014259 -0.9978589232386035 0
    outer loop
      vertex 91.85000000000001 2.05 11.25
      vertex 92.11757869405112 2.032461965816311 17.45
      vertex 91.85000000000001 2.05 17.45
    endloop
  endfacet
  facet normal -0.1950903220161349 -0.9807852804032291 0
    outer loop
      vertex 92.11757869405112 2.032461965816311 11.25
      vertex 92.38057904246017 1.98014794389259 17.45
      vertex 92.11757869405112 2.032461965816311 17.45
    endloop
  endfacet
  facet normal -0.32143946530315887 -0.9469301294951066 0
    outer loop
      vertex 92.38057904246017 1.98014794389259 11.25
      vertex 92.63450103634844 1.8939530416481376 17.45
      vertex 92.38057904246017 1.98014794389259 17.45
    endloop
  endfacet
  facet normal -0.44228869021898803 -0.8968727415326948 0
    outer loop
      vertex 92.63450103634844 1.8939530416481376 11.25
      vertex 92.87500000000001 1.775352077758099 17.45
      vertex 92.63450103634844 1.8939530416481376 17.45
    endloop
  endfacet
  facet normal -0.5555702330196075 -0.8314696123025417 0
    outer loop
      vertex 92.87500000000001 1.775352077758099 11.25
      vertex 93.09796092946789 1.626374347597032 17.45
      vertex 92.87500000000001 1.775352077758099 17.45
    endloop
  endfacet
  facet normal -0.6593458151000616 -0.7518398074789837 0
    outer loop
      vertex 93.09796092946789 1.626374347597032 11.25
      vertex 93.29956890143244 1.4495689014324225 17.45
      vertex 93.09796092946789 1.626374347597032 17.45
    endloop
  endfacet
  facet normal -0.7518398074789817 -0.6593458151000638 0
    outer loop
      vertex 93.29956890143244 1.4495689014324225 11.25
      vertex 93.47637434759704 1.2479609294678773 17.45
      vertex 93.29956890143244 1.4495689014324225 17.45
    endloop
  endfacet
  facet normal -0.83146961230255 -0.5555702330195951 0
    outer loop
      vertex 93.47637434759704 1.2479609294678773 11.25
      vertex 93.62535207775811 1.025 17.45
      vertex 93.47637434759704 1.2479609294678773 17.45
    endloop
  endfacet
  facet normal -0.8968727415326987 -0.4422886902189802 0
    outer loop
      vertex 93.62535207775811 1.025 11.25
      vertex 93.74395304164814 0.7845010363484339 17.45
      vertex 93.62535207775811 1.025 17.45
    endloop
  endfacet
  facet normal -0.9469301294950992 -0.32143946530318024 0
    outer loop
      vertex 93.74395304164814 0.7845010363484339 11.25
      vertex 93.8301479438926 0.5305790424601675 17.45
      vertex 93.74395304164814 0.7845010363484339 17.45
    endloop
  endfacet
  facet normal -0.9807852804032311 -0.1950903220161255 0
    outer loop
      vertex 93.8301479438926 0.5305790424601675 11.25
      vertex 93.88246196581632 0.2675786940511057 17.45
      vertex 93.8301479438926 0.5305790424601675 17.45
    endloop
  endfacet
  facet normal -0.9978589232386039 -0.06540312923013711 0
    outer loop
      vertex 93.88246196581632 0.2675786940511057 11.25
      vertex 93.9 0 17.45
      vertex 93.88246196581632 0.2675786940511057 17.45
    endloop
  endfacet
  facet normal 0.83146961230255 -0.5555702330195951 0
    outer loop
      vertex 90.22362565240297 1.2479609294678773 11.25
      vertex 90.22362565240297 1.2479609294678773 17.45
      vertex 90.07464792224191 1.025 11.25
    endloop
  endfacet
  facet normal 0.8968727415326987 -0.4422886902189802 0
    outer loop
      vertex 90.07464792224191 1.025 11.25
      vertex 90.07464792224191 1.025 17.45
      vertex 89.95604695835188 0.7845010363484339 11.25
    endloop
  endfacet
  facet normal 0.9469301294950992 -0.32143946530318024 0
    outer loop
      vertex 89.95604695835188 0.7845010363484339 11.25
      vertex 89.95604695835188 0.7845010363484339 17.45
      vertex 89.86985205610742 0.5305790424601675 11.25
    endloop
  endfacet
  facet normal 0.9978589232386039 -0.06540312923013711 0
    outer loop
      vertex 89.8175380341837 0.2675786940511057 11.25
      vertex 89.8175380341837 0.2675786940511057 17.45
      vertex 89.80000000000001 0 11.25
    endloop
  endfacet
  facet normal 0.9807852804032311 -0.1950903220161255 0
    outer loop
      vertex 89.86985205610742 0.5305790424601675 11.25
      vertex 89.86985205610742 0.5305790424601675 17.45
      vertex 89.8175380341837 0.2675786940511057 11.25
    endloop
  endfacet
  facet normal 0.6593458151000616 -0.7518398074789837 0
    outer loop
      vertex 90.60203907053213 1.626374347597032 11.25
      vertex 90.60203907053213 1.626374347597032 17.45
      vertex 90.40043109856758 1.4495689014324225 11.25
    endloop
  endfacet
  facet normal 0.5555702330196075 -0.8314696123025417 0
    outer loop
      vertex 90.825 1.775352077758099 11.25
      vertex 90.825 1.775352077758099 17.45
      vertex 90.60203907053213 1.626374347597032 11.25
    endloop
  endfacet
  facet normal 0.7518398074789817 -0.6593458151000638 1.5401592369672894e-18
    outer loop
      vertex 90.22362565240297 1.2479609294678773 11.25
      vertex 90.40043109856758 1.4495689014324225 11.25
      vertex 90.40043109856758 1.4495689014324225 17.45
    endloop
  endfacet
  facet normal 0.44228869021898803 -0.8968727415326948 -4.438442996167146e-19
    outer loop
      vertex 90.825 1.775352077758099 11.25
      vertex 91.06549896365158 1.8939530416481376 11.25
      vertex 91.06549896365158 1.8939530416481376 17.45
    endloop
  endfacet
  facet normal 0.32143946530315887 -0.9469301294951066 0
    outer loop
      vertex 91.31942095753985 1.98014794389259 11.25
      vertex 91.31942095753985 1.98014794389259 17.45
      vertex 91.06549896365158 1.8939530416481376 11.25
    endloop
  endfacet
  facet normal 0.1950903220161349 -0.9807852804032291 -4.314466624012213e-19
    outer loop
      vertex 91.31942095753985 1.98014794389259 11.25
      vertex 91.5824213059489 2.032461965816311 11.25
      vertex 91.5824213059489 2.032461965816311 17.45
    endloop
  endfacet
  facet normal 0.06540312923014259 -0.9978589232386035 -2.401016040682203e-19
    outer loop
      vertex 91.5824213059489 2.032461965816311 11.25
      vertex 91.85000000000001 2.05 11.25
      vertex 91.85000000000001 2.05 17.45
    endloop
  endfacet
  facet normal -0.06540312923014259 -0.9978589232386035 2.401016040682203e-19
    outer loop
      vertex 91.85000000000001 2.05 11.25
      vertex 92.11757869405112 2.032461965816311 11.25
      vertex 92.11757869405112 2.032461965816311 17.45
    endloop
  endfacet
  facet normal -0.1950903220161349 -0.9807852804032291 4.314466624012213e-19
    outer loop
      vertex 92.11757869405112 2.032461965816311 11.25
      vertex 92.38057904246017 1.98014794389259 11.25
      vertex 92.38057904246017 1.98014794389259 17.45
    endloop
  endfacet
  facet normal -0.32143946530315887 -0.9469301294951066 -2.739474231208753e-19
    outer loop
      vertex 92.38057904246017 1.98014794389259 11.25
      vertex 92.63450103634844 1.8939530416481376 11.25
      vertex 92.63450103634844 1.8939530416481376 17.45
    endloop
  endfacet
  facet normal -0.44228869021898803 -0.8968727415326948 4.438442996167146e-19
    outer loop
      vertex 92.63450103634844 1.8939530416481376 11.25
      vertex 92.87500000000001 1.775352077758099 11.25
      vertex 92.87500000000001 1.775352077758099 17.45
    endloop
  endfacet
  facet normal -0.5555702330196075 -0.8314696123025417 2.468743978242401e-19
    outer loop
      vertex 92.87500000000001 1.775352077758099 11.25
      vertex 93.09796092946789 1.626374347597032 11.25
      vertex 93.09796092946789 1.626374347597032 17.45
    endloop
  endfacet
  facet normal -0.6593458151000616 -0.7518398074789837 -2.743481197672228e-19
    outer loop
      vertex 93.09796092946789 1.626374347597032 11.25
      vertex 93.29956890143244 1.4495689014324225 11.25
      vertex 93.29956890143244 1.4495689014324225 17.45
    endloop
  endfacet
  facet normal -0.7518398074789817 -0.6593458151000638 -1.5401592369672894e-18
    outer loop
      vertex 93.29956890143244 1.4495689014324225 11.25
      vertex 93.47637434759704 1.2479609294678773 11.25
      vertex 93.47637434759704 1.2479609294678773 17.45
    endloop
  endfacet
  facet normal -0.83146961230255 -0.5555702330195951 1.1051830146921298e-18
    outer loop
      vertex 93.47637434759704 1.2479609294678773 11.25
      vertex 93.62535207775811 1.025 11.25
      vertex 93.62535207775811 1.025 17.45
    endloop
  endfacet
  facet normal -0.8968727415326987 -0.4422886902189802 -7.617846328758411e-20
    outer loop
      vertex 93.62535207775811 1.025 11.25
      vertex 93.74395304164814 0.7845010363484339 11.25
      vertex 93.74395304164814 0.7845010363484339 17.45
    endloop
  endfacet
  facet normal -0.9469301294950992 -0.32143946530318024 1.5687732339904383e-19
    outer loop
      vertex 93.74395304164814 0.7845010363484339 11.25
      vertex 93.8301479438926 0.5305790424601675 11.25
      vertex 93.8301479438926 0.5305790424601675 17.45
    endloop
  endfacet
  facet normal -0.9807852804032311 -0.1950903220161255 2.9209499868418936e-19
    outer loop
      vertex 93.8301479438926 0.5305790424601675 11.25
      vertex 93.88246196581632 0.2675786940511057 11.25
      vertex 93.88246196581632 0.2675786940511057 17.45
    endloop
  endfacet
  facet normal -0.9978589232386039 -0.06540312923013711 -2.603354705093003e-19
    outer loop
      vertex 93.88246196581632 0.2675786940511057 11.25
      vertex 93.9 0 11.25
      vertex 93.9 0 17.45
    endloop
  endfacet
  facet normal 0 0 1
    outer loop
      vertex 89.95604695835188 0.7845010363484339 11.25
      vertex 89.86985205610742 0.5305790424601675 11.25
      vertex 89.86985205610742 -0.5305790424601675 11.25
    endloop
  endfacet
  facet normal 0 0 1
    outer loop
      vertex 90.07464792224191 1.025 11.25
      vertex 89.95604695835188 0.7845010363484339 11.25
      vertex 89.95604695835188 -0.7845010363484339 11.25
    endloop
  endfacet
  facet normal 0 0 1
    outer loop
      vertex 90.22362565240297 1.2479609294678773 11.25
      vertex 90.07464792224191 1.025 11.25
      vertex 90.07464792224191 -1.025 11.25
    endloop
  endfacet
  facet normal 0 0 1
    outer loop
      vertex 89.86985205610742 0.5305790424601675 11.25
      vertex 89.8175380341837 0.2675786940511057 11.25
      vertex 89.8175380341837 -0.2675786940511057 11.25
    endloop
  endfacet
  facet normal 0 0 1
    outer loop
      vertex 90.60203907053213 1.626374347597032 11.25
      vertex 90.40043109856758 1.4495689014324225 11.25
      vertex 90.40043109856758 -1.4495689014324225 11.25
    endloop
  endfacet
  facet normal 0 0 1
    outer loop
      vertex 90.825 1.775352077758099 11.25
      vertex 90.60203907053213 1.626374347597032 11.25
      vertex 90.60203907053213 -1.626374347597032 11.25
    endloop
  endfacet
  facet normal 0 0 1
    outer loop
      vertex 90.825 1.775352077758099 11.25
      vertex 90.825 -1.775352077758099 11.25
      vertex 91.06549896365158 1.8939530416481376 11.25
    endloop
  endfacet
  facet normal 0 0 1
    outer loop
      vertex 90.22362565240297 1.2479609294678773 11.25
      vertex 90.22362565240297 -1.2479609294678773 11.25
      vertex 90.40043109856758 1.4495689014324225 11.25
    endloop
  endfacet
  facet normal 0 0 1
    outer loop
      vertex 91.31942095753985 1.98014794389259 11.25
      vertex 91.06549896365158 1.8939530416481376 11.25
      vertex 91.06549896365158 -1.8939530416481376 11.25
    endloop
  endfacet
  facet normal 0 0 1
    outer loop
      vertex 91.31942095753985 1.98014794389259 11.25
      vertex 91.31942095753985 -1.98014794389259 11.25
      vertex 91.5824213059489 2.032461965816311 11.25
    endloop
  endfacet
  facet normal 0 0 1
    outer loop
      vertex 91.5824213059489 2.032461965816311 11.25
      vertex 91.5824213059489 -2.032461965816311 11.25
      vertex 91.85000000000001 2.05 11.25
    endloop
  endfacet
  facet normal 0 0 1
    outer loop
      vertex 91.85000000000001 2.05 11.25
      vertex 91.85000000000001 -2.05 11.25
      vertex 92.11757869405112 2.032461965816311 11.25
    endloop
  endfacet
  facet normal 0 0 1
    outer loop
      vertex 92.11757869405112 2.032461965816311 11.25
      vertex 92.11757869405112 -2.032461965816311 11.25
      vertex 92.38057904246017 1.98014794389259 11.25
    endloop
  endfacet
  facet normal 0 0 1
    outer loop
      vertex 92.38057904246017 1.98014794389259 11.25
      vertex 92.38057904246017 -1.98014794389259 11.25
      vertex 92.63450103634844 1.8939530416481376 11.25
    endloop
  endfacet
  facet normal 0 0 1
    outer loop
      vertex 92.63450103634844 1.8939530416481376 11.25
      vertex 92.63450103634844 -1.8939530416481376 11.25
      vertex 92.87500000000001 1.775352077758099 11.25
    endloop
  endfacet
  facet normal 0 0 1
    outer loop
      vertex 92.87500000000001 1.775352077758099 11.25
      vertex 92.87500000000001 -1.775352077758099 11.25
      vertex 93.09796092946789 1.626374347597032 11.25
    endloop
  endfacet
  facet normal 0 0 1
    outer loop
      vertex 93.09796092946789 1.626374347597032 11.25
      vertex 93.09796092946789 -1.626374347597032 11.25
      vertex 93.29956890143244 1.4495689014324225 11.25
    endloop
  endfacet
  facet normal 0 0 1
    outer loop
      vertex 93.29956890143244 1.4495689014324225 11.25
      vertex 93.29956890143244 -1.4495689014324225 11.25
      vertex 93.47637434759704 1.2479609294678773 11.25
    endloop
  endfacet
  facet normal 0 0 1
    outer loop
      vertex 93.47637434759704 1.2479609294678773 11.25
      vertex 93.47637434759704 -1.2479609294678773 11.25
      vertex 93.62535207775811 1.025 11.25
    endloop
  endfacet
  facet normal 0 0 1
    outer loop
      vertex 93.62535207775811 1.025 11.25
      vertex 93.62535207775811 -1.025 11.25
      vertex 93.74395304164814 0.7845010363484339 11.25
    endloop
  endfacet
  facet normal 0 0 1
    outer loop
      vertex 93.74395304164814 0.7845010363484339 11.25
      vertex 93.74395304164814 -0.7845010363484339 11.25
      vertex 93.8301479438926 0.5305790424601675 11.25
    endloop
  endfacet
  facet normal 0 0 1
    outer loop
      vertex 93.8301479438926 0.5305790424601675 11.25
      vertex 93.8301479438926 -0.5305790424601675 11.25
      vertex 93.88246196581632 0.2675786940511057 11.25
    endloop
  endfacet
  facet normal 0.9978589232386039 0.06540312923013711 0
    outer loop
      vertex 89.8175380341837 -0.2675786940511057 11.25
      vertex 89.80000000000001 0 17.45
      vertex 89.8175380341837 -0.2675786940511057 17.45
    endloop
  endfacet
  facet normal 0.9807852804032311 0.1950903220161255 0
    outer loop
      vertex 89.86985205610742 -0.5305790424601675 11.25
      vertex 89.8175380341837 -0.2675786940511057 17.45
      vertex 89.86985205610742 -0.5305790424601675 17.45
    endloop
  endfacet
  facet normal 0.9469301294950992 0.32143946530318024 0
    outer loop
      vertex 89.95604695835188 -0.7845010363484339 11.25
      vertex 89.86985205610742 -0.5305790424601675 17.45
      vertex 89.95604695835188 -0.7845010363484339 17.45
    endloop
  endfacet
  facet normal 0.8968727415326987 0.4422886902189802 0
    outer loop
      vertex 90.07464792224191 -1.025 11.25
      vertex 89.95604695835188 -0.7845010363484339 17.45
      vertex 90.07464792224191 -1.025 17.45
    endloop
  endfacet
  facet normal 0.83146961230255 0.5555702330195951 0
    outer loop
      vertex 90.22362565240297 -1.2479609294678773 11.25
      vertex 90.07464792224191 -1.025 17.45
      vertex 90.22362565240297 -1.2479609294678773 17.45
    endloop
  endfacet
  facet normal 0.7518398074789817 0.6593458151000638 0
    outer loop
      vertex 90.40043109856758 -1.4495689014324225 11.25
      vertex 90.22362565240297 -1.2479609294678773 17.45
      vertex 90.40043109856758 -1.4495689014324225 17.45
    endloop
  endfacet
  facet normal 0.6593458151000616 0.7518398074789837 0
    outer loop
      vertex 90.60203907053213 -1.626374347597032 11.25
      vertex 90.40043109856758 -1.4495689014324225 17.45
      vertex 90.60203907053213 -1.626374347597032 17.45
    endloop
  endfacet
  facet normal 0.5555702330196075 0.8314696123025417 0
    outer loop
      vertex 90.825 -1.775352077758099 11.25
      vertex 90.60203907053213 -1.626374347597032 17.45
      vertex 90.825 -1.775352077758099 17.45
    endloop
  endfacet
  facet normal 0.44228869021898803 0.8968727415326948 0
    outer loop
      vertex 91.06549896365158 -1.8939530416481376 11.25
      vertex 90.825 -1.775352077758099 17.45
      vertex 91.06549896365158 -1.8939530416481376 17.45
    endloop
  endfacet
  facet normal 0.32143946530315887 0.9469301294951066 0
    outer loop
      vertex 91.31942095753985 -1.98014794389259 11.25
      vertex 91.06549896365158 -1.8939530416481376 17.45
      vertex 91.31942095753985 -1.98014794389259 17.45
    endloop
  endfacet
  facet normal 0.1950903220161349 0.9807852804032291 0
    outer loop
      vertex 91.5824213059489 -2.032461965816311 11.25
      vertex 91.31942095753985 -1.98014794389259 17.45
      vertex 91.5824213059489 -2.032461965816311 17.45
    endloop
  endfacet
  facet normal 0.06540312923014259 0.9978589232386035 0
    outer loop
      vertex 91.85000000000001 -2.05 11.25
      vertex 91.5824213059489 -2.032461965816311 17.45
      vertex 91.85000000000001 -2.05 17.45
    endloop
  endfacet
  facet normal -0.06540312923014259 0.9978589232386035 0
    outer loop
      vertex 92.11757869405112 -2.032461965816311 11.25
      vertex 91.85000000000001 -2.05 17.45
      vertex 92.11757869405112 -2.032461965816311 17.45
    endloop
  endfacet
  facet normal -0.1950903220161349 0.9807852804032291 0
    outer loop
      vertex 92.38057904246017 -1.98014794389259 11.25
      vertex 92.11757869405112 -2.032461965816311 17.45
      vertex 92.38057904246017 -1.98014794389259 17.45
    endloop
  endfacet
  facet normal -0.6593458151000616 0.7518398074789837 0
    outer loop
      vertex 93.29956890143244 -1.4495689014324225 11.25
      vertex 93.09796092946789 -1.626374347597032 17.45
      vertex 93.29956890143244 -1.4495689014324225 17.45
    endloop
  endfacet
  facet normal -0.44228869021898803 0.8968727415326948 0
    outer loop
      vertex 92.87500000000001 -1.775352077758099 11.25
      vertex 92.63450103634844 -1.8939530416481376 17.45
      vertex 92.87500000000001 -1.775352077758099 17.45
    endloop
  endfacet
  facet normal -0.32143946530315887 0.9469301294951066 0
    outer loop
      vertex 92.63450103634844 -1.8939530416481376 11.25
      vertex 92.38057904246017 -1.98014794389259 17.45
      vertex 92.63450103634844 -1.8939530416481376 17.45
    endloop
  endfacet
  facet normal -0.5555702330196075 0.8314696123025417 0
    outer loop
      vertex 93.09796092946789 -1.626374347597032 11.25
      vertex 92.87500000000001 -1.775352077758099 17.45
      vertex 93.09796092946789 -1.626374347597032 17.45
    endloop
  endfacet
  facet normal -0.9978589232386039 0.06540312923013711 0
    outer loop
      vertex 93.9 0 11.25
      vertex 93.88246196581632 -0.2675786940511057 17.45
      vertex 93.9 0 17.45
    endloop
  endfacet
  facet normal -0.9807852804032311 0.1950903220161255 0
    outer loop
      vertex 93.88246196581632 -0.2675786940511057 11.25
      vertex 93.8301479438926 -0.5305790424601675 17.45
      vertex 93.88246196581632 -0.2675786940511057 17.45
    endloop
  endfacet
  facet normal -0.9469301294950992 0.32143946530318024 0
    outer loop
      vertex 93.8301479438926 -0.5305790424601675 11.25
      vertex 93.74395304164814 -0.7845010363484339 17.45
      vertex 93.8301479438926 -0.5305790424601675 17.45
    endloop
  endfacet
  facet normal -0.8968727415326987 0.4422886902189802 0
    outer loop
      vertex 93.74395304164814 -0.7845010363484339 11.25
      vertex 93.62535207775811 -1.025 17.45
      vertex 93.74395304164814 -0.7845010363484339 17.45
    endloop
  endfacet
  facet normal -0.83146961230255 0.5555702330195951 0
    outer loop
      vertex 93.62535207775811 -1.025 11.25
      vertex 93.47637434759704 -1.2479609294678773 17.45
      vertex 93.62535207775811 -1.025 17.45
    endloop
  endfacet
  facet normal -0.7518398074789817 0.6593458151000638 0
    outer loop
      vertex 93.47637434759704 -1.2479609294678773 11.25
      vertex 93.29956890143244 -1.4495689014324225 17.45
      vertex 93.47637434759704 -1.2479609294678773 17.45
    endloop
  endfacet
  facet normal 0.9978589232386039 0.06540312923013711 0
    outer loop
      vertex 89.80000000000001 0 11.25
      vertex 89.80000000000001 0 17.45
      vertex 89.8175380341837 -0.2675786940511057 11.25
    endloop
  endfacet
  facet normal 0.9807852804032311 0.1950903220161255 0
    outer loop
      vertex 89.8175380341837 -0.2675786940511057 11.25
      vertex 89.8175380341837 -0.2675786940511057 17.45
      vertex 89.86985205610742 -0.5305790424601675 11.25
    endloop
  endfacet
  facet normal 0.9469301294950992 0.32143946530318024 0
    outer loop
      vertex 89.86985205610742 -0.5305790424601675 11.25
      vertex 89.86985205610742 -0.5305790424601675 17.45
      vertex 89.95604695835188 -0.7845010363484339 11.25
    endloop
  endfacet
  facet normal 0.8968727415326987 0.4422886902189802 0
    outer loop
      vertex 89.95604695835188 -0.7845010363484339 11.25
      vertex 89.95604695835188 -0.7845010363484339 17.45
      vertex 90.07464792224191 -1.025 11.25
    endloop
  endfacet
  facet normal 0.83146961230255 0.5555702330195951 0
    outer loop
      vertex 90.07464792224191 -1.025 11.25
      vertex 90.07464792224191 -1.025 17.45
      vertex 90.22362565240297 -1.2479609294678773 11.25
    endloop
  endfacet
  facet normal 0.7518398074789817 0.6593458151000638 0
    outer loop
      vertex 90.22362565240297 -1.2479609294678773 11.25
      vertex 90.22362565240297 -1.2479609294678773 17.45
      vertex 90.40043109856758 -1.4495689014324225 11.25
    endloop
  endfacet
  facet normal 0.6593458151000616 0.7518398074789837 0
    outer loop
      vertex 90.40043109856758 -1.4495689014324225 11.25
      vertex 90.40043109856758 -1.4495689014324225 17.45
      vertex 90.60203907053213 -1.626374347597032 11.25
    endloop
  endfacet
  facet normal 0.5555702330196075 0.8314696123025417 0
    outer loop
      vertex 90.60203907053213 -1.626374347597032 11.25
      vertex 90.60203907053213 -1.626374347597032 17.45
      vertex 90.825 -1.775352077758099 11.25
    endloop
  endfacet
  facet normal 0.44228869021898803 0.8968727415326948 0
    outer loop
      vertex 90.825 -1.775352077758099 11.25
      vertex 90.825 -1.775352077758099 17.45
      vertex 91.06549896365158 -1.8939530416481376 11.25
    endloop
  endfacet
  facet normal 0.32143946530315887 0.9469301294951066 0
    outer loop
      vertex 91.06549896365158 -1.8939530416481376 11.25
      vertex 91.06549896365158 -1.8939530416481376 17.45
      vertex 91.31942095753985 -1.98014794389259 11.25
    endloop
  endfacet
  facet normal 0.1950903220161349 0.9807852804032291 0
    outer loop
      vertex 91.31942095753985 -1.98014794389259 11.25
      vertex 91.31942095753985 -1.98014794389259 17.45
      vertex 91.5824213059489 -2.032461965816311 11.25
    endloop
  endfacet
  facet normal 0.06540312923014259 0.9978589232386035 0
    outer loop
      vertex 91.5824213059489 -2.032461965816311 11.25
      vertex 91.5824213059489 -2.032461965816311 17.45
      vertex 91.85000000000001 -2.05 11.25
    endloop
  endfacet
  facet normal -0.06540312923014259 0.9978589232386035 0
    outer loop
      vertex 91.85000000000001 -2.05 11.25
      vertex 91.85000000000001 -2.05 17.45
      vertex 92.11757869405112 -2.032461965816311 11.25
    endloop
  endfacet
  facet normal -0.1950903220161349 0.9807852804032291 0
    outer loop
      vertex 92.11757869405112 -2.032461965816311 11.25
      vertex 92.11757869405112 -2.032461965816311 17.45
      vertex 92.38057904246017 -1.98014794389259 11.25
    endloop
  endfacet
  facet normal -0.32143946530315887 0.9469301294951066 2.739474231208753e-19
    outer loop
      vertex 92.63450103634844 -1.8939530416481376 11.25
      vertex 92.38057904246017 -1.98014794389259 11.25
      vertex 92.38057904246017 -1.98014794389259 17.45
    endloop
  endfacet
  facet normal -0.44228869021898803 0.8968727415326948 0
    outer loop
      vertex 92.63450103634844 -1.8939530416481376 11.25
      vertex 92.63450103634844 -1.8939530416481376 17.45
      vertex 92.87500000000001 -1.775352077758099 11.25
    endloop
  endfacet
  facet normal -0.5555702330196075 0.8314696123025417 -2.468743978242401e-19
    outer loop
      vertex 93.09796092946789 -1.626374347597032 11.25
      vertex 92.87500000000001 -1.775352077758099 11.25
      vertex 92.87500000000001 -1.775352077758099 17.45
    endloop
  endfacet
  facet normal -0.6593458151000616 0.7518398074789837 0
    outer loop
      vertex 93.09796092946789 -1.626374347597032 11.25
      vertex 93.09796092946789 -1.626374347597032 17.45
      vertex 93.29956890143244 -1.4495689014324225 11.25
    endloop
  endfacet
  facet normal -0.9978589232386039 0.06540312923013711 2.603354705093003e-19
    outer loop
      vertex 93.9 0 11.25
      vertex 93.88246196581632 -0.2675786940511057 11.25
      vertex 93.88246196581632 -0.2675786940511057 17.45
    endloop
  endfacet
  facet normal -0.9807852804032311 0.1950903220161255 -2.9209499868418936e-19
    outer loop
      vertex 93.88246196581632 -0.2675786940511057 11.25
      vertex 93.8301479438926 -0.5305790424601675 11.25
      vertex 93.8301479438926 -0.5305790424601675 17.45
    endloop
  endfacet
  facet normal -0.9469301294950992 0.32143946530318024 -1.5687732339904383e-19
    outer loop
      vertex 93.8301479438926 -0.5305790424601675 11.25
      vertex 93.74395304164814 -0.7845010363484339 11.25
      vertex 93.74395304164814 -0.7845010363484339 17.45
    endloop
  endfacet
  facet normal -0.8968727415326987 0.4422886902189802 7.617846328758411e-20
    outer loop
      vertex 93.74395304164814 -0.7845010363484339 11.25
      vertex 93.62535207775811 -1.025 11.25
      vertex 93.62535207775811 -1.025 17.45
    endloop
  endfacet
  facet normal -0.83146961230255 0.5555702330195951 0
    outer loop
      vertex 93.47637434759704 -1.2479609294678773 11.25
      vertex 93.47637434759704 -1.2479609294678773 17.45
      vertex 93.62535207775811 -1.025 11.25
    endloop
  endfacet
  facet normal -0.7518398074789817 0.6593458151000638 0
    outer loop
      vertex 93.29956890143244 -1.4495689014324225 11.25
      vertex 93.29956890143244 -1.4495689014324225 17.45
      vertex 93.47637434759704 -1.2479609294678773 11.25
    endloop
  endfacet
  facet normal 0 0 1
    outer loop
      vertex 89.8175380341837 0.2675786940511057 11.25
      vertex 89.80000000000001 0 11.25
      vertex 89.8175380341837 -0.2675786940511057 11.25
    endloop
  endfacet
  facet normal 0 0 1
    outer loop
      vertex 89.86985205610742 0.5305790424601675 11.25
      vertex 89.8175380341837 -0.2675786940511057 11.25
      vertex 89.86985205610742 -0.5305790424601675 11.25
    endloop
  endfacet
  facet normal 0 0 1
    outer loop
      vertex 89.95604695835188 0.7845010363484339 11.25
      vertex 89.86985205610742 -0.5305790424601675 11.25
      vertex 89.95604695835188 -0.7845010363484339 11.25
    endloop
  endfacet
  facet normal 0 0 1
    outer loop
      vertex 90.07464792224191 1.025 11.25
      vertex 89.95604695835188 -0.7845010363484339 11.25
      vertex 90.07464792224191 -1.025 11.25
    endloop
  endfacet
  facet normal 0 0 1
    outer loop
      vertex 90.22362565240297 1.2479609294678773 11.25
      vertex 90.07464792224191 -1.025 11.25
      vertex 90.22362565240297 -1.2479609294678773 11.25
    endloop
  endfacet
  facet normal 0 0 1
    outer loop
      vertex 90.40043109856758 1.4495689014324225 11.25
      vertex 90.22362565240297 -1.2479609294678773 11.25
      vertex 90.40043109856758 -1.4495689014324225 11.25
    endloop
  endfacet
  facet normal 0 0 1
    outer loop
      vertex 90.60203907053213 1.626374347597032 11.25
      vertex 90.40043109856758 -1.4495689014324225 11.25
      vertex 90.60203907053213 -1.626374347597032 11.25
    endloop
  endfacet
  facet normal 0 0 1
    outer loop
      vertex 90.825 1.775352077758099 11.25
      vertex 90.60203907053213 -1.626374347597032 11.25
      vertex 90.825 -1.775352077758099 11.25
    endloop
  endfacet
  facet normal 0 0 1
    outer loop
      vertex 91.06549896365158 1.8939530416481376 11.25
      vertex 90.825 -1.775352077758099 11.25
      vertex 91.06549896365158 -1.8939530416481376 11.25
    endloop
  endfacet
  facet normal 0 0 1
    outer loop
      vertex 91.31942095753985 1.98014794389259 11.25
      vertex 91.06549896365158 -1.8939530416481376 11.25
      vertex 91.31942095753985 -1.98014794389259 11.25
    endloop
  endfacet
  facet normal 0 0 1
    outer loop
      vertex 91.5824213059489 2.032461965816311 11.25
      vertex 91.31942095753985 -1.98014794389259 11.25
      vertex 91.5824213059489 -2.032461965816311 11.25
    endloop
  endfacet
  facet normal 0 0 1
    outer loop
      vertex 91.85000000000001 2.05 11.25
      vertex 91.5824213059489 -2.032461965816311 11.25
      vertex 91.85000000000001 -2.05 11.25
    endloop
  endfacet
  facet normal 0 0 1
    outer loop
      vertex 92.11757869405112 2.032461965816311 11.25
      vertex 91.85000000000001 -2.05 11.25
      vertex 92.11757869405112 -2.032461965816311 11.25
    endloop
  endfacet
  facet normal 0 0 1
    outer loop
      vertex 92.38057904246017 1.98014794389259 11.25
      vertex 92.11757869405112 -2.032461965816311 11.25
      vertex 92.38057904246017 -1.98014794389259 11.25
    endloop
  endfacet
  facet normal 0 0 1
    outer loop
      vertex 92.63450103634844 1.8939530416481376 11.25
      vertex 92.38057904246017 -1.98014794389259 11.25
      vertex 92.63450103634844 -1.8939530416481376 11.25
    endloop
  endfacet
  facet normal 0 0 1
    outer loop
      vertex 92.87500000000001 1.775352077758099 11.25
      vertex 92.63450103634844 -1.8939530416481376 11.25
      vertex 92.87500000000001 -1.775352077758099 11.25
    endloop
  endfacet
  facet normal 0 0 1
    outer loop
      vertex 93.09796092946789 1.626374347597032 11.25
      vertex 92.87500000000001 -1.775352077758099 11.25
      vertex 93.09796092946789 -1.626374347597032 11.25
    endloop
  endfacet
  facet normal 0 0 1
    outer loop
      vertex 93.29956890143244 1.4495689014324225 11.25
      vertex 93.09796092946789 -1.626374347597032 11.25
      vertex 93.29956890143244 -1.4495689014324225 11.25
    endloop
  endfacet
  facet normal 0 0 1
    outer loop
      vertex 93.47637434759704 1.2479609294678773 11.25
      vertex 93.29956890143244 -1.4495689014324225 11.25
      vertex 93.47637434759704 -1.2479609294678773 11.25
    endloop
  endfacet
  facet normal 0 0 1
    outer loop
      vertex 93.62535207775811 1.025 11.25
      vertex 93.47637434759704 -1.2479609294678773 11.25
      vertex 93.62535207775811 -1.025 11.25
    endloop
  endfacet
  facet normal 0 0 1
    outer loop
      vertex 93.88246196581632 0.2675786940511057 11.25
      vertex 93.88246196581632 -0.2675786940511057 11.25
      vertex 93.9 0 11.25
    endloop
  endfacet
  facet normal 0 0 1
    outer loop
      vertex 93.88246196581632 0.2675786940511057 11.25
      vertex 93.8301479438926 -0.5305790424601675 11.25
      vertex 93.88246196581632 -0.2675786940511057 11.25
    endloop
  endfacet
  facet normal 0 0 1
    outer loop
      vertex 93.74395304164814 0.7845010363484339 11.25
      vertex 93.62535207775811 -1.025 11.25
      vertex 93.74395304164814 -0.7845010363484339 11.25
    endloop
  endfacet
  facet normal 0 0 1
    outer loop
      vertex 93.8301479438926 0.5305790424601675 11.25
      vertex 93.74395304164814 -0.7845010363484339 11.25
      vertex 93.8301479438926 -0.5305790424601675 11.25
    endloop
  endfacet
  facet normal 0.7518398074789817 -0.6593458151000638 0
    outer loop
      vertex -93.47637434759704 1.2479609294678773 11.25
      vertex -93.29956890143244 1.4495689014324225 17.45
      vertex -93.47637434759704 1.2479609294678773 17.45
    endloop
  endfacet
  facet normal 0.83146961230255 -0.5555702330195951 0
    outer loop
      vertex -93.62535207775811 1.025 11.25
      vertex -93.47637434759704 1.2479609294678773 17.45
      vertex -93.62535207775811 1.025 17.45
    endloop
  endfacet
  facet normal 0.8968727415326987 -0.4422886902189802 0
    outer loop
      vertex -93.74395304164814 0.7845010363484339 11.25
      vertex -93.62535207775811 1.025 17.45
      vertex -93.74395304164814 0.7845010363484339 17.45
    endloop
  endfacet
  facet normal 0.9469301294950992 -0.32143946530318024 0
    outer loop
      vertex -93.8301479438926 0.5305790424601675 11.25
      vertex -93.74395304164814 0.7845010363484339 17.45
      vertex -93.8301479438926 0.5305790424601675 17.45
    endloop
  endfacet
  facet normal 0.9807852804032311 -0.1950903220161255 0
    outer loop
      vertex -93.88246196581632 0.2675786940511057 11.25
      vertex -93.8301479438926 0.5305790424601675 17.45
      vertex -93.88246196581632 0.2675786940511057 17.45
    endloop
  endfacet
  facet normal 0.9978589232386039 -0.06540312923013711 0
    outer loop
      vertex -93.9 0 11.25
      vertex -93.88246196581632 0.2675786940511057 17.45
      vertex -93.9 0 17.45
    endloop
  endfacet
  facet normal 0.5555702330196075 -0.8314696123025417 0
    outer loop
      vertex -93.09796092946789 1.626374347597032 11.25
      vertex -92.87500000000001 1.775352077758099 17.45
      vertex -93.09796092946789 1.626374347597032 17.45
    endloop
  endfacet
  facet normal 0.32143946530315887 -0.9469301294951066 0
    outer loop
      vertex -92.63450103634844 1.8939530416481376 11.25
      vertex -92.38057904246017 1.98014794389259 17.45
      vertex -92.63450103634844 1.8939530416481376 17.45
    endloop
  endfacet
  facet normal 0.44228869021898803 -0.8968727415326948 0
    outer loop
      vertex -92.87500000000001 1.775352077758099 11.25
      vertex -92.63450103634844 1.8939530416481376 17.45
      vertex -92.87500000000001 1.775352077758099 17.45
    endloop
  endfacet
  facet normal 0.6593458151000616 -0.7518398074789837 0
    outer loop
      vertex -93.29956890143244 1.4495689014324225 11.25
      vertex -93.09796092946789 1.626374347597032 17.45
      vertex -93.29956890143244 1.4495689014324225 17.45
    endloop
  endfacet
  facet normal 0.1950903220161349 -0.9807852804032291 0
    outer loop
      vertex -92.38057904246017 1.98014794389259 11.25
      vertex -92.11757869405112 2.032461965816311 17.45
      vertex -92.38057904246017 1.98014794389259 17.45
    endloop
  endfacet
  facet normal 0.06540312923014259 -0.9978589232386035 0
    outer loop
      vertex -92.11757869405112 2.032461965816311 11.25
      vertex -91.85000000000001 2.05 17.45
      vertex -92.11757869405112 2.032461965816311 17.45
    endloop
  endfacet
  facet normal -0.06540312923014259 -0.9978589232386035 0
    outer loop
      vertex -91.85000000000001 2.05 11.25
      vertex -91.5824213059489 2.032461965816311 17.45
      vertex -91.85000000000001 2.05 17.45
    endloop
  endfacet
  facet normal -0.1950903220161349 -0.9807852804032291 0
    outer loop
      vertex -91.5824213059489 2.032461965816311 11.25
      vertex -91.31942095753985 1.98014794389259 17.45
      vertex -91.5824213059489 2.032461965816311 17.45
    endloop
  endfacet
  facet normal -0.32143946530315887 -0.9469301294951066 0
    outer loop
      vertex -91.31942095753985 1.98014794389259 11.25
      vertex -91.06549896365158 1.8939530416481376 17.45
      vertex -91.31942095753985 1.98014794389259 17.45
    endloop
  endfacet
  facet normal -0.44228869021898803 -0.8968727415326948 0
    outer loop
      vertex -91.06549896365158 1.8939530416481376 11.25
      vertex -90.825 1.775352077758099 17.45
      vertex -91.06549896365158 1.8939530416481376 17.45
    endloop
  endfacet
  facet normal -0.5555702330196075 -0.8314696123025417 0
    outer loop
      vertex -90.825 1.775352077758099 11.25
      vertex -90.60203907053213 1.626374347597032 17.45
      vertex -90.825 1.775352077758099 17.45
    endloop
  endfacet
  facet normal -0.6593458151000616 -0.7518398074789837 0
    outer loop
      vertex -90.60203907053213 1.626374347597032 11.25
      vertex -90.40043109856758 1.4495689014324225 17.45
      vertex -90.60203907053213 1.626374347597032 17.45
    endloop
  endfacet
  facet normal -0.7518398074789817 -0.6593458151000638 0
    outer loop
      vertex -90.40043109856758 1.4495689014324225 11.25
      vertex -90.22362565240297 1.2479609294678773 17.45
      vertex -90.40043109856758 1.4495689014324225 17.45
    endloop
  endfacet
  facet normal -0.83146961230255 -0.5555702330195951 0
    outer loop
      vertex -90.22362565240297 1.2479609294678773 11.25
      vertex -90.07464792224191 1.025 17.45
      vertex -90.22362565240297 1.2479609294678773 17.45
    endloop
  endfacet
  facet normal -0.8968727415326987 -0.4422886902189802 0
    outer loop
      vertex -90.07464792224191 1.025 11.25
      vertex -89.95604695835188 0.7845010363484339 17.45
      vertex -90.07464792224191 1.025 17.45
    endloop
  endfacet
  facet normal -0.9469301294950992 -0.32143946530318024 0
    outer loop
      vertex -89.95604695835188 0.7845010363484339 11.25
      vertex -89.86985205610742 0.5305790424601675 17.45
      vertex -89.95604695835188 0.7845010363484339 17.45
    endloop
  endfacet
  facet normal -0.9807852804032311 -0.1950903220161255 0
    outer loop
      vertex -89.86985205610742 0.5305790424601675 11.25
      vertex -89.8175380341837 0.2675786940511057 17.45
      vertex -89.86985205610742 0.5305790424601675 17.45
    endloop
  endfacet
  facet normal -0.9978589232386039 -0.06540312923013711 0
    outer loop
      vertex -89.8175380341837 0.2675786940511057 11.25
      vertex -89.80000000000001 0 17.45
      vertex -89.8175380341837 0.2675786940511057 17.45
    endloop
  endfacet
  facet normal 0.7518398074789817 -0.6593458151000638 1.5401592369672894e-18
    outer loop
      vertex -93.47637434759704 1.2479609294678773 11.25
      vertex -93.29956890143244 1.4495689014324225 11.25
      vertex -93.29956890143244 1.4495689014324225 17.45
    endloop
  endfacet
  facet normal 0.83146961230255 -0.5555702330195951 -1.1051830146921298e-18
    outer loop
      vertex -93.62535207775811 1.025 11.25
      vertex -93.47637434759704 1.2479609294678773 11.25
      vertex -93.47637434759704 1.2479609294678773 17.45
    endloop
  endfacet
  facet normal 0.8968727415326987 -0.4422886902189802 0
    outer loop
      vertex -93.62535207775811 1.025 11.25
      vertex -93.62535207775811 1.025 17.45
      vertex -93.74395304164814 0.7845010363484339 11.25
    endloop
  endfacet
  facet normal 0.9469301294950992 -0.32143946530318024 0
    outer loop
      vertex -93.74395304164814 0.7845010363484339 11.25
      vertex -93.74395304164814 0.7845010363484339 17.45
      vertex -93.8301479438926 0.5305790424601675 11.25
    endloop
  endfacet
  facet normal 0.9807852804032311 -0.1950903220161255 0
    outer loop
      vertex -93.8301479438926 0.5305790424601675 11.25
      vertex -93.8301479438926 0.5305790424601675 17.45
      vertex -93.88246196581632 0.2675786940511057 11.25
    endloop
  endfacet
  facet normal 0.9978589232386039 -0.06540312923013711 0
    outer loop
      vertex -93.88246196581632 0.2675786940511057 11.25
      vertex -93.88246196581632 0.2675786940511057 17.45
      vertex -93.9 0 11.25
    endloop
  endfacet
  facet normal 0.6593458151000616 -0.7518398074789837 2.743481197672228e-19
    outer loop
      vertex -93.29956890143244 1.4495689014324225 11.25
      vertex -93.09796092946789 1.626374347597032 11.25
      vertex -93.09796092946789 1.626374347597032 17.45
    endloop
  endfacet
  facet normal 0.5555702330196075 -0.8314696123025417 0
    outer loop
      vertex -92.87500000000001 1.775352077758099 11.25
      vertex -92.87500000000001 1.775352077758099 17.45
      vertex -93.09796092946789 1.626374347597032 11.25
    endloop
  endfacet
  facet normal 0.44228869021898803 -0.8968727415326948 -4.438442996167146e-19
    outer loop
      vertex -92.87500000000001 1.775352077758099 11.25
      vertex -92.63450103634844 1.8939530416481376 11.25
      vertex -92.63450103634844 1.8939530416481376 17.45
    endloop
  endfacet
  facet normal 0.32143946530315887 -0.9469301294951066 0
    outer loop
      vertex -92.38057904246017 1.98014794389259 11.25
      vertex -92.38057904246017 1.98014794389259 17.45
      vertex -92.63450103634844 1.8939530416481376 11.25
    endloop
  endfacet
  facet normal 0.1950903220161349 -0.9807852804032291 -4.314466624012213e-19
    outer loop
      vertex -92.38057904246017 1.98014794389259 11.25
      vertex -92.11757869405112 2.032461965816311 11.25
      vertex -92.11757869405112 2.032461965816311 17.45
    endloop
  endfacet
  facet normal 0.06540312923014259 -0.9978589232386035 -2.401016040682203e-19
    outer loop
      vertex -92.11757869405112 2.032461965816311 11.25
      vertex -91.85000000000001 2.05 11.25
      vertex -91.85000000000001 2.05 17.45
    endloop
  endfacet
  facet normal -0.06540312923014259 -0.9978589232386035 2.401016040682203e-19
    outer loop
      vertex -91.85000000000001 2.05 11.25
      vertex -91.5824213059489 2.032461965816311 11.25
      vertex -91.5824213059489 2.032461965816311 17.45
    endloop
  endfacet
  facet normal -0.1950903220161349 -0.9807852804032291 4.314466624012213e-19
    outer loop
      vertex -91.5824213059489 2.032461965816311 11.25
      vertex -91.31942095753985 1.98014794389259 11.25
      vertex -91.31942095753985 1.98014794389259 17.45
    endloop
  endfacet
  facet normal -0.32143946530315887 -0.9469301294951066 -2.739474231208753e-19
    outer loop
      vertex -91.31942095753985 1.98014794389259 11.25
      vertex -91.06549896365158 1.8939530416481376 11.25
      vertex -91.06549896365158 1.8939530416481376 17.45
    endloop
  endfacet
  facet normal -0.44228869021898803 -0.8968727415326948 4.438442996167146e-19
    outer loop
      vertex -91.06549896365158 1.8939530416481376 11.25
      vertex -90.825 1.775352077758099 11.25
      vertex -90.825 1.775352077758099 17.45
    endloop
  endfacet
  facet normal -0.5555702330196075 -0.8314696123025417 2.468743978242401e-19
    outer loop
      vertex -90.825 1.775352077758099 11.25
      vertex -90.60203907053213 1.626374347597032 11.25
      vertex -90.60203907053213 1.626374347597032 17.45
    endloop
  endfacet
  facet normal -0.6593458151000616 -0.7518398074789837 -2.743481197672228e-19
    outer loop
      vertex -90.60203907053213 1.626374347597032 11.25
      vertex -90.40043109856758 1.4495689014324225 11.25
      vertex -90.40043109856758 1.4495689014324225 17.45
    endloop
  endfacet
  facet normal -0.7518398074789817 -0.6593458151000638 -1.5401592369672894e-18
    outer loop
      vertex -90.40043109856758 1.4495689014324225 11.25
      vertex -90.22362565240297 1.2479609294678773 11.25
      vertex -90.22362565240297 1.2479609294678773 17.45
    endloop
  endfacet
  facet normal -0.83146961230255 -0.5555702330195951 1.1051830146921298e-18
    outer loop
      vertex -90.22362565240297 1.2479609294678773 11.25
      vertex -90.07464792224191 1.025 11.25
      vertex -90.07464792224191 1.025 17.45
    endloop
  endfacet
  facet normal -0.8968727415326987 -0.4422886902189802 -7.617846328758411e-20
    outer loop
      vertex -90.07464792224191 1.025 11.25
      vertex -89.95604695835188 0.7845010363484339 11.25
      vertex -89.95604695835188 0.7845010363484339 17.45
    endloop
  endfacet
  facet normal -0.9469301294950992 -0.32143946530318024 1.5687732339904383e-19
    outer loop
      vertex -89.95604695835188 0.7845010363484339 11.25
      vertex -89.86985205610742 0.5305790424601675 11.25
      vertex -89.86985205610742 0.5305790424601675 17.45
    endloop
  endfacet
  facet normal -0.9807852804032311 -0.1950903220161255 2.9209499868418936e-19
    outer loop
      vertex -89.86985205610742 0.5305790424601675 11.25
      vertex -89.8175380341837 0.2675786940511057 11.25
      vertex -89.8175380341837 0.2675786940511057 17.45
    endloop
  endfacet
  facet normal -0.9978589232386039 -0.06540312923013711 -2.603354705093003e-19
    outer loop
      vertex -89.8175380341837 0.2675786940511057 11.25
      vertex -89.80000000000001 0 11.25
      vertex -89.80000000000001 0 17.45
    endloop
  endfacet
  facet normal 0 0 1
    outer loop
      vertex -93.74395304164814 0.7845010363484339 11.25
      vertex -93.8301479438926 0.5305790424601675 11.25
      vertex -93.8301479438926 -0.5305790424601675 11.25
    endloop
  endfacet
  facet normal 0 0 1
    outer loop
      vertex -93.62535207775811 1.025 11.25
      vertex -93.74395304164814 0.7845010363484339 11.25
      vertex -93.74395304164814 -0.7845010363484339 11.25
    endloop
  endfacet
  facet normal 0 0 1
    outer loop
      vertex -93.8301479438926 0.5305790424601675 11.25
      vertex -93.88246196581632 0.2675786940511057 11.25
      vertex -93.88246196581632 -0.2675786940511057 11.25
    endloop
  endfacet
  facet normal 0 0 1
    outer loop
      vertex -93.62535207775811 1.025 11.25
      vertex -93.62535207775811 -1.025 11.25
      vertex -93.47637434759704 1.2479609294678773 11.25
    endloop
  endfacet
  facet normal 0 0 1
    outer loop
      vertex -93.47637434759704 1.2479609294678773 11.25
      vertex -93.47637434759704 -1.2479609294678773 11.25
      vertex -93.29956890143244 1.4495689014324225 11.25
    endloop
  endfacet
  facet normal 0 0 1
    outer loop
      vertex -93.29956890143244 1.4495689014324225 11.25
      vertex -93.29956890143244 -1.4495689014324225 11.25
      vertex -93.09796092946789 1.626374347597032 11.25
    endloop
  endfacet
  facet normal 0 0 1
    outer loop
      vertex -92.87500000000001 1.775352077758099 11.25
      vertex -93.09796092946789 1.626374347597032 11.25
      vertex -93.09796092946789 -1.626374347597032 11.25
    endloop
  endfacet
  facet normal 0 0 1
    outer loop
      vertex -92.87500000000001 1.775352077758099 11.25
      vertex -92.87500000000001 -1.775352077758099 11.25
      vertex -92.63450103634844 1.8939530416481376 11.25
    endloop
  endfacet
  facet normal 0 0 1
    outer loop
      vertex -92.38057904246017 1.98014794389259 11.25
      vertex -92.63450103634844 1.8939530416481376 11.25
      vertex -92.63450103634844 -1.8939530416481376 11.25
    endloop
  endfacet
  facet normal 0 0 1
    outer loop
      vertex -92.38057904246017 1.98014794389259 11.25
      vertex -92.38057904246017 -1.98014794389259 11.25
      vertex -92.11757869405112 2.032461965816311 11.25
    endloop
  endfacet
  facet normal 0 0 1
    outer loop
      vertex -92.11757869405112 2.032461965816311 11.25
      vertex -92.11757869405112 -2.032461965816311 11.25
      vertex -91.85000000000001 2.05 11.25
    endloop
  endfacet
  facet normal 0 0 1
    outer loop
      vertex -91.85000000000001 2.05 11.25
      vertex -91.85000000000001 -2.05 11.25
      vertex -91.5824213059489 2.032461965816311 11.25
    endloop
  endfacet
  facet normal 0 0 1
    outer loop
      vertex -91.5824213059489 2.032461965816311 11.25
      vertex -91.5824213059489 -2.032461965816311 11.25
      vertex -91.31942095753985 1.98014794389259 11.25
    endloop
  endfacet
  facet normal 0 0 1
    outer loop
      vertex -91.31942095753985 1.98014794389259 11.25
      vertex -91.31942095753985 -1.98014794389259 11.25
      vertex -91.06549896365158 1.8939530416481376 11.25
    endloop
  endfacet
  facet normal 0 0 1
    outer loop
      vertex -91.06549896365158 1.8939530416481376 11.25
      vertex -91.06549896365158 -1.8939530416481376 11.25
      vertex -90.825 1.775352077758099 11.25
    endloop
  endfacet
  facet normal 0 0 1
    outer loop
      vertex -90.825 1.775352077758099 11.25
      vertex -90.825 -1.775352077758099 11.25
      vertex -90.60203907053213 1.626374347597032 11.25
    endloop
  endfacet
  facet normal 0 0 1
    outer loop
      vertex -90.60203907053213 1.626374347597032 11.25
      vertex -90.60203907053213 -1.626374347597032 11.25
      vertex -90.40043109856758 1.4495689014324225 11.25
    endloop
  endfacet
  facet normal 0 0 1
    outer loop
      vertex -90.40043109856758 1.4495689014324225 11.25
      vertex -90.40043109856758 -1.4495689014324225 11.25
      vertex -90.22362565240297 1.2479609294678773 11.25
    endloop
  endfacet
  facet normal 0 0 1
    outer loop
      vertex -90.22362565240297 1.2479609294678773 11.25
      vertex -90.22362565240297 -1.2479609294678773 11.25
      vertex -90.07464792224191 1.025 11.25
    endloop
  endfacet
  facet normal 0 0 1
    outer loop
      vertex -90.07464792224191 1.025 11.25
      vertex -90.07464792224191 -1.025 11.25
      vertex -89.95604695835188 0.7845010363484339 11.25
    endloop
  endfacet
  facet normal 0 0 1
    outer loop
      vertex -89.95604695835188 0.7845010363484339 11.25
      vertex -89.95604695835188 -0.7845010363484339 11.25
      vertex -89.86985205610742 0.5305790424601675 11.25
    endloop
  endfacet
  facet normal 0 0 1
    outer loop
      vertex -89.86985205610742 0.5305790424601675 11.25
      vertex -89.86985205610742 -0.5305790424601675 11.25
      vertex -89.8175380341837 0.2675786940511057 11.25
    endloop
  endfacet
  facet normal 0.9978589232386039 0.06540312923013711 0
    outer loop
      vertex -93.88246196581632 -0.2675786940511057 11.25
      vertex -93.9 0 17.45
      vertex -93.88246196581632 -0.2675786940511057 17.45
    endloop
  endfacet
  facet normal 0.9807852804032311 0.1950903220161255 0
    outer loop
      vertex -93.8301479438926 -0.5305790424601675 11.25
      vertex -93.88246196581632 -0.2675786940511057 17.45
      vertex -93.8301479438926 -0.5305790424601675 17.45
    endloop
  endfacet
  facet normal 0.9469301294950992 0.32143946530318024 0
    outer loop
      vertex -93.74395304164814 -0.7845010363484339 11.25
      vertex -93.8301479438926 -0.5305790424601675 17.45
      vertex -93.74395304164814 -0.7845010363484339 17.45
    endloop
  endfacet
  facet normal 0.8968727415326987 0.4422886902189802 0
    outer loop
      vertex -93.62535207775811 -1.025 11.25
      vertex -93.74395304164814 -0.7845010363484339 17.45
      vertex -93.62535207775811 -1.025 17.45
    endloop
  endfacet
  facet normal 0.83146961230255 0.5555702330195951 0
    outer loop
      vertex -93.47637434759704 -1.2479609294678773 11.25
      vertex -93.62535207775811 -1.025 17.45
      vertex -93.47637434759704 -1.2479609294678773 17.45
    endloop
  endfacet
  facet normal 0.7518398074789817 0.6593458151000638 0
    outer loop
      vertex -93.29956890143244 -1.4495689014324225 11.25
      vertex -93.47637434759704 -1.2479609294678773 17.45
      vertex -93.29956890143244 -1.4495689014324225 17.45
    endloop
  endfacet
  facet normal 0.6593458151000616 0.7518398074789837 0
    outer loop
      vertex -93.09796092946789 -1.626374347597032 11.25
      vertex -93.29956890143244 -1.4495689014324225 17.45
      vertex -93.09796092946789 -1.626374347597032 17.45
    endloop
  endfacet
  facet normal 0.5555702330196075 0.8314696123025417 0
    outer loop
      vertex -92.87500000000001 -1.775352077758099 11.25
      vertex -93.09796092946789 -1.626374347597032 17.45
      vertex -92.87500000000001 -1.775352077758099 17.45
    endloop
  endfacet
  facet normal 0.44228869021898803 0.8968727415326948 0
    outer loop
      vertex -92.63450103634844 -1.8939530416481376 11.25
      vertex -92.87500000000001 -1.775352077758099 17.45
      vertex -92.63450103634844 -1.8939530416481376 17.45
    endloop
  endfacet
  facet normal 0.32143946530315887 0.9469301294951066 0
    outer loop
      vertex -92.38057904246017 -1.98014794389259 11.25
      vertex -92.63450103634844 -1.8939530416481376 17.45
      vertex -92.38057904246017 -1.98014794389259 17.45
    endloop
  endfacet
  facet normal 0.1950903220161349 0.9807852804032291 0
    outer loop
      vertex -92.11757869405112 -2.032461965816311 11.25
      vertex -92.38057904246017 -1.98014794389259 17.45
      vertex -92.11757869405112 -2.032461965816311 17.45
    endloop
  endfacet
  facet normal 0.06540312923014259 0.9978589232386035 0
    outer loop
      vertex -91.85000000000001 -2.05 11.25
      vertex -92.11757869405112 -2.032461965816311 17.45
      vertex -91.85000000000001 -2.05 17.45
    endloop
  endfacet
  facet normal -0.06540312923014259 0.9978589232386035 0
    outer loop
      vertex -91.5824213059489 -2.032461965816311 11.25
      vertex -91.85000000000001 -2.05 17.45
      vertex -91.5824213059489 -2.032461965816311 17.45
    endloop
  endfacet
  facet normal -0.1950903220161349 0.9807852804032291 0
    outer loop
      vertex -91.31942095753985 -1.98014794389259 11.25
      vertex -91.5824213059489 -2.032461965816311 17.45
      vertex -91.31942095753985 -1.98014794389259 17.45
    endloop
  endfacet
  facet normal -0.32143946530315887 0.9469301294951066 0
    outer loop
      vertex -91.06549896365158 -1.8939530416481376 11.25
      vertex -91.31942095753985 -1.98014794389259 17.45
      vertex -91.06549896365158 -1.8939530416481376 17.45
    endloop
  endfacet
  facet normal -0.6593458151000616 0.7518398074789837 0
    outer loop
      vertex -90.40043109856758 -1.4495689014324225 11.25
      vertex -90.60203907053213 -1.626374347597032 17.45
      vertex -90.40043109856758 -1.4495689014324225 17.45
    endloop
  endfacet
  facet normal -0.7518398074789817 0.6593458151000638 0
    outer loop
      vertex -90.22362565240297 -1.2479609294678773 11.25
      vertex -90.40043109856758 -1.4495689014324225 17.45
      vertex -90.22362565240297 -1.2479609294678773 17.45
    endloop
  endfacet
  facet normal -0.44228869021898803 0.8968727415326948 0
    outer loop
      vertex -90.825 -1.775352077758099 11.25
      vertex -91.06549896365158 -1.8939530416481376 17.45
      vertex -90.825 -1.775352077758099 17.45
    endloop
  endfacet
  facet normal -0.5555702330196075 0.8314696123025417 0
    outer loop
      vertex -90.60203907053213 -1.626374347597032 11.25
      vertex -90.825 -1.775352077758099 17.45
      vertex -90.60203907053213 -1.626374347597032 17.45
    endloop
  endfacet
  facet normal -0.9807852804032311 0.1950903220161255 0
    outer loop
      vertex -89.8175380341837 -0.2675786940511057 11.25
      vertex -89.86985205610742 -0.5305790424601675 17.45
      vertex -89.8175380341837 -0.2675786940511057 17.45
    endloop
  endfacet
  facet normal -0.9978589232386039 0.06540312923013711 0
    outer loop
      vertex -89.80000000000001 0 11.25
      vertex -89.8175380341837 -0.2675786940511057 17.45
      vertex -89.80000000000001 0 17.45
    endloop
  endfacet
  facet normal -0.9469301294950992 0.32143946530318024 0
    outer loop
      vertex -89.86985205610742 -0.5305790424601675 11.25
      vertex -89.95604695835188 -0.7845010363484339 17.45
      vertex -89.86985205610742 -0.5305790424601675 17.45
    endloop
  endfacet
  facet normal -0.8968727415326987 0.4422886902189802 0
    outer loop
      vertex -89.95604695835188 -0.7845010363484339 11.25
      vertex -90.07464792224191 -1.025 17.45
      vertex -89.95604695835188 -0.7845010363484339 17.45
    endloop
  endfacet
  facet normal -0.83146961230255 0.5555702330195951 0
    outer loop
      vertex -90.07464792224191 -1.025 11.25
      vertex -90.22362565240297 -1.2479609294678773 17.45
      vertex -90.07464792224191 -1.025 17.45
    endloop
  endfacet
  facet normal 0.9978589232386039 0.06540312923013711 0
    outer loop
      vertex -93.9 0 11.25
      vertex -93.9 0 17.45
      vertex -93.88246196581632 -0.2675786940511057 11.25
    endloop
  endfacet
  facet normal 0.9807852804032311 0.1950903220161255 0
    outer loop
      vertex -93.88246196581632 -0.2675786940511057 11.25
      vertex -93.88246196581632 -0.2675786940511057 17.45
      vertex -93.8301479438926 -0.5305790424601675 11.25
    endloop
  endfacet
  facet normal 0.9469301294950992 0.32143946530318024 0
    outer loop
      vertex -93.8301479438926 -0.5305790424601675 11.25
      vertex -93.8301479438926 -0.5305790424601675 17.45
      vertex -93.74395304164814 -0.7845010363484339 11.25
    endloop
  endfacet
  facet normal 0.8968727415326987 0.4422886902189802 0
    outer loop
      vertex -93.74395304164814 -0.7845010363484339 11.25
      vertex -93.74395304164814 -0.7845010363484339 17.45
      vertex -93.62535207775811 -1.025 11.25
    endloop
  endfacet
  facet normal 0.83146961230255 0.5555702330195951 0
    outer loop
      vertex -93.62535207775811 -1.025 11.25
      vertex -93.62535207775811 -1.025 17.45
      vertex -93.47637434759704 -1.2479609294678773 11.25
    endloop
  endfacet
  facet normal 0.7518398074789817 0.6593458151000638 0
    outer loop
      vertex -93.47637434759704 -1.2479609294678773 11.25
      vertex -93.47637434759704 -1.2479609294678773 17.45
      vertex -93.29956890143244 -1.4495689014324225 11.25
    endloop
  endfacet
  facet normal 0.6593458151000616 0.7518398074789837 0
    outer loop
      vertex -93.29956890143244 -1.4495689014324225 11.25
      vertex -93.29956890143244 -1.4495689014324225 17.45
      vertex -93.09796092946789 -1.626374347597032 11.25
    endloop
  endfacet
  facet normal 0.5555702330196075 0.8314696123025417 0
    outer loop
      vertex -93.09796092946789 -1.626374347597032 11.25
      vertex -93.09796092946789 -1.626374347597032 17.45
      vertex -92.87500000000001 -1.775352077758099 11.25
    endloop
  endfacet
  facet normal 0.44228869021898803 0.8968727415326948 0
    outer loop
      vertex -92.87500000000001 -1.775352077758099 11.25
      vertex -92.87500000000001 -1.775352077758099 17.45
      vertex -92.63450103634844 -1.8939530416481376 11.25
    endloop
  endfacet
  facet normal 0.32143946530315887 0.9469301294951066 0
    outer loop
      vertex -92.63450103634844 -1.8939530416481376 11.25
      vertex -92.63450103634844 -1.8939530416481376 17.45
      vertex -92.38057904246017 -1.98014794389259 11.25
    endloop
  endfacet
  facet normal 0.1950903220161349 0.9807852804032291 0
    outer loop
      vertex -92.38057904246017 -1.98014794389259 11.25
      vertex -92.38057904246017 -1.98014794389259 17.45
      vertex -92.11757869405112 -2.032461965816311 11.25
    endloop
  endfacet
  facet normal 0.06540312923014259 0.9978589232386035 0
    outer loop
      vertex -92.11757869405112 -2.032461965816311 11.25
      vertex -92.11757869405112 -2.032461965816311 17.45
      vertex -91.85000000000001 -2.05 11.25
    endloop
  endfacet
  facet normal -0.06540312923014259 0.9978589232386035 0
    outer loop
      vertex -91.85000000000001 -2.05 11.25
      vertex -91.85000000000001 -2.05 17.45
      vertex -91.5824213059489 -2.032461965816311 11.25
    endloop
  endfacet
  facet normal -0.1950903220161349 0.9807852804032291 0
    outer loop
      vertex -91.5824213059489 -2.032461965816311 11.25
      vertex -91.5824213059489 -2.032461965816311 17.45
      vertex -91.31942095753985 -1.98014794389259 11.25
    endloop
  endfacet
  facet normal -0.32143946530315887 0.9469301294951066 2.739474231208753e-19
    outer loop
      vertex -91.06549896365158 -1.8939530416481376 11.25
      vertex -91.31942095753985 -1.98014794389259 11.25
      vertex -91.31942095753985 -1.98014794389259 17.45
    endloop
  endfacet
  facet normal -0.44228869021898803 0.8968727415326948 0
    outer loop
      vertex -91.06549896365158 -1.8939530416481376 11.25
      vertex -91.06549896365158 -1.8939530416481376 17.45
      vertex -90.825 -1.775352077758099 11.25
    endloop
  endfacet
  facet normal -0.7518398074789817 0.6593458151000638 0
    outer loop
      vertex -90.40043109856758 -1.4495689014324225 11.25
      vertex -90.40043109856758 -1.4495689014324225 17.45
      vertex -90.22362565240297 -1.2479609294678773 11.25
    endloop
  endfacet
  facet normal -0.5555702330196075 0.8314696123025417 -2.468743978242401e-19
    outer loop
      vertex -90.60203907053213 -1.626374347597032 11.25
      vertex -90.825 -1.775352077758099 11.25
      vertex -90.825 -1.775352077758099 17.45
    endloop
  endfacet
  facet normal -0.6593458151000616 0.7518398074789837 2.743481197672228e-19
    outer loop
      vertex -90.40043109856758 -1.4495689014324225 11.25
      vertex -90.60203907053213 -1.626374347597032 11.25
      vertex -90.60203907053213 -1.626374347597032 17.45
    endloop
  endfacet
  facet normal -0.9807852804032311 0.1950903220161255 -2.9209499868418936e-19
    outer loop
      vertex -89.8175380341837 -0.2675786940511057 11.25
      vertex -89.86985205610742 -0.5305790424601675 11.25
      vertex -89.86985205610742 -0.5305790424601675 17.45
    endloop
  endfacet
  facet normal -0.9978589232386039 0.06540312923013711 2.603354705093003e-19
    outer loop
      vertex -89.80000000000001 0 11.25
      vertex -89.8175380341837 -0.2675786940511057 11.25
      vertex -89.8175380341837 -0.2675786940511057 17.45
    endloop
  endfacet
  facet normal -0.9469301294950992 0.32143946530318024 -1.5687732339904383e-19
    outer loop
      vertex -89.86985205610742 -0.5305790424601675 11.25
      vertex -89.95604695835188 -0.7845010363484339 11.25
      vertex -89.95604695835188 -0.7845010363484339 17.45
    endloop
  endfacet
  facet normal -0.8968727415326987 0.4422886902189802 7.617846328758411e-20
    outer loop
      vertex -89.95604695835188 -0.7845010363484339 11.25
      vertex -90.07464792224191 -1.025 11.25
      vertex -90.07464792224191 -1.025 17.45
    endloop
  endfacet
  facet normal -0.83146961230255 0.5555702330195951 -1.1051830146921298e-18
    outer loop
      vertex -90.07464792224191 -1.025 11.25
      vertex -90.22362565240297 -1.2479609294678773 11.25
      vertex -90.22362565240297 -1.2479609294678773 17.45
    endloop
  endfacet
  facet normal 0 0 1
    outer loop
      vertex -93.88246196581632 0.2675786940511057 11.25
      vertex -93.9 0 11.25
      vertex -93.88246196581632 -0.2675786940511057 11.25
    endloop
  endfacet
  facet normal 0 0 1
    outer loop
      vertex -93.8301479438926 0.5305790424601675 11.25
      vertex -93.88246196581632 -0.2675786940511057 11.25
      vertex -93.8301479438926 -0.5305790424601675 11.25
    endloop
  endfacet
  facet normal 0 0 1
    outer loop
      vertex -93.74395304164814 0.7845010363484339 11.25
      vertex -93.8301479438926 -0.5305790424601675 11.25
      vertex -93.74395304164814 -0.7845010363484339 11.25
    endloop
  endfacet
  facet normal 0 0 1
    outer loop
      vertex -93.62535207775811 1.025 11.25
      vertex -93.74395304164814 -0.7845010363484339 11.25
      vertex -93.62535207775811 -1.025 11.25
    endloop
  endfacet
  facet normal 0 0 1
    outer loop
      vertex -93.47637434759704 1.2479609294678773 11.25
      vertex -93.62535207775811 -1.025 11.25
      vertex -93.47637434759704 -1.2479609294678773 11.25
    endloop
  endfacet
  facet normal 0 0 1
    outer loop
      vertex -93.29956890143244 1.4495689014324225 11.25
      vertex -93.47637434759704 -1.2479609294678773 11.25
      vertex -93.29956890143244 -1.4495689014324225 11.25
    endloop
  endfacet
  facet normal 0 0 1
    outer loop
      vertex -93.09796092946789 1.626374347597032 11.25
      vertex -93.29956890143244 -1.4495689014324225 11.25
      vertex -93.09796092946789 -1.626374347597032 11.25
    endloop
  endfacet
  facet normal 0 0 1
    outer loop
      vertex -92.87500000000001 1.775352077758099 11.25
      vertex -93.09796092946789 -1.626374347597032 11.25
      vertex -92.87500000000001 -1.775352077758099 11.25
    endloop
  endfacet
  facet normal 0 0 1
    outer loop
      vertex -92.63450103634844 1.8939530416481376 11.25
      vertex -92.87500000000001 -1.775352077758099 11.25
      vertex -92.63450103634844 -1.8939530416481376 11.25
    endloop
  endfacet
  facet normal 0 0 1
    outer loop
      vertex -92.38057904246017 1.98014794389259 11.25
      vertex -92.63450103634844 -1.8939530416481376 11.25
      vertex -92.38057904246017 -1.98014794389259 11.25
    endloop
  endfacet
  facet normal 0 0 1
    outer loop
      vertex -92.11757869405112 2.032461965816311 11.25
      vertex -92.38057904246017 -1.98014794389259 11.25
      vertex -92.11757869405112 -2.032461965816311 11.25
    endloop
  endfacet
  facet normal 0 0 1
    outer loop
      vertex -91.85000000000001 2.05 11.25
      vertex -92.11757869405112 -2.032461965816311 11.25
      vertex -91.85000000000001 -2.05 11.25
    endloop
  endfacet
  facet normal 0 0 1
    outer loop
      vertex -91.5824213059489 2.032461965816311 11.25
      vertex -91.85000000000001 -2.05 11.25
      vertex -91.5824213059489 -2.032461965816311 11.25
    endloop
  endfacet
  facet normal 0 0 1
    outer loop
      vertex -91.31942095753985 1.98014794389259 11.25
      vertex -91.5824213059489 -2.032461965816311 11.25
      vertex -91.31942095753985 -1.98014794389259 11.25
    endloop
  endfacet
  facet normal 0 0 1
    outer loop
      vertex -91.06549896365158 1.8939530416481376 11.25
      vertex -91.31942095753985 -1.98014794389259 11.25
      vertex -91.06549896365158 -1.8939530416481376 11.25
    endloop
  endfacet
  facet normal 0 0 1
    outer loop
      vertex -90.22362565240297 1.2479609294678773 11.25
      vertex -90.40043109856758 -1.4495689014324225 11.25
      vertex -90.22362565240297 -1.2479609294678773 11.25
    endloop
  endfacet
  facet normal 0 0 1
    outer loop
      vertex -90.825 1.775352077758099 11.25
      vertex -91.06549896365158 -1.8939530416481376 11.25
      vertex -90.825 -1.775352077758099 11.25
    endloop
  endfacet
  facet normal 0 0 1
    outer loop
      vertex -90.60203907053213 1.626374347597032 11.25
      vertex -90.825 -1.775352077758099 11.25
      vertex -90.60203907053213 -1.626374347597032 11.25
    endloop
  endfacet
  facet normal 0 0 1
    outer loop
      vertex -90.40043109856758 1.4495689014324225 11.25
      vertex -90.60203907053213 -1.626374347597032 11.25
      vertex -90.40043109856758 -1.4495689014324225 11.25
    endloop
  endfacet
  facet normal 0 0 1
    outer loop
      vertex -89.8175380341837 0.2675786940511057 11.25
      vertex -89.86985205610742 -0.5305790424601675 11.25
      vertex -89.8175380341837 -0.2675786940511057 11.25
    endloop
  endfacet
  facet normal 0 0 1
    outer loop
      vertex -90.07464792224191 1.025 11.25
      vertex -90.22362565240297 -1.2479609294678773 11.25
      vertex -90.07464792224191 -1.025 11.25
    endloop
  endfacet
  facet normal 0 0 1
    outer loop
      vertex -89.95604695835188 0.7845010363484339 11.25
      vertex -90.07464792224191 -1.025 11.25
      vertex -89.95604695835188 -0.7845010363484339 11.25
    endloop
  endfacet
  facet normal 0 0 1
    outer loop
      vertex -89.86985205610742 0.5305790424601675 11.25
      vertex -89.95604695835188 -0.7845010363484339 11.25
      vertex -89.86985205610742 -0.5305790424601675 11.25
    endloop
  endfacet
  facet normal 0 0 1
    outer loop
      vertex -89.8175380341837 0.2675786940511057 11.25
      vertex -89.8175380341837 -0.2675786940511057 11.25
      vertex -89.80000000000001 0 11.25
    endloop
  endfacet
  facet normal 0.7518398074789723 -0.6593458151000747 0
    outer loop
      vertex -1.626374347597032 -59.152039070532126 11.25
      vertex -1.4495689014324225 -58.950431098567584 17.45
      vertex -1.626374347597032 -59.152039070532126 17.45
    endloop
  endfacet
  facet normal 0.8314696123025499 -0.5555702330195953 0
    outer loop
      vertex -1.775352077758099 -59.37500000000001 11.25
      vertex -1.626374347597032 -59.152039070532126 17.45
      vertex -1.775352077758099 -59.37500000000001 17.45
    endloop
  endfacet
  facet normal 0.8968727415326897 -0.4422886902189985 0
    outer loop
      vertex -1.8939530416481376 -59.615498963651575 11.25
      vertex -1.775352077758099 -59.37500000000001 17.45
      vertex -1.8939530416481376 -59.615498963651575 17.45
    endloop
  endfacet
  facet normal 0.9469301294951038 -0.3214394653031669 0
    outer loop
      vertex -1.98014794389259 -59.86942095753984 11.25
      vertex -1.8939530416481376 -59.615498963651575 17.45
      vertex -1.98014794389259 -59.86942095753984 17.45
    endloop
  endfacet
  facet normal 0.9807852804032312 -0.1950903220161248 0
    outer loop
      vertex -2.032461965816311 -60.1324213059489 11.25
      vertex -1.98014794389259 -59.86942095753984 17.45
      vertex -2.032461965816311 -60.1324213059489 17.45
    endloop
  endfacet
  facet normal 0.4422886902190015 -0.8968727415326881 0
    outer loop
      vertex -1.025 -58.624647922241905 11.25
      vertex -0.7845010363484339 -58.50604695835187 17.45
      vertex -1.025 -58.624647922241905 17.45
    endloop
  endfacet
  facet normal 0.5555702330196134 -0.8314696123025378 0
    outer loop
      vertex -1.2479609294678773 -58.77362565240298 11.25
      vertex -1.025 -58.624647922241905 17.45
      vertex -1.2479609294678773 -58.77362565240298 17.45
    endloop
  endfacet
  facet normal 0.6593458151000638 -0.7518398074789817 0
    outer loop
      vertex -1.4495689014324225 -58.950431098567584 11.25
      vertex -1.2479609294678773 -58.77362565240298 17.45
      vertex -1.4495689014324225 -58.950431098567584 17.45
    endloop
  endfacet
  facet normal 0.3214394653031565 -0.9469301294951075 0
    outer loop
      vertex -0.7845010363484339 -58.50604695835187 11.25
      vertex -0.5305790424601675 -58.419852056107416 17.45
      vertex -0.7845010363484339 -58.50604695835187 17.45
    endloop
  endfacet
  facet normal 0.1950903220161255 -0.9807852804032311 0
    outer loop
      vertex -0.5305790424601675 -58.419852056107416 11.25
      vertex -0.2675786940511057 -58.367538034183696 17.45
      vertex -0.5305790424601675 -58.419852056107416 17.45
    endloop
  endfacet
  facet normal 0.06540312923013711 -0.9978589232386039 0
    outer loop
      vertex -0.2675786940511057 -58.367538034183696 11.25
      vertex 0 -58.35000000000001 17.45
      vertex -0.2675786940511057 -58.367538034183696 17.45
    endloop
  endfacet
  facet normal 0.9978589232386034 -0.06540312923014432 0
    outer loop
      vertex -2.05 -60.400000000000006 11.25
      vertex -2.032461965816311 -60.1324213059489 17.45
      vertex -2.05 -60.400000000000006 17.45
    endloop
  endfacet
  facet normal 0.9978589232386034 0.06540312923014432 0
    outer loop
      vertex -2.032461965816311 -60.66757869405111 11.25
      vertex -2.05 -60.400000000000006 17.45
      vertex -2.032461965816311 -60.66757869405111 17.45
    endloop
  endfacet
  facet normal 0.9807852804032312 0.1950903220161248 0
    outer loop
      vertex -1.98014794389259 -60.930579042460174 11.25
      vertex -2.032461965816311 -60.66757869405111 17.45
      vertex -1.98014794389259 -60.930579042460174 17.45
    endloop
  endfacet
  facet normal 0.9469301294951038 0.3214394653031669 0
    outer loop
      vertex -1.8939530416481376 -61.184501036348436 11.25
      vertex -1.98014794389259 -60.930579042460174 17.45
      vertex -1.8939530416481376 -61.184501036348436 17.45
    endloop
  endfacet
  facet normal 0.8968727415326897 0.4422886902189985 0
    outer loop
      vertex -1.775352077758099 -61.425000000000004 11.25
      vertex -1.8939530416481376 -61.184501036348436 17.45
      vertex -1.775352077758099 -61.425000000000004 17.45
    endloop
  endfacet
  facet normal 0.8314696123025499 0.5555702330195953 0
    outer loop
      vertex -1.626374347597032 -61.647960929467885 11.25
      vertex -1.775352077758099 -61.425000000000004 17.45
      vertex -1.626374347597032 -61.647960929467885 17.45
    endloop
  endfacet
  facet normal 0.7518398074789723 0.6593458151000747 0
    outer loop
      vertex -1.4495689014324225 -61.84956890143243 11.25
      vertex -1.626374347597032 -61.647960929467885 17.45
      vertex -1.4495689014324225 -61.84956890143243 17.45
    endloop
  endfacet
  facet normal 0.6593458151000638 0.7518398074789817 0
    outer loop
      vertex -1.2479609294678773 -62.026374347597034 11.25
      vertex -1.4495689014324225 -61.84956890143243 17.45
      vertex -1.2479609294678773 -62.026374347597034 17.45
    endloop
  endfacet
  facet normal 0.5555702330196134 0.8314696123025378 0
    outer loop
      vertex -1.025 -62.175352077758106 11.25
      vertex -1.2479609294678773 -62.026374347597034 17.45
      vertex -1.025 -62.175352077758106 17.45
    endloop
  endfacet
  facet normal 0.4422886902190015 0.8968727415326881 0
    outer loop
      vertex -0.7845010363484339 -62.293953041648145 11.25
      vertex -1.025 -62.175352077758106 17.45
      vertex -0.7845010363484339 -62.293953041648145 17.45
    endloop
  endfacet
  facet normal 0.3214394653031565 0.9469301294951075 0
    outer loop
      vertex -0.5305790424601675 -62.380147943892595 11.25
      vertex -0.7845010363484339 -62.293953041648145 17.45
      vertex -0.5305790424601675 -62.380147943892595 17.45
    endloop
  endfacet
  facet normal 0.1950903220161255 0.9807852804032311 0
    outer loop
      vertex -0.2675786940511057 -62.432461965816316 11.25
      vertex -0.5305790424601675 -62.380147943892595 17.45
      vertex -0.2675786940511057 -62.432461965816316 17.45
    endloop
  endfacet
  facet normal 0.06540312923013711 0.9978589232386039 0
    outer loop
      vertex 0 -62.45 11.25
      vertex -0.2675786940511057 -62.432461965816316 17.45
      vertex 0 -62.45 17.45
    endloop
  endfacet
  facet normal 0.8314696123025499 -0.5555702330195953 0
    outer loop
      vertex -1.626374347597032 -59.152039070532126 11.25
      vertex -1.626374347597032 -59.152039070532126 17.45
      vertex -1.775352077758099 -59.37500000000001 11.25
    endloop
  endfacet
  facet normal 0.8968727415326897 -0.4422886902189985 0
    outer loop
      vertex -1.775352077758099 -59.37500000000001 11.25
      vertex -1.775352077758099 -59.37500000000001 17.45
      vertex -1.8939530416481376 -59.615498963651575 11.25
    endloop
  endfacet
  facet normal 0.9469301294951038 -0.3214394653031669 0
    outer loop
      vertex -1.8939530416481376 -59.615498963651575 11.25
      vertex -1.8939530416481376 -59.615498963651575 17.45
      vertex -1.98014794389259 -59.86942095753984 11.25
    endloop
  endfacet
  facet normal 0.9807852804032312 -0.1950903220161248 0
    outer loop
      vertex -1.98014794389259 -59.86942095753984 11.25
      vertex -1.98014794389259 -59.86942095753984 17.45
      vertex -2.032461965816311 -60.1324213059489 11.25
    endloop
  endfacet
  facet normal 0.4422886902190015 -0.8968727415326881 0
    outer loop
      vertex -0.7845010363484339 -58.50604695835187 11.25
      vertex -0.7845010363484339 -58.50604695835187 17.45
      vertex -1.025 -58.624647922241905 11.25
    endloop
  endfacet
  facet normal 0.6593458151000638 -0.7518398074789817 0
    outer loop
      vertex -1.2479609294678773 -58.77362565240298 11.25
      vertex -1.2479609294678773 -58.77362565240298 17.45
      vertex -1.4495689014324225 -58.950431098567584 11.25
    endloop
  endfacet
  facet normal 0.7518398074789723 -0.6593458151000747 7.077045687786114e-20
    outer loop
      vertex -1.626374347597032 -59.152039070532126 11.25
      vertex -1.4495689014324225 -58.950431098567584 11.25
      vertex -1.4495689014324225 -58.950431098567584 17.45
    endloop
  endfacet
  facet normal 0.5555702330196134 -0.8314696123025378 1.9696189708894702e-19
    outer loop
      vertex -1.2479609294678773 -58.77362565240298 11.25
      vertex -1.025 -58.624647922241905 11.25
      vertex -1.025 -58.624647922241905 17.45
    endloop
  endfacet
  facet normal 0.3214394653031565 -0.9469301294951075 -2.241638528806313e-19
    outer loop
      vertex -0.7845010363484339 -58.50604695835187 11.25
      vertex -0.5305790424601675 -58.419852056107416 11.25
      vertex -0.5305790424601675 -58.419852056107416 17.45
    endloop
  endfacet
  facet normal 0.06540312923013711 -0.9978589232386039 2.603354705093003e-19
    outer loop
      vertex -0.2675786940511057 -58.367538034183696 11.25
      vertex 0 -58.35000000000001 11.25
      vertex 0 -58.35000000000001 17.45
    endloop
  endfacet
  facet normal 0.1950903220161255 -0.9807852804032311 -2.9209499868418936e-19
    outer loop
      vertex -0.5305790424601675 -58.419852056107416 11.25
      vertex -0.2675786940511057 -58.367538034183696 11.25
      vertex -0.2675786940511057 -58.367538034183696 17.45
    endloop
  endfacet
  facet normal 0.9978589232386034 -0.06540312923014432 0
    outer loop
      vertex -2.032461965816311 -60.1324213059489 11.25
      vertex -2.032461965816311 -60.1324213059489 17.45
      vertex -2.05 -60.400000000000006 11.25
    endloop
  endfacet
  facet normal 0.9978589232386034 0.06540312923014432 0
    outer loop
      vertex -2.05 -60.400000000000006 11.25
      vertex -2.05 -60.400000000000006 17.45
      vertex -2.032461965816311 -60.66757869405111 11.25
    endloop
  endfacet
  facet normal 0.9807852804032312 0.1950903220161248 0
    outer loop
      vertex -2.032461965816311 -60.66757869405111 11.25
      vertex -2.032461965816311 -60.66757869405111 17.45
      vertex -1.98014794389259 -60.930579042460174 11.25
    endloop
  endfacet
  facet normal 0.9469301294951038 0.3214394653031669 0
    outer loop
      vertex -1.98014794389259 -60.930579042460174 11.25
      vertex -1.98014794389259 -60.930579042460174 17.45
      vertex -1.8939530416481376 -61.184501036348436 11.25
    endloop
  endfacet
  facet normal 0.8968727415326897 0.4422886902189985 0
    outer loop
      vertex -1.8939530416481376 -61.184501036348436 11.25
      vertex -1.8939530416481376 -61.184501036348436 17.45
      vertex -1.775352077758099 -61.425000000000004 11.25
    endloop
  endfacet
  facet normal 0.8314696123025499 0.5555702330195953 0
    outer loop
      vertex -1.775352077758099 -61.425000000000004 11.25
      vertex -1.775352077758099 -61.425000000000004 17.45
      vertex -1.626374347597032 -61.647960929467885 11.25
    endloop
  endfacet
  facet normal 0.7518398074789723 0.6593458151000747 0
    outer loop
      vertex -1.626374347597032 -61.647960929467885 11.25
      vertex -1.626374347597032 -61.647960929467885 17.45
      vertex -1.4495689014324225 -61.84956890143243 11.25
    endloop
  endfacet
  facet normal 0.6593458151000638 0.7518398074789817 0
    outer loop
      vertex -1.4495689014324225 -61.84956890143243 11.25
      vertex -1.4495689014324225 -61.84956890143243 17.45
      vertex -1.2479609294678773 -62.026374347597034 11.25
    endloop
  endfacet
  facet normal 0.5555702330196134 0.8314696123025378 0
    outer loop
      vertex -1.2479609294678773 -62.026374347597034 11.25
      vertex -1.2479609294678773 -62.026374347597034 17.45
      vertex -1.025 -62.175352077758106 11.25
    endloop
  endfacet
  facet normal 0.4422886902190015 0.8968727415326881 0
    outer loop
      vertex -1.025 -62.175352077758106 11.25
      vertex -1.025 -62.175352077758106 17.45
      vertex -0.7845010363484339 -62.293953041648145 11.25
    endloop
  endfacet
  facet normal 0.3214394653031565 0.9469301294951075 0
    outer loop
      vertex -0.7845010363484339 -62.293953041648145 11.25
      vertex -0.7845010363484339 -62.293953041648145 17.45
      vertex -0.5305790424601675 -62.380147943892595 11.25
    endloop
  endfacet
  facet normal 0.1950903220161255 0.9807852804032311 0
    outer loop
      vertex -0.5305790424601675 -62.380147943892595 11.25
      vertex -0.5305790424601675 -62.380147943892595 17.45
      vertex -0.2675786940511057 -62.432461965816316 11.25
    endloop
  endfacet
  facet normal 0.06540312923013711 0.9978589232386039 0
    outer loop
      vertex -0.2675786940511057 -62.432461965816316 11.25
      vertex -0.2675786940511057 -62.432461965816316 17.45
      vertex 0 -62.45 11.25
    endloop
  endfacet
  facet normal 0 0 1
    outer loop
      vertex -1.8939530416481376 -59.615498963651575 11.25
      vertex -1.98014794389259 -59.86942095753984 11.25
      vertex -1.98014794389259 -60.930579042460174 11.25
    endloop
  endfacet
  facet normal 0 0 1
    outer loop
      vertex -1.626374347597032 -59.152039070532126 11.25
      vertex -1.775352077758099 -59.37500000000001 11.25
      vertex -1.775352077758099 -61.425000000000004 11.25
    endloop
  endfacet
  facet normal 0 0 1
    outer loop
      vertex -1.775352077758099 -59.37500000000001 11.25
      vertex -1.8939530416481376 -59.615498963651575 11.25
      vertex -1.8939530416481376 -61.184501036348436 11.25
    endloop
  endfacet
  facet normal 0 0 1
    outer loop
      vertex -1.626374347597032 -59.152039070532126 11.25
      vertex -1.626374347597032 -61.647960929467885 11.25
      vertex -1.4495689014324225 -58.950431098567584 11.25
    endloop
  endfacet
  facet normal 0 0 1
    outer loop
      vertex -1.2479609294678773 -58.77362565240298 11.25
      vertex -1.4495689014324225 -58.950431098567584 11.25
      vertex -1.4495689014324225 -61.84956890143243 11.25
    endloop
  endfacet
  facet normal 0 0 1
    outer loop
      vertex -1.2479609294678773 -58.77362565240298 11.25
      vertex -1.2479609294678773 -62.026374347597034 11.25
      vertex -1.025 -58.624647922241905 11.25
    endloop
  endfacet
  facet normal 0 0 1
    outer loop
      vertex -0.7845010363484339 -58.50604695835187 11.25
      vertex -1.025 -58.624647922241905 11.25
      vertex -1.025 -62.175352077758106 11.25
    endloop
  endfacet
  facet normal 0 0 1
    outer loop
      vertex -0.7845010363484339 -58.50604695835187 11.25
      vertex -0.7845010363484339 -62.293953041648145 11.25
      vertex -0.5305790424601675 -58.419852056107416 11.25
    endloop
  endfacet
  facet normal 0 0 1
    outer loop
      vertex -0.5305790424601675 -58.419852056107416 11.25
      vertex -0.5305790424601675 -62.380147943892595 11.25
      vertex -0.2675786940511057 -58.367538034183696 11.25
    endloop
  endfacet
  facet normal 0 0 1
    outer loop
      vertex -0.2675786940511057 -58.367538034183696 11.25
      vertex -0.2675786940511057 -62.432461965816316 11.25
      vertex 0 -58.35000000000001 11.25
    endloop
  endfacet
  facet normal 0 0 1
    outer loop
      vertex -1.98014794389259 -59.86942095753984 11.25
      vertex -2.032461965816311 -60.1324213059489 11.25
      vertex -2.032461965816311 -60.66757869405111 11.25
    endloop
  endfacet
  facet normal 0 0 1
    outer loop
      vertex -2.032461965816311 -60.1324213059489 11.25
      vertex -2.05 -60.400000000000006 11.25
      vertex -2.032461965816311 -60.66757869405111 11.25
    endloop
  endfacet
  facet normal 0 0 1
    outer loop
      vertex -1.98014794389259 -59.86942095753984 11.25
      vertex -2.032461965816311 -60.66757869405111 11.25
      vertex -1.98014794389259 -60.930579042460174 11.25
    endloop
  endfacet
  facet normal 0 0 1
    outer loop
      vertex -1.8939530416481376 -59.615498963651575 11.25
      vertex -1.98014794389259 -60.930579042460174 11.25
      vertex -1.8939530416481376 -61.184501036348436 11.25
    endloop
  endfacet
  facet normal 0 0 1
    outer loop
      vertex -1.775352077758099 -59.37500000000001 11.25
      vertex -1.8939530416481376 -61.184501036348436 11.25
      vertex -1.775352077758099 -61.425000000000004 11.25
    endloop
  endfacet
  facet normal 0 0 1
    outer loop
      vertex -1.626374347597032 -59.152039070532126 11.25
      vertex -1.775352077758099 -61.425000000000004 11.25
      vertex -1.626374347597032 -61.647960929467885 11.25
    endloop
  endfacet
  facet normal 0 0 1
    outer loop
      vertex -1.4495689014324225 -58.950431098567584 11.25
      vertex -1.626374347597032 -61.647960929467885 11.25
      vertex -1.4495689014324225 -61.84956890143243 11.25
    endloop
  endfacet
  facet normal 0 0 1
    outer loop
      vertex -1.2479609294678773 -58.77362565240298 11.25
      vertex -1.4495689014324225 -61.84956890143243 11.25
      vertex -1.2479609294678773 -62.026374347597034 11.25
    endloop
  endfacet
  facet normal 0 0 1
    outer loop
      vertex -1.025 -58.624647922241905 11.25
      vertex -1.2479609294678773 -62.026374347597034 11.25
      vertex -1.025 -62.175352077758106 11.25
    endloop
  endfacet
  facet normal 0 0 1
    outer loop
      vertex -0.7845010363484339 -58.50604695835187 11.25
      vertex -1.025 -62.175352077758106 11.25
      vertex -0.7845010363484339 -62.293953041648145 11.25
    endloop
  endfacet
  facet normal 0 0 1
    outer loop
      vertex -0.5305790424601675 -58.419852056107416 11.25
      vertex -0.7845010363484339 -62.293953041648145 11.25
      vertex -0.5305790424601675 -62.380147943892595 11.25
    endloop
  endfacet
  facet normal 0 0 1
    outer loop
      vertex -0.2675786940511057 -58.367538034183696 11.25
      vertex -0.5305790424601675 -62.380147943892595 11.25
      vertex -0.2675786940511057 -62.432461965816316 11.25
    endloop
  endfacet
  facet normal 0 0 1
    outer loop
      vertex -0.2675786940511057 -62.432461965816316 11.25
      vertex 0 -62.45 11.25
      vertex 0 -58.35000000000001 11.25
    endloop
  endfacet
  facet normal -0.06540312923013711 -0.9978589232386039 0
    outer loop
      vertex 0 -58.35000000000001 11.25
      vertex 0.2675786940511057 -58.367538034183696 17.45
      vertex 0 -58.35000000000001 17.45
    endloop
  endfacet
  facet normal -0.1950903220161255 -0.9807852804032311 0
    outer loop
      vertex 0.2675786940511057 -58.367538034183696 11.25
      vertex 0.5305790424601675 -58.419852056107416 17.45
      vertex 0.2675786940511057 -58.367538034183696 17.45
    endloop
  endfacet
  facet normal -0.3214394653031565 -0.9469301294951075 0
    outer loop
      vertex 0.5305790424601675 -58.419852056107416 11.25
      vertex 0.7845010363484339 -58.50604695835187 17.45
      vertex 0.5305790424601675 -58.419852056107416 17.45
    endloop
  endfacet
  facet normal -0.4422886902190015 -0.8968727415326881 0
    outer loop
      vertex 0.7845010363484339 -58.50604695835187 11.25
      vertex 1.025 -58.624647922241905 17.45
      vertex 0.7845010363484339 -58.50604695835187 17.45
    endloop
  endfacet
  facet normal -0.5555702330196134 -0.8314696123025378 0
    outer loop
      vertex 1.025 -58.624647922241905 11.25
      vertex 1.2479609294678773 -58.77362565240298 17.45
      vertex 1.025 -58.624647922241905 17.45
    endloop
  endfacet
  facet normal -0.6593458151000638 -0.7518398074789817 0
    outer loop
      vertex 1.2479609294678773 -58.77362565240298 11.25
      vertex 1.4495689014324225 -58.950431098567584 17.45
      vertex 1.2479609294678773 -58.77362565240298 17.45
    endloop
  endfacet
  facet normal -0.7518398074789723 -0.6593458151000747 0
    outer loop
      vertex 1.4495689014324225 -58.950431098567584 11.25
      vertex 1.626374347597032 -59.152039070532126 17.45
      vertex 1.4495689014324225 -58.950431098567584 17.45
    endloop
  endfacet
  facet normal -0.8314696123025499 -0.5555702330195953 0
    outer loop
      vertex 1.626374347597032 -59.152039070532126 11.25
      vertex 1.775352077758099 -59.37500000000001 17.45
      vertex 1.626374347597032 -59.152039070532126 17.45
    endloop
  endfacet
  facet normal -0.8968727415326897 -0.4422886902189985 0
    outer loop
      vertex 1.775352077758099 -59.37500000000001 11.25
      vertex 1.8939530416481376 -59.615498963651575 17.45
      vertex 1.775352077758099 -59.37500000000001 17.45
    endloop
  endfacet
  facet normal -0.9469301294951038 -0.3214394653031669 0
    outer loop
      vertex 1.8939530416481376 -59.615498963651575 11.25
      vertex 1.98014794389259 -59.86942095753984 17.45
      vertex 1.8939530416481376 -59.615498963651575 17.45
    endloop
  endfacet
  facet normal -0.9807852804032312 -0.1950903220161248 0
    outer loop
      vertex 1.98014794389259 -59.86942095753984 11.25
      vertex 2.032461965816311 -60.1324213059489 17.45
      vertex 1.98014794389259 -59.86942095753984 17.45
    endloop
  endfacet
  facet normal -0.4422886902190015 0.8968727415326881 0
    outer loop
      vertex 1.025 -62.175352077758106 11.25
      vertex 0.7845010363484339 -62.293953041648145 17.45
      vertex 1.025 -62.175352077758106 17.45
    endloop
  endfacet
  facet normal -0.6593458151000638 0.7518398074789817 0
    outer loop
      vertex 1.4495689014324225 -61.84956890143243 11.25
      vertex 1.2479609294678773 -62.026374347597034 17.45
      vertex 1.4495689014324225 -61.84956890143243 17.45
    endloop
  endfacet
  facet normal -0.5555702330196134 0.8314696123025378 0
    outer loop
      vertex 1.2479609294678773 -62.026374347597034 11.25
      vertex 1.025 -62.175352077758106 17.45
      vertex 1.2479609294678773 -62.026374347597034 17.45
    endloop
  endfacet
  facet normal -0.9978589232386034 -0.06540312923014432 0
    outer loop
      vertex 2.032461965816311 -60.1324213059489 11.25
      vertex 2.05 -60.400000000000006 17.45
      vertex 2.032461965816311 -60.1324213059489 17.45
    endloop
  endfacet
  facet normal -0.9978589232386034 0.06540312923014432 0
    outer loop
      vertex 2.05 -60.400000000000006 11.25
      vertex 2.032461965816311 -60.66757869405111 17.45
      vertex 2.05 -60.400000000000006 17.45
    endloop
  endfacet
  facet normal -0.9807852804032312 0.1950903220161248 0
    outer loop
      vertex 2.032461965816311 -60.66757869405111 11.25
      vertex 1.98014794389259 -60.930579042460174 17.45
      vertex 2.032461965816311 -60.66757869405111 17.45
    endloop
  endfacet
  facet normal -0.9469301294951038 0.3214394653031669 0
    outer loop
      vertex 1.98014794389259 -60.930579042460174 11.25
      vertex 1.8939530416481376 -61.184501036348436 17.45
      vertex 1.98014794389259 -60.930579042460174 17.45
    endloop
  endfacet
  facet normal -0.8968727415326897 0.4422886902189985 0
    outer loop
      vertex 1.8939530416481376 -61.184501036348436 11.25
      vertex 1.775352077758099 -61.425000000000004 17.45
      vertex 1.8939530416481376 -61.184501036348436 17.45
    endloop
  endfacet
  facet normal -0.7518398074789723 0.6593458151000747 0
    outer loop
      vertex 1.626374347597032 -61.647960929467885 11.25
      vertex 1.4495689014324225 -61.84956890143243 17.45
      vertex 1.626374347597032 -61.647960929467885 17.45
    endloop
  endfacet
  facet normal -0.8314696123025499 0.5555702330195953 0
    outer loop
      vertex 1.775352077758099 -61.425000000000004 11.25
      vertex 1.626374347597032 -61.647960929467885 17.45
      vertex 1.775352077758099 -61.425000000000004 17.45
    endloop
  endfacet
  facet normal -0.06540312923013711 0.9978589232386039 0
    outer loop
      vertex 0.2675786940511057 -62.432461965816316 11.25
      vertex 0 -62.45 17.45
      vertex 0.2675786940511057 -62.432461965816316 17.45
    endloop
  endfacet
  facet normal -0.1950903220161255 0.9807852804032311 0
    outer loop
      vertex 0.5305790424601675 -62.380147943892595 11.25
      vertex 0.2675786940511057 -62.432461965816316 17.45
      vertex 0.5305790424601675 -62.380147943892595 17.45
    endloop
  endfacet
  facet normal -0.3214394653031565 0.9469301294951075 0
    outer loop
      vertex 0.7845010363484339 -62.293953041648145 11.25
      vertex 0.5305790424601675 -62.380147943892595 17.45
      vertex 0.7845010363484339 -62.293953041648145 17.45
    endloop
  endfacet
  facet normal -0.06540312923013711 -0.9978589232386039 -2.603354705093003e-19
    outer loop
      vertex 0 -58.35000000000001 11.25
      vertex 0.2675786940511057 -58.367538034183696 11.25
      vertex 0.2675786940511057 -58.367538034183696 17.45
    endloop
  endfacet
  facet normal -0.1950903220161255 -0.9807852804032311 2.9209499868418936e-19
    outer loop
      vertex 0.2675786940511057 -58.367538034183696 11.25
      vertex 0.5305790424601675 -58.419852056107416 11.25
      vertex 0.5305790424601675 -58.419852056107416 17.45
    endloop
  endfacet
  facet normal -0.3214394653031565 -0.9469301294951075 2.241638528806313e-19
    outer loop
      vertex 0.5305790424601675 -58.419852056107416 11.25
      vertex 0.7845010363484339 -58.50604695835187 11.25
      vertex 0.7845010363484339 -58.50604695835187 17.45
    endloop
  endfacet
  facet normal -0.4422886902190015 -0.8968727415326881 8.79843223645315e-19
    outer loop
      vertex 0.7845010363484339 -58.50604695835187 11.25
      vertex 1.025 -58.624647922241905 11.25
      vertex 1.025 -58.624647922241905 17.45
    endloop
  endfacet
  facet normal -0.5555702330196134 -0.8314696123025378 -1.9696189708894702e-19
    outer loop
      vertex 1.025 -58.624647922241905 11.25
      vertex 1.2479609294678773 -58.77362565240298 11.25
      vertex 1.2479609294678773 -58.77362565240298 17.45
    endloop
  endfacet
  facet normal -0.6593458151000638 -0.7518398074789817 -1.5401592369672894e-18
    outer loop
      vertex 1.2479609294678773 -58.77362565240298 11.25
      vertex 1.4495689014324225 -58.950431098567584 11.25
      vertex 1.4495689014324225 -58.950431098567584 17.45
    endloop
  endfacet
  facet normal -0.7518398074789723 -0.6593458151000747 -7.077045687786114e-20
    outer loop
      vertex 1.4495689014324225 -58.950431098567584 11.25
      vertex 1.626374347597032 -59.152039070532126 11.25
      vertex 1.626374347597032 -59.152039070532126 17.45
    endloop
  endfacet
  facet normal -0.8314696123025499 -0.5555702330195953 -2.0619715520675553e-18
    outer loop
      vertex 1.626374347597032 -59.152039070532126 11.25
      vertex 1.775352077758099 -59.37500000000001 11.25
      vertex 1.775352077758099 -59.37500000000001 17.45
    endloop
  endfacet
  facet normal -0.8968727415326897 -0.4422886902189985 2.2425607569498806e-19
    outer loop
      vertex 1.775352077758099 -59.37500000000001 11.25
      vertex 1.8939530416481376 -59.615498963651575 11.25
      vertex 1.8939530416481376 -59.615498963651575 17.45
    endloop
  endfacet
  facet normal -0.9469301294951038 -0.3214394653031669 8.26143190893105e-19
    outer loop
      vertex 1.8939530416481376 -59.615498963651575 11.25
      vertex 1.98014794389259 -59.86942095753984 11.25
      vertex 1.98014794389259 -59.86942095753984 17.45
    endloop
  endfacet
  facet normal -0.9807852804032312 -0.1950903220161248 -1.4917878238933025e-19
    outer loop
      vertex 1.98014794389259 -59.86942095753984 11.25
      vertex 2.032461965816311 -60.1324213059489 11.25
      vertex 2.032461965816311 -60.1324213059489 17.45
    endloop
  endfacet
  facet normal -0.5555702330196134 0.8314696123025378 0
    outer loop
      vertex 1.025 -62.175352077758106 11.25
      vertex 1.025 -62.175352077758106 17.45
      vertex 1.2479609294678773 -62.026374347597034 11.25
    endloop
  endfacet
  facet normal -0.6593458151000638 0.7518398074789817 1.5401592369672894e-18
    outer loop
      vertex 1.4495689014324225 -61.84956890143243 11.25
      vertex 1.2479609294678773 -62.026374347597034 11.25
      vertex 1.2479609294678773 -62.026374347597034 17.45
    endloop
  endfacet
  facet normal -0.7518398074789723 0.6593458151000747 0
    outer loop
      vertex 1.4495689014324225 -61.84956890143243 11.25
      vertex 1.4495689014324225 -61.84956890143243 17.45
      vertex 1.626374347597032 -61.647960929467885 11.25
    endloop
  endfacet
  facet normal -0.9978589232386034 -0.06540312923014432 6.876070987393627e-20
    outer loop
      vertex 2.032461965816311 -60.1324213059489 11.25
      vertex 2.05 -60.400000000000006 11.25
      vertex 2.05 -60.400000000000006 17.45
    endloop
  endfacet
  facet normal -0.9978589232386034 0.06540312923014432 -6.876070987393627e-20
    outer loop
      vertex 2.05 -60.400000000000006 11.25
      vertex 2.032461965816311 -60.66757869405111 11.25
      vertex 2.032461965816311 -60.66757869405111 17.45
    endloop
  endfacet
  facet normal -0.9807852804032312 0.1950903220161248 1.4917878238933025e-19
    outer loop
      vertex 2.032461965816311 -60.66757869405111 11.25
      vertex 1.98014794389259 -60.930579042460174 11.25
      vertex 1.98014794389259 -60.930579042460174 17.45
    endloop
  endfacet
  facet normal -0.9469301294951038 0.3214394653031669 -8.26143190893105e-19
    outer loop
      vertex 1.98014794389259 -60.930579042460174 11.25
      vertex 1.8939530416481376 -61.184501036348436 11.25
      vertex 1.8939530416481376 -61.184501036348436 17.45
    endloop
  endfacet
  facet normal -0.8968727415326897 0.4422886902189985 0
    outer loop
      vertex 1.775352077758099 -61.425000000000004 11.25
      vertex 1.775352077758099 -61.425000000000004 17.45
      vertex 1.8939530416481376 -61.184501036348436 11.25
    endloop
  endfacet
  facet normal -0.8314696123025499 0.5555702330195953 2.0619715520675553e-18
    outer loop
      vertex 1.775352077758099 -61.425000000000004 11.25
      vertex 1.626374347597032 -61.647960929467885 11.25
      vertex 1.626374347597032 -61.647960929467885 17.45
    endloop
  endfacet
  facet normal -0.06540312923013711 0.9978589232386039 0
    outer loop
      vertex 0 -62.45 11.25
      vertex 0 -62.45 17.45
      vertex 0.2675786940511057 -62.432461965816316 11.25
    endloop
  endfacet
  facet normal -0.1950903220161255 0.9807852804032311 0
    outer loop
      vertex 0.2675786940511057 -62.432461965816316 11.25
      vertex 0.2675786940511057 -62.432461965816316 17.45
      vertex 0.5305790424601675 -62.380147943892595 11.25
    endloop
  endfacet
  facet normal -0.3214394653031565 0.9469301294951075 0
    outer loop
      vertex 0.5305790424601675 -62.380147943892595 11.25
      vertex 0.5305790424601675 -62.380147943892595 17.45
      vertex 0.7845010363484339 -62.293953041648145 11.25
    endloop
  endfacet
  facet normal -0.4422886902190015 0.8968727415326881 -8.79843223645315e-19
    outer loop
      vertex 1.025 -62.175352077758106 11.25
      vertex 0.7845010363484339 -62.293953041648145 11.25
      vertex 0.7845010363484339 -62.293953041648145 17.45
    endloop
  endfacet
  facet normal 0 0 1
    outer loop
      vertex 0 -58.35000000000001 11.25
      vertex 0 -62.45 11.25
      vertex 0.2675786940511057 -58.367538034183696 11.25
    endloop
  endfacet
  facet normal 0 0 1
    outer loop
      vertex 0.2675786940511057 -58.367538034183696 11.25
      vertex 0.2675786940511057 -62.432461965816316 11.25
      vertex 0.5305790424601675 -58.419852056107416 11.25
    endloop
  endfacet
  facet normal 0 0 1
    outer loop
      vertex 0.5305790424601675 -58.419852056107416 11.25
      vertex 0.5305790424601675 -62.380147943892595 11.25
      vertex 0.7845010363484339 -58.50604695835187 11.25
    endloop
  endfacet
  facet normal 0 0 1
    outer loop
      vertex 0.7845010363484339 -58.50604695835187 11.25
      vertex 0.7845010363484339 -62.293953041648145 11.25
      vertex 1.025 -58.624647922241905 11.25
    endloop
  endfacet
  facet normal 0 0 1
    outer loop
      vertex 1.025 -58.624647922241905 11.25
      vertex 1.025 -62.175352077758106 11.25
      vertex 1.2479609294678773 -58.77362565240298 11.25
    endloop
  endfacet
  facet normal 0 0 1
    outer loop
      vertex 1.2479609294678773 -58.77362565240298 11.25
      vertex 1.2479609294678773 -62.026374347597034 11.25
      vertex 1.4495689014324225 -58.950431098567584 11.25
    endloop
  endfacet
  facet normal 0 0 1
    outer loop
      vertex 1.4495689014324225 -58.950431098567584 11.25
      vertex 1.4495689014324225 -61.84956890143243 11.25
      vertex 1.626374347597032 -59.152039070532126 11.25
    endloop
  endfacet
  facet normal 0 0 1
    outer loop
      vertex 1.626374347597032 -59.152039070532126 11.25
      vertex 1.626374347597032 -61.647960929467885 11.25
      vertex 1.775352077758099 -59.37500000000001 11.25
    endloop
  endfacet
  facet normal 0 0 1
    outer loop
      vertex 1.775352077758099 -59.37500000000001 11.25
      vertex 1.775352077758099 -61.425000000000004 11.25
      vertex 1.8939530416481376 -59.615498963651575 11.25
    endloop
  endfacet
  facet normal 0 0 1
    outer loop
      vertex 0.2675786940511057 -58.367538034183696 11.25
      vertex 0 -62.45 11.25
      vertex 0.2675786940511057 -62.432461965816316 11.25
    endloop
  endfacet
  facet normal 0 0 1
    outer loop
      vertex 0.5305790424601675 -58.419852056107416 11.25
      vertex 0.2675786940511057 -62.432461965816316 11.25
      vertex 0.5305790424601675 -62.380147943892595 11.25
    endloop
  endfacet
  facet normal 0 0 1
    outer loop
      vertex 0.7845010363484339 -58.50604695835187 11.25
      vertex 0.5305790424601675 -62.380147943892595 11.25
      vertex 0.7845010363484339 -62.293953041648145 11.25
    endloop
  endfacet
  facet normal 0 0 1
    outer loop
      vertex 1.025 -58.624647922241905 11.25
      vertex 0.7845010363484339 -62.293953041648145 11.25
      vertex 1.025 -62.175352077758106 11.25
    endloop
  endfacet
  facet normal 0 0 1
    outer loop
      vertex 1.4495689014324225 -58.950431098567584 11.25
      vertex 1.2479609294678773 -62.026374347597034 11.25
      vertex 1.4495689014324225 -61.84956890143243 11.25
    endloop
  endfacet
  facet normal 0 0 1
    outer loop
      vertex 1.2479609294678773 -58.77362565240298 11.25
      vertex 1.025 -62.175352077758106 11.25
      vertex 1.2479609294678773 -62.026374347597034 11.25
    endloop
  endfacet
  facet normal 0 0 1
    outer loop
      vertex 1.8939530416481376 -59.615498963651575 11.25
      vertex 1.8939530416481376 -61.184501036348436 11.25
      vertex 1.98014794389259 -59.86942095753984 11.25
    endloop
  endfacet
  facet normal 0 0 1
    outer loop
      vertex 1.98014794389259 -59.86942095753984 11.25
      vertex 1.98014794389259 -60.930579042460174 11.25
      vertex 2.032461965816311 -60.1324213059489 11.25
    endloop
  endfacet
  facet normal 0 0 1
    outer loop
      vertex 2.032461965816311 -60.1324213059489 11.25
      vertex 2.032461965816311 -60.66757869405111 11.25
      vertex 2.05 -60.400000000000006 11.25
    endloop
  endfacet
  facet normal 0 0 1
    outer loop
      vertex 2.032461965816311 -60.1324213059489 11.25
      vertex 1.98014794389259 -60.930579042460174 11.25
      vertex 2.032461965816311 -60.66757869405111 11.25
    endloop
  endfacet
  facet normal 0 0 1
    outer loop
      vertex 1.98014794389259 -59.86942095753984 11.25
      vertex 1.8939530416481376 -61.184501036348436 11.25
      vertex 1.98014794389259 -60.930579042460174 11.25
    endloop
  endfacet
  facet normal 0 0 1
    outer loop
      vertex 1.626374347597032 -59.152039070532126 11.25
      vertex 1.4495689014324225 -61.84956890143243 11.25
      vertex 1.626374347597032 -61.647960929467885 11.25
    endloop
  endfacet
  facet normal 0 0 1
    outer loop
      vertex 1.775352077758099 -59.37500000000001 11.25
      vertex 1.626374347597032 -61.647960929467885 11.25
      vertex 1.775352077758099 -61.425000000000004 11.25
    endloop
  endfacet
  facet normal 0 0 1
    outer loop
      vertex 1.8939530416481376 -59.615498963651575 11.25
      vertex 1.775352077758099 -61.425000000000004 11.25
      vertex 1.8939530416481376 -61.184501036348436 11.25
    endloop
  endfacet
  facet normal 0.3214394653031565 -0.9469301294951075 0
    outer loop
      vertex -0.7845010363484339 62.293953041648145 11.25
      vertex -0.5305790424601675 62.380147943892595 17.45
      vertex -0.7845010363484339 62.293953041648145 17.45
    endloop
  endfacet
  facet normal 0.1950903220161255 -0.9807852804032311 0
    outer loop
      vertex -0.5305790424601675 62.380147943892595 11.25
      vertex -0.2675786940511057 62.432461965816316 17.45
      vertex -0.5305790424601675 62.380147943892595 17.45
    endloop
  endfacet
  facet normal 0.06540312923013711 -0.9978589232386039 0
    outer loop
      vertex -0.2675786940511057 62.432461965816316 11.25
      vertex 0 62.45 17.45
      vertex -0.2675786940511057 62.432461965816316 17.45
    endloop
  endfacet
  facet normal 0.8314696123025499 -0.5555702330195953 0
    outer loop
      vertex -1.775352077758099 61.425000000000004 11.25
      vertex -1.626374347597032 61.647960929467885 17.45
      vertex -1.775352077758099 61.425000000000004 17.45
    endloop
  endfacet
  facet normal 0.7518398074789723 -0.6593458151000747 0
    outer loop
      vertex -1.626374347597032 61.647960929467885 11.25
      vertex -1.4495689014324225 61.84956890143243 17.45
      vertex -1.626374347597032 61.647960929467885 17.45
    endloop
  endfacet
  facet normal 0.8968727415326897 -0.4422886902189985 0
    outer loop
      vertex -1.8939530416481376 61.184501036348436 11.25
      vertex -1.775352077758099 61.425000000000004 17.45
      vertex -1.8939530416481376 61.184501036348436 17.45
    endloop
  endfacet
  facet normal 0.9469301294951038 -0.3214394653031669 0
    outer loop
      vertex -1.98014794389259 60.930579042460174 11.25
      vertex -1.8939530416481376 61.184501036348436 17.45
      vertex -1.98014794389259 60.930579042460174 17.45
    endloop
  endfacet
  facet normal 0.9807852804032312 -0.1950903220161248 0
    outer loop
      vertex -2.032461965816311 60.66757869405111 11.25
      vertex -1.98014794389259 60.930579042460174 17.45
      vertex -2.032461965816311 60.66757869405111 17.45
    endloop
  endfacet
  facet normal 0.9978589232386034 -0.06540312923014432 0
    outer loop
      vertex -2.05 60.400000000000006 11.25
      vertex -2.032461965816311 60.66757869405111 17.45
      vertex -2.05 60.400000000000006 17.45
    endloop
  endfacet
  facet normal 0.9978589232386034 0.06540312923014432 0
    outer loop
      vertex -2.032461965816311 60.1324213059489 11.25
      vertex -2.05 60.400000000000006 17.45
      vertex -2.032461965816311 60.1324213059489 17.45
    endloop
  endfacet
  facet normal 0.5555702330196134 -0.8314696123025378 0
    outer loop
      vertex -1.2479609294678773 62.026374347597034 11.25
      vertex -1.025 62.175352077758106 17.45
      vertex -1.2479609294678773 62.026374347597034 17.45
    endloop
  endfacet
  facet normal 0.6593458151000638 -0.7518398074789817 0
    outer loop
      vertex -1.4495689014324225 61.84956890143243 11.25
      vertex -1.2479609294678773 62.026374347597034 17.45
      vertex -1.4495689014324225 61.84956890143243 17.45
    endloop
  endfacet
  facet normal 0.4422886902190015 -0.8968727415326881 0
    outer loop
      vertex -1.025 62.175352077758106 11.25
      vertex -0.7845010363484339 62.293953041648145 17.45
      vertex -1.025 62.175352077758106 17.45
    endloop
  endfacet
  facet normal 0.9807852804032312 0.1950903220161248 0
    outer loop
      vertex -1.98014794389259 59.86942095753984 11.25
      vertex -2.032461965816311 60.1324213059489 17.45
      vertex -1.98014794389259 59.86942095753984 17.45
    endloop
  endfacet
  facet normal 0.9469301294951038 0.3214394653031669 0
    outer loop
      vertex -1.8939530416481376 59.615498963651575 11.25
      vertex -1.98014794389259 59.86942095753984 17.45
      vertex -1.8939530416481376 59.615498963651575 17.45
    endloop
  endfacet
  facet normal 0.8968727415326897 0.4422886902189985 0
    outer loop
      vertex -1.775352077758099 59.37500000000001 11.25
      vertex -1.8939530416481376 59.615498963651575 17.45
      vertex -1.775352077758099 59.37500000000001 17.45
    endloop
  endfacet
  facet normal 0.8314696123025499 0.5555702330195953 0
    outer loop
      vertex -1.626374347597032 59.152039070532126 11.25
      vertex -1.775352077758099 59.37500000000001 17.45
      vertex -1.626374347597032 59.152039070532126 17.45
    endloop
  endfacet
  facet normal 0.7518398074789723 0.6593458151000747 0
    outer loop
      vertex -1.4495689014324225 58.950431098567584 11.25
      vertex -1.626374347597032 59.152039070532126 17.45
      vertex -1.4495689014324225 58.950431098567584 17.45
    endloop
  endfacet
  facet normal 0.6593458151000638 0.7518398074789817 0
    outer loop
      vertex -1.2479609294678773 58.77362565240298 11.25
      vertex -1.4495689014324225 58.950431098567584 17.45
      vertex -1.2479609294678773 58.77362565240298 17.45
    endloop
  endfacet
  facet normal 0.5555702330196134 0.8314696123025378 0
    outer loop
      vertex -1.025 58.624647922241905 11.25
      vertex -1.2479609294678773 58.77362565240298 17.45
      vertex -1.025 58.624647922241905 17.45
    endloop
  endfacet
  facet normal 0.4422886902190015 0.8968727415326881 0
    outer loop
      vertex -0.7845010363484339 58.50604695835187 11.25
      vertex -1.025 58.624647922241905 17.45
      vertex -0.7845010363484339 58.50604695835187 17.45
    endloop
  endfacet
  facet normal 0.3214394653031565 0.9469301294951075 0
    outer loop
      vertex -0.5305790424601675 58.419852056107416 11.25
      vertex -0.7845010363484339 58.50604695835187 17.45
      vertex -0.5305790424601675 58.419852056107416 17.45
    endloop
  endfacet
  facet normal 0.1950903220161255 0.9807852804032311 0
    outer loop
      vertex -0.2675786940511057 58.367538034183696 11.25
      vertex -0.5305790424601675 58.419852056107416 17.45
      vertex -0.2675786940511057 58.367538034183696 17.45
    endloop
  endfacet
  facet normal 0.06540312923013711 0.9978589232386039 0
    outer loop
      vertex 0 58.35000000000001 11.25
      vertex -0.2675786940511057 58.367538034183696 17.45
      vertex 0 58.35000000000001 17.45
    endloop
  endfacet
  facet normal 0.4422886902190015 -0.8968727415326881 0
    outer loop
      vertex -0.7845010363484339 62.293953041648145 11.25
      vertex -0.7845010363484339 62.293953041648145 17.45
      vertex -1.025 62.175352077758106 11.25
    endloop
  endfacet
  facet normal 0.3214394653031565 -0.9469301294951075 -2.241638528806313e-19
    outer loop
      vertex -0.7845010363484339 62.293953041648145 11.25
      vertex -0.5305790424601675 62.380147943892595 11.25
      vertex -0.5305790424601675 62.380147943892595 17.45
    endloop
  endfacet
  facet normal 0.1950903220161255 -0.9807852804032311 -2.9209499868418936e-19
    outer loop
      vertex -0.5305790424601675 62.380147943892595 11.25
      vertex -0.2675786940511057 62.432461965816316 11.25
      vertex -0.2675786940511057 62.432461965816316 17.45
    endloop
  endfacet
  facet normal 0.06540312923013711 -0.9978589232386039 2.603354705093003e-19
    outer loop
      vertex -0.2675786940511057 62.432461965816316 11.25
      vertex 0 62.45 11.25
      vertex 0 62.45 17.45
    endloop
  endfacet
  facet normal 0.8314696123025499 -0.5555702330195953 0
    outer loop
      vertex -1.626374347597032 61.647960929467885 11.25
      vertex -1.626374347597032 61.647960929467885 17.45
      vertex -1.775352077758099 61.425000000000004 11.25
    endloop
  endfacet
  facet normal 0.8968727415326897 -0.4422886902189985 -2.2425607569498806e-19
    outer loop
      vertex -1.8939530416481376 61.184501036348436 11.25
      vertex -1.775352077758099 61.425000000000004 11.25
      vertex -1.775352077758099 61.425000000000004 17.45
    endloop
  endfacet
  facet normal 0.9469301294951038 -0.3214394653031669 0
    outer loop
      vertex -1.8939530416481376 61.184501036348436 11.25
      vertex -1.8939530416481376 61.184501036348436 17.45
      vertex -1.98014794389259 60.930579042460174 11.25
    endloop
  endfacet
  facet normal 0.9807852804032312 -0.1950903220161248 0
    outer loop
      vertex -1.98014794389259 60.930579042460174 11.25
      vertex -1.98014794389259 60.930579042460174 17.45
      vertex -2.032461965816311 60.66757869405111 11.25
    endloop
  endfacet
  facet normal 0.9978589232386034 -0.06540312923014432 0
    outer loop
      vertex -2.032461965816311 60.66757869405111 11.25
      vertex -2.032461965816311 60.66757869405111 17.45
      vertex -2.05 60.400000000000006 11.25
    endloop
  endfacet
  facet normal 0.9978589232386034 0.06540312923014432 0
    outer loop
      vertex -2.05 60.400000000000006 11.25
      vertex -2.05 60.400000000000006 17.45
      vertex -2.032461965816311 60.1324213059489 11.25
    endloop
  endfacet
  facet normal 0.7518398074789723 -0.6593458151000747 7.077045687786114e-20
    outer loop
      vertex -1.626374347597032 61.647960929467885 11.25
      vertex -1.4495689014324225 61.84956890143243 11.25
      vertex -1.4495689014324225 61.84956890143243 17.45
    endloop
  endfacet
  facet normal 0.6593458151000638 -0.7518398074789817 0
    outer loop
      vertex -1.2479609294678773 62.026374347597034 11.25
      vertex -1.2479609294678773 62.026374347597034 17.45
      vertex -1.4495689014324225 61.84956890143243 11.25
    endloop
  endfacet
  facet normal 0.5555702330196134 -0.8314696123025378 1.9696189708894702e-19
    outer loop
      vertex -1.2479609294678773 62.026374347597034 11.25
      vertex -1.025 62.175352077758106 11.25
      vertex -1.025 62.175352077758106 17.45
    endloop
  endfacet
  facet normal 0.9807852804032312 0.1950903220161248 0
    outer loop
      vertex -2.032461965816311 60.1324213059489 11.25
      vertex -2.032461965816311 60.1324213059489 17.45
      vertex -1.98014794389259 59.86942095753984 11.25
    endloop
  endfacet
  facet normal 0.9469301294951038 0.3214394653031669 0
    outer loop
      vertex -1.98014794389259 59.86942095753984 11.25
      vertex -1.98014794389259 59.86942095753984 17.45
      vertex -1.8939530416481376 59.615498963651575 11.25
    endloop
  endfacet
  facet normal 0.8968727415326897 0.4422886902189985 0
    outer loop
      vertex -1.8939530416481376 59.615498963651575 11.25
      vertex -1.8939530416481376 59.615498963651575 17.45
      vertex -1.775352077758099 59.37500000000001 11.25
    endloop
  endfacet
  facet normal 0.8314696123025499 0.5555702330195953 0
    outer loop
      vertex -1.775352077758099 59.37500000000001 11.25
      vertex -1.775352077758099 59.37500000000001 17.45
      vertex -1.626374347597032 59.152039070532126 11.25
    endloop
  endfacet
  facet normal 0.7518398074789723 0.6593458151000747 0
    outer loop
      vertex -1.626374347597032 59.152039070532126 11.25
      vertex -1.626374347597032 59.152039070532126 17.45
      vertex -1.4495689014324225 58.950431098567584 11.25
    endloop
  endfacet
  facet normal 0.6593458151000638 0.7518398074789817 0
    outer loop
      vertex -1.4495689014324225 58.950431098567584 11.25
      vertex -1.4495689014324225 58.950431098567584 17.45
      vertex -1.2479609294678773 58.77362565240298 11.25
    endloop
  endfacet
  facet normal 0.5555702330196134 0.8314696123025378 0
    outer loop
      vertex -1.2479609294678773 58.77362565240298 11.25
      vertex -1.2479609294678773 58.77362565240298 17.45
      vertex -1.025 58.624647922241905 11.25
    endloop
  endfacet
  facet normal 0.4422886902190015 0.8968727415326881 0
    outer loop
      vertex -1.025 58.624647922241905 11.25
      vertex -1.025 58.624647922241905 17.45
      vertex -0.7845010363484339 58.50604695835187 11.25
    endloop
  endfacet
  facet normal 0.3214394653031565 0.9469301294951075 0
    outer loop
      vertex -0.7845010363484339 58.50604695835187 11.25
      vertex -0.7845010363484339 58.50604695835187 17.45
      vertex -0.5305790424601675 58.419852056107416 11.25
    endloop
  endfacet
  facet normal 0.1950903220161255 0.9807852804032311 0
    outer loop
      vertex -0.5305790424601675 58.419852056107416 11.25
      vertex -0.5305790424601675 58.419852056107416 17.45
      vertex -0.2675786940511057 58.367538034183696 11.25
    endloop
  endfacet
  facet normal 0.06540312923013711 0.9978589232386039 0
    outer loop
      vertex -0.2675786940511057 58.367538034183696 11.25
      vertex -0.2675786940511057 58.367538034183696 17.45
      vertex 0 58.35000000000001 11.25
    endloop
  endfacet
  facet normal 0 0 1
    outer loop
      vertex -1.8939530416481376 61.184501036348436 11.25
      vertex -1.8939530416481376 59.615498963651575 11.25
      vertex -1.775352077758099 61.425000000000004 11.25
    endloop
  endfacet
  facet normal 0 0 1
    outer loop
      vertex -1.626374347597032 61.647960929467885 11.25
      vertex -1.775352077758099 61.425000000000004 11.25
      vertex -1.775352077758099 59.37500000000001 11.25
    endloop
  endfacet
  facet normal 0 0 1
    outer loop
      vertex -1.626374347597032 61.647960929467885 11.25
      vertex -1.626374347597032 59.152039070532126 11.25
      vertex -1.4495689014324225 61.84956890143243 11.25
    endloop
  endfacet
  facet normal 0 0 1
    outer loop
      vertex -1.8939530416481376 61.184501036348436 11.25
      vertex -1.98014794389259 60.930579042460174 11.25
      vertex -1.98014794389259 59.86942095753984 11.25
    endloop
  endfacet
  facet normal 0 0 1
    outer loop
      vertex -1.98014794389259 60.930579042460174 11.25
      vertex -2.032461965816311 60.66757869405111 11.25
      vertex -2.032461965816311 60.1324213059489 11.25
    endloop
  endfacet
  facet normal 0 0 1
    outer loop
      vertex -2.032461965816311 60.66757869405111 11.25
      vertex -2.05 60.400000000000006 11.25
      vertex -2.032461965816311 60.1324213059489 11.25
    endloop
  endfacet
  facet normal 0 0 1
    outer loop
      vertex -1.98014794389259 60.930579042460174 11.25
      vertex -2.032461965816311 60.1324213059489 11.25
      vertex -1.98014794389259 59.86942095753984 11.25
    endloop
  endfacet
  facet normal 0 0 1
    outer loop
      vertex -1.8939530416481376 61.184501036348436 11.25
      vertex -1.98014794389259 59.86942095753984 11.25
      vertex -1.8939530416481376 59.615498963651575 11.25
    endloop
  endfacet
  facet normal 0 0 1
    outer loop
      vertex -1.2479609294678773 62.026374347597034 11.25
      vertex -1.2479609294678773 58.77362565240298 11.25
      vertex -1.025 62.175352077758106 11.25
    endloop
  endfacet
  facet normal 0 0 1
    outer loop
      vertex -1.2479609294678773 62.026374347597034 11.25
      vertex -1.4495689014324225 61.84956890143243 11.25
      vertex -1.4495689014324225 58.950431098567584 11.25
    endloop
  endfacet
  facet normal 0 0 1
    outer loop
      vertex -0.7845010363484339 62.293953041648145 11.25
      vertex -1.025 62.175352077758106 11.25
      vertex -1.025 58.624647922241905 11.25
    endloop
  endfacet
  facet normal 0 0 1
    outer loop
      vertex -0.7845010363484339 62.293953041648145 11.25
      vertex -0.7845010363484339 58.50604695835187 11.25
      vertex -0.5305790424601675 62.380147943892595 11.25
    endloop
  endfacet
  facet normal 0 0 1
    outer loop
      vertex -0.5305790424601675 62.380147943892595 11.25
      vertex -0.5305790424601675 58.419852056107416 11.25
      vertex -0.2675786940511057 62.432461965816316 11.25
    endloop
  endfacet
  facet normal 0 0 1
    outer loop
      vertex -0.2675786940511057 62.432461965816316 11.25
      vertex -0.2675786940511057 58.367538034183696 11.25
      vertex 0 62.45 11.25
    endloop
  endfacet
  facet normal 0 0 1
    outer loop
      vertex -1.775352077758099 61.425000000000004 11.25
      vertex -1.8939530416481376 59.615498963651575 11.25
      vertex -1.775352077758099 59.37500000000001 11.25
    endloop
  endfacet
  facet normal 0 0 1
    outer loop
      vertex -1.626374347597032 61.647960929467885 11.25
      vertex -1.775352077758099 59.37500000000001 11.25
      vertex -1.626374347597032 59.152039070532126 11.25
    endloop
  endfacet
  facet normal 0 0 1
    outer loop
      vertex -1.4495689014324225 61.84956890143243 11.25
      vertex -1.626374347597032 59.152039070532126 11.25
      vertex -1.4495689014324225 58.950431098567584 11.25
    endloop
  endfacet
  facet normal 0 0 1
    outer loop
      vertex -1.2479609294678773 62.026374347597034 11.25
      vertex -1.4495689014324225 58.950431098567584 11.25
      vertex -1.2479609294678773 58.77362565240298 11.25
    endloop
  endfacet
  facet normal 0 0 1
    outer loop
      vertex -1.025 62.175352077758106 11.25
      vertex -1.2479609294678773 58.77362565240298 11.25
      vertex -1.025 58.624647922241905 11.25
    endloop
  endfacet
  facet normal 0 0 1
    outer loop
      vertex -0.7845010363484339 62.293953041648145 11.25
      vertex -1.025 58.624647922241905 11.25
      vertex -0.7845010363484339 58.50604695835187 11.25
    endloop
  endfacet
  facet normal 0 0 1
    outer loop
      vertex -0.5305790424601675 62.380147943892595 11.25
      vertex -0.7845010363484339 58.50604695835187 11.25
      vertex -0.5305790424601675 58.419852056107416 11.25
    endloop
  endfacet
  facet normal 0 0 1
    outer loop
      vertex -0.2675786940511057 62.432461965816316 11.25
      vertex -0.5305790424601675 58.419852056107416 11.25
      vertex -0.2675786940511057 58.367538034183696 11.25
    endloop
  endfacet
  facet normal 0 0 1
    outer loop
      vertex -0.2675786940511057 58.367538034183696 11.25
      vertex 0 58.35000000000001 11.25
      vertex 0 62.45 11.25
    endloop
  endfacet
  facet normal -0.06540312923013711 -0.9978589232386039 0
    outer loop
      vertex 0 62.45 11.25
      vertex 0.2675786940511057 62.432461965816316 17.45
      vertex 0 62.45 17.45
    endloop
  endfacet
  facet normal -0.1950903220161255 -0.9807852804032311 0
    outer loop
      vertex 0.2675786940511057 62.432461965816316 11.25
      vertex 0.5305790424601675 62.380147943892595 17.45
      vertex 0.2675786940511057 62.432461965816316 17.45
    endloop
  endfacet
  facet normal -0.3214394653031565 -0.9469301294951075 0
    outer loop
      vertex 0.5305790424601675 62.380147943892595 11.25
      vertex 0.7845010363484339 62.293953041648145 17.45
      vertex 0.5305790424601675 62.380147943892595 17.45
    endloop
  endfacet
  facet normal -0.4422886902190015 -0.8968727415326881 0
    outer loop
      vertex 0.7845010363484339 62.293953041648145 11.25
      vertex 1.025 62.175352077758106 17.45
      vertex 0.7845010363484339 62.293953041648145 17.45
    endloop
  endfacet
  facet normal -0.5555702330196134 -0.8314696123025378 0
    outer loop
      vertex 1.025 62.175352077758106 11.25
      vertex 1.2479609294678773 62.026374347597034 17.45
      vertex 1.025 62.175352077758106 17.45
    endloop
  endfacet
  facet normal -0.6593458151000638 -0.7518398074789817 0
    outer loop
      vertex 1.2479609294678773 62.026374347597034 11.25
      vertex 1.4495689014324225 61.84956890143243 17.45
      vertex 1.2479609294678773 62.026374347597034 17.45
    endloop
  endfacet
  facet normal -0.7518398074789723 -0.6593458151000747 0
    outer loop
      vertex 1.4495689014324225 61.84956890143243 11.25
      vertex 1.626374347597032 61.647960929467885 17.45
      vertex 1.4495689014324225 61.84956890143243 17.45
    endloop
  endfacet
  facet normal -0.8314696123025499 -0.5555702330195953 0
    outer loop
      vertex 1.626374347597032 61.647960929467885 11.25
      vertex 1.775352077758099 61.425000000000004 17.45
      vertex 1.626374347597032 61.647960929467885 17.45
    endloop
  endfacet
  facet normal -0.8968727415326897 -0.4422886902189985 0
    outer loop
      vertex 1.775352077758099 61.425000000000004 11.25
      vertex 1.8939530416481376 61.184501036348436 17.45
      vertex 1.775352077758099 61.425000000000004 17.45
    endloop
  endfacet
  facet normal -0.9469301294951038 -0.3214394653031669 0
    outer loop
      vertex 1.8939530416481376 61.184501036348436 11.25
      vertex 1.98014794389259 60.930579042460174 17.45
      vertex 1.8939530416481376 61.184501036348436 17.45
    endloop
  endfacet
  facet normal -0.9807852804032312 -0.1950903220161248 0
    outer loop
      vertex 1.98014794389259 60.930579042460174 11.25
      vertex 2.032461965816311 60.66757869405111 17.45
      vertex 1.98014794389259 60.930579042460174 17.45
    endloop
  endfacet
  facet normal -0.9978589232386034 -0.06540312923014432 0
    outer loop
      vertex 2.032461965816311 60.66757869405111 11.25
      vertex 2.05 60.400000000000006 17.45
      vertex 2.032461965816311 60.66757869405111 17.45
    endloop
  endfacet
  facet normal -0.9978589232386034 0.06540312923014432 0
    outer loop
      vertex 2.05 60.400000000000006 11.25
      vertex 2.032461965816311 60.1324213059489 17.45
      vertex 2.05 60.400000000000006 17.45
    endloop
  endfacet
  facet normal -0.06540312923013711 0.9978589232386039 0
    outer loop
      vertex 0.2675786940511057 58.367538034183696 11.25
      vertex 0 58.35000000000001 17.45
      vertex 0.2675786940511057 58.367538034183696 17.45
    endloop
  endfacet
  facet normal -0.1950903220161255 0.9807852804032311 0
    outer loop
      vertex 0.5305790424601675 58.419852056107416 11.25
      vertex 0.2675786940511057 58.367538034183696 17.45
      vertex 0.5305790424601675 58.419852056107416 17.45
    endloop
  endfacet
  facet normal -0.3214394653031565 0.9469301294951075 0
    outer loop
      vertex 0.7845010363484339 58.50604695835187 11.25
      vertex 0.5305790424601675 58.419852056107416 17.45
      vertex 0.7845010363484339 58.50604695835187 17.45
    endloop
  endfacet
  facet normal -0.6593458151000638 0.7518398074789817 0
    outer loop
      vertex 1.4495689014324225 58.950431098567584 11.25
      vertex 1.2479609294678773 58.77362565240298 17.45
      vertex 1.4495689014324225 58.950431098567584 17.45
    endloop
  endfacet
  facet normal -0.5555702330196134 0.8314696123025378 0
    outer loop
      vertex 1.2479609294678773 58.77362565240298 11.25
      vertex 1.025 58.624647922241905 17.45
      vertex 1.2479609294678773 58.77362565240298 17.45
    endloop
  endfacet
  facet normal -0.4422886902190015 0.8968727415326881 0
    outer loop
      vertex 1.025 58.624647922241905 11.25
      vertex 0.7845010363484339 58.50604695835187 17.45
      vertex 1.025 58.624647922241905 17.45
    endloop
  endfacet
  facet normal -0.9807852804032312 0.1950903220161248 0
    outer loop
      vertex 2.032461965816311 60.1324213059489 11.25
      vertex 1.98014794389259 59.86942095753984 17.45
      vertex 2.032461965816311 60.1324213059489 17.45
    endloop
  endfacet
  facet normal -0.9469301294951038 0.3214394653031669 0
    outer loop
      vertex 1.98014794389259 59.86942095753984 11.25
      vertex 1.8939530416481376 59.615498963651575 17.45
      vertex 1.98014794389259 59.86942095753984 17.45
    endloop
  endfacet
  facet normal -0.8968727415326897 0.4422886902189985 0
    outer loop
      vertex 1.8939530416481376 59.615498963651575 11.25
      vertex 1.775352077758099 59.37500000000001 17.45
      vertex 1.8939530416481376 59.615498963651575 17.45
    endloop
  endfacet
  facet normal -0.8314696123025499 0.5555702330195953 0
    outer loop
      vertex 1.775352077758099 59.37500000000001 11.25
      vertex 1.626374347597032 59.152039070532126 17.45
      vertex 1.775352077758099 59.37500000000001 17.45
    endloop
  endfacet
  facet normal -0.7518398074789723 0.6593458151000747 0
    outer loop
      vertex 1.626374347597032 59.152039070532126 11.25
      vertex 1.4495689014324225 58.950431098567584 17.45
      vertex 1.626374347597032 59.152039070532126 17.45
    endloop
  endfacet
  facet normal -0.06540312923013711 -0.9978589232386039 -2.603354705093003e-19
    outer loop
      vertex 0 62.45 11.25
      vertex 0.2675786940511057 62.432461965816316 11.25
      vertex 0.2675786940511057 62.432461965816316 17.45
    endloop
  endfacet
  facet normal -0.1950903220161255 -0.9807852804032311 2.9209499868418936e-19
    outer loop
      vertex 0.2675786940511057 62.432461965816316 11.25
      vertex 0.5305790424601675 62.380147943892595 11.25
      vertex 0.5305790424601675 62.380147943892595 17.45
    endloop
  endfacet
  facet normal -0.3214394653031565 -0.9469301294951075 2.241638528806313e-19
    outer loop
      vertex 0.5305790424601675 62.380147943892595 11.25
      vertex 0.7845010363484339 62.293953041648145 11.25
      vertex 0.7845010363484339 62.293953041648145 17.45
    endloop
  endfacet
  facet normal -0.4422886902190015 -0.8968727415326881 8.79843223645315e-19
    outer loop
      vertex 0.7845010363484339 62.293953041648145 11.25
      vertex 1.025 62.175352077758106 11.25
      vertex 1.025 62.175352077758106 17.45
    endloop
  endfacet
  facet normal -0.5555702330196134 -0.8314696123025378 -1.9696189708894702e-19
    outer loop
      vertex 1.025 62.175352077758106 11.25
      vertex 1.2479609294678773 62.026374347597034 11.25
      vertex 1.2479609294678773 62.026374347597034 17.45
    endloop
  endfacet
  facet normal -0.6593458151000638 -0.7518398074789817 -1.5401592369672894e-18
    outer loop
      vertex 1.2479609294678773 62.026374347597034 11.25
      vertex 1.4495689014324225 61.84956890143243 11.25
      vertex 1.4495689014324225 61.84956890143243 17.45
    endloop
  endfacet
  facet normal -0.7518398074789723 -0.6593458151000747 -7.077045687786114e-20
    outer loop
      vertex 1.4495689014324225 61.84956890143243 11.25
      vertex 1.626374347597032 61.647960929467885 11.25
      vertex 1.626374347597032 61.647960929467885 17.45
    endloop
  endfacet
  facet normal -0.8314696123025499 -0.5555702330195953 -2.0619715520675553e-18
    outer loop
      vertex 1.626374347597032 61.647960929467885 11.25
      vertex 1.775352077758099 61.425000000000004 11.25
      vertex 1.775352077758099 61.425000000000004 17.45
    endloop
  endfacet
  facet normal -0.8968727415326897 -0.4422886902189985 2.2425607569498806e-19
    outer loop
      vertex 1.775352077758099 61.425000000000004 11.25
      vertex 1.8939530416481376 61.184501036348436 11.25
      vertex 1.8939530416481376 61.184501036348436 17.45
    endloop
  endfacet
  facet normal -0.9469301294951038 -0.3214394653031669 8.26143190893105e-19
    outer loop
      vertex 1.8939530416481376 61.184501036348436 11.25
      vertex 1.98014794389259 60.930579042460174 11.25
      vertex 1.98014794389259 60.930579042460174 17.45
    endloop
  endfacet
  facet normal -0.9807852804032312 -0.1950903220161248 -1.4917878238933025e-19
    outer loop
      vertex 1.98014794389259 60.930579042460174 11.25
      vertex 2.032461965816311 60.66757869405111 11.25
      vertex 2.032461965816311 60.66757869405111 17.45
    endloop
  endfacet
  facet normal -0.9978589232386034 -0.06540312923014432 6.876070987393627e-20
    outer loop
      vertex 2.032461965816311 60.66757869405111 11.25
      vertex 2.05 60.400000000000006 11.25
      vertex 2.05 60.400000000000006 17.45
    endloop
  endfacet
  facet normal -0.9978589232386034 0.06540312923014432 -6.876070987393627e-20
    outer loop
      vertex 2.05 60.400000000000006 11.25
      vertex 2.032461965816311 60.1324213059489 11.25
      vertex 2.032461965816311 60.1324213059489 17.45
    endloop
  endfacet
  facet normal -0.1950903220161255 0.9807852804032311 0
    outer loop
      vertex 0.2675786940511057 58.367538034183696 11.25
      vertex 0.2675786940511057 58.367538034183696 17.45
      vertex 0.5305790424601675 58.419852056107416 11.25
    endloop
  endfacet
  facet normal -0.06540312923013711 0.9978589232386039 0
    outer loop
      vertex 0 58.35000000000001 11.25
      vertex 0 58.35000000000001 17.45
      vertex 0.2675786940511057 58.367538034183696 11.25
    endloop
  endfacet
  facet normal -0.3214394653031565 0.9469301294951075 0
    outer loop
      vertex 0.5305790424601675 58.419852056107416 11.25
      vertex 0.5305790424601675 58.419852056107416 17.45
      vertex 0.7845010363484339 58.50604695835187 11.25
    endloop
  endfacet
  facet normal -0.5555702330196134 0.8314696123025378 0
    outer loop
      vertex 1.025 58.624647922241905 11.25
      vertex 1.025 58.624647922241905 17.45
      vertex 1.2479609294678773 58.77362565240298 11.25
    endloop
  endfacet
  facet normal -0.7518398074789723 0.6593458151000747 0
    outer loop
      vertex 1.4495689014324225 58.950431098567584 11.25
      vertex 1.4495689014324225 58.950431098567584 17.45
      vertex 1.626374347597032 59.152039070532126 11.25
    endloop
  endfacet
  facet normal -0.6593458151000638 0.7518398074789817 1.5401592369672894e-18
    outer loop
      vertex 1.4495689014324225 58.950431098567584 11.25
      vertex 1.2479609294678773 58.77362565240298 11.25
      vertex 1.2479609294678773 58.77362565240298 17.45
    endloop
  endfacet
  facet normal -0.4422886902190015 0.8968727415326881 -8.79843223645315e-19
    outer loop
      vertex 1.025 58.624647922241905 11.25
      vertex 0.7845010363484339 58.50604695835187 11.25
      vertex 0.7845010363484339 58.50604695835187 17.45
    endloop
  endfacet
  facet normal -0.9807852804032312 0.1950903220161248 1.4917878238933025e-19
    outer loop
      vertex 2.032461965816311 60.1324213059489 11.25
      vertex 1.98014794389259 59.86942095753984 11.25
      vertex 1.98014794389259 59.86942095753984 17.45
    endloop
  endfacet
  facet normal -0.9469301294951038 0.3214394653031669 -8.26143190893105e-19
    outer loop
      vertex 1.98014794389259 59.86942095753984 11.25
      vertex 1.8939530416481376 59.615498963651575 11.25
      vertex 1.8939530416481376 59.615498963651575 17.45
    endloop
  endfacet
  facet normal -0.8968727415326897 0.4422886902189985 -2.2425607569498806e-19
    outer loop
      vertex 1.8939530416481376 59.615498963651575 11.25
      vertex 1.775352077758099 59.37500000000001 11.25
      vertex 1.775352077758099 59.37500000000001 17.45
    endloop
  endfacet
  facet normal -0.8314696123025499 0.5555702330195953 2.0619715520675553e-18
    outer loop
      vertex 1.775352077758099 59.37500000000001 11.25
      vertex 1.626374347597032 59.152039070532126 11.25
      vertex 1.626374347597032 59.152039070532126 17.45
    endloop
  endfacet
  facet normal 0 0 1
    outer loop
      vertex 0 62.45 11.25
      vertex 0 58.35000000000001 11.25
      vertex 0.2675786940511057 62.432461965816316 11.25
    endloop
  endfacet
  facet normal 0 0 1
    outer loop
      vertex 0.2675786940511057 62.432461965816316 11.25
      vertex 0.2675786940511057 58.367538034183696 11.25
      vertex 0.5305790424601675 62.380147943892595 11.25
    endloop
  endfacet
  facet normal 0 0 1
    outer loop
      vertex 0.5305790424601675 62.380147943892595 11.25
      vertex 0.5305790424601675 58.419852056107416 11.25
      vertex 0.7845010363484339 62.293953041648145 11.25
    endloop
  endfacet
  facet normal 0 0 1
    outer loop
      vertex 0.7845010363484339 62.293953041648145 11.25
      vertex 0.7845010363484339 58.50604695835187 11.25
      vertex 1.025 62.175352077758106 11.25
    endloop
  endfacet
  facet normal 0 0 1
    outer loop
      vertex 1.025 62.175352077758106 11.25
      vertex 1.025 58.624647922241905 11.25
      vertex 1.2479609294678773 62.026374347597034 11.25
    endloop
  endfacet
  facet normal 0 0 1
    outer loop
      vertex 1.2479609294678773 62.026374347597034 11.25
      vertex 1.2479609294678773 58.77362565240298 11.25
      vertex 1.4495689014324225 61.84956890143243 11.25
    endloop
  endfacet
  facet normal 0 0 1
    outer loop
      vertex 1.4495689014324225 61.84956890143243 11.25
      vertex 1.4495689014324225 58.950431098567584 11.25
      vertex 1.626374347597032 61.647960929467885 11.25
    endloop
  endfacet
  facet normal 0 0 1
    outer loop
      vertex 1.626374347597032 61.647960929467885 11.25
      vertex 1.626374347597032 59.152039070532126 11.25
      vertex 1.775352077758099 61.425000000000004 11.25
    endloop
  endfacet
  facet normal 0 0 1
    outer loop
      vertex 1.775352077758099 61.425000000000004 11.25
      vertex 1.775352077758099 59.37500000000001 11.25
      vertex 1.8939530416481376 61.184501036348436 11.25
    endloop
  endfacet
  facet normal 0 0 1
    outer loop
      vertex 1.8939530416481376 61.184501036348436 11.25
      vertex 1.8939530416481376 59.615498963651575 11.25
      vertex 1.98014794389259 60.930579042460174 11.25
    endloop
  endfacet
  facet normal 0 0 1
    outer loop
      vertex 1.98014794389259 60.930579042460174 11.25
      vertex 1.98014794389259 59.86942095753984 11.25
      vertex 2.032461965816311 60.66757869405111 11.25
    endloop
  endfacet
  facet normal 0 0 1
    outer loop
      vertex 2.032461965816311 60.66757869405111 11.25
      vertex 2.032461965816311 60.1324213059489 11.25
      vertex 2.05 60.400000000000006 11.25
    endloop
  endfacet
  facet normal 0 0 1
    outer loop
      vertex 2.032461965816311 60.66757869405111 11.25
      vertex 1.98014794389259 59.86942095753984 11.25
      vertex 2.032461965816311 60.1324213059489 11.25
    endloop
  endfacet
  facet normal 0 0 1
    outer loop
      vertex 0.2675786940511057 62.432461965816316 11.25
      vertex 0 58.35000000000001 11.25
      vertex 0.2675786940511057 58.367538034183696 11.25
    endloop
  endfacet
  facet normal 0 0 1
    outer loop
      vertex 0.5305790424601675 62.380147943892595 11.25
      vertex 0.2675786940511057 58.367538034183696 11.25
      vertex 0.5305790424601675 58.419852056107416 11.25
    endloop
  endfacet
  facet normal 0 0 1
    outer loop
      vertex 0.7845010363484339 62.293953041648145 11.25
      vertex 0.5305790424601675 58.419852056107416 11.25
      vertex 0.7845010363484339 58.50604695835187 11.25
    endloop
  endfacet
  facet normal 0 0 1
    outer loop
      vertex 1.025 62.175352077758106 11.25
      vertex 0.7845010363484339 58.50604695835187 11.25
      vertex 1.025 58.624647922241905 11.25
    endloop
  endfacet
  facet normal 0 0 1
    outer loop
      vertex 1.2479609294678773 62.026374347597034 11.25
      vertex 1.025 58.624647922241905 11.25
      vertex 1.2479609294678773 58.77362565240298 11.25
    endloop
  endfacet
  facet normal 0 0 1
    outer loop
      vertex 1.4495689014324225 61.84956890143243 11.25
      vertex 1.2479609294678773 58.77362565240298 11.25
      vertex 1.4495689014324225 58.950431098567584 11.25
    endloop
  endfacet
  facet normal 0 0 1
    outer loop
      vertex 1.626374347597032 61.647960929467885 11.25
      vertex 1.4495689014324225 58.950431098567584 11.25
      vertex 1.626374347597032 59.152039070532126 11.25
    endloop
  endfacet
  facet normal 0 0 1
    outer loop
      vertex 1.8939530416481376 61.184501036348436 11.25
      vertex 1.775352077758099 59.37500000000001 11.25
      vertex 1.8939530416481376 59.615498963651575 11.25
    endloop
  endfacet
  facet normal 0 0 1
    outer loop
      vertex 1.775352077758099 61.425000000000004 11.25
      vertex 1.626374347597032 59.152039070532126 11.25
      vertex 1.775352077758099 59.37500000000001 11.25
    endloop
  endfacet
  facet normal 0 0 1
    outer loop
      vertex 1.98014794389259 60.930579042460174 11.25
      vertex 1.8939530416481376 59.615498963651575 11.25
      vertex 1.98014794389259 59.86942095753984 11.25
    endloop
  endfacet
  facet normal 0.4422886899417497 -0.8968727416694137 0
    outer loop
      vertex -86.35000000149012 56.07128129154444 16
      vertex -85.9745869860053 56.256414502859116 17.45
      vertex -86.35000000149012 56.07128129154444 17.45
    endloop
  endfacet
  facet normal 0.321439450519502 -0.9469301345134818 0
    outer loop
      vertex -85.9745869860053 56.256414502859116 16
      vertex -85.57822094112635 56.39096263796091 17.45
      vertex -85.9745869860053 56.256414502859116 17.45
    endloop
  endfacet
  facet normal 0.75183980711885 -0.6593458155107155 0
    outer loop
      vertex -87.28873068839312 55.248036570847034 16
      vertex -87.0127416998148 55.562741696834564 17.45
      vertex -87.28873068839312 55.248036570847034 17.45
    endloop
  endfacet
  facet normal 0.8314696086814369 -0.5555702384389737 0
    outer loop
      vertex -87.52128129452467 54.899999998509884 16
      vertex -87.28873068839312 55.248036570847034 17.45
      vertex -87.52128129452467 54.899999998509884 17.45
    endloop
  endfacet
  facet normal 0.8968727416694137 -0.4422886899417497 0
    outer loop
      vertex -87.70641450583935 54.524586983025074 16
      vertex -87.52128129452467 54.899999998509884 17.45
      vertex -87.70641450583935 54.524586983025074 17.45
    endloop
  endfacet
  facet normal 0.9469301345134818 -0.321439450519502 0
    outer loop
      vertex -87.84096264094114 54.128220938146114 16
      vertex -87.70641450583935 54.524586983025074 17.45
      vertex -87.84096264094114 54.128220938146114 17.45
    endloop
  endfacet
  facet normal 0.6593458155107155 -0.75183980711885 0
    outer loop
      vertex -87.0127416998148 55.562741696834564 16
      vertex -86.69803657382727 55.838730685412884 17.45
      vertex -87.0127416998148 55.562741696834564 17.45
    endloop
  endfacet
  facet normal 0.5555702384389737 -0.8314696086814369 0
    outer loop
      vertex -86.69803657382727 55.838730685412884 16
      vertex -86.35000000149012 56.07128129154444 17.45
      vertex -86.69803657382727 55.838730685412884 17.45
    endloop
  endfacet
  facet normal 0.4422886899417497 -0.8968727416694137 0
    outer loop
      vertex -85.9745869860053 56.256414502859116 16
      vertex -85.9745869860053 56.256414502859116 17.45
      vertex -86.35000000149012 56.07128129154444 16
    endloop
  endfacet
  facet normal 0.321439450519502 -0.9469301345134818 0
    outer loop
      vertex -85.9745869860053 56.256414502859116 16
      vertex -85.57822094112635 56.39096263796091 16
      vertex -85.57822094112635 56.39096263796091 17.45
    endloop
  endfacet
  facet normal 0.8314696086814369 -0.5555702384389737 0
    outer loop
      vertex -87.52128129452467 54.899999998509884 16
      vertex -87.28873068839312 55.248036570847034 16
      vertex -87.28873068839312 55.248036570847034 17.45
    endloop
  endfacet
  facet normal 0.8968727416694137 -0.4422886899417497 0
    outer loop
      vertex -87.52128129452467 54.899999998509884 16
      vertex -87.52128129452467 54.899999998509884 17.45
      vertex -87.70641450583935 54.524586983025074 16
    endloop
  endfacet
  facet normal 0.9469301345134818 -0.321439450519502 0
    outer loop
      vertex -87.70641450583935 54.524586983025074 16
      vertex -87.70641450583935 54.524586983025074 17.45
      vertex -87.84096264094114 54.128220938146114 16
    endloop
  endfacet
  facet normal 0.9807852768728926 -0.1950903397643338 0
    outer loop
      vertex -87.84096264094114 54.128220938146114 16
      vertex -87.84096264094114 54.128220938146114 17.45
      vertex -87.92262355983257 53.717683814466 16
    endloop
  endfacet
  facet normal 0.6593458155107155 -0.75183980711885 0
    outer loop
      vertex -86.69803657382727 55.838730685412884 16
      vertex -86.69803657382727 55.838730685412884 17.45
      vertex -87.0127416998148 55.562741696834564 16
    endloop
  endfacet
  facet normal 0.5555702384389737 -0.8314696086814369 0
    outer loop
      vertex -86.69803657382727 55.838730685412884 16
      vertex -86.35000000149012 56.07128129154444 16
      vertex -86.35000000149012 56.07128129154444 17.45
    endloop
  endfacet
  facet normal 0.75183980711885 -0.6593458155107155 0
    outer loop
      vertex -87.0127416998148 55.562741696834564 16
      vertex -87.0127416998148 55.562741696834564 17.45
      vertex -87.28873068839312 55.248036570847034 16
    endloop
  endfacet
  facet normal 0.997858923333658 -0.06540312777989062 0
    outer loop
      vertex -87.95000000298023 53.29999999701977 16
      vertex -87.92262355983257 53.717683814466 17.45
      vertex -87.95000000298023 53.29999999701977 17.45
    endloop
  endfacet
  facet normal 0.9807852768728926 -0.1950903397643338 0
    outer loop
      vertex -87.92262355983257 53.717683814466 16
      vertex -87.84096264094114 54.128220938146114 17.45
      vertex -87.92262355983257 53.717683814466 17.45
    endloop
  endfacet
  facet normal 0.997858923333658 -0.06540312777989062 0
    outer loop
      vertex -87.92262355983257 53.717683814466 16
      vertex -87.92262355983257 53.717683814466 17.45
      vertex -87.95000000298023 53.29999999701977 16
    endloop
  endfacet
  facet normal 0 0 1
    outer loop
      vertex -85.9745869860053 56.256414502859116 16
      vertex -86.35000000149012 56.07128129154444 16
      vertex -84.72057422995567 53.66190908849239 16
    endloop
  endfacet
  facet normal 0 0 1
    outer loop
      vertex -86.69803657382727 55.838730685412884 16
      vertex -84.72057422995567 53.66190908849239 16
      vertex -86.35000000149012 56.07128129154444 16
    endloop
  endfacet
  facet normal 0 0 1
    outer loop
      vertex -87.0127416998148 55.562741696834564 16
      vertex -87.28873068839312 55.248036570847034 16
      vertex -84.92906637489796 53.479066379368305 16
    endloop
  endfacet
  facet normal 0 0 1
    outer loop
      vertex -87.52128129452467 54.899999998509884 16
      vertex -85.11190908402205 53.27057423442602 16
      vertex -87.28873068839312 55.248036570847034 16
    endloop
  endfacet
  facet normal 0 0 1
    outer loop
      vertex -87.52128129452467 54.899999998509884 16
      vertex -87.70641450583935 54.524586983025074 16
      vertex -85.11190908402205 53.27057423442602 16
    endloop
  endfacet
  facet normal 0 0 1
    outer loop
      vertex -86.69803657382727 55.838730685412884 16
      vertex -87.0127416998148 55.562741696834564 16
      vertex -84.92906637489796 53.479066379368305 16
    endloop
  endfacet
  facet normal 0 0 1
    outer loop
      vertex -87.28873068839312 55.248036570847034 16
      vertex -85.11190908402205 53.27057423442602 16
      vertex -84.92906637489796 53.479066379368305 16
    endloop
  endfacet
  facet normal 0 0 1
    outer loop
      vertex -87.70641450583935 54.524586983025074 16
      vertex -87.84096264094114 54.128220938146114 16
      vertex -85.26597385853529 53.04000000655651 16
    endloop
  endfacet
  facet normal 0 0 1
    outer loop
      vertex -87.84096264094114 54.128220938146114 16
      vertex -87.92262355983257 53.717683814466 16
      vertex -85.26597385853529 53.04000000655651 16
    endloop
  endfacet
  facet normal 0 0 1
    outer loop
      vertex -87.92262355983257 53.717683814466 16
      vertex -87.95000000298023 53.29999999701977 16
      vertex -85.3886246085167 52.79128888249397 16
    endloop
  endfacet
  facet normal 0 0 1
    outer loop
      vertex -87.70641450583935 54.524586983025074 16
      vertex -85.26597385853529 53.04000000655651 16
      vertex -85.11190908402205 53.27057423442602 16
    endloop
  endfacet
  facet normal 0 0 1
    outer loop
      vertex -87.92262355983257 53.717683814466 16
      vertex -85.3886246085167 52.79128888249397 16
      vertex -85.26597385853529 53.04000000655651 16
    endloop
  endfacet
  facet normal 0 0 1
    outer loop
      vertex -87.95000000298023 53.29999999701977 16
      vertex -85.47776275128126 52.52869638055563 16
      vertex -85.3886246085167 52.79128888249397 16
    endloop
  endfacet
  facet normal 0 0 1
    outer loop
      vertex -87.95000000298023 53.29999999701977 16
      vertex -85.53186310827732 52.25671552866697 16
      vertex -85.47776275128126 52.52869638055563 16
    endloop
  endfacet
  facet normal 0 0 1
    outer loop
      vertex -87.95000000298023 53.29999999701977 16
      vertex -85.54999999701977 51.980000004172325 16
      vertex -85.53186310827732 52.25671552866697 16
    endloop
  endfacet
  facet normal 0.1950903397643338 -0.9807852768728926 0
    outer loop
      vertex -85.57822094112635 56.39096263796091 16
      vertex -85.16768381744623 56.47262355685234 17.45
      vertex -85.57822094112635 56.39096263796091 17.45
    endloop
  endfacet
  facet normal 0.06540312777989062 -0.997858923333658 0
    outer loop
      vertex -85.16768381744623 56.47262355685234 16
      vertex -84.75 56.5 17.45
      vertex -85.16768381744623 56.47262355685234 17.45
    endloop
  endfacet
  facet normal -0.3214394641261989 0.9469301298946307 0
    outer loop
      vertex -83.97869637608528 54.02776275575161 16
      vertex -84.24128887802362 53.93862461298704 17.45
      vertex -83.97869637608528 54.02776275575161 17.45
    endloop
  endfacet
  facet normal -0.19509032848533187 0.9807852791164258 0
    outer loop
      vertex -83.70671552419662 54.08186311274767 16
      vertex -83.97869637608528 54.02776275575161 17.45
      vertex -83.70671552419662 54.08186311274767 17.45
    endloop
  endfacet
  facet normal -0.06540311146476756 0.9978589244030076 0
    outer loop
      vertex -83.42999999970198 54.100000001490116 16
      vertex -83.70671552419662 54.08186311274767 17.45
      vertex -83.42999999970198 54.100000001490116 17.45
    endloop
  endfacet
  facet normal 0.1950903397643338 -0.9807852768728926 0
    outer loop
      vertex -85.57822094112635 56.39096263796091 16
      vertex -85.16768381744623 56.47262355685234 16
      vertex -85.16768381744623 56.47262355685234 17.45
    endloop
  endfacet
  facet normal 0.06540312777989062 -0.997858923333658 0
    outer loop
      vertex -85.16768381744623 56.47262355685234 16
      vertex -84.75 56.5 16
      vertex -84.75 56.5 17.45
    endloop
  endfacet
  facet normal -0.3214394641261989 0.9469301298946307 0
    outer loop
      vertex -84.24128887802362 53.93862461298704 16
      vertex -84.24128887802362 53.93862461298704 17.45
      vertex -83.97869637608528 54.02776275575161 16
    endloop
  endfacet
  facet normal -0.19509032848533187 0.9807852791164258 0
    outer loop
      vertex -83.97869637608528 54.02776275575161 16
      vertex -83.97869637608528 54.02776275575161 17.45
      vertex -83.70671552419662 54.08186311274767 16
    endloop
  endfacet
  facet normal -0.06540311146476756 0.9978589244030076 0
    outer loop
      vertex -83.70671552419662 54.08186311274767 16
      vertex -83.70671552419662 54.08186311274767 17.45
      vertex -83.42999999970198 54.100000001490116 16
    endloop
  endfacet
  facet normal -0.8968727461861402 0.4422886807827341 0
    outer loop
      vertex -85.26597385853529 53.04000000655651 16
      vertex -85.3886246085167 52.79128888249397 17.45
      vertex -85.26597385853529 53.04000000655651 17.45
    endloop
  endfacet
  facet normal -0.8314696106432475 0.5555702355029168 0
    outer loop
      vertex -85.11190908402205 53.27057423442602 16
      vertex -85.26597385853529 53.04000000655651 17.45
      vertex -85.11190908402205 53.27057423442602 17.45
    endloop
  endfacet
  facet normal -0.751839798021004 0.6593458258848205 0
    outer loop
      vertex -84.92906637489796 53.479066379368305 16
      vertex -85.11190908402205 53.27057423442602 17.45
      vertex -84.92906637489796 53.479066379368305 17.45
    endloop
  endfacet
  facet normal -0.5555702355029168 0.8314696106432475 0
    outer loop
      vertex -84.49000000208616 53.81597386300564 16
      vertex -84.72057422995567 53.66190908849239 17.45
      vertex -84.49000000208616 53.81597386300564 17.45
    endloop
  endfacet
  facet normal -0.6593458258848205 0.751839798021004 0
    outer loop
      vertex -84.72057422995567 53.66190908849239 16
      vertex -84.92906637489796 53.479066379368305 17.45
      vertex -84.72057422995567 53.66190908849239 17.45
    endloop
  endfacet
  facet normal -0.4422886807827341 0.8968727461861402 0
    outer loop
      vertex -84.24128887802362 53.93862461298704 16
      vertex -84.49000000208616 53.81597386300564 17.45
      vertex -84.24128887802362 53.93862461298704 17.45
    endloop
  endfacet
  facet normal -0.9469301298946307 0.3214394641261989 0
    outer loop
      vertex -85.3886246085167 52.79128888249397 16
      vertex -85.47776275128126 52.52869638055563 17.45
      vertex -85.3886246085167 52.79128888249397 17.45
    endloop
  endfacet
  facet normal -0.9807852791164258 0.19509032848533187 0
    outer loop
      vertex -85.47776275128126 52.52869638055563 16
      vertex -85.53186310827732 52.25671552866697 17.45
      vertex -85.47776275128126 52.52869638055563 17.45
    endloop
  endfacet
  facet normal -0.9978589244030076 0.06540311146476756 0
    outer loop
      vertex -85.53186310827732 52.25671552866697 16
      vertex -85.54999999701977 51.980000004172325 17.45
      vertex -85.53186310827732 52.25671552866697 17.45
    endloop
  endfacet
  facet normal -0.6593458258848205 0.751839798021004 0
    outer loop
      vertex -84.92906637489796 53.479066379368305 16
      vertex -84.92906637489796 53.479066379368305 17.45
      vertex -84.72057422995567 53.66190908849239 16
    endloop
  endfacet
  facet normal -0.751839798021004 0.6593458258848205 0
    outer loop
      vertex -85.11190908402205 53.27057423442602 16
      vertex -85.11190908402205 53.27057423442602 17.45
      vertex -84.92906637489796 53.479066379368305 16
    endloop
  endfacet
  facet normal -0.8314696106432475 0.5555702355029168 0
    outer loop
      vertex -85.11190908402205 53.27057423442602 16
      vertex -85.26597385853529 53.04000000655651 16
      vertex -85.26597385853529 53.04000000655651 17.45
    endloop
  endfacet
  facet normal -0.5555702355029168 0.8314696106432475 0
    outer loop
      vertex -84.49000000208616 53.81597386300564 16
      vertex -84.72057422995567 53.66190908849239 16
      vertex -84.72057422995567 53.66190908849239 17.45
    endloop
  endfacet
  facet normal -0.4422886807827341 0.8968727461861402 0
    outer loop
      vertex -84.49000000208616 53.81597386300564 16
      vertex -84.49000000208616 53.81597386300564 17.45
      vertex -84.24128887802362 53.93862461298704 16
    endloop
  endfacet
  facet normal -0.8968727461861402 0.4422886807827341 0
    outer loop
      vertex -85.26597385853529 53.04000000655651 16
      vertex -85.3886246085167 52.79128888249397 16
      vertex -85.3886246085167 52.79128888249397 17.45
    endloop
  endfacet
  facet normal -0.9469301298946307 0.3214394641261989 0
    outer loop
      vertex -85.3886246085167 52.79128888249397 16
      vertex -85.47776275128126 52.52869638055563 16
      vertex -85.47776275128126 52.52869638055563 17.45
    endloop
  endfacet
  facet normal -0.9807852791164258 0.19509032848533187 0
    outer loop
      vertex -85.47776275128126 52.52869638055563 16
      vertex -85.53186310827732 52.25671552866697 16
      vertex -85.53186310827732 52.25671552866697 17.45
    endloop
  endfacet
  facet normal -0.9978589244030076 0.06540311146476756 0
    outer loop
      vertex -85.53186310827732 52.25671552866697 16
      vertex -85.54999999701977 51.980000004172325 16
      vertex -85.54999999701977 51.980000004172325 17.45
    endloop
  endfacet
  facet normal 0 0 1
    outer loop
      vertex -85.57822094112635 56.39096263796091 16
      vertex -84.49000000208616 53.81597386300564 16
      vertex -85.16768381744623 56.47262355685234 16
    endloop
  endfacet
  facet normal 0 0 1
    outer loop
      vertex -85.9745869860053 56.256414502859116 16
      vertex -84.49000000208616 53.81597386300564 16
      vertex -85.57822094112635 56.39096263796091 16
    endloop
  endfacet
  facet normal 0 0 1
    outer loop
      vertex -85.16768381744623 56.47262355685234 16
      vertex -84.24128887802362 53.93862461298704 16
      vertex -84.75 56.5 16
    endloop
  endfacet
  facet normal 0 0 1
    outer loop
      vertex -85.9745869860053 56.256414502859116 16
      vertex -84.72057422995567 53.66190908849239 16
      vertex -84.49000000208616 53.81597386300564 16
    endloop
  endfacet
  facet normal 0 0 1
    outer loop
      vertex -86.69803657382727 55.838730685412884 16
      vertex -84.92906637489796 53.479066379368305 16
      vertex -84.72057422995567 53.66190908849239 16
    endloop
  endfacet
  facet normal 0 0 1
    outer loop
      vertex -85.16768381744623 56.47262355685234 16
      vertex -84.49000000208616 53.81597386300564 16
      vertex -84.24128887802362 53.93862461298704 16
    endloop
  endfacet
  facet normal 0 0 1
    outer loop
      vertex -84.75 56.5 16
      vertex -84.24128887802362 53.93862461298704 16
      vertex -83.97869637608528 54.02776275575161 16
    endloop
  endfacet
  facet normal 0 0 1
    outer loop
      vertex -84.75 56.5 16
      vertex -83.97869637608528 54.02776275575161 16
      vertex -83.70671552419662 54.08186311274767 16
    endloop
  endfacet
  facet normal 0 0 1
    outer loop
      vertex -84.75 56.5 16
      vertex -83.70671552419662 54.08186311274767 16
      vertex -83.42999999970198 54.100000001490116 16
    endloop
  endfacet
  facet normal 0 -1 0
    outer loop
      vertex -84.75 56.5 16
      vertex 0.506772579769887 56.5 17.45
      vertex -84.75 56.5 17.45
    endloop
  endfacet
  facet normal 1 0 0
    outer loop
      vertex -87.95000000298023 53.29999999701977 16
      vertex -87.95000000298023 53.29999999701977 17.45
      vertex -87.95000000298023 -53.29999999701977 16
    endloop
  endfacet
  facet normal 0 0 1
    outer loop
      vertex -87.95000000298023 53.29999999701977 16
      vertex -85.54999999701977 -51.980000004172325 16
      vertex -85.54999999701977 51.980000004172325 16
    endloop
  endfacet
  facet normal -1 0 0
    outer loop
      vertex -85.54999999701977 51.980000004172325 16
      vertex -85.54999999701977 -51.980000004172325 16
      vertex -85.54999999701977 51.980000004172325 17.45
    endloop
  endfacet
  facet normal 1 0 0
    outer loop
      vertex -87.95000000298023 -53.29999999701977 16
      vertex -87.95000000298023 53.29999999701977 17.45
      vertex -87.95000000298023 12.124319838172944 17.45
    endloop
  endfacet
  facet normal 0 1 0
    outer loop
      vertex -83.42999999970198 54.100000001490116 16
      vertex -83.42999999970198 54.100000001490116 17.45
      vertex 83.42999999970198 54.100000001490116 16
    endloop
  endfacet
  facet normal 0 0 1
    outer loop
      vertex -84.75 56.5 16
      vertex -83.42999999970198 54.100000001490116 16
      vertex 83.42999999970198 54.100000001490116 16
    endloop
  endfacet
  facet normal 0 0 1
    outer loop
      vertex -87.95000000298023 53.29999999701977 16
      vertex -87.95000000298023 -53.29999999701977 16
      vertex -85.54999999701977 -51.980000004172325 16
    endloop
  endfacet
  facet normal 1 0 0
    outer loop
      vertex -87.95000000298023 -53.29999999701977 16
      vertex -87.95000000298023 12.124319838172944 17.45
      vertex -87.95000000298023 -53.29999999701977 17.45
    endloop
  endfacet
  facet normal -1 0 0
    outer loop
      vertex -85.54999999701977 -51.980000004172325 16
      vertex -85.54999999701977 -51.980000004172325 17.45
      vertex -85.54999999701977 51.980000004172325 17.45
    endloop
  endfacet
  facet normal 0.997858923333658 0.06540312777989062 0
    outer loop
      vertex -87.92262355983257 -53.717683814466 16
      vertex -87.95000000298023 -53.29999999701977 17.45
      vertex -87.92262355983257 -53.717683814466 17.45
    endloop
  endfacet
  facet normal 0.997858923333658 0.06540312777989062 0
    outer loop
      vertex -87.95000000298023 -53.29999999701977 16
      vertex -87.95000000298023 -53.29999999701977 17.45
      vertex -87.92262355983257 -53.717683814466 16
    endloop
  endfacet
  facet normal 0.9807852768728926 0.1950903397643338 0
    outer loop
      vertex -87.92262355983257 -53.717683814466 16
      vertex -87.92262355983257 -53.717683814466 17.45
      vertex -87.84096264094114 -54.128220938146114 16
    endloop
  endfacet
  facet normal 0.9807852768728926 0.1950903397643338 0
    outer loop
      vertex -87.84096264094114 -54.128220938146114 16
      vertex -87.92262355983257 -53.717683814466 17.45
      vertex -87.84096264094114 -54.128220938146114 17.45
    endloop
  endfacet
  facet normal 0.9469301345134818 0.321439450519502 0
    outer loop
      vertex -87.70641450583935 -54.524586983025074 16
      vertex -87.84096264094114 -54.128220938146114 17.45
      vertex -87.70641450583935 -54.524586983025074 17.45
    endloop
  endfacet
  facet normal 0.8968727416694137 0.4422886899417497 0
    outer loop
      vertex -87.52128129452467 -54.899999998509884 16
      vertex -87.70641450583935 -54.524586983025074 17.45
      vertex -87.52128129452467 -54.899999998509884 17.45
    endloop
  endfacet
  facet normal 0.8314696086814369 0.5555702384389737 0
    outer loop
      vertex -87.28873068839312 -55.248036570847034 16
      vertex -87.52128129452467 -54.899999998509884 17.45
      vertex -87.28873068839312 -55.248036570847034 17.45
    endloop
  endfacet
  facet normal 0.75183980711885 0.6593458155107155 0
    outer loop
      vertex -87.0127416998148 -55.562741696834564 16
      vertex -87.28873068839312 -55.248036570847034 17.45
      vertex -87.0127416998148 -55.562741696834564 17.45
    endloop
  endfacet
  facet normal 0.6593458155107155 0.75183980711885 0
    outer loop
      vertex -86.69803657382727 -55.838730685412884 16
      vertex -87.0127416998148 -55.562741696834564 17.45
      vertex -86.69803657382727 -55.838730685412884 17.45
    endloop
  endfacet
  facet normal 0.5555702384389737 0.8314696086814369 0
    outer loop
      vertex -86.35000000149012 -56.07128129154444 16
      vertex -86.69803657382727 -55.838730685412884 17.45
      vertex -86.35000000149012 -56.07128129154444 17.45
    endloop
  endfacet
  facet normal 0.4422886899417497 0.8968727416694137 0
    outer loop
      vertex -85.9745869860053 -56.256414502859116 16
      vertex -86.35000000149012 -56.07128129154444 17.45
      vertex -85.9745869860053 -56.256414502859116 17.45
    endloop
  endfacet
  facet normal 0.321439450519502 0.9469301345134818 0
    outer loop
      vertex -85.57822094112635 -56.39096263796091 16
      vertex -85.9745869860053 -56.256414502859116 17.45
      vertex -85.57822094112635 -56.39096263796091 17.45
    endloop
  endfacet
  facet normal 0.9469301345134818 0.321439450519502 0
    outer loop
      vertex -87.84096264094114 -54.128220938146114 16
      vertex -87.84096264094114 -54.128220938146114 17.45
      vertex -87.70641450583935 -54.524586983025074 16
    endloop
  endfacet
  facet normal 0.8968727416694137 0.4422886899417497 0
    outer loop
      vertex -87.70641450583935 -54.524586983025074 16
      vertex -87.70641450583935 -54.524586983025074 17.45
      vertex -87.52128129452467 -54.899999998509884 16
    endloop
  endfacet
  facet normal 0.8314696086814369 0.5555702384389737 0
    outer loop
      vertex -87.52128129452467 -54.899999998509884 16
      vertex -87.52128129452467 -54.899999998509884 17.45
      vertex -87.28873068839312 -55.248036570847034 16
    endloop
  endfacet
  facet normal 0.75183980711885 0.6593458155107155 0
    outer loop
      vertex -87.28873068839312 -55.248036570847034 16
      vertex -87.28873068839312 -55.248036570847034 17.45
      vertex -87.0127416998148 -55.562741696834564 16
    endloop
  endfacet
  facet normal 0.6593458155107155 0.75183980711885 0
    outer loop
      vertex -87.0127416998148 -55.562741696834564 16
      vertex -87.0127416998148 -55.562741696834564 17.45
      vertex -86.69803657382727 -55.838730685412884 16
    endloop
  endfacet
  facet normal 0.5555702384389737 0.8314696086814369 0
    outer loop
      vertex -86.69803657382727 -55.838730685412884 16
      vertex -86.69803657382727 -55.838730685412884 17.45
      vertex -86.35000000149012 -56.07128129154444 16
    endloop
  endfacet
  facet normal 0.4422886899417497 0.8968727416694137 0
    outer loop
      vertex -86.35000000149012 -56.07128129154444 16
      vertex -86.35000000149012 -56.07128129154444 17.45
      vertex -85.9745869860053 -56.256414502859116 16
    endloop
  endfacet
  facet normal 0.321439450519502 0.9469301345134818 0
    outer loop
      vertex -85.9745869860053 -56.256414502859116 16
      vertex -85.9745869860053 -56.256414502859116 17.45
      vertex -85.57822094112635 -56.39096263796091 16
    endloop
  endfacet
  facet normal 0 0 1
    outer loop
      vertex -85.54999999701977 -51.980000004172325 16
      vertex -87.95000000298023 -53.29999999701977 16
      vertex -85.53186310827732 -52.25671552866697 16
    endloop
  endfacet
  facet normal 0 0 1
    outer loop
      vertex -85.53186310827732 -52.25671552866697 16
      vertex -87.95000000298023 -53.29999999701977 16
      vertex -85.47776275128126 -52.52869638055563 16
    endloop
  endfacet
  facet normal 0 0 1
    outer loop
      vertex -85.47776275128126 -52.52869638055563 16
      vertex -87.95000000298023 -53.29999999701977 16
      vertex -85.3886246085167 -52.79128888249397 16
    endloop
  endfacet
  facet normal 0 0 1
    outer loop
      vertex -87.95000000298023 -53.29999999701977 16
      vertex -87.92262355983257 -53.717683814466 16
      vertex -85.3886246085167 -52.79128888249397 16
    endloop
  endfacet
  facet normal 0 0 1
    outer loop
      vertex -87.92262355983257 -53.717683814466 16
      vertex -87.84096264094114 -54.128220938146114 16
      vertex -85.26597385853529 -53.04000000655651 16
    endloop
  endfacet
  facet normal 0 0 1
    outer loop
      vertex -87.84096264094114 -54.128220938146114 16
      vertex -87.70641450583935 -54.524586983025074 16
      vertex -85.26597385853529 -53.04000000655651 16
    endloop
  endfacet
  facet normal 0 0 1
    outer loop
      vertex -87.92262355983257 -53.717683814466 16
      vertex -85.26597385853529 -53.04000000655651 16
      vertex -85.3886246085167 -52.79128888249397 16
    endloop
  endfacet
  facet normal 0 0 1
    outer loop
      vertex -87.70641450583935 -54.524586983025074 16
      vertex -85.11190908402205 -53.27057423442602 16
      vertex -85.26597385853529 -53.04000000655651 16
    endloop
  endfacet
  facet normal 0 0 1
    outer loop
      vertex -87.70641450583935 -54.524586983025074 16
      vertex -87.52128129452467 -54.899999998509884 16
      vertex -85.11190908402205 -53.27057423442602 16
    endloop
  endfacet
  facet normal 0 0 1
    outer loop
      vertex -85.11190908402205 -53.27057423442602 16
      vertex -87.52128129452467 -54.899999998509884 16
      vertex -87.28873068839312 -55.248036570847034 16
    endloop
  endfacet
  facet normal 0 0 1
    outer loop
      vertex -84.92906637489796 -53.479066379368305 16
      vertex -87.28873068839312 -55.248036570847034 16
      vertex -87.0127416998148 -55.562741696834564 16
    endloop
  endfacet
  facet normal 0 0 1
    outer loop
      vertex -85.11190908402205 -53.27057423442602 16
      vertex -87.28873068839312 -55.248036570847034 16
      vertex -84.92906637489796 -53.479066379368305 16
    endloop
  endfacet
  facet normal 0 0 1
    outer loop
      vertex -84.92906637489796 -53.479066379368305 16
      vertex -87.0127416998148 -55.562741696834564 16
      vertex -86.69803657382727 -55.838730685412884 16
    endloop
  endfacet
  facet normal 0 0 1
    outer loop
      vertex -84.72057422995567 -53.66190908849239 16
      vertex -86.69803657382727 -55.838730685412884 16
      vertex -86.35000000149012 -56.07128129154444 16
    endloop
  endfacet
  facet normal 0 0 1
    outer loop
      vertex -84.72057422995567 -53.66190908849239 16
      vertex -86.35000000149012 -56.07128129154444 16
      vertex -85.9745869860053 -56.256414502859116 16
    endloop
  endfacet
  facet normal -0.9978589244030076 -0.06540311146476756 0
    outer loop
      vertex -85.54999999701977 -51.980000004172325 16
      vertex -85.53186310827732 -52.25671552866697 17.45
      vertex -85.54999999701977 -51.980000004172325 17.45
    endloop
  endfacet
  facet normal -0.9807852791164258 -0.19509032848533187 0
    outer loop
      vertex -85.53186310827732 -52.25671552866697 16
      vertex -85.47776275128126 -52.52869638055563 17.45
      vertex -85.53186310827732 -52.25671552866697 17.45
    endloop
  endfacet
  facet normal -0.9469301298946307 -0.3214394641261989 0
    outer loop
      vertex -85.47776275128126 -52.52869638055563 16
      vertex -85.3886246085167 -52.79128888249397 17.45
      vertex -85.47776275128126 -52.52869638055563 17.45
    endloop
  endfacet
  facet normal -0.8968727461861402 -0.4422886807827341 0
    outer loop
      vertex -85.3886246085167 -52.79128888249397 16
      vertex -85.26597385853529 -53.04000000655651 17.45
      vertex -85.3886246085167 -52.79128888249397 17.45
    endloop
  endfacet
  facet normal -0.8314696106432475 -0.5555702355029168 0
    outer loop
      vertex -85.26597385853529 -53.04000000655651 16
      vertex -85.11190908402205 -53.27057423442602 17.45
      vertex -85.26597385853529 -53.04000000655651 17.45
    endloop
  endfacet
  facet normal -0.751839798021004 -0.6593458258848205 0
    outer loop
      vertex -85.11190908402205 -53.27057423442602 16
      vertex -84.92906637489796 -53.479066379368305 17.45
      vertex -85.11190908402205 -53.27057423442602 17.45
    endloop
  endfacet
  facet normal -0.6593458258848205 -0.751839798021004 0
    outer loop
      vertex -84.92906637489796 -53.479066379368305 16
      vertex -84.72057422995567 -53.66190908849239 17.45
      vertex -84.92906637489796 -53.479066379368305 17.45
    endloop
  endfacet
  facet normal -0.5555702355029168 -0.8314696106432475 0
    outer loop
      vertex -84.72057422995567 -53.66190908849239 16
      vertex -84.49000000208616 -53.81597386300564 17.45
      vertex -84.72057422995567 -53.66190908849239 17.45
    endloop
  endfacet
  facet normal -0.4422886807827341 -0.8968727461861402 0
    outer loop
      vertex -84.49000000208616 -53.81597386300564 16
      vertex -84.24128887802362 -53.93862461298704 17.45
      vertex -84.49000000208616 -53.81597386300564 17.45
    endloop
  endfacet
  facet normal -0.9978589244030076 -0.06540311146476756 0
    outer loop
      vertex -85.54999999701977 -51.980000004172325 16
      vertex -85.53186310827732 -52.25671552866697 16
      vertex -85.53186310827732 -52.25671552866697 17.45
    endloop
  endfacet
  facet normal -0.9807852791164258 -0.19509032848533187 0
    outer loop
      vertex -85.53186310827732 -52.25671552866697 16
      vertex -85.47776275128126 -52.52869638055563 16
      vertex -85.47776275128126 -52.52869638055563 17.45
    endloop
  endfacet
  facet normal -0.9469301298946307 -0.3214394641261989 0
    outer loop
      vertex -85.47776275128126 -52.52869638055563 16
      vertex -85.3886246085167 -52.79128888249397 16
      vertex -85.3886246085167 -52.79128888249397 17.45
    endloop
  endfacet
  facet normal -0.8968727461861402 -0.4422886807827341 0
    outer loop
      vertex -85.3886246085167 -52.79128888249397 16
      vertex -85.26597385853529 -53.04000000655651 16
      vertex -85.26597385853529 -53.04000000655651 17.45
    endloop
  endfacet
  facet normal -0.8314696106432475 -0.5555702355029168 0
    outer loop
      vertex -85.26597385853529 -53.04000000655651 16
      vertex -85.11190908402205 -53.27057423442602 16
      vertex -85.11190908402205 -53.27057423442602 17.45
    endloop
  endfacet
  facet normal -0.751839798021004 -0.6593458258848205 0
    outer loop
      vertex -85.11190908402205 -53.27057423442602 16
      vertex -84.92906637489796 -53.479066379368305 16
      vertex -84.92906637489796 -53.479066379368305 17.45
    endloop
  endfacet
  facet normal -0.6593458258848205 -0.751839798021004 0
    outer loop
      vertex -84.92906637489796 -53.479066379368305 16
      vertex -84.72057422995567 -53.66190908849239 16
      vertex -84.72057422995567 -53.66190908849239 17.45
    endloop
  endfacet
  facet normal -0.5555702355029168 -0.8314696106432475 0
    outer loop
      vertex -84.72057422995567 -53.66190908849239 16
      vertex -84.49000000208616 -53.81597386300564 16
      vertex -84.49000000208616 -53.81597386300564 17.45
    endloop
  endfacet
  facet normal -0.4422886807827341 -0.8968727461861402 0
    outer loop
      vertex -84.49000000208616 -53.81597386300564 16
      vertex -84.24128887802362 -53.93862461298704 16
      vertex -84.24128887802362 -53.93862461298704 17.45
    endloop
  endfacet
  facet normal -0.3214394641261989 -0.9469301298946307 0
    outer loop
      vertex -84.24128887802362 -53.93862461298704 16
      vertex -83.97869637608528 -54.02776275575161 17.45
      vertex -84.24128887802362 -53.93862461298704 17.45
    endloop
  endfacet
  facet normal -0.19509032848533187 -0.9807852791164258 0
    outer loop
      vertex -83.97869637608528 -54.02776275575161 16
      vertex -83.70671552419662 -54.08186311274767 17.45
      vertex -83.97869637608528 -54.02776275575161 17.45
    endloop
  endfacet
  facet normal -0.06540311146476756 -0.9978589244030076 0
    outer loop
      vertex -83.70671552419662 -54.08186311274767 16
      vertex -83.42999999970198 -54.100000001490116 17.45
      vertex -83.70671552419662 -54.08186311274767 17.45
    endloop
  endfacet
  facet normal 0.1950903397643338 0.9807852768728926 0
    outer loop
      vertex -85.16768381744623 -56.47262355685234 16
      vertex -85.57822094112635 -56.39096263796091 17.45
      vertex -85.16768381744623 -56.47262355685234 17.45
    endloop
  endfacet
  facet normal 0.06540312777989062 0.997858923333658 0
    outer loop
      vertex -84.75 -56.5 16
      vertex -85.16768381744623 -56.47262355685234 17.45
      vertex -84.75 -56.5 17.45
    endloop
  endfacet
  facet normal -0.3214394641261989 -0.9469301298946307 0
    outer loop
      vertex -84.24128887802362 -53.93862461298704 16
      vertex -83.97869637608528 -54.02776275575161 16
      vertex -83.97869637608528 -54.02776275575161 17.45
    endloop
  endfacet
  facet normal -0.19509032848533187 -0.9807852791164258 0
    outer loop
      vertex -83.97869637608528 -54.02776275575161 16
      vertex -83.70671552419662 -54.08186311274767 16
      vertex -83.70671552419662 -54.08186311274767 17.45
    endloop
  endfacet
  facet normal -0.06540311146476756 -0.9978589244030076 0
    outer loop
      vertex -83.70671552419662 -54.08186311274767 16
      vertex -83.42999999970198 -54.100000001490116 16
      vertex -83.42999999970198 -54.100000001490116 17.45
    endloop
  endfacet
  facet normal 0.1950903397643338 0.9807852768728926 0
    outer loop
      vertex -85.57822094112635 -56.39096263796091 16
      vertex -85.57822094112635 -56.39096263796091 17.45
      vertex -85.16768381744623 -56.47262355685234 16
    endloop
  endfacet
  facet normal 0.06540312777989062 0.997858923333658 0
    outer loop
      vertex -85.16768381744623 -56.47262355685234 16
      vertex -85.16768381744623 -56.47262355685234 17.45
      vertex -84.75 -56.5 16
    endloop
  endfacet
  facet normal 0 0 1
    outer loop
      vertex -84.92906637489796 -53.479066379368305 16
      vertex -86.69803657382727 -55.838730685412884 16
      vertex -84.72057422995567 -53.66190908849239 16
    endloop
  endfacet
  facet normal 0 0 1
    outer loop
      vertex -84.72057422995567 -53.66190908849239 16
      vertex -85.9745869860053 -56.256414502859116 16
      vertex -84.49000000208616 -53.81597386300564 16
    endloop
  endfacet
  facet normal 0 0 1
    outer loop
      vertex -84.49000000208616 -53.81597386300564 16
      vertex -85.16768381744623 -56.47262355685234 16
      vertex -84.24128887802362 -53.93862461298704 16
    endloop
  endfacet
  facet normal 0 0 1
    outer loop
      vertex -84.24128887802362 -53.93862461298704 16
      vertex -84.75 -56.5 16
      vertex -83.97869637608528 -54.02776275575161 16
    endloop
  endfacet
  facet normal 0 0 1
    outer loop
      vertex -83.97869637608528 -54.02776275575161 16
      vertex -84.75 -56.5 16
      vertex -83.70671552419662 -54.08186311274767 16
    endloop
  endfacet
  facet normal 0 0 1
    outer loop
      vertex -84.49000000208616 -53.81597386300564 16
      vertex -85.9745869860053 -56.256414502859116 16
      vertex -85.57822094112635 -56.39096263796091 16
    endloop
  endfacet
  facet normal 0 0 1
    outer loop
      vertex -84.49000000208616 -53.81597386300564 16
      vertex -85.57822094112635 -56.39096263796091 16
      vertex -85.16768381744623 -56.47262355685234 16
    endloop
  endfacet
  facet normal 0 0 1
    outer loop
      vertex -84.24128887802362 -53.93862461298704 16
      vertex -85.16768381744623 -56.47262355685234 16
      vertex -84.75 -56.5 16
    endloop
  endfacet
  facet normal 0 0 1
    outer loop
      vertex -83.70671552419662 -54.08186311274767 16
      vertex -84.75 -56.5 16
      vertex -83.42999999970198 -54.100000001490116 16
    endloop
  endfacet
  facet normal 0 -1 0
    outer loop
      vertex -83.42999999970198 -54.100000001490116 16
      vertex 83.42999999970198 -54.100000001490116 17.45
      vertex -83.42999999970198 -54.100000001490116 17.45
    endloop
  endfacet
  facet normal 0 1 0
    outer loop
      vertex -84.75 -56.5 16
      vertex -84.75 -56.5 17.45
      vertex 84.75 -56.5 16
    endloop
  endfacet
  facet normal 0 0 1
    outer loop
      vertex -83.42999999970198 -54.100000001490116 16
      vertex -84.75 -56.5 16
      vertex 83.42999999970198 -54.100000001490116 16
    endloop
  endfacet
  facet normal 0 1 0
    outer loop
      vertex 84.75 -56.5 16
      vertex -84.75 -56.5 17.45
      vertex -0.506772579769887 -56.5 17.45
    endloop
  endfacet
  facet normal 0 -1 0
    outer loop
      vertex -84.75 56.5 16
      vertex 84.75 56.5 17.45
      vertex 0.506772579769887 56.5 17.45
    endloop
  endfacet
  facet normal 0 1 0
    outer loop
      vertex 83.42999999970198 54.100000001490116 16
      vertex -83.42999999970198 54.100000001490116 17.45
      vertex 83.42999999970198 54.100000001490116 17.45
    endloop
  endfacet
  facet normal 0 -1 0
    outer loop
      vertex -84.75 56.5 16
      vertex 84.75 56.5 16
      vertex 84.75 56.5 17.45
    endloop
  endfacet
  facet normal 0 0 1
    outer loop
      vertex -84.75 56.5 16
      vertex 83.42999999970198 54.100000001490116 16
      vertex 84.75 56.5 16
    endloop
  endfacet
  facet normal -0.06540312777989062 -0.997858923333658 0
    outer loop
      vertex 84.75 56.5 16
      vertex 85.16768381744623 56.47262355685234 17.45
      vertex 84.75 56.5 17.45
    endloop
  endfacet
  facet normal -0.1950903397643338 -0.9807852768728926 0
    outer loop
      vertex 85.16768381744623 56.47262355685234 16
      vertex 85.57822094112635 56.39096263796091 17.45
      vertex 85.16768381744623 56.47262355685234 17.45
    endloop
  endfacet
  facet normal 0.06540311146476756 0.9978589244030076 0
    outer loop
      vertex 83.70671552419662 54.08186311274767 16
      vertex 83.42999999970198 54.100000001490116 17.45
      vertex 83.70671552419662 54.08186311274767 17.45
    endloop
  endfacet
  facet normal 0.19509032848533187 0.9807852791164258 0
    outer loop
      vertex 83.97869637608528 54.02776275575161 16
      vertex 83.70671552419662 54.08186311274767 17.45
      vertex 83.97869637608528 54.02776275575161 17.45
    endloop
  endfacet
  facet normal 0.3214394641261989 0.9469301298946307 0
    outer loop
      vertex 84.24128887802362 53.93862461298704 16
      vertex 83.97869637608528 54.02776275575161 17.45
      vertex 84.24128887802362 53.93862461298704 17.45
    endloop
  endfacet
  facet normal -0.06540312777989062 -0.997858923333658 0
    outer loop
      vertex 84.75 56.5 16
      vertex 85.16768381744623 56.47262355685234 16
      vertex 85.16768381744623 56.47262355685234 17.45
    endloop
  endfacet
  facet normal -0.1950903397643338 -0.9807852768728926 0
    outer loop
      vertex 85.16768381744623 56.47262355685234 16
      vertex 85.57822094112635 56.39096263796091 16
      vertex 85.57822094112635 56.39096263796091 17.45
    endloop
  endfacet
  facet normal 0.06540311146476756 0.9978589244030076 0
    outer loop
      vertex 83.42999999970198 54.100000001490116 16
      vertex 83.42999999970198 54.100000001490116 17.45
      vertex 83.70671552419662 54.08186311274767 16
    endloop
  endfacet
  facet normal 0.19509032848533187 0.9807852791164258 0
    outer loop
      vertex 83.70671552419662 54.08186311274767 16
      vertex 83.70671552419662 54.08186311274767 17.45
      vertex 83.97869637608528 54.02776275575161 16
    endloop
  endfacet
  facet normal 0.3214394641261989 0.9469301298946307 0
    outer loop
      vertex 83.97869637608528 54.02776275575161 16
      vertex 83.97869637608528 54.02776275575161 17.45
      vertex 84.24128887802362 53.93862461298704 16
    endloop
  endfacet
  facet normal 0.4422886807827341 0.8968727461861402 0
    outer loop
      vertex 84.49000000208616 53.81597386300564 16
      vertex 84.24128887802362 53.93862461298704 17.45
      vertex 84.49000000208616 53.81597386300564 17.45
    endloop
  endfacet
  facet normal 0.5555702355029168 0.8314696106432475 0
    outer loop
      vertex 84.72057422995567 53.66190908849239 16
      vertex 84.49000000208616 53.81597386300564 17.45
      vertex 84.72057422995567 53.66190908849239 17.45
    endloop
  endfacet
  facet normal 0.6593458258848205 0.751839798021004 0
    outer loop
      vertex 84.92906637489796 53.479066379368305 16
      vertex 84.72057422995567 53.66190908849239 17.45
      vertex 84.92906637489796 53.479066379368305 17.45
    endloop
  endfacet
  facet normal 0.751839798021004 0.6593458258848205 0
    outer loop
      vertex 85.11190908402205 53.27057423442602 16
      vertex 84.92906637489796 53.479066379368305 17.45
      vertex 85.11190908402205 53.27057423442602 17.45
    endloop
  endfacet
  facet normal 0.8314696106432475 0.5555702355029168 0
    outer loop
      vertex 85.26597385853529 53.04000000655651 16
      vertex 85.11190908402205 53.27057423442602 17.45
      vertex 85.26597385853529 53.04000000655651 17.45
    endloop
  endfacet
  facet normal 0.8968727461861402 0.4422886807827341 0
    outer loop
      vertex 85.3886246085167 52.79128888249397 16
      vertex 85.26597385853529 53.04000000655651 17.45
      vertex 85.3886246085167 52.79128888249397 17.45
    endloop
  endfacet
  facet normal 0.9469301298946307 0.3214394641261989 0
    outer loop
      vertex 85.47776275128126 52.52869638055563 16
      vertex 85.3886246085167 52.79128888249397 17.45
      vertex 85.47776275128126 52.52869638055563 17.45
    endloop
  endfacet
  facet normal 0.9807852791164258 0.19509032848533187 0
    outer loop
      vertex 85.53186310827732 52.25671552866697 16
      vertex 85.47776275128126 52.52869638055563 17.45
      vertex 85.53186310827732 52.25671552866697 17.45
    endloop
  endfacet
  facet normal 0.9978589244030076 0.06540311146476756 0
    outer loop
      vertex 85.54999999701977 51.980000004172325 16
      vertex 85.53186310827732 52.25671552866697 17.45
      vertex 85.54999999701977 51.980000004172325 17.45
    endloop
  endfacet
  facet normal 0.4422886807827341 0.8968727461861402 0
    outer loop
      vertex 84.24128887802362 53.93862461298704 16
      vertex 84.24128887802362 53.93862461298704 17.45
      vertex 84.49000000208616 53.81597386300564 16
    endloop
  endfacet
  facet normal 0.5555702355029168 0.8314696106432475 0
    outer loop
      vertex 84.49000000208616 53.81597386300564 16
      vertex 84.49000000208616 53.81597386300564 17.45
      vertex 84.72057422995567 53.66190908849239 16
    endloop
  endfacet
  facet normal 0.6593458258848205 0.751839798021004 0
    outer loop
      vertex 84.72057422995567 53.66190908849239 16
      vertex 84.72057422995567 53.66190908849239 17.45
      vertex 84.92906637489796 53.479066379368305 16
    endloop
  endfacet
  facet normal 0.751839798021004 0.6593458258848205 0
    outer loop
      vertex 84.92906637489796 53.479066379368305 16
      vertex 84.92906637489796 53.479066379368305 17.45
      vertex 85.11190908402205 53.27057423442602 16
    endloop
  endfacet
  facet normal 0.8314696106432475 0.5555702355029168 0
    outer loop
      vertex 85.11190908402205 53.27057423442602 16
      vertex 85.11190908402205 53.27057423442602 17.45
      vertex 85.26597385853529 53.04000000655651 16
    endloop
  endfacet
  facet normal 0.8968727461861402 0.4422886807827341 0
    outer loop
      vertex 85.26597385853529 53.04000000655651 16
      vertex 85.26597385853529 53.04000000655651 17.45
      vertex 85.3886246085167 52.79128888249397 16
    endloop
  endfacet
  facet normal 0.9469301298946307 0.3214394641261989 0
    outer loop
      vertex 85.3886246085167 52.79128888249397 16
      vertex 85.3886246085167 52.79128888249397 17.45
      vertex 85.47776275128126 52.52869638055563 16
    endloop
  endfacet
  facet normal 0.9807852791164258 0.19509032848533187 0
    outer loop
      vertex 85.47776275128126 52.52869638055563 16
      vertex 85.47776275128126 52.52869638055563 17.45
      vertex 85.53186310827732 52.25671552866697 16
    endloop
  endfacet
  facet normal 0.9978589244030076 0.06540311146476756 0
    outer loop
      vertex 85.53186310827732 52.25671552866697 16
      vertex 85.53186310827732 52.25671552866697 17.45
      vertex 85.54999999701977 51.980000004172325 16
    endloop
  endfacet
  facet normal 0 0 1
    outer loop
      vertex 84.75 56.5 16
      vertex 83.42999999970198 54.100000001490116 16
      vertex 83.70671552419662 54.08186311274767 16
    endloop
  endfacet
  facet normal 0 0 1
    outer loop
      vertex 84.75 56.5 16
      vertex 84.24128887802362 53.93862461298704 16
      vertex 85.16768381744623 56.47262355685234 16
    endloop
  endfacet
  facet normal 0 0 1
    outer loop
      vertex 85.16768381744623 56.47262355685234 16
      vertex 84.49000000208616 53.81597386300564 16
      vertex 85.57822094112635 56.39096263796091 16
    endloop
  endfacet
  facet normal 0 0 1
    outer loop
      vertex 85.57822094112635 56.39096263796091 16
      vertex 84.49000000208616 53.81597386300564 16
      vertex 85.9745869860053 56.256414502859116 16
    endloop
  endfacet
  facet normal 0 0 1
    outer loop
      vertex 84.75 56.5 16
      vertex 83.70671552419662 54.08186311274767 16
      vertex 83.97869637608528 54.02776275575161 16
    endloop
  endfacet
  facet normal 0 0 1
    outer loop
      vertex 84.75 56.5 16
      vertex 83.97869637608528 54.02776275575161 16
      vertex 84.24128887802362 53.93862461298704 16
    endloop
  endfacet
  facet normal 0 0 1
    outer loop
      vertex 85.16768381744623 56.47262355685234 16
      vertex 84.24128887802362 53.93862461298704 16
      vertex 84.49000000208616 53.81597386300564 16
    endloop
  endfacet
  facet normal 0 0 1
    outer loop
      vertex 85.9745869860053 56.256414502859116 16
      vertex 84.49000000208616 53.81597386300564 16
      vertex 84.72057422995567 53.66190908849239 16
    endloop
  endfacet
  facet normal 0 0 1
    outer loop
      vertex 86.69803657382727 55.838730685412884 16
      vertex 84.72057422995567 53.66190908849239 16
      vertex 84.92906637489796 53.479066379368305 16
    endloop
  endfacet
  facet normal -0.321439450519502 -0.9469301345134818 0
    outer loop
      vertex 85.57822094112635 56.39096263796091 16
      vertex 85.9745869860053 56.256414502859116 17.45
      vertex 85.57822094112635 56.39096263796091 17.45
    endloop
  endfacet
  facet normal -0.4422886899417497 -0.8968727416694137 0
    outer loop
      vertex 85.9745869860053 56.256414502859116 16
      vertex 86.35000000149012 56.07128129154444 17.45
      vertex 85.9745869860053 56.256414502859116 17.45
    endloop
  endfacet
  facet normal -0.5555702384389737 -0.8314696086814369 0
    outer loop
      vertex 86.35000000149012 56.07128129154444 16
      vertex 86.69803657382727 55.838730685412884 17.45
      vertex 86.35000000149012 56.07128129154444 17.45
    endloop
  endfacet
  facet normal -0.6593458155107155 -0.75183980711885 0
    outer loop
      vertex 86.69803657382727 55.838730685412884 16
      vertex 87.0127416998148 55.562741696834564 17.45
      vertex 86.69803657382727 55.838730685412884 17.45
    endloop
  endfacet
  facet normal -0.75183980711885 -0.6593458155107155 0
    outer loop
      vertex 87.0127416998148 55.562741696834564 16
      vertex 87.28873068839312 55.248036570847034 17.45
      vertex 87.0127416998148 55.562741696834564 17.45
    endloop
  endfacet
  facet normal -0.8314696086814369 -0.5555702384389737 0
    outer loop
      vertex 87.28873068839312 55.248036570847034 16
      vertex 87.52128129452467 54.899999998509884 17.45
      vertex 87.28873068839312 55.248036570847034 17.45
    endloop
  endfacet
  facet normal -0.8968727416694137 -0.4422886899417497 0
    outer loop
      vertex 87.52128129452467 54.899999998509884 16
      vertex 87.70641450583935 54.524586983025074 17.45
      vertex 87.52128129452467 54.899999998509884 17.45
    endloop
  endfacet
  facet normal -0.9469301345134818 -0.321439450519502 0
    outer loop
      vertex 87.70641450583935 54.524586983025074 16
      vertex 87.84096264094114 54.128220938146114 17.45
      vertex 87.70641450583935 54.524586983025074 17.45
    endloop
  endfacet
  facet normal -0.9807852768728926 -0.1950903397643338 0
    outer loop
      vertex 87.84096264094114 54.128220938146114 16
      vertex 87.92262355983257 53.717683814466 17.45
      vertex 87.84096264094114 54.128220938146114 17.45
    endloop
  endfacet
  facet normal -0.321439450519502 -0.9469301345134818 0
    outer loop
      vertex 85.57822094112635 56.39096263796091 16
      vertex 85.9745869860053 56.256414502859116 16
      vertex 85.9745869860053 56.256414502859116 17.45
    endloop
  endfacet
  facet normal -0.4422886899417497 -0.8968727416694137 0
    outer loop
      vertex 85.9745869860053 56.256414502859116 16
      vertex 86.35000000149012 56.07128129154444 16
      vertex 86.35000000149012 56.07128129154444 17.45
    endloop
  endfacet
  facet normal -0.5555702384389737 -0.8314696086814369 0
    outer loop
      vertex 86.35000000149012 56.07128129154444 16
      vertex 86.69803657382727 55.838730685412884 16
      vertex 86.69803657382727 55.838730685412884 17.45
    endloop
  endfacet
  facet normal -0.6593458155107155 -0.75183980711885 0
    outer loop
      vertex 86.69803657382727 55.838730685412884 16
      vertex 87.0127416998148 55.562741696834564 16
      vertex 87.0127416998148 55.562741696834564 17.45
    endloop
  endfacet
  facet normal -0.75183980711885 -0.6593458155107155 0
    outer loop
      vertex 87.0127416998148 55.562741696834564 16
      vertex 87.28873068839312 55.248036570847034 16
      vertex 87.28873068839312 55.248036570847034 17.45
    endloop
  endfacet
  facet normal -0.8314696086814369 -0.5555702384389737 0
    outer loop
      vertex 87.28873068839312 55.248036570847034 16
      vertex 87.52128129452467 54.899999998509884 16
      vertex 87.52128129452467 54.899999998509884 17.45
    endloop
  endfacet
  facet normal -0.8968727416694137 -0.4422886899417497 0
    outer loop
      vertex 87.52128129452467 54.899999998509884 16
      vertex 87.70641450583935 54.524586983025074 16
      vertex 87.70641450583935 54.524586983025074 17.45
    endloop
  endfacet
  facet normal -0.9469301345134818 -0.321439450519502 0
    outer loop
      vertex 87.70641450583935 54.524586983025074 16
      vertex 87.84096264094114 54.128220938146114 16
      vertex 87.84096264094114 54.128220938146114 17.45
    endloop
  endfacet
  facet normal -0.997858923333658 -0.06540312777989062 0
    outer loop
      vertex 87.92262355983257 53.717683814466 16
      vertex 87.95000000298023 53.29999999701977 17.45
      vertex 87.92262355983257 53.717683814466 17.45
    endloop
  endfacet
  facet normal -0.9807852768728926 -0.1950903397643338 0
    outer loop
      vertex 87.84096264094114 54.128220938146114 16
      vertex 87.92262355983257 53.717683814466 16
      vertex 87.92262355983257 53.717683814466 17.45
    endloop
  endfacet
  facet normal -0.997858923333658 -0.06540312777989062 0
    outer loop
      vertex 87.92262355983257 53.717683814466 16
      vertex 87.95000000298023 53.29999999701977 16
      vertex 87.95000000298023 53.29999999701977 17.45
    endloop
  endfacet
  facet normal 0 0 1
    outer loop
      vertex 85.9745869860053 56.256414502859116 16
      vertex 84.72057422995567 53.66190908849239 16
      vertex 86.35000000149012 56.07128129154444 16
    endloop
  endfacet
  facet normal 0 0 1
    outer loop
      vertex 86.35000000149012 56.07128129154444 16
      vertex 84.72057422995567 53.66190908849239 16
      vertex 86.69803657382727 55.838730685412884 16
    endloop
  endfacet
  facet normal 0 0 1
    outer loop
      vertex 86.69803657382727 55.838730685412884 16
      vertex 84.92906637489796 53.479066379368305 16
      vertex 87.0127416998148 55.562741696834564 16
    endloop
  endfacet
  facet normal 0 0 1
    outer loop
      vertex 87.28873068839312 55.248036570847034 16
      vertex 84.92906637489796 53.479066379368305 16
      vertex 85.11190908402205 53.27057423442602 16
    endloop
  endfacet
  facet normal 0 0 1
    outer loop
      vertex 87.0127416998148 55.562741696834564 16
      vertex 84.92906637489796 53.479066379368305 16
      vertex 87.28873068839312 55.248036570847034 16
    endloop
  endfacet
  facet normal 0 0 1
    outer loop
      vertex 87.28873068839312 55.248036570847034 16
      vertex 85.11190908402205 53.27057423442602 16
      vertex 87.52128129452467 54.899999998509884 16
    endloop
  endfacet
  facet normal 0 0 1
    outer loop
      vertex 87.52128129452467 54.899999998509884 16
      vertex 85.11190908402205 53.27057423442602 16
      vertex 87.70641450583935 54.524586983025074 16
    endloop
  endfacet
  facet normal 0 0 1
    outer loop
      vertex 85.11190908402205 53.27057423442602 16
      vertex 85.26597385853529 53.04000000655651 16
      vertex 87.70641450583935 54.524586983025074 16
    endloop
  endfacet
  facet normal 0 0 1
    outer loop
      vertex 85.26597385853529 53.04000000655651 16
      vertex 85.3886246085167 52.79128888249397 16
      vertex 87.92262355983257 53.717683814466 16
    endloop
  endfacet
  facet normal 0 0 1
    outer loop
      vertex 85.26597385853529 53.04000000655651 16
      vertex 87.84096264094114 54.128220938146114 16
      vertex 87.70641450583935 54.524586983025074 16
    endloop
  endfacet
  facet normal 0 0 1
    outer loop
      vertex 85.26597385853529 53.04000000655651 16
      vertex 87.92262355983257 53.717683814466 16
      vertex 87.84096264094114 54.128220938146114 16
    endloop
  endfacet
  facet normal 0 0 1
    outer loop
      vertex 85.3886246085167 52.79128888249397 16
      vertex 87.95000000298023 53.29999999701977 16
      vertex 87.92262355983257 53.717683814466 16
    endloop
  endfacet
  facet normal 0 0 1
    outer loop
      vertex 85.3886246085167 52.79128888249397 16
      vertex 85.47776275128126 52.52869638055563 16
      vertex 87.95000000298023 53.29999999701977 16
    endloop
  endfacet
  facet normal 0 0 1
    outer loop
      vertex 87.95000000298023 53.29999999701977 16
      vertex 85.47776275128126 52.52869638055563 16
      vertex 85.53186310827732 52.25671552866697 16
    endloop
  endfacet
  facet normal 0 0 1
    outer loop
      vertex 87.95000000298023 53.29999999701977 16
      vertex 85.53186310827732 52.25671552866697 16
      vertex 85.54999999701977 51.980000004172325 16
    endloop
  endfacet
  facet normal 1 0 0
    outer loop
      vertex 85.54999999701977 51.980000004172325 16
      vertex 85.54999999701977 51.980000004172325 17.45
      vertex 85.54999999701977 -51.980000004172325 17.45
    endloop
  endfacet
  facet normal -1 0 0
    outer loop
      vertex 87.95000000298023 53.29999999701977 16
      vertex 87.95000000298023 -12.124319838172944 17.45
      vertex 87.95000000298023 53.29999999701977 17.45
    endloop
  endfacet
  facet normal 0 0 1
    outer loop
      vertex 87.95000000298023 53.29999999701977 16
      vertex 85.54999999701977 51.980000004172325 16
      vertex 85.54999999701977 -51.980000004172325 16
    endloop
  endfacet
  facet normal 0 -1 0
    outer loop
      vertex -83.42999999970198 -54.100000001490116 16
      vertex 83.42999999970198 -54.100000001490116 16
      vertex 83.42999999970198 -54.100000001490116 17.45
    endloop
  endfacet
  facet normal 0 0 1
    outer loop
      vertex -84.75 -56.5 16
      vertex 84.75 -56.5 16
      vertex 83.42999999970198 -54.100000001490116 16
    endloop
  endfacet
  facet normal -1 0 0
    outer loop
      vertex 87.95000000298023 53.29999999701977 16
      vertex 87.95000000298023 -53.29999999701977 17.45
      vertex 87.95000000298023 -12.124319838172944 17.45
    endloop
  endfacet
  facet normal 1 0 0
    outer loop
      vertex 85.54999999701977 51.980000004172325 16
      vertex 85.54999999701977 -51.980000004172325 17.45
      vertex 85.54999999701977 -51.980000004172325 16
    endloop
  endfacet
  facet normal -1 0 0
    outer loop
      vertex 87.95000000298023 53.29999999701977 16
      vertex 87.95000000298023 -53.29999999701977 16
      vertex 87.95000000298023 -53.29999999701977 17.45
    endloop
  endfacet
  facet normal 0 0 1
    outer loop
      vertex 87.95000000298023 53.29999999701977 16
      vertex 85.54999999701977 -51.980000004172325 16
      vertex 87.95000000298023 -53.29999999701977 16
    endloop
  endfacet
  facet normal 0 1 0
    outer loop
      vertex 84.75 -56.5 16
      vertex -0.506772579769887 -56.5 17.45
      vertex 84.75 -56.5 17.45
    endloop
  endfacet
  facet normal 0.9978589244030076 -0.06540311146476756 0
    outer loop
      vertex 85.53186310827732 -52.25671552866697 16
      vertex 85.54999999701977 -51.980000004172325 17.45
      vertex 85.53186310827732 -52.25671552866697 17.45
    endloop
  endfacet
  facet normal 0.9807852791164258 -0.19509032848533187 0
    outer loop
      vertex 85.47776275128126 -52.52869638055563 16
      vertex 85.53186310827732 -52.25671552866697 17.45
      vertex 85.47776275128126 -52.52869638055563 17.45
    endloop
  endfacet
  facet normal 0.9469301298946307 -0.3214394641261989 0
    outer loop
      vertex 85.3886246085167 -52.79128888249397 16
      vertex 85.47776275128126 -52.52869638055563 17.45
      vertex 85.3886246085167 -52.79128888249397 17.45
    endloop
  endfacet
  facet normal 0.4422886807827341 -0.8968727461861402 0
    outer loop
      vertex 84.24128887802362 -53.93862461298704 16
      vertex 84.49000000208616 -53.81597386300564 17.45
      vertex 84.24128887802362 -53.93862461298704 17.45
    endloop
  endfacet
  facet normal 0.6593458258848205 -0.751839798021004 0
    outer loop
      vertex 84.72057422995567 -53.66190908849239 16
      vertex 84.92906637489796 -53.479066379368305 17.45
      vertex 84.72057422995567 -53.66190908849239 17.45
    endloop
  endfacet
  facet normal 0.5555702355029168 -0.8314696106432475 0
    outer loop
      vertex 84.49000000208616 -53.81597386300564 16
      vertex 84.72057422995567 -53.66190908849239 17.45
      vertex 84.49000000208616 -53.81597386300564 17.45
    endloop
  endfacet
  facet normal 0.751839798021004 -0.6593458258848205 0
    outer loop
      vertex 84.92906637489796 -53.479066379368305 16
      vertex 85.11190908402205 -53.27057423442602 17.45
      vertex 84.92906637489796 -53.479066379368305 17.45
    endloop
  endfacet
  facet normal 0.8314696106432475 -0.5555702355029168 0
    outer loop
      vertex 85.11190908402205 -53.27057423442602 16
      vertex 85.26597385853529 -53.04000000655651 17.45
      vertex 85.11190908402205 -53.27057423442602 17.45
    endloop
  endfacet
  facet normal 0.8968727461861402 -0.4422886807827341 0
    outer loop
      vertex 85.26597385853529 -53.04000000655651 16
      vertex 85.3886246085167 -52.79128888249397 17.45
      vertex 85.26597385853529 -53.04000000655651 17.45
    endloop
  endfacet
  facet normal 0.9978589244030076 -0.06540311146476756 0
    outer loop
      vertex 85.54999999701977 -51.980000004172325 16
      vertex 85.54999999701977 -51.980000004172325 17.45
      vertex 85.53186310827732 -52.25671552866697 16
    endloop
  endfacet
  facet normal 0.9807852791164258 -0.19509032848533187 0
    outer loop
      vertex 85.53186310827732 -52.25671552866697 16
      vertex 85.53186310827732 -52.25671552866697 17.45
      vertex 85.47776275128126 -52.52869638055563 16
    endloop
  endfacet
  facet normal 0.9469301298946307 -0.3214394641261989 0
    outer loop
      vertex 85.47776275128126 -52.52869638055563 16
      vertex 85.47776275128126 -52.52869638055563 17.45
      vertex 85.3886246085167 -52.79128888249397 16
    endloop
  endfacet
  facet normal 0.8968727461861402 -0.4422886807827341 0
    outer loop
      vertex 85.3886246085167 -52.79128888249397 16
      vertex 85.3886246085167 -52.79128888249397 17.45
      vertex 85.26597385853529 -53.04000000655651 16
    endloop
  endfacet
  facet normal 0.4422886807827341 -0.8968727461861402 0
    outer loop
      vertex 84.24128887802362 -53.93862461298704 16
      vertex 84.49000000208616 -53.81597386300564 16
      vertex 84.49000000208616 -53.81597386300564 17.45
    endloop
  endfacet
  facet normal 0.5555702355029168 -0.8314696106432475 0
    outer loop
      vertex 84.72057422995567 -53.66190908849239 16
      vertex 84.72057422995567 -53.66190908849239 17.45
      vertex 84.49000000208616 -53.81597386300564 16
    endloop
  endfacet
  facet normal 0.8314696106432475 -0.5555702355029168 0
    outer loop
      vertex 85.26597385853529 -53.04000000655651 16
      vertex 85.26597385853529 -53.04000000655651 17.45
      vertex 85.11190908402205 -53.27057423442602 16
    endloop
  endfacet
  facet normal 0.751839798021004 -0.6593458258848205 0
    outer loop
      vertex 84.92906637489796 -53.479066379368305 16
      vertex 85.11190908402205 -53.27057423442602 16
      vertex 85.11190908402205 -53.27057423442602 17.45
    endloop
  endfacet
  facet normal 0.6593458258848205 -0.751839798021004 0
    outer loop
      vertex 84.72057422995567 -53.66190908849239 16
      vertex 84.92906637489796 -53.479066379368305 16
      vertex 84.92906637489796 -53.479066379368305 17.45
    endloop
  endfacet
  facet normal 0.06540311146476756 -0.9978589244030076 0
    outer loop
      vertex 83.42999999970198 -54.100000001490116 16
      vertex 83.70671552419662 -54.08186311274767 17.45
      vertex 83.42999999970198 -54.100000001490116 17.45
    endloop
  endfacet
  facet normal 0.19509032848533187 -0.9807852791164258 0
    outer loop
      vertex 83.70671552419662 -54.08186311274767 16
      vertex 83.97869637608528 -54.02776275575161 17.45
      vertex 83.70671552419662 -54.08186311274767 17.45
    endloop
  endfacet
  facet normal 0.3214394641261989 -0.9469301298946307 0
    outer loop
      vertex 83.97869637608528 -54.02776275575161 16
      vertex 84.24128887802362 -53.93862461298704 17.45
      vertex 83.97869637608528 -54.02776275575161 17.45
    endloop
  endfacet
  facet normal -0.06540312777989062 0.997858923333658 0
    outer loop
      vertex 85.16768381744623 -56.47262355685234 16
      vertex 84.75 -56.5 17.45
      vertex 85.16768381744623 -56.47262355685234 17.45
    endloop
  endfacet
  facet normal -0.1950903397643338 0.9807852768728926 0
    outer loop
      vertex 85.57822094112635 -56.39096263796091 16
      vertex 85.16768381744623 -56.47262355685234 17.45
      vertex 85.57822094112635 -56.39096263796091 17.45
    endloop
  endfacet
  facet normal 0.06540311146476756 -0.9978589244030076 0
    outer loop
      vertex 83.42999999970198 -54.100000001490116 16
      vertex 83.70671552419662 -54.08186311274767 16
      vertex 83.70671552419662 -54.08186311274767 17.45
    endloop
  endfacet
  facet normal 0.19509032848533187 -0.9807852791164258 0
    outer loop
      vertex 83.70671552419662 -54.08186311274767 16
      vertex 83.97869637608528 -54.02776275575161 16
      vertex 83.97869637608528 -54.02776275575161 17.45
    endloop
  endfacet
  facet normal 0.3214394641261989 -0.9469301298946307 0
    outer loop
      vertex 83.97869637608528 -54.02776275575161 16
      vertex 84.24128887802362 -53.93862461298704 16
      vertex 84.24128887802362 -53.93862461298704 17.45
    endloop
  endfacet
  facet normal -0.06540312777989062 0.997858923333658 0
    outer loop
      vertex 84.75 -56.5 16
      vertex 84.75 -56.5 17.45
      vertex 85.16768381744623 -56.47262355685234 16
    endloop
  endfacet
  facet normal -0.1950903397643338 0.9807852768728926 0
    outer loop
      vertex 85.16768381744623 -56.47262355685234 16
      vertex 85.16768381744623 -56.47262355685234 17.45
      vertex 85.57822094112635 -56.39096263796091 16
    endloop
  endfacet
  facet normal 0 0 1
    outer loop
      vertex 83.42999999970198 -54.100000001490116 16
      vertex 84.75 -56.5 16
      vertex 83.70671552419662 -54.08186311274767 16
    endloop
  endfacet
  facet normal 0 0 1
    outer loop
      vertex 83.70671552419662 -54.08186311274767 16
      vertex 84.75 -56.5 16
      vertex 83.97869637608528 -54.02776275575161 16
    endloop
  endfacet
  facet normal 0 0 1
    outer loop
      vertex 83.97869637608528 -54.02776275575161 16
      vertex 84.75 -56.5 16
      vertex 84.24128887802362 -53.93862461298704 16
    endloop
  endfacet
  facet normal 0 0 1
    outer loop
      vertex 84.24128887802362 -53.93862461298704 16
      vertex 85.16768381744623 -56.47262355685234 16
      vertex 84.49000000208616 -53.81597386300564 16
    endloop
  endfacet
  facet normal 0 0 1
    outer loop
      vertex 84.72057422995567 -53.66190908849239 16
      vertex 86.69803657382727 -55.838730685412884 16
      vertex 84.92906637489796 -53.479066379368305 16
    endloop
  endfacet
  facet normal 0 0 1
    outer loop
      vertex 84.72057422995567 -53.66190908849239 16
      vertex 84.49000000208616 -53.81597386300564 16
      vertex 85.9745869860053 -56.256414502859116 16
    endloop
  endfacet
  facet normal 0 0 1
    outer loop
      vertex 84.24128887802362 -53.93862461298704 16
      vertex 84.75 -56.5 16
      vertex 85.16768381744623 -56.47262355685234 16
    endloop
  endfacet
  facet normal 0 0 1
    outer loop
      vertex 84.49000000208616 -53.81597386300564 16
      vertex 85.57822094112635 -56.39096263796091 16
      vertex 85.9745869860053 -56.256414502859116 16
    endloop
  endfacet
  facet normal 0 0 1
    outer loop
      vertex 84.49000000208616 -53.81597386300564 16
      vertex 85.16768381744623 -56.47262355685234 16
      vertex 85.57822094112635 -56.39096263796091 16
    endloop
  endfacet
  facet normal -0.9807852768728926 0.1950903397643338 0
    outer loop
      vertex 87.92262355983257 -53.717683814466 16
      vertex 87.84096264094114 -54.128220938146114 17.45
      vertex 87.92262355983257 -53.717683814466 17.45
    endloop
  endfacet
  facet normal -0.997858923333658 0.06540312777989062 0
    outer loop
      vertex 87.95000000298023 -53.29999999701977 16
      vertex 87.92262355983257 -53.717683814466 17.45
      vertex 87.95000000298023 -53.29999999701977 17.45
    endloop
  endfacet
  facet normal -0.997858923333658 0.06540312777989062 0
    outer loop
      vertex 87.95000000298023 -53.29999999701977 16
      vertex 87.92262355983257 -53.717683814466 16
      vertex 87.92262355983257 -53.717683814466 17.45
    endloop
  endfacet
  facet normal -0.5555702384389737 0.8314696086814369 0
    outer loop
      vertex 86.69803657382727 -55.838730685412884 16
      vertex 86.35000000149012 -56.07128129154444 17.45
      vertex 86.69803657382727 -55.838730685412884 17.45
    endloop
  endfacet
  facet normal -0.6593458155107155 0.75183980711885 0
    outer loop
      vertex 87.0127416998148 -55.562741696834564 16
      vertex 86.69803657382727 -55.838730685412884 17.45
      vertex 87.0127416998148 -55.562741696834564 17.45
    endloop
  endfacet
  facet normal -0.9469301345134818 0.321439450519502 0
    outer loop
      vertex 87.84096264094114 -54.128220938146114 16
      vertex 87.70641450583935 -54.524586983025074 17.45
      vertex 87.84096264094114 -54.128220938146114 17.45
    endloop
  endfacet
  facet normal -0.8968727416694137 0.4422886899417497 0
    outer loop
      vertex 87.70641450583935 -54.524586983025074 16
      vertex 87.52128129452467 -54.899999998509884 17.45
      vertex 87.70641450583935 -54.524586983025074 17.45
    endloop
  endfacet
  facet normal -0.8314696086814369 0.5555702384389737 0
    outer loop
      vertex 87.52128129452467 -54.899999998509884 16
      vertex 87.28873068839312 -55.248036570847034 17.45
      vertex 87.52128129452467 -54.899999998509884 17.45
    endloop
  endfacet
  facet normal -0.75183980711885 0.6593458155107155 0
    outer loop
      vertex 87.28873068839312 -55.248036570847034 16
      vertex 87.0127416998148 -55.562741696834564 17.45
      vertex 87.28873068839312 -55.248036570847034 17.45
    endloop
  endfacet
  facet normal -0.321439450519502 0.9469301345134818 0
    outer loop
      vertex 85.9745869860053 -56.256414502859116 16
      vertex 85.57822094112635 -56.39096263796091 17.45
      vertex 85.9745869860053 -56.256414502859116 17.45
    endloop
  endfacet
  facet normal -0.4422886899417497 0.8968727416694137 0
    outer loop
      vertex 86.35000000149012 -56.07128129154444 16
      vertex 85.9745869860053 -56.256414502859116 17.45
      vertex 86.35000000149012 -56.07128129154444 17.45
    endloop
  endfacet
  facet normal -0.75183980711885 0.6593458155107155 0
    outer loop
      vertex 87.28873068839312 -55.248036570847034 16
      vertex 87.0127416998148 -55.562741696834564 16
      vertex 87.0127416998148 -55.562741696834564 17.45
    endloop
  endfacet
  facet normal -0.5555702384389737 0.8314696086814369 0
    outer loop
      vertex 86.35000000149012 -56.07128129154444 16
      vertex 86.35000000149012 -56.07128129154444 17.45
      vertex 86.69803657382727 -55.838730685412884 16
    endloop
  endfacet
  facet normal -0.6593458155107155 0.75183980711885 0
    outer loop
      vertex 87.0127416998148 -55.562741696834564 16
      vertex 86.69803657382727 -55.838730685412884 16
      vertex 86.69803657382727 -55.838730685412884 17.45
    endloop
  endfacet
  facet normal -0.9807852768728926 0.1950903397643338 0
    outer loop
      vertex 87.92262355983257 -53.717683814466 16
      vertex 87.84096264094114 -54.128220938146114 16
      vertex 87.84096264094114 -54.128220938146114 17.45
    endloop
  endfacet
  facet normal -0.9469301345134818 0.321439450519502 0
    outer loop
      vertex 87.84096264094114 -54.128220938146114 16
      vertex 87.70641450583935 -54.524586983025074 16
      vertex 87.70641450583935 -54.524586983025074 17.45
    endloop
  endfacet
  facet normal -0.8968727416694137 0.4422886899417497 0
    outer loop
      vertex 87.70641450583935 -54.524586983025074 16
      vertex 87.52128129452467 -54.899999998509884 16
      vertex 87.52128129452467 -54.899999998509884 17.45
    endloop
  endfacet
  facet normal -0.8314696086814369 0.5555702384389737 0
    outer loop
      vertex 87.28873068839312 -55.248036570847034 16
      vertex 87.28873068839312 -55.248036570847034 17.45
      vertex 87.52128129452467 -54.899999998509884 16
    endloop
  endfacet
  facet normal -0.321439450519502 0.9469301345134818 0
    outer loop
      vertex 85.57822094112635 -56.39096263796091 16
      vertex 85.57822094112635 -56.39096263796091 17.45
      vertex 85.9745869860053 -56.256414502859116 16
    endloop
  endfacet
  facet normal -0.4422886899417497 0.8968727416694137 0
    outer loop
      vertex 86.35000000149012 -56.07128129154444 16
      vertex 85.9745869860053 -56.256414502859116 16
      vertex 85.9745869860053 -56.256414502859116 17.45
    endloop
  endfacet
  facet normal 0 0 1
    outer loop
      vertex 85.54999999701977 -51.980000004172325 16
      vertex 85.53186310827732 -52.25671552866697 16
      vertex 87.95000000298023 -53.29999999701977 16
    endloop
  endfacet
  facet normal 0 0 1
    outer loop
      vertex 85.53186310827732 -52.25671552866697 16
      vertex 85.47776275128126 -52.52869638055563 16
      vertex 87.95000000298023 -53.29999999701977 16
    endloop
  endfacet
  facet normal 0 0 1
    outer loop
      vertex 85.47776275128126 -52.52869638055563 16
      vertex 85.3886246085167 -52.79128888249397 16
      vertex 87.95000000298023 -53.29999999701977 16
    endloop
  endfacet
  facet normal 0 0 1
    outer loop
      vertex 85.3886246085167 -52.79128888249397 16
      vertex 85.26597385853529 -53.04000000655651 16
      vertex 87.92262355983257 -53.717683814466 16
    endloop
  endfacet
  facet normal 0 0 1
    outer loop
      vertex 85.26597385853529 -53.04000000655651 16
      vertex 85.11190908402205 -53.27057423442602 16
      vertex 87.70641450583935 -54.524586983025074 16
    endloop
  endfacet
  facet normal 0 0 1
    outer loop
      vertex 85.3886246085167 -52.79128888249397 16
      vertex 87.92262355983257 -53.717683814466 16
      vertex 87.95000000298023 -53.29999999701977 16
    endloop
  endfacet
  facet normal 0 0 1
    outer loop
      vertex 85.26597385853529 -53.04000000655651 16
      vertex 87.84096264094114 -54.128220938146114 16
      vertex 87.92262355983257 -53.717683814466 16
    endloop
  endfacet
  facet normal 0 0 1
    outer loop
      vertex 85.26597385853529 -53.04000000655651 16
      vertex 87.70641450583935 -54.524586983025074 16
      vertex 87.84096264094114 -54.128220938146114 16
    endloop
  endfacet
  facet normal 0 0 1
    outer loop
      vertex 84.92906637489796 -53.479066379368305 16
      vertex 87.28873068839312 -55.248036570847034 16
      vertex 85.11190908402205 -53.27057423442602 16
    endloop
  endfacet
  facet normal 0 0 1
    outer loop
      vertex 84.92906637489796 -53.479066379368305 16
      vertex 86.69803657382727 -55.838730685412884 16
      vertex 87.0127416998148 -55.562741696834564 16
    endloop
  endfacet
  facet normal 0 0 1
    outer loop
      vertex 85.11190908402205 -53.27057423442602 16
      vertex 87.52128129452467 -54.899999998509884 16
      vertex 87.70641450583935 -54.524586983025074 16
    endloop
  endfacet
  facet normal 0 0 1
    outer loop
      vertex 85.11190908402205 -53.27057423442602 16
      vertex 87.28873068839312 -55.248036570847034 16
      vertex 87.52128129452467 -54.899999998509884 16
    endloop
  endfacet
  facet normal 0 0 1
    outer loop
      vertex 84.92906637489796 -53.479066379368305 16
      vertex 87.0127416998148 -55.562741696834564 16
      vertex 87.28873068839312 -55.248036570847034 16
    endloop
  endfacet
  facet normal 0 0 1
    outer loop
      vertex 84.72057422995567 -53.66190908849239 16
      vertex 86.35000000149012 -56.07128129154444 16
      vertex 86.69803657382727 -55.838730685412884 16
    endloop
  endfacet
  facet normal 0 0 1
    outer loop
      vertex 84.72057422995567 -53.66190908849239 16
      vertex 85.9745869860053 -56.256414502859116 16
      vertex 86.35000000149012 -56.07128129154444 16
    endloop
  endfacet
  facet normal 0.6593458151000645 -0.7518398074789812 0
    outer loop
      vertex -4.31335136523794 39.71335136523794 0
      vertex -3.713444716953196 40.23945537577653 3
      vertex -4.31335136523794 39.71335136523794 3
    endloop
  endfacet
  facet normal 0.5555702330196051 -0.8314696123025435 0
    outer loop
      vertex -3.713444716953196 40.23945537577653 0
      vertex -3.05 40.682754963085074 3
      vertex -3.713444716953196 40.23945537577653 3
    endloop
  endfacet
  facet normal 0.7518398074789776 -0.6593458151000685 0
    outer loop
      vertex -4.839455375776534 39.1134447169532 0
      vertex -4.31335136523794 39.71335136523794 3
      vertex -4.839455375776534 39.1134447169532 3
    endloop
  endfacet
  facet normal 0.8314696123025473 -0.5555702330195992 0
    outer loop
      vertex -5.282754963085075 38.449999999999996 0
      vertex -4.839455375776534 39.1134447169532 3
      vertex -5.282754963085075 38.449999999999996 3
    endloop
  endfacet
  facet normal 0.8968727415326867 -0.4422886902190047 0
    outer loop
      vertex -5.635665148318849 37.73436893742705 0
      vertex -5.282754963085075 38.449999999999996 3
      vertex -5.635665148318849 37.73436893742705 3
    endloop
  endfacet
  facet normal 0.4422886902190024 -0.8968727415326876 0
    outer loop
      vertex -3.05 40.682754963085074 0
      vertex -2.3343689374270475 41.03566514831885 3
      vertex -3.05 40.682754963085074 3
    endloop
  endfacet
  facet normal 0.3214394653031624 -0.9469301294951054 0
    outer loop
      vertex -2.3343689374270475 41.03566514831885 0
      vertex -1.5787961751253765 41.29214754036332 3
      vertex -2.3343689374270475 41.03566514831885 3
    endloop
  endfacet
  facet normal 0.19509032201612467 -0.9807852804032311 0
    outer loop
      vertex -1.5787961751253765 41.29214754036332 0
      vertex -0.7962097725423145 41.44781365438024 3
      vertex -1.5787961751253765 41.29214754036332 3
    endloop
  endfacet
  facet normal 0.06540312923014663 -0.9978589232386034 0
    outer loop
      vertex -0.7962097725423145 41.44781365438024 0
      vertex 0 41.5 3
      vertex -0.7962097725423145 41.44781365438024 3
    endloop
  endfacet
  facet normal 0.9469301294951061 -0.32143946530315987 0
    outer loop
      vertex -5.892147540363316 36.978796175125375 0
      vertex -5.635665148318849 37.73436893742705 3
      vertex -5.892147540363316 36.978796175125375 3
    endloop
  endfacet
  facet normal 0.9807852804032307 -0.19509032201612742 0
    outer loop
      vertex -6.047813654380243 36.19620977254231 0
      vertex -5.892147540363316 36.978796175125375 3
      vertex -6.047813654380243 36.19620977254231 3
    endloop
  endfacet
  facet normal 0.9978589232386035 -0.06540312923014349 0
    outer loop
      vertex -6.1 35.4 0
      vertex -6.047813654380243 36.19620977254231 3
      vertex -6.1 35.4 3
    endloop
  endfacet
  facet normal 0.9978589232386035 0.06540312923014349 0
    outer loop
      vertex -6.047813654380243 34.60379022745769 0
      vertex -6.1 35.4 3
      vertex -6.047813654380243 34.60379022745769 3
    endloop
  endfacet
  facet normal 0.9807852804032307 0.19509032201612742 0
    outer loop
      vertex -5.892147540363316 33.82120382487462 0
      vertex -6.047813654380243 34.60379022745769 3
      vertex -5.892147540363316 33.82120382487462 3
    endloop
  endfacet
  facet normal 0.9469301294951061 0.32143946530315987 0
    outer loop
      vertex -5.635665148318849 33.06563106257295 0
      vertex -5.892147540363316 33.82120382487462 3
      vertex -5.635665148318849 33.06563106257295 3
    endloop
  endfacet
  facet normal 0.5555702330196051 -0.8314696123025435 0
    outer loop
      vertex -3.05 40.682754963085074 0
      vertex -3.05 40.682754963085074 3
      vertex -3.713444716953196 40.23945537577653 0
    endloop
  endfacet
  facet normal 0.6593458151000645 -0.7518398074789812 0
    outer loop
      vertex -3.713444716953196 40.23945537577653 0
      vertex -3.713444716953196 40.23945537577653 3
      vertex -4.31335136523794 39.71335136523794 0
    endloop
  endfacet
  facet normal 0.7518398074789776 -0.6593458151000685 8.487959853042137e-18
    outer loop
      vertex -4.839455375776534 39.1134447169532 0
      vertex -4.31335136523794 39.71335136523794 0
      vertex -4.31335136523794 39.71335136523794 3
    endloop
  endfacet
  facet normal 0.8314696123025473 -0.5555702330195992 1.0829870236599935e-17
    outer loop
      vertex -5.282754963085075 38.449999999999996 0
      vertex -4.839455375776534 39.1134447169532 0
      vertex -4.839455375776534 39.1134447169532 3
    endloop
  endfacet
  facet normal 0.8968727415326867 -0.4422886902190047 9.134877396188045e-18
    outer loop
      vertex -5.635665148318849 37.73436893742705 0
      vertex -5.282754963085075 38.449999999999996 0
      vertex -5.282754963085075 38.449999999999996 3
    endloop
  endfacet
  facet normal 0.9469301294951061 -0.32143946530315987 -8.134018378537368e-19
    outer loop
      vertex -5.892147540363316 36.978796175125375 0
      vertex -5.635665148318849 37.73436893742705 0
      vertex -5.635665148318849 37.73436893742705 3
    endloop
  endfacet
  facet normal 0.4422886902190024 -0.8968727415326876 0
    outer loop
      vertex -2.3343689374270475 41.03566514831885 0
      vertex -2.3343689374270475 41.03566514831885 3
      vertex -3.05 40.682754963085074 0
    endloop
  endfacet
  facet normal 0.3214394653031624 -0.9469301294951054 0
    outer loop
      vertex -1.5787961751253765 41.29214754036332 0
      vertex -1.5787961751253765 41.29214754036332 3
      vertex -2.3343689374270475 41.03566514831885 0
    endloop
  endfacet
  facet normal 0.19509032201612467 -0.9807852804032311 0
    outer loop
      vertex -0.7962097725423145 41.44781365438024 0
      vertex -0.7962097725423145 41.44781365438024 3
      vertex -1.5787961751253765 41.29214754036332 0
    endloop
  endfacet
  facet normal 0.06540312923014663 -0.9978589232386034 0
    outer loop
      vertex 0 41.5 0
      vertex 0 41.5 3
      vertex -0.7962097725423145 41.44781365438024 0
    endloop
  endfacet
  facet normal 0.9807852804032307 -0.19509032201612742 -1.870974214302456e-18
    outer loop
      vertex -6.047813654380243 36.19620977254231 0
      vertex -5.892147540363316 36.978796175125375 0
      vertex -5.892147540363316 36.978796175125375 3
    endloop
  endfacet
  facet normal 0.9978589232386035 -0.06540312923014349 6.344131396608062e-19
    outer loop
      vertex -6.1 35.4 0
      vertex -6.047813654380243 36.19620977254231 0
      vertex -6.047813654380243 36.19620977254231 3
    endloop
  endfacet
  facet normal 0.9978589232386035 0.06540312923014349 -6.344131396608062e-19
    outer loop
      vertex -6.047813654380243 34.60379022745769 0
      vertex -6.1 35.4 0
      vertex -6.1 35.4 3
    endloop
  endfacet
  facet normal 0.9807852804032307 0.19509032201612742 1.870974214302456e-18
    outer loop
      vertex -5.892147540363316 33.82120382487462 0
      vertex -6.047813654380243 34.60379022745769 0
      vertex -6.047813654380243 34.60379022745769 3
    endloop
  endfacet
  facet normal 0.9469301294951061 0.32143946530315987 8.134018378537368e-19
    outer loop
      vertex -5.635665148318849 33.06563106257295 0
      vertex -5.892147540363316 33.82120382487462 0
      vertex -5.892147540363316 33.82120382487462 3
    endloop
  endfacet
  facet normal 0.8968727415326867 0.4422886902190047 0
    outer loop
      vertex -5.282754963085075 32.35 0
      vertex -5.635665148318849 33.06563106257295 3
      vertex -5.282754963085075 32.35 3
    endloop
  endfacet
  facet normal 0.8314696123025459 0.5555702330196011 0
    outer loop
      vertex -4.839455375776534 31.686555283046804 0
      vertex -5.282754963085075 32.35 3
      vertex -4.839455375776534 31.686555283046804 3
    endloop
  endfacet
  facet normal 0.7518398074789795 0.6593458151000663 0
    outer loop
      vertex -4.31335136523794 31.086648634762057 0
      vertex -4.839455375776534 31.686555283046804 3
      vertex -4.31335136523794 31.086648634762057 3
    endloop
  endfacet
  facet normal 0.659345815100067 0.7518398074789789 0
    outer loop
      vertex -3.713444716953196 30.560544624223464 0
      vertex -4.31335136523794 31.086648634762057 3
      vertex -3.713444716953196 30.560544624223464 3
    endloop
  endfacet
  facet normal 0.555570233019602 0.8314696123025455 0
    outer loop
      vertex -3.05 30.117245036914923 0
      vertex -3.713444716953196 30.560544624223464 3
      vertex -3.05 30.117245036914923 3
    endloop
  endfacet
  facet normal 0.4422886902190024 0.8968727415326876 0
    outer loop
      vertex -2.3343689374270475 29.76433485168115 0
      vertex -3.05 30.117245036914923 3
      vertex -2.3343689374270475 29.76433485168115 3
    endloop
  endfacet
  facet normal 0.3214394653031624 0.9469301294951054 0
    outer loop
      vertex -1.5787961751253765 29.50785245963668 0
      vertex -2.3343689374270475 29.76433485168115 3
      vertex -1.5787961751253765 29.50785245963668 3
    endloop
  endfacet
  facet normal 0.19509032201612467 0.9807852804032311 0
    outer loop
      vertex -0.7962097725423145 29.352186345619756 0
      vertex -1.5787961751253765 29.50785245963668 3
      vertex -0.7962097725423145 29.352186345619756 3
    endloop
  endfacet
  facet normal 0.06540312923014663 0.9978589232386034 -9.652946712870818e-19
    outer loop
      vertex -0.7962097725423145 29.352186345619756 3
      vertex 0 29.299999999999997 3
      vertex 0 29.299999999999997 0
    endloop
  endfacet
  facet normal 0.8968727415326867 0.4422886902190047 -9.134877396188045e-18
    outer loop
      vertex -5.282754963085075 32.35 0
      vertex -5.635665148318849 33.06563106257295 0
      vertex -5.635665148318849 33.06563106257295 3
    endloop
  endfacet
  facet normal 0.8314696123025459 0.5555702330196011 -2.2223572665992723e-18
    outer loop
      vertex -4.839455375776534 31.686555283046804 0
      vertex -5.282754963085075 32.35 0
      vertex -5.282754963085075 32.35 3
    endloop
  endfacet
  facet normal 0.7518398074789795 0.6593458151000663 -8.504903787389735e-19
    outer loop
      vertex -4.31335136523794 31.086648634762057 0
      vertex -4.839455375776534 31.686555283046804 0
      vertex -4.839455375776534 31.686555283046804 3
    endloop
  endfacet
  facet normal 0.659345815100067 0.7518398074789789 0
    outer loop
      vertex -4.31335136523794 31.086648634762057 0
      vertex -4.31335136523794 31.086648634762057 3
      vertex -3.713444716953196 30.560544624223464 0
    endloop
  endfacet
  facet normal 0.555570233019602 0.8314696123025455 0
    outer loop
      vertex -3.713444716953196 30.560544624223464 0
      vertex -3.713444716953196 30.560544624223464 3
      vertex -3.05 30.117245036914923 0
    endloop
  endfacet
  facet normal 0.4422886902190024 0.8968727415326876 0
    outer loop
      vertex -3.05 30.117245036914923 0
      vertex -3.05 30.117245036914923 3
      vertex -2.3343689374270475 29.76433485168115 0
    endloop
  endfacet
  facet normal 0.3214394653031624 0.9469301294951054 0
    outer loop
      vertex -2.3343689374270475 29.76433485168115 0
      vertex -2.3343689374270475 29.76433485168115 3
      vertex -1.5787961751253765 29.50785245963668 0
    endloop
  endfacet
  facet normal 0.19509032201612467 0.9807852804032311 0
    outer loop
      vertex -1.5787961751253765 29.50785245963668 0
      vertex -1.5787961751253765 29.50785245963668 3
      vertex -0.7962097725423145 29.352186345619756 0
    endloop
  endfacet
  facet normal 0.06540312923014663 0.9978589232386034 0
    outer loop
      vertex -0.7962097725423145 29.352186345619756 0
      vertex -0.7962097725423145 29.352186345619756 3
      vertex 0 29.299999999999997 0
    endloop
  endfacet
  facet normal -0.06540312923014663 -0.9978589232386034 0
    outer loop
      vertex 0 41.5 0
      vertex 0.7962097725423145 41.44781365438024 3
      vertex 0 41.5 3
    endloop
  endfacet
  facet normal -0.19509032201612467 -0.9807852804032311 0
    outer loop
      vertex 0.7962097725423145 41.44781365438024 0
      vertex 1.5787961751253765 41.29214754036332 3
      vertex 0.7962097725423145 41.44781365438024 3
    endloop
  endfacet
  facet normal -0.3214394653031624 -0.9469301294951054 0
    outer loop
      vertex 1.5787961751253765 41.29214754036332 0
      vertex 2.3343689374270475 41.03566514831885 3
      vertex 1.5787961751253765 41.29214754036332 3
    endloop
  endfacet
  facet normal -0.4422886902190024 -0.8968727415326876 0
    outer loop
      vertex 2.3343689374270475 41.03566514831885 0
      vertex 3.05 40.682754963085074 3
      vertex 2.3343689374270475 41.03566514831885 3
    endloop
  endfacet
  facet normal -0.5555702330196051 -0.8314696123025435 0
    outer loop
      vertex 3.05 40.682754963085074 0
      vertex 3.713444716953196 40.23945537577653 3
      vertex 3.05 40.682754963085074 3
    endloop
  endfacet
  facet normal -0.6593458151000645 -0.7518398074789812 0
    outer loop
      vertex 3.713444716953196 40.23945537577653 0
      vertex 4.31335136523794 39.71335136523794 3
      vertex 3.713444716953196 40.23945537577653 3
    endloop
  endfacet
  facet normal -0.7518398074789776 -0.6593458151000685 0
    outer loop
      vertex 4.31335136523794 39.71335136523794 3
      vertex 4.31335136523794 39.71335136523794 0
      vertex 4.839455375776534 39.1134447169532 3
    endloop
  endfacet
  facet normal -0.8314696123025473 -0.5555702330195992 0
    outer loop
      vertex 4.839455375776534 39.1134447169532 0
      vertex 5.282754963085075 38.449999999999996 3
      vertex 4.839455375776534 39.1134447169532 3
    endloop
  endfacet
  facet normal -0.8968727415326867 -0.4422886902190047 0
    outer loop
      vertex 5.282754963085075 38.449999999999996 0
      vertex 5.635665148318849 37.73436893742705 3
      vertex 5.282754963085075 38.449999999999996 3
    endloop
  endfacet
  facet normal -0.9469301294951061 -0.32143946530315987 0
    outer loop
      vertex 5.635665148318849 37.73436893742705 0
      vertex 5.892147540363316 36.978796175125375 3
      vertex 5.635665148318849 37.73436893742705 3
    endloop
  endfacet
  facet normal -0.9807852804032307 -0.19509032201612742 0
    outer loop
      vertex 5.892147540363316 36.978796175125375 0
      vertex 6.047813654380243 36.19620977254231 3
      vertex 5.892147540363316 36.978796175125375 3
    endloop
  endfacet
  facet normal -0.9978589232386035 -0.06540312923014349 0
    outer loop
      vertex 6.047813654380243 36.19620977254231 0
      vertex 6.1 35.4 3
      vertex 6.047813654380243 36.19620977254231 3
    endloop
  endfacet
  facet normal -0.9978589232386035 0.06540312923014349 0
    outer loop
      vertex 6.1 35.4 0
      vertex 6.047813654380243 34.60379022745769 3
      vertex 6.1 35.4 3
    endloop
  endfacet
  facet normal -0.9807852804032307 0.19509032201612742 0
    outer loop
      vertex 6.047813654380243 34.60379022745769 0
      vertex 5.892147540363316 33.82120382487462 3
      vertex 6.047813654380243 34.60379022745769 3
    endloop
  endfacet
  facet normal -0.9469301294951061 0.32143946530315987 0
    outer loop
      vertex 5.892147540363316 33.82120382487462 0
      vertex 5.635665148318849 33.06563106257295 3
      vertex 5.892147540363316 33.82120382487462 3
    endloop
  endfacet
  facet normal -0.06540312923014663 -0.9978589232386034 0
    outer loop
      vertex 0.7962097725423145 41.44781365438024 0
      vertex 0.7962097725423145 41.44781365438024 3
      vertex 0 41.5 0
    endloop
  endfacet
  facet normal -0.19509032201612467 -0.9807852804032311 0
    outer loop
      vertex 1.5787961751253765 41.29214754036332 0
      vertex 1.5787961751253765 41.29214754036332 3
      vertex 0.7962097725423145 41.44781365438024 0
    endloop
  endfacet
  facet normal -0.3214394653031624 -0.9469301294951054 0
    outer loop
      vertex 2.3343689374270475 41.03566514831885 0
      vertex 2.3343689374270475 41.03566514831885 3
      vertex 1.5787961751253765 41.29214754036332 0
    endloop
  endfacet
  facet normal -0.4422886902190024 -0.8968727415326876 0
    outer loop
      vertex 3.05 40.682754963085074 0
      vertex 3.05 40.682754963085074 3
      vertex 2.3343689374270475 41.03566514831885 0
    endloop
  endfacet
  facet normal -0.5555702330196051 -0.8314696123025435 0
    outer loop
      vertex 3.713444716953196 40.23945537577653 0
      vertex 3.713444716953196 40.23945537577653 3
      vertex 3.05 40.682754963085074 0
    endloop
  endfacet
  facet normal -0.6593458151000645 -0.7518398074789812 0
    outer loop
      vertex 4.31335136523794 39.71335136523794 0
      vertex 4.31335136523794 39.71335136523794 3
      vertex 3.713444716953196 40.23945537577653 0
    endloop
  endfacet
  facet normal -0.7518398074789776 -0.6593458151000685 -8.487959853042137e-18
    outer loop
      vertex 4.31335136523794 39.71335136523794 0
      vertex 4.839455375776534 39.1134447169532 0
      vertex 4.839455375776534 39.1134447169532 3
    endloop
  endfacet
  facet normal -0.8314696123025473 -0.5555702330195992 -1.0829870236599935e-17
    outer loop
      vertex 4.839455375776534 39.1134447169532 0
      vertex 5.282754963085075 38.449999999999996 0
      vertex 5.282754963085075 38.449999999999996 3
    endloop
  endfacet
  facet normal -0.8968727415326867 -0.4422886902190047 -9.134877396188045e-18
    outer loop
      vertex 5.282754963085075 38.449999999999996 0
      vertex 5.635665148318849 37.73436893742705 0
      vertex 5.635665148318849 37.73436893742705 3
    endloop
  endfacet
  facet normal -0.9469301294951061 -0.32143946530315987 8.134018378537368e-19
    outer loop
      vertex 5.635665148318849 37.73436893742705 0
      vertex 5.892147540363316 36.978796175125375 0
      vertex 5.892147540363316 36.978796175125375 3
    endloop
  endfacet
  facet normal -0.9807852804032307 -0.19509032201612742 1.870974214302456e-18
    outer loop
      vertex 5.892147540363316 36.978796175125375 0
      vertex 6.047813654380243 36.19620977254231 0
      vertex 6.047813654380243 36.19620977254231 3
    endloop
  endfacet
  facet normal -0.9978589232386035 -0.06540312923014349 -6.344131396608062e-19
    outer loop
      vertex 6.047813654380243 36.19620977254231 0
      vertex 6.1 35.4 0
      vertex 6.1 35.4 3
    endloop
  endfacet
  facet normal -0.9978589232386035 0.06540312923014349 6.344131396608062e-19
    outer loop
      vertex 6.1 35.4 0
      vertex 6.047813654380243 34.60379022745769 0
      vertex 6.047813654380243 34.60379022745769 3
    endloop
  endfacet
  facet normal -0.9807852804032307 0.19509032201612742 -1.870974214302456e-18
    outer loop
      vertex 6.047813654380243 34.60379022745769 0
      vertex 5.892147540363316 33.82120382487462 0
      vertex 5.892147540363316 33.82120382487462 3
    endloop
  endfacet
  facet normal -0.9469301294951061 0.32143946530315987 -8.134018378537368e-19
    outer loop
      vertex 5.892147540363316 33.82120382487462 0
      vertex 5.635665148318849 33.06563106257295 0
      vertex 5.635665148318849 33.06563106257295 3
    endloop
  endfacet
  facet normal -0.06540312923014663 0.9978589232386034 0
    outer loop
      vertex 0.7962097725423145 29.352186345619756 0
      vertex 0 29.299999999999997 3
      vertex 0.7962097725423145 29.352186345619756 3
    endloop
  endfacet
  facet normal -0.19509032201612467 0.9807852804032311 0
    outer loop
      vertex 1.5787961751253765 29.50785245963668 0
      vertex 0.7962097725423145 29.352186345619756 3
      vertex 1.5787961751253765 29.50785245963668 3
    endloop
  endfacet
  facet normal -0.3214394653031624 0.9469301294951054 0
    outer loop
      vertex 2.3343689374270475 29.76433485168115 0
      vertex 1.5787961751253765 29.50785245963668 3
      vertex 2.3343689374270475 29.76433485168115 3
    endloop
  endfacet
  facet normal -0.4422886902190024 0.8968727415326876 0
    outer loop
      vertex 3.05 30.117245036914923 0
      vertex 2.3343689374270475 29.76433485168115 3
      vertex 3.05 30.117245036914923 3
    endloop
  endfacet
  facet normal -0.8968727415326867 0.4422886902190047 0
    outer loop
      vertex 5.635665148318849 33.06563106257295 0
      vertex 5.282754963085075 32.35 3
      vertex 5.635665148318849 33.06563106257295 3
    endloop
  endfacet
  facet normal -0.8314696123025459 0.5555702330196011 0
    outer loop
      vertex 5.282754963085075 32.35 0
      vertex 4.839455375776534 31.686555283046804 3
      vertex 5.282754963085075 32.35 3
    endloop
  endfacet
  facet normal -0.7518398074789795 0.6593458151000663 0
    outer loop
      vertex 4.839455375776534 31.686555283046804 3
      vertex 4.839455375776534 31.686555283046804 0
      vertex 4.31335136523794 31.086648634762057 3
    endloop
  endfacet
  facet normal -0.555570233019602 0.8314696123025455 0
    outer loop
      vertex 3.713444716953196 30.560544624223464 0
      vertex 3.05 30.117245036914923 3
      vertex 3.713444716953196 30.560544624223464 3
    endloop
  endfacet
  facet normal -0.659345815100067 0.7518398074789789 0
    outer loop
      vertex 4.31335136523794 31.086648634762057 0
      vertex 3.713444716953196 30.560544624223464 3
      vertex 4.31335136523794 31.086648634762057 3
    endloop
  endfacet
  facet normal -0.06540312923014663 0.9978589232386034 0
    outer loop
      vertex 0 29.299999999999997 0
      vertex 0 29.299999999999997 3
      vertex 0.7962097725423145 29.352186345619756 0
    endloop
  endfacet
  facet normal -0.19509032201612467 0.9807852804032311 0
    outer loop
      vertex 0.7962097725423145 29.352186345619756 0
      vertex 0.7962097725423145 29.352186345619756 3
      vertex 1.5787961751253765 29.50785245963668 0
    endloop
  endfacet
  facet normal -0.3214394653031624 0.9469301294951054 0
    outer loop
      vertex 1.5787961751253765 29.50785245963668 0
      vertex 1.5787961751253765 29.50785245963668 3
      vertex 2.3343689374270475 29.76433485168115 0
    endloop
  endfacet
  facet normal -0.4422886902190024 0.8968727415326876 0
    outer loop
      vertex 2.3343689374270475 29.76433485168115 0
      vertex 2.3343689374270475 29.76433485168115 3
      vertex 3.05 30.117245036914923 0
    endloop
  endfacet
  facet normal -0.7518398074789795 0.6593458151000663 8.504903787389735e-19
    outer loop
      vertex 4.839455375776534 31.686555283046804 0
      vertex 4.31335136523794 31.086648634762057 0
      vertex 4.31335136523794 31.086648634762057 3
    endloop
  endfacet
  facet normal -0.8968727415326867 0.4422886902190047 9.134877396188045e-18
    outer loop
      vertex 5.635665148318849 33.06563106257295 0
      vertex 5.282754963085075 32.35 0
      vertex 5.282754963085075 32.35 3
    endloop
  endfacet
  facet normal -0.8314696123025459 0.5555702330196011 2.2223572665992723e-18
    outer loop
      vertex 5.282754963085075 32.35 0
      vertex 4.839455375776534 31.686555283046804 0
      vertex 4.839455375776534 31.686555283046804 3
    endloop
  endfacet
  facet normal -0.555570233019602 0.8314696123025455 0
    outer loop
      vertex 3.05 30.117245036914923 0
      vertex 3.05 30.117245036914923 3
      vertex 3.713444716953196 30.560544624223464 0
    endloop
  endfacet
  facet normal -0.659345815100067 0.7518398074789789 0
    outer loop
      vertex 3.713444716953196 30.560544624223464 0
      vertex 3.713444716953196 30.560544624223464 3
      vertex 4.31335136523794 31.086648634762057 0
    endloop
  endfacet
endsolid OpenSCAD_Model
