solid OpenSCAD_Model
  facet normal 0.9469301294951047 0.3214394653031647 -1.4642461193255477e-19
    outer loop
      vertex -1.524401228643623 -61.031427663402404 3.2
      vertex -1.5937776133769626 -60.82705142441917 3.2
      vertex -1.5937776133769626 -60.82705142441917 5
    endloop
  endfacet
  facet normal 0.9807852804032314 0.19509032201612359 -1.1442475218180456e-18
    outer loop
      vertex -1.5937776133769626 -60.82705142441917 3.2
      vertex -1.6358840212667871 -60.61536821716309 3.2
      vertex -1.6358840212667871 -60.61536821716309 5
    endloop
  endfacet
  facet normal 0.9978589232386035 0.06540312923014392 -5.559474803853044e-20
    outer loop
      vertex -1.6358840212667871 -60.61536821716309 3.2
      vertex -1.65 -60.400000000000006 3.2
      vertex -1.65 -60.400000000000006 5
    endloop
  endfacet
  facet normal 0.9978589232386035 -0.06540312923014392 5.559474803853044e-20
    outer loop
      vertex -1.65 -60.400000000000006 3.2
      vertex -1.6358840212667871 -60.184631782836924 3.2
      vertex -1.6358840212667871 -60.184631782836924 5
    endloop
  endfacet
  facet normal 0.5555702330196151 0.8314696123025366 3.8778235701222345e-18
    outer loop
      vertex -0.825 -61.82894191624433 3.2
      vertex -1.004456357864389 -61.70903301148054 3.2
      vertex -1.004456357864389 -61.70903301148054 5
    endloop
  endfacet
  facet normal 0.8314696123025453 0.5555702330196021 2.9231637481376993e-18
    outer loop
      vertex -1.309033011480538 -61.4044563578644 3.2
      vertex -1.4289419162443235 -61.22500000000001 3.2
      vertex -1.4289419162443235 -61.22500000000001 5
    endloop
  endfacet
  facet normal 0.751839807478971 0.6593458151000762 -3.7921698141771175e-18
    outer loop
      vertex -1.1667261889578033 -61.56672618895781 3.2
      vertex -1.309033011480538 -61.4044563578644 3.2
      vertex -1.309033011480538 -61.4044563578644 5
    endloop
  endfacet
  facet normal 0.6593458151000673 0.7518398074789788 0
    outer loop
      vertex -1.1667261889578033 -61.56672618895781 3.2
      vertex -1.1667261889578033 -61.56672618895781 5
      vertex -1.004456357864389 -61.70903301148054 3.2
    endloop
  endfacet
  facet normal 0.4422886902190009 0.8968727415326885 0
    outer loop
      vertex -0.825 -61.82894191624433 3.2
      vertex -0.825 -61.82894191624433 5
      vertex -0.6314276634023981 -61.92440122864363 3.2
    endloop
  endfacet
  facet normal 0.3214394653031578 0.9469301294951068 0
    outer loop
      vertex -0.6314276634023981 -61.92440122864363 3.2
      vertex -0.6314276634023981 -61.92440122864363 5
      vertex -0.4270514244191592 -61.99377761337697 3.2
    endloop
  endfacet
  facet normal 0.19509032201613247 0.9807852804032297 4.57449810331736e-19
    outer loop
      vertex -0.21536821716308507 -62.035884021266796 3.2
      vertex -0.4270514244191592 -61.99377761337697 3.2
      vertex -0.4270514244191592 -61.99377761337697 5
    endloop
  endfacet
  facet normal 0.06540312923012351 0.9978589232386048 0
    outer loop
      vertex -0.21536821716308507 -62.035884021266796 3.2
      vertex -0.21536821716308507 -62.035884021266796 5
      vertex 0 -62.050000000000004 3.2
    endloop
  endfacet
  facet normal 0.8968727415326906 0.44228869021899686 0
    outer loop
      vertex -1.524401228643623 -61.031427663402404 3.2
      vertex -1.524401228643623 -61.031427663402404 5
      vertex -1.4289419162443235 -61.22500000000001 3.2
    endloop
  endfacet
  facet normal 0.9807852804032314 -0.19509032201612359 1.1442475218180456e-18
    outer loop
      vertex -1.6358840212667871 -60.184631782836924 3.2
      vertex -1.5937776133769626 -59.972948575580844 3.2
      vertex -1.5937776133769626 -59.972948575580844 5
    endloop
  endfacet
  facet normal 0.9469301294951047 -0.3214394653031647 1.4642461193255477e-19
    outer loop
      vertex -1.5937776133769626 -59.972948575580844 3.2
      vertex -1.524401228643623 -59.76857233659761 3.2
      vertex -1.524401228643623 -59.76857233659761 5
    endloop
  endfacet
  facet normal 0.8968727415326906 -0.44228869021899686 -1.0649510631264087e-18
    outer loop
      vertex -1.524401228643623 -59.76857233659761 3.2
      vertex -1.4289419162443235 -59.575 3.2
      vertex -1.4289419162443235 -59.575 5
    endloop
  endfacet
  facet normal 0.8314696123025453 -0.5555702330196021 -2.9231637481376993e-18
    outer loop
      vertex -1.4289419162443235 -59.575 3.2
      vertex -1.309033011480538 -59.395543642135614 3.2
      vertex -1.309033011480538 -59.395543642135614 5
    endloop
  endfacet
  facet normal 0.751839807478971 -0.6593458151000762 3.7921698141771175e-18
    outer loop
      vertex -1.309033011480538 -59.395543642135614 3.2
      vertex -1.1667261889578033 -59.2332738110422 3.2
      vertex -1.1667261889578033 -59.2332738110422 5
    endloop
  endfacet
  facet normal 0.6593458151000673 -0.7518398074789788 -2.002776698868829e-18
    outer loop
      vertex -1.1667261889578033 -59.2332738110422 3.2
      vertex -1.004456357864389 -59.09096698851947 3.2
      vertex -1.004456357864389 -59.09096698851947 5
    endloop
  endfacet
  facet normal 0.5555702330196151 -0.8314696123025366 -3.8778235701222345e-18
    outer loop
      vertex -1.004456357864389 -59.09096698851947 3.2
      vertex -0.825 -58.97105808375568 3.2
      vertex -0.825 -58.97105808375568 5
    endloop
  endfacet
  facet normal 0.4422886902190009 -0.8968727415326885 1.601858718441296e-18
    outer loop
      vertex -0.825 -58.97105808375568 3.2
      vertex -0.6314276634023981 -58.87559877135638 3.2
      vertex -0.6314276634023981 -58.87559877135638 5
    endloop
  endfacet
  facet normal 0.3214394653031578 -0.9469301294951068 8.659456877898338e-19
    outer loop
      vertex -0.6314276634023981 -58.87559877135638 3.2
      vertex -0.4270514244191592 -58.80622238662304 3.2
      vertex -0.4270514244191592 -58.80622238662304 5
    endloop
  endfacet
  facet normal 0.19509032201613247 -0.9807852804032297 -4.57449810331736e-19
    outer loop
      vertex -0.4270514244191592 -58.80622238662304 3.2
      vertex -0.21536821716308507 -58.764115978733216 3.2
      vertex -0.21536821716308507 -58.764115978733216 5
    endloop
  endfacet
  facet normal 0.06540312923012351 -0.9978589232386048 1.463720573884126e-19
    outer loop
      vertex -0.21536821716308507 -58.764115978733216 3.2
      vertex 0 -58.75000000000001 3.2
      vertex 0 -58.75000000000001 5
    endloop
  endfacet
  facet normal 0.9469301294951047 0.3214394653031647 0
    outer loop
      vertex -1.524401228643623 -61.031427663402404 3.2
      vertex -1.5937776133769626 -60.82705142441917 5
      vertex -1.524401228643623 -61.031427663402404 5
    endloop
  endfacet
  facet normal 0.9807852804032314 0.19509032201612359 0
    outer loop
      vertex -1.5937776133769626 -60.82705142441917 3.2
      vertex -1.6358840212667871 -60.61536821716309 5
      vertex -1.5937776133769626 -60.82705142441917 5
    endloop
  endfacet
  facet normal 0.9978589232386035 0.06540312923014392 0
    outer loop
      vertex -1.6358840212667871 -60.61536821716309 3.2
      vertex -1.65 -60.400000000000006 5
      vertex -1.6358840212667871 -60.61536821716309 5
    endloop
  endfacet
  facet normal 0.9978589232386035 -0.06540312923014392 0
    outer loop
      vertex -1.65 -60.400000000000006 3.2
      vertex -1.6358840212667871 -60.184631782836924 5
      vertex -1.65 -60.400000000000006 5
    endloop
  endfacet
  facet normal 0.5555702330196151 0.8314696123025366 0
    outer loop
      vertex -0.825 -61.82894191624433 3.2
      vertex -1.004456357864389 -61.70903301148054 5
      vertex -0.825 -61.82894191624433 5
    endloop
  endfacet
  facet normal 0.751839807478971 0.6593458151000762 0
    outer loop
      vertex -1.1667261889578033 -61.56672618895781 3.2
      vertex -1.309033011480538 -61.4044563578644 5
      vertex -1.1667261889578033 -61.56672618895781 5
    endloop
  endfacet
  facet normal 0.8314696123025453 0.5555702330196021 0
    outer loop
      vertex -1.309033011480538 -61.4044563578644 3.2
      vertex -1.4289419162443235 -61.22500000000001 5
      vertex -1.309033011480538 -61.4044563578644 5
    endloop
  endfacet
  facet normal 0.6593458151000673 0.7518398074789788 0
    outer loop
      vertex -1.004456357864389 -61.70903301148054 3.2
      vertex -1.1667261889578033 -61.56672618895781 5
      vertex -1.004456357864389 -61.70903301148054 5
    endloop
  endfacet
  facet normal 0.4422886902190009 0.8968727415326885 0
    outer loop
      vertex -0.6314276634023981 -61.92440122864363 3.2
      vertex -0.825 -61.82894191624433 5
      vertex -0.6314276634023981 -61.92440122864363 5
    endloop
  endfacet
  facet normal 0.3214394653031578 0.9469301294951068 0
    outer loop
      vertex -0.4270514244191592 -61.99377761337697 3.2
      vertex -0.6314276634023981 -61.92440122864363 5
      vertex -0.4270514244191592 -61.99377761337697 5
    endloop
  endfacet
  facet normal 0.19509032201613247 0.9807852804032297 0
    outer loop
      vertex -0.21536821716308507 -62.035884021266796 3.2
      vertex -0.4270514244191592 -61.99377761337697 5
      vertex -0.21536821716308507 -62.035884021266796 5
    endloop
  endfacet
  facet normal 0.06540312923012351 0.9978589232386048 0
    outer loop
      vertex 0 -62.050000000000004 3.2
      vertex -0.21536821716308507 -62.035884021266796 5
      vertex 0 -62.050000000000004 5
    endloop
  endfacet
  facet normal 0.8968727415326906 0.44228869021899686 0
    outer loop
      vertex -1.4289419162443235 -61.22500000000001 3.2
      vertex -1.524401228643623 -61.031427663402404 5
      vertex -1.4289419162443235 -61.22500000000001 5
    endloop
  endfacet
  facet normal 0.9807852804032314 -0.19509032201612359 0
    outer loop
      vertex -1.6358840212667871 -60.184631782836924 3.2
      vertex -1.5937776133769626 -59.972948575580844 5
      vertex -1.6358840212667871 -60.184631782836924 5
    endloop
  endfacet
  facet normal 0.9469301294951047 -0.3214394653031647 0
    outer loop
      vertex -1.5937776133769626 -59.972948575580844 3.2
      vertex -1.524401228643623 -59.76857233659761 5
      vertex -1.5937776133769626 -59.972948575580844 5
    endloop
  endfacet
  facet normal 0.8968727415326906 -0.44228869021899686 0
    outer loop
      vertex -1.524401228643623 -59.76857233659761 3.2
      vertex -1.4289419162443235 -59.575 5
      vertex -1.524401228643623 -59.76857233659761 5
    endloop
  endfacet
  facet normal 0.8314696123025453 -0.5555702330196021 0
    outer loop
      vertex -1.4289419162443235 -59.575 3.2
      vertex -1.309033011480538 -59.395543642135614 5
      vertex -1.4289419162443235 -59.575 5
    endloop
  endfacet
  facet normal 0.751839807478971 -0.6593458151000762 0
    outer loop
      vertex -1.309033011480538 -59.395543642135614 3.2
      vertex -1.1667261889578033 -59.2332738110422 5
      vertex -1.309033011480538 -59.395543642135614 5
    endloop
  endfacet
  facet normal 0.6593458151000673 -0.7518398074789788 0
    outer loop
      vertex -1.1667261889578033 -59.2332738110422 3.2
      vertex -1.004456357864389 -59.09096698851947 5
      vertex -1.1667261889578033 -59.2332738110422 5
    endloop
  endfacet
  facet normal 0.5555702330196151 -0.8314696123025366 0
    outer loop
      vertex -1.004456357864389 -59.09096698851947 3.2
      vertex -0.825 -58.97105808375568 5
      vertex -1.004456357864389 -59.09096698851947 5
    endloop
  endfacet
  facet normal 0.4422886902190009 -0.8968727415326885 0
    outer loop
      vertex -0.825 -58.97105808375568 3.2
      vertex -0.6314276634023981 -58.87559877135638 5
      vertex -0.825 -58.97105808375568 5
    endloop
  endfacet
  facet normal 0.3214394653031578 -0.9469301294951068 0
    outer loop
      vertex -0.6314276634023981 -58.87559877135638 3.2
      vertex -0.4270514244191592 -58.80622238662304 5
      vertex -0.6314276634023981 -58.87559877135638 5
    endloop
  endfacet
  facet normal 0.19509032201613247 -0.9807852804032297 0
    outer loop
      vertex -0.4270514244191592 -58.80622238662304 3.2
      vertex -0.21536821716308507 -58.764115978733216 5
      vertex -0.4270514244191592 -58.80622238662304 5
    endloop
  endfacet
  facet normal 0.06540312923012351 -0.9978589232386048 0
    outer loop
      vertex -0.21536821716308507 -58.764115978733216 3.2
      vertex 0 -58.75000000000001 5
      vertex -0.21536821716308507 -58.764115978733216 5
    endloop
  endfacet
  facet normal -0.06540312923012351 0.9978589232386048 0
    outer loop
      vertex 0 -62.050000000000004 3.2
      vertex 0 -62.050000000000004 5
      vertex 0.21536821716308507 -62.035884021266796 3.2
    endloop
  endfacet
  facet normal -0.19509032201613247 0.9807852804032297 0
    outer loop
      vertex 0.21536821716308507 -62.035884021266796 3.2
      vertex 0.21536821716308507 -62.035884021266796 5
      vertex 0.4270514244191592 -61.99377761337697 3.2
    endloop
  endfacet
  facet normal -0.3214394653031578 0.9469301294951068 0
    outer loop
      vertex 0.4270514244191592 -61.99377761337697 3.2
      vertex 0.4270514244191592 -61.99377761337697 5
      vertex 0.6314276634023981 -61.92440122864363 3.2
    endloop
  endfacet
  facet normal -0.4422886902190009 0.8968727415326885 0
    outer loop
      vertex 0.6314276634023981 -61.92440122864363 3.2
      vertex 0.6314276634023981 -61.92440122864363 5
      vertex 0.825 -61.82894191624433 3.2
    endloop
  endfacet
  facet normal -0.5555702330196151 0.8314696123025366 0
    outer loop
      vertex 0.825 -61.82894191624433 3.2
      vertex 0.825 -61.82894191624433 5
      vertex 1.004456357864389 -61.70903301148054 3.2
    endloop
  endfacet
  facet normal -0.6593458151000673 0.7518398074789788 0
    outer loop
      vertex 1.004456357864389 -61.70903301148054 3.2
      vertex 1.004456357864389 -61.70903301148054 5
      vertex 1.1667261889578033 -61.56672618895781 3.2
    endloop
  endfacet
  facet normal -0.751839807478971 0.6593458151000762 0
    outer loop
      vertex 1.1667261889578033 -61.56672618895781 3.2
      vertex 1.1667261889578033 -61.56672618895781 5
      vertex 1.309033011480538 -61.4044563578644 3.2
    endloop
  endfacet
  facet normal -0.8314696123025453 0.5555702330196021 0
    outer loop
      vertex 1.309033011480538 -61.4044563578644 3.2
      vertex 1.309033011480538 -61.4044563578644 5
      vertex 1.4289419162443235 -61.22500000000001 3.2
    endloop
  endfacet
  facet normal -0.8968727415326906 0.44228869021899686 0
    outer loop
      vertex 1.4289419162443235 -61.22500000000001 3.2
      vertex 1.4289419162443235 -61.22500000000001 5
      vertex 1.524401228643623 -61.031427663402404 3.2
    endloop
  endfacet
  facet normal -0.9469301294951047 0.3214394653031647 0
    outer loop
      vertex 1.524401228643623 -61.031427663402404 3.2
      vertex 1.524401228643623 -61.031427663402404 5
      vertex 1.5937776133769626 -60.82705142441917 3.2
    endloop
  endfacet
  facet normal -0.9807852804032314 0.19509032201612359 0
    outer loop
      vertex 1.5937776133769626 -60.82705142441917 3.2
      vertex 1.5937776133769626 -60.82705142441917 5
      vertex 1.6358840212667871 -60.61536821716309 3.2
    endloop
  endfacet
  facet normal -0.9978589232386035 0.06540312923014392 0
    outer loop
      vertex 1.6358840212667871 -60.61536821716309 3.2
      vertex 1.6358840212667871 -60.61536821716309 5
      vertex 1.65 -60.400000000000006 3.2
    endloop
  endfacet
  facet normal -0.9978589232386035 -0.06540312923014392 0
    outer loop
      vertex 1.65 -60.400000000000006 3.2
      vertex 1.65 -60.400000000000006 5
      vertex 1.6358840212667871 -60.184631782836924 3.2
    endloop
  endfacet
  facet normal -0.8968727415326906 -0.44228869021899686 1.0649510631264087e-18
    outer loop
      vertex 1.4289419162443235 -59.575 3.2
      vertex 1.524401228643623 -59.76857233659761 3.2
      vertex 1.524401228643623 -59.76857233659761 5
    endloop
  endfacet
  facet normal -0.6593458151000673 -0.7518398074789788 2.002776698868829e-18
    outer loop
      vertex 1.004456357864389 -59.09096698851947 3.2
      vertex 1.1667261889578033 -59.2332738110422 3.2
      vertex 1.1667261889578033 -59.2332738110422 5
    endloop
  endfacet
  facet normal -0.8314696123025453 -0.5555702330196021 0
    outer loop
      vertex 1.4289419162443235 -59.575 3.2
      vertex 1.4289419162443235 -59.575 5
      vertex 1.309033011480538 -59.395543642135614 3.2
    endloop
  endfacet
  facet normal -0.751839807478971 -0.6593458151000762 0
    outer loop
      vertex 1.309033011480538 -59.395543642135614 3.2
      vertex 1.309033011480538 -59.395543642135614 5
      vertex 1.1667261889578033 -59.2332738110422 3.2
    endloop
  endfacet
  facet normal -0.06540312923012351 -0.9978589232386048 -1.463720573884126e-19
    outer loop
      vertex 0 -58.75000000000001 3.2
      vertex 0.21536821716308507 -58.764115978733216 3.2
      vertex 0.21536821716308507 -58.764115978733216 5
    endloop
  endfacet
  facet normal -0.19509032201613247 -0.9807852804032297 4.57449810331736e-19
    outer loop
      vertex 0.21536821716308507 -58.764115978733216 3.2
      vertex 0.4270514244191592 -58.80622238662304 3.2
      vertex 0.4270514244191592 -58.80622238662304 5
    endloop
  endfacet
  facet normal -0.4422886902190009 -0.8968727415326885 -1.601858718441296e-18
    outer loop
      vertex 0.6314276634023981 -58.87559877135638 3.2
      vertex 0.825 -58.97105808375568 3.2
      vertex 0.825 -58.97105808375568 5
    endloop
  endfacet
  facet normal -0.3214394653031578 -0.9469301294951068 -8.659456877898338e-19
    outer loop
      vertex 0.4270514244191592 -58.80622238662304 3.2
      vertex 0.6314276634023981 -58.87559877135638 3.2
      vertex 0.6314276634023981 -58.87559877135638 5
    endloop
  endfacet
  facet normal -0.5555702330196151 -0.8314696123025366 0
    outer loop
      vertex 1.004456357864389 -59.09096698851947 3.2
      vertex 1.004456357864389 -59.09096698851947 5
      vertex 0.825 -58.97105808375568 3.2
    endloop
  endfacet
  facet normal -0.9807852804032314 -0.19509032201612359 0
    outer loop
      vertex 1.6358840212667871 -60.184631782836924 3.2
      vertex 1.6358840212667871 -60.184631782836924 5
      vertex 1.5937776133769626 -59.972948575580844 3.2
    endloop
  endfacet
  facet normal -0.9469301294951047 -0.3214394653031647 0
    outer loop
      vertex 1.5937776133769626 -59.972948575580844 3.2
      vertex 1.5937776133769626 -59.972948575580844 5
      vertex 1.524401228643623 -59.76857233659761 3.2
    endloop
  endfacet
  facet normal -0.06540312923012351 0.9978589232386048 0
    outer loop
      vertex 0.21536821716308507 -62.035884021266796 3.2
      vertex 0 -62.050000000000004 5
      vertex 0.21536821716308507 -62.035884021266796 5
    endloop
  endfacet
  facet normal -0.19509032201613247 0.9807852804032297 0
    outer loop
      vertex 0.4270514244191592 -61.99377761337697 3.2
      vertex 0.21536821716308507 -62.035884021266796 5
      vertex 0.4270514244191592 -61.99377761337697 5
    endloop
  endfacet
  facet normal -0.3214394653031578 0.9469301294951068 0
    outer loop
      vertex 0.6314276634023981 -61.92440122864363 3.2
      vertex 0.4270514244191592 -61.99377761337697 5
      vertex 0.6314276634023981 -61.92440122864363 5
    endloop
  endfacet
  facet normal -0.4422886902190009 0.8968727415326885 0
    outer loop
      vertex 0.825 -61.82894191624433 3.2
      vertex 0.6314276634023981 -61.92440122864363 5
      vertex 0.825 -61.82894191624433 5
    endloop
  endfacet
  facet normal -0.5555702330196151 0.8314696123025366 0
    outer loop
      vertex 1.004456357864389 -61.70903301148054 3.2
      vertex 0.825 -61.82894191624433 5
      vertex 1.004456357864389 -61.70903301148054 5
    endloop
  endfacet
  facet normal -0.6593458151000673 0.7518398074789788 0
    outer loop
      vertex 1.1667261889578033 -61.56672618895781 3.2
      vertex 1.004456357864389 -61.70903301148054 5
      vertex 1.1667261889578033 -61.56672618895781 5
    endloop
  endfacet
  facet normal -0.751839807478971 0.6593458151000762 0
    outer loop
      vertex 1.309033011480538 -61.4044563578644 3.2
      vertex 1.1667261889578033 -61.56672618895781 5
      vertex 1.309033011480538 -61.4044563578644 5
    endloop
  endfacet
  facet normal -0.8314696123025453 0.5555702330196021 0
    outer loop
      vertex 1.4289419162443235 -61.22500000000001 3.2
      vertex 1.309033011480538 -61.4044563578644 5
      vertex 1.4289419162443235 -61.22500000000001 5
    endloop
  endfacet
  facet normal -0.8968727415326906 0.44228869021899686 0
    outer loop
      vertex 1.524401228643623 -61.031427663402404 3.2
      vertex 1.4289419162443235 -61.22500000000001 5
      vertex 1.524401228643623 -61.031427663402404 5
    endloop
  endfacet
  facet normal -0.9469301294951047 0.3214394653031647 0
    outer loop
      vertex 1.5937776133769626 -60.82705142441917 3.2
      vertex 1.524401228643623 -61.031427663402404 5
      vertex 1.5937776133769626 -60.82705142441917 5
    endloop
  endfacet
  facet normal -0.9807852804032314 0.19509032201612359 0
    outer loop
      vertex 1.6358840212667871 -60.61536821716309 3.2
      vertex 1.5937776133769626 -60.82705142441917 5
      vertex 1.6358840212667871 -60.61536821716309 5
    endloop
  endfacet
  facet normal -0.9978589232386035 0.06540312923014392 0
    outer loop
      vertex 1.65 -60.400000000000006 3.2
      vertex 1.6358840212667871 -60.61536821716309 5
      vertex 1.65 -60.400000000000006 5
    endloop
  endfacet
  facet normal -0.9978589232386035 -0.06540312923014392 0
    outer loop
      vertex 1.6358840212667871 -60.184631782836924 3.2
      vertex 1.65 -60.400000000000006 5
      vertex 1.6358840212667871 -60.184631782836924 5
    endloop
  endfacet
  facet normal -0.6593458151000673 -0.7518398074789788 0
    outer loop
      vertex 1.004456357864389 -59.09096698851947 3.2
      vertex 1.1667261889578033 -59.2332738110422 5
      vertex 1.004456357864389 -59.09096698851947 5
    endloop
  endfacet
  facet normal -0.8968727415326906 -0.44228869021899686 0
    outer loop
      vertex 1.4289419162443235 -59.575 3.2
      vertex 1.524401228643623 -59.76857233659761 5
      vertex 1.4289419162443235 -59.575 5
    endloop
  endfacet
  facet normal -0.8314696123025453 -0.5555702330196021 0
    outer loop
      vertex 1.309033011480538 -59.395543642135614 3.2
      vertex 1.4289419162443235 -59.575 5
      vertex 1.309033011480538 -59.395543642135614 5
    endloop
  endfacet
  facet normal -0.751839807478971 -0.6593458151000762 0
    outer loop
      vertex 1.1667261889578033 -59.2332738110422 3.2
      vertex 1.309033011480538 -59.395543642135614 5
      vertex 1.1667261889578033 -59.2332738110422 5
    endloop
  endfacet
  facet normal -0.06540312923012351 -0.9978589232386048 0
    outer loop
      vertex 0 -58.75000000000001 3.2
      vertex 0.21536821716308507 -58.764115978733216 5
      vertex 0 -58.75000000000001 5
    endloop
  endfacet
  facet normal -0.19509032201613247 -0.9807852804032297 0
    outer loop
      vertex 0.21536821716308507 -58.764115978733216 3.2
      vertex 0.4270514244191592 -58.80622238662304 5
      vertex 0.21536821716308507 -58.764115978733216 5
    endloop
  endfacet
  facet normal -0.4422886902190009 -0.8968727415326885 0
    outer loop
      vertex 0.6314276634023981 -58.87559877135638 3.2
      vertex 0.825 -58.97105808375568 5
      vertex 0.6314276634023981 -58.87559877135638 5
    endloop
  endfacet
  facet normal -0.3214394653031578 -0.9469301294951068 0
    outer loop
      vertex 0.4270514244191592 -58.80622238662304 3.2
      vertex 0.6314276634023981 -58.87559877135638 5
      vertex 0.4270514244191592 -58.80622238662304 5
    endloop
  endfacet
  facet normal -0.5555702330196151 -0.8314696123025366 0
    outer loop
      vertex 0.825 -58.97105808375568 3.2
      vertex 1.004456357864389 -59.09096698851947 5
      vertex 0.825 -58.97105808375568 5
    endloop
  endfacet
  facet normal -0.9807852804032314 -0.19509032201612359 0
    outer loop
      vertex 1.5937776133769626 -59.972948575580844 3.2
      vertex 1.6358840212667871 -60.184631782836924 5
      vertex 1.5937776133769626 -59.972948575580844 5
    endloop
  endfacet
  facet normal -0.9469301294951047 -0.3214394653031647 0
    outer loop
      vertex 1.524401228643623 -59.76857233659761 3.2
      vertex 1.5937776133769626 -59.972948575580844 5
      vertex 1.524401228643623 -59.76857233659761 5
    endloop
  endfacet
  facet normal 0.9469301294951047 0.3214394653031647 -1.4642461193255477e-19
    outer loop
      vertex -1.524401228643623 59.76857233659761 3.2
      vertex -1.5937776133769626 59.972948575580844 3.2
      vertex -1.5937776133769626 59.972948575580844 5
    endloop
  endfacet
  facet normal 0.9807852804032314 0.19509032201612359 -1.1442475218180456e-18
    outer loop
      vertex -1.5937776133769626 59.972948575580844 3.2
      vertex -1.6358840212667871 60.184631782836924 3.2
      vertex -1.6358840212667871 60.184631782836924 5
    endloop
  endfacet
  facet normal 0.5555702330196151 0.8314696123025366 3.8778235701222345e-18
    outer loop
      vertex -0.825 58.97105808375568 3.2
      vertex -1.004456357864389 59.09096698851947 3.2
      vertex -1.004456357864389 59.09096698851947 5
    endloop
  endfacet
  facet normal 0.3214394653031578 0.9469301294951068 0
    outer loop
      vertex -0.6314276634023981 58.87559877135638 3.2
      vertex -0.6314276634023981 58.87559877135638 5
      vertex -0.4270514244191592 58.80622238662304 3.2
    endloop
  endfacet
  facet normal 0.4422886902190009 0.8968727415326885 0
    outer loop
      vertex -0.825 58.97105808375568 3.2
      vertex -0.825 58.97105808375568 5
      vertex -0.6314276634023981 58.87559877135638 3.2
    endloop
  endfacet
  facet normal 0.19509032201613247 0.9807852804032297 0
    outer loop
      vertex -0.4270514244191592 58.80622238662304 3.2
      vertex -0.4270514244191592 58.80622238662304 5
      vertex -0.21536821716308507 58.764115978733216 3.2
    endloop
  endfacet
  facet normal 0.06540312923012351 0.9978589232386048 0
    outer loop
      vertex -0.21536821716308507 58.764115978733216 3.2
      vertex -0.21536821716308507 58.764115978733216 5
      vertex 0 58.75000000000001 3.2
    endloop
  endfacet
  facet normal 0.751839807478971 0.6593458151000762 -3.7921698141771175e-18
    outer loop
      vertex -1.1667261889578033 59.2332738110422 3.2
      vertex -1.309033011480538 59.395543642135614 3.2
      vertex -1.309033011480538 59.395543642135614 5
    endloop
  endfacet
  facet normal 0.8314696123025453 0.5555702330196021 2.9231637481376993e-18
    outer loop
      vertex -1.309033011480538 59.395543642135614 3.2
      vertex -1.4289419162443235 59.575 3.2
      vertex -1.4289419162443235 59.575 5
    endloop
  endfacet
  facet normal 0.6593458151000673 0.7518398074789788 0
    outer loop
      vertex -1.1667261889578033 59.2332738110422 3.2
      vertex -1.1667261889578033 59.2332738110422 5
      vertex -1.004456357864389 59.09096698851947 3.2
    endloop
  endfacet
  facet normal 0.8968727415326906 0.44228869021899686 0
    outer loop
      vertex -1.524401228643623 59.76857233659761 3.2
      vertex -1.524401228643623 59.76857233659761 5
      vertex -1.4289419162443235 59.575 3.2
    endloop
  endfacet
  facet normal 0.9978589232386035 0.06540312923014392 -5.559474803853044e-20
    outer loop
      vertex -1.6358840212667871 60.184631782836924 3.2
      vertex -1.65 60.400000000000006 3.2
      vertex -1.65 60.400000000000006 5
    endloop
  endfacet
  facet normal 0.9978589232386035 -0.06540312923014392 5.559474803853044e-20
    outer loop
      vertex -1.65 60.400000000000006 3.2
      vertex -1.6358840212667871 60.61536821716309 3.2
      vertex -1.6358840212667871 60.61536821716309 5
    endloop
  endfacet
  facet normal 0.9807852804032314 -0.19509032201612359 1.1442475218180456e-18
    outer loop
      vertex -1.6358840212667871 60.61536821716309 3.2
      vertex -1.5937776133769626 60.82705142441917 3.2
      vertex -1.5937776133769626 60.82705142441917 5
    endloop
  endfacet
  facet normal 0.9469301294951047 -0.3214394653031647 1.4642461193255477e-19
    outer loop
      vertex -1.5937776133769626 60.82705142441917 3.2
      vertex -1.524401228643623 61.031427663402404 3.2
      vertex -1.524401228643623 61.031427663402404 5
    endloop
  endfacet
  facet normal 0.8968727415326906 -0.44228869021899686 -1.0649510631264087e-18
    outer loop
      vertex -1.524401228643623 61.031427663402404 3.2
      vertex -1.4289419162443235 61.22500000000001 3.2
      vertex -1.4289419162443235 61.22500000000001 5
    endloop
  endfacet
  facet normal 0.8314696123025453 -0.5555702330196021 -2.9231637481376993e-18
    outer loop
      vertex -1.4289419162443235 61.22500000000001 3.2
      vertex -1.309033011480538 61.4044563578644 3.2
      vertex -1.309033011480538 61.4044563578644 5
    endloop
  endfacet
  facet normal 0.751839807478971 -0.6593458151000762 3.7921698141771175e-18
    outer loop
      vertex -1.309033011480538 61.4044563578644 3.2
      vertex -1.1667261889578033 61.56672618895781 3.2
      vertex -1.1667261889578033 61.56672618895781 5
    endloop
  endfacet
  facet normal 0.6593458151000673 -0.7518398074789788 -2.002776698868829e-18
    outer loop
      vertex -1.1667261889578033 61.56672618895781 3.2
      vertex -1.004456357864389 61.70903301148054 3.2
      vertex -1.004456357864389 61.70903301148054 5
    endloop
  endfacet
  facet normal 0.5555702330196151 -0.8314696123025366 -3.8778235701222345e-18
    outer loop
      vertex -1.004456357864389 61.70903301148054 3.2
      vertex -0.825 61.82894191624433 3.2
      vertex -0.825 61.82894191624433 5
    endloop
  endfacet
  facet normal 0.4422886902190009 -0.8968727415326885 1.601858718441296e-18
    outer loop
      vertex -0.825 61.82894191624433 3.2
      vertex -0.6314276634023981 61.92440122864363 3.2
      vertex -0.6314276634023981 61.92440122864363 5
    endloop
  endfacet
  facet normal 0.3214394653031578 -0.9469301294951068 8.659456877898338e-19
    outer loop
      vertex -0.6314276634023981 61.92440122864363 3.2
      vertex -0.4270514244191592 61.99377761337697 3.2
      vertex -0.4270514244191592 61.99377761337697 5
    endloop
  endfacet
  facet normal 0.19509032201613247 -0.9807852804032297 -4.57449810331736e-19
    outer loop
      vertex -0.4270514244191592 61.99377761337697 3.2
      vertex -0.21536821716308507 62.035884021266796 3.2
      vertex -0.21536821716308507 62.035884021266796 5
    endloop
  endfacet
  facet normal 0.06540312923012351 -0.9978589232386048 1.463720573884126e-19
    outer loop
      vertex -0.21536821716308507 62.035884021266796 3.2
      vertex 0 62.050000000000004 3.2
      vertex 0 62.050000000000004 5
    endloop
  endfacet
  facet normal 0.9469301294951047 0.3214394653031647 0
    outer loop
      vertex -1.524401228643623 59.76857233659761 3.2
      vertex -1.5937776133769626 59.972948575580844 5
      vertex -1.524401228643623 59.76857233659761 5
    endloop
  endfacet
  facet normal 0.9807852804032314 0.19509032201612359 0
    outer loop
      vertex -1.5937776133769626 59.972948575580844 3.2
      vertex -1.6358840212667871 60.184631782836924 5
      vertex -1.5937776133769626 59.972948575580844 5
    endloop
  endfacet
  facet normal 0.5555702330196151 0.8314696123025366 0
    outer loop
      vertex -0.825 58.97105808375568 3.2
      vertex -1.004456357864389 59.09096698851947 5
      vertex -0.825 58.97105808375568 5
    endloop
  endfacet
  facet normal 0.3214394653031578 0.9469301294951068 0
    outer loop
      vertex -0.4270514244191592 58.80622238662304 3.2
      vertex -0.6314276634023981 58.87559877135638 5
      vertex -0.4270514244191592 58.80622238662304 5
    endloop
  endfacet
  facet normal 0.4422886902190009 0.8968727415326885 0
    outer loop
      vertex -0.6314276634023981 58.87559877135638 3.2
      vertex -0.825 58.97105808375568 5
      vertex -0.6314276634023981 58.87559877135638 5
    endloop
  endfacet
  facet normal 0.19509032201613247 0.9807852804032297 0
    outer loop
      vertex -0.21536821716308507 58.764115978733216 3.2
      vertex -0.4270514244191592 58.80622238662304 5
      vertex -0.21536821716308507 58.764115978733216 5
    endloop
  endfacet
  facet normal 0.06540312923012351 0.9978589232386048 0
    outer loop
      vertex 0 58.75000000000001 3.2
      vertex -0.21536821716308507 58.764115978733216 5
      vertex 0 58.75000000000001 5
    endloop
  endfacet
  facet normal 0.751839807478971 0.6593458151000762 0
    outer loop
      vertex -1.1667261889578033 59.2332738110422 3.2
      vertex -1.309033011480538 59.395543642135614 5
      vertex -1.1667261889578033 59.2332738110422 5
    endloop
  endfacet
  facet normal 0.8314696123025453 0.5555702330196021 0
    outer loop
      vertex -1.309033011480538 59.395543642135614 3.2
      vertex -1.4289419162443235 59.575 5
      vertex -1.309033011480538 59.395543642135614 5
    endloop
  endfacet
  facet normal 0.8968727415326906 0.44228869021899686 0
    outer loop
      vertex -1.4289419162443235 59.575 3.2
      vertex -1.524401228643623 59.76857233659761 5
      vertex -1.4289419162443235 59.575 5
    endloop
  endfacet
  facet normal 0.6593458151000673 0.7518398074789788 0
    outer loop
      vertex -1.004456357864389 59.09096698851947 3.2
      vertex -1.1667261889578033 59.2332738110422 5
      vertex -1.004456357864389 59.09096698851947 5
    endloop
  endfacet
  facet normal 0.9978589232386035 0.06540312923014392 0
    outer loop
      vertex -1.6358840212667871 60.184631782836924 3.2
      vertex -1.65 60.400000000000006 5
      vertex -1.6358840212667871 60.184631782836924 5
    endloop
  endfacet
  facet normal 0.9978589232386035 -0.06540312923014392 0
    outer loop
      vertex -1.65 60.400000000000006 3.2
      vertex -1.6358840212667871 60.61536821716309 5
      vertex -1.65 60.400000000000006 5
    endloop
  endfacet
  facet normal 0.9807852804032314 -0.19509032201612359 0
    outer loop
      vertex -1.6358840212667871 60.61536821716309 3.2
      vertex -1.5937776133769626 60.82705142441917 5
      vertex -1.6358840212667871 60.61536821716309 5
    endloop
  endfacet
  facet normal 0.9469301294951047 -0.3214394653031647 0
    outer loop
      vertex -1.5937776133769626 60.82705142441917 3.2
      vertex -1.524401228643623 61.031427663402404 5
      vertex -1.5937776133769626 60.82705142441917 5
    endloop
  endfacet
  facet normal 0.8968727415326906 -0.44228869021899686 0
    outer loop
      vertex -1.524401228643623 61.031427663402404 3.2
      vertex -1.4289419162443235 61.22500000000001 5
      vertex -1.524401228643623 61.031427663402404 5
    endloop
  endfacet
  facet normal 0.8314696123025453 -0.5555702330196021 0
    outer loop
      vertex -1.4289419162443235 61.22500000000001 3.2
      vertex -1.309033011480538 61.4044563578644 5
      vertex -1.4289419162443235 61.22500000000001 5
    endloop
  endfacet
  facet normal 0.751839807478971 -0.6593458151000762 0
    outer loop
      vertex -1.309033011480538 61.4044563578644 3.2
      vertex -1.1667261889578033 61.56672618895781 5
      vertex -1.309033011480538 61.4044563578644 5
    endloop
  endfacet
  facet normal 0.6593458151000673 -0.7518398074789788 0
    outer loop
      vertex -1.1667261889578033 61.56672618895781 3.2
      vertex -1.004456357864389 61.70903301148054 5
      vertex -1.1667261889578033 61.56672618895781 5
    endloop
  endfacet
  facet normal 0.5555702330196151 -0.8314696123025366 0
    outer loop
      vertex -1.004456357864389 61.70903301148054 3.2
      vertex -0.825 61.82894191624433 5
      vertex -1.004456357864389 61.70903301148054 5
    endloop
  endfacet
  facet normal 0.4422886902190009 -0.8968727415326885 0
    outer loop
      vertex -0.825 61.82894191624433 3.2
      vertex -0.6314276634023981 61.92440122864363 5
      vertex -0.825 61.82894191624433 5
    endloop
  endfacet
  facet normal 0.3214394653031578 -0.9469301294951068 0
    outer loop
      vertex -0.6314276634023981 61.92440122864363 3.2
      vertex -0.4270514244191592 61.99377761337697 5
      vertex -0.6314276634023981 61.92440122864363 5
    endloop
  endfacet
  facet normal 0.19509032201613247 -0.9807852804032297 0
    outer loop
      vertex -0.4270514244191592 61.99377761337697 3.2
      vertex -0.21536821716308507 62.035884021266796 5
      vertex -0.4270514244191592 61.99377761337697 5
    endloop
  endfacet
  facet normal 0.06540312923012351 -0.9978589232386048 0
    outer loop
      vertex -0.21536821716308507 62.035884021266796 3.2
      vertex 0 62.050000000000004 5
      vertex -0.21536821716308507 62.035884021266796 5
    endloop
  endfacet
  facet normal -0.06540312923012351 0.9978589232386048 0
    outer loop
      vertex 0 58.75000000000001 3.2
      vertex 0 58.75000000000001 5
      vertex 0.21536821716308507 58.764115978733216 3.2
    endloop
  endfacet
  facet normal -0.19509032201613247 0.9807852804032297 0
    outer loop
      vertex 0.21536821716308507 58.764115978733216 3.2
      vertex 0.21536821716308507 58.764115978733216 5
      vertex 0.4270514244191592 58.80622238662304 3.2
    endloop
  endfacet
  facet normal -0.3214394653031578 0.9469301294951068 0
    outer loop
      vertex 0.4270514244191592 58.80622238662304 3.2
      vertex 0.4270514244191592 58.80622238662304 5
      vertex 0.6314276634023981 58.87559877135638 3.2
    endloop
  endfacet
  facet normal -0.4422886902190009 0.8968727415326885 0
    outer loop
      vertex 0.6314276634023981 58.87559877135638 3.2
      vertex 0.6314276634023981 58.87559877135638 5
      vertex 0.825 58.97105808375568 3.2
    endloop
  endfacet
  facet normal -0.5555702330196151 0.8314696123025366 0
    outer loop
      vertex 0.825 58.97105808375568 3.2
      vertex 0.825 58.97105808375568 5
      vertex 1.004456357864389 59.09096698851947 3.2
    endloop
  endfacet
  facet normal -0.6593458151000673 0.7518398074789788 0
    outer loop
      vertex 1.004456357864389 59.09096698851947 3.2
      vertex 1.004456357864389 59.09096698851947 5
      vertex 1.1667261889578033 59.2332738110422 3.2
    endloop
  endfacet
  facet normal -0.751839807478971 0.6593458151000762 0
    outer loop
      vertex 1.1667261889578033 59.2332738110422 3.2
      vertex 1.1667261889578033 59.2332738110422 5
      vertex 1.309033011480538 59.395543642135614 3.2
    endloop
  endfacet
  facet normal -0.8314696123025453 0.5555702330196021 0
    outer loop
      vertex 1.309033011480538 59.395543642135614 3.2
      vertex 1.309033011480538 59.395543642135614 5
      vertex 1.4289419162443235 59.575 3.2
    endloop
  endfacet
  facet normal -0.8968727415326906 0.44228869021899686 0
    outer loop
      vertex 1.4289419162443235 59.575 3.2
      vertex 1.4289419162443235 59.575 5
      vertex 1.524401228643623 59.76857233659761 3.2
    endloop
  endfacet
  facet normal -0.9469301294951047 0.3214394653031647 0
    outer loop
      vertex 1.524401228643623 59.76857233659761 3.2
      vertex 1.524401228643623 59.76857233659761 5
      vertex 1.5937776133769626 59.972948575580844 3.2
    endloop
  endfacet
  facet normal -0.9807852804032314 0.19509032201612359 0
    outer loop
      vertex 1.5937776133769626 59.972948575580844 3.2
      vertex 1.5937776133769626 59.972948575580844 5
      vertex 1.6358840212667871 60.184631782836924 3.2
    endloop
  endfacet
  facet normal -0.8968727415326906 -0.44228869021899686 1.0649510631264087e-18
    outer loop
      vertex 1.4289419162443235 61.22500000000001 3.2
      vertex 1.524401228643623 61.031427663402404 3.2
      vertex 1.524401228643623 61.031427663402404 5
    endloop
  endfacet
  facet normal -0.06540312923012351 -0.9978589232386048 -1.463720573884126e-19
    outer loop
      vertex 0 62.050000000000004 3.2
      vertex 0.21536821716308507 62.035884021266796 3.2
      vertex 0.21536821716308507 62.035884021266796 5
    endloop
  endfacet
  facet normal -0.19509032201613247 -0.9807852804032297 0
    outer loop
      vertex 0.4270514244191592 61.99377761337697 3.2
      vertex 0.4270514244191592 61.99377761337697 5
      vertex 0.21536821716308507 62.035884021266796 3.2
    endloop
  endfacet
  facet normal -0.3214394653031578 -0.9469301294951068 -8.659456877898338e-19
    outer loop
      vertex 0.4270514244191592 61.99377761337697 3.2
      vertex 0.6314276634023981 61.92440122864363 3.2
      vertex 0.6314276634023981 61.92440122864363 5
    endloop
  endfacet
  facet normal -0.4422886902190009 -0.8968727415326885 -1.601858718441296e-18
    outer loop
      vertex 0.6314276634023981 61.92440122864363 3.2
      vertex 0.825 61.82894191624433 3.2
      vertex 0.825 61.82894191624433 5
    endloop
  endfacet
  facet normal -0.6593458151000673 -0.7518398074789788 2.002776698868829e-18
    outer loop
      vertex 1.004456357864389 61.70903301148054 3.2
      vertex 1.1667261889578033 61.56672618895781 3.2
      vertex 1.1667261889578033 61.56672618895781 5
    endloop
  endfacet
  facet normal -0.751839807478971 -0.6593458151000762 0
    outer loop
      vertex 1.309033011480538 61.4044563578644 3.2
      vertex 1.309033011480538 61.4044563578644 5
      vertex 1.1667261889578033 61.56672618895781 3.2
    endloop
  endfacet
  facet normal -0.8314696123025453 -0.5555702330196021 0
    outer loop
      vertex 1.4289419162443235 61.22500000000001 3.2
      vertex 1.4289419162443235 61.22500000000001 5
      vertex 1.309033011480538 61.4044563578644 3.2
    endloop
  endfacet
  facet normal -0.5555702330196151 -0.8314696123025366 0
    outer loop
      vertex 1.004456357864389 61.70903301148054 3.2
      vertex 1.004456357864389 61.70903301148054 5
      vertex 0.825 61.82894191624433 3.2
    endloop
  endfacet
  facet normal -0.9978589232386035 0.06540312923014392 0
    outer loop
      vertex 1.6358840212667871 60.184631782836924 3.2
      vertex 1.6358840212667871 60.184631782836924 5
      vertex 1.65 60.400000000000006 3.2
    endloop
  endfacet
  facet normal -0.9978589232386035 -0.06540312923014392 0
    outer loop
      vertex 1.65 60.400000000000006 3.2
      vertex 1.65 60.400000000000006 5
      vertex 1.6358840212667871 60.61536821716309 3.2
    endloop
  endfacet
  facet normal -0.9807852804032314 -0.19509032201612359 0
    outer loop
      vertex 1.6358840212667871 60.61536821716309 3.2
      vertex 1.6358840212667871 60.61536821716309 5
      vertex 1.5937776133769626 60.82705142441917 3.2
    endloop
  endfacet
  facet normal -0.9469301294951047 -0.3214394653031647 0
    outer loop
      vertex 1.5937776133769626 60.82705142441917 3.2
      vertex 1.5937776133769626 60.82705142441917 5
      vertex 1.524401228643623 61.031427663402404 3.2
    endloop
  endfacet
  facet normal -0.06540312923012351 0.9978589232386048 0
    outer loop
      vertex 0.21536821716308507 58.764115978733216 3.2
      vertex 0 58.75000000000001 5
      vertex 0.21536821716308507 58.764115978733216 5
    endloop
  endfacet
  facet normal -0.19509032201613247 0.9807852804032297 0
    outer loop
      vertex 0.4270514244191592 58.80622238662304 3.2
      vertex 0.21536821716308507 58.764115978733216 5
      vertex 0.4270514244191592 58.80622238662304 5
    endloop
  endfacet
  facet normal -0.3214394653031578 0.9469301294951068 0
    outer loop
      vertex 0.6314276634023981 58.87559877135638 3.2
      vertex 0.4270514244191592 58.80622238662304 5
      vertex 0.6314276634023981 58.87559877135638 5
    endloop
  endfacet
  facet normal -0.4422886902190009 0.8968727415326885 0
    outer loop
      vertex 0.825 58.97105808375568 3.2
      vertex 0.6314276634023981 58.87559877135638 5
      vertex 0.825 58.97105808375568 5
    endloop
  endfacet
  facet normal -0.5555702330196151 0.8314696123025366 0
    outer loop
      vertex 1.004456357864389 59.09096698851947 3.2
      vertex 0.825 58.97105808375568 5
      vertex 1.004456357864389 59.09096698851947 5
    endloop
  endfacet
  facet normal -0.6593458151000673 0.7518398074789788 0
    outer loop
      vertex 1.1667261889578033 59.2332738110422 3.2
      vertex 1.004456357864389 59.09096698851947 5
      vertex 1.1667261889578033 59.2332738110422 5
    endloop
  endfacet
  facet normal -0.751839807478971 0.6593458151000762 0
    outer loop
      vertex 1.309033011480538 59.395543642135614 3.2
      vertex 1.1667261889578033 59.2332738110422 5
      vertex 1.309033011480538 59.395543642135614 5
    endloop
  endfacet
  facet normal -0.8314696123025453 0.5555702330196021 0
    outer loop
      vertex 1.4289419162443235 59.575 3.2
      vertex 1.309033011480538 59.395543642135614 5
      vertex 1.4289419162443235 59.575 5
    endloop
  endfacet
  facet normal -0.8968727415326906 0.44228869021899686 0
    outer loop
      vertex 1.524401228643623 59.76857233659761 3.2
      vertex 1.4289419162443235 59.575 5
      vertex 1.524401228643623 59.76857233659761 5
    endloop
  endfacet
  facet normal -0.9469301294951047 0.3214394653031647 0
    outer loop
      vertex 1.5937776133769626 59.972948575580844 3.2
      vertex 1.524401228643623 59.76857233659761 5
      vertex 1.5937776133769626 59.972948575580844 5
    endloop
  endfacet
  facet normal -0.9807852804032314 0.19509032201612359 0
    outer loop
      vertex 1.6358840212667871 60.184631782836924 3.2
      vertex 1.5937776133769626 59.972948575580844 5
      vertex 1.6358840212667871 60.184631782836924 5
    endloop
  endfacet
  facet normal -0.8968727415326906 -0.44228869021899686 0
    outer loop
      vertex 1.4289419162443235 61.22500000000001 3.2
      vertex 1.524401228643623 61.031427663402404 5
      vertex 1.4289419162443235 61.22500000000001 5
    endloop
  endfacet
  facet normal -0.06540312923012351 -0.9978589232386048 0
    outer loop
      vertex 0 62.050000000000004 3.2
      vertex 0.21536821716308507 62.035884021266796 5
      vertex 0 62.050000000000004 5
    endloop
  endfacet
  facet normal -0.19509032201613247 -0.9807852804032297 0
    outer loop
      vertex 0.21536821716308507 62.035884021266796 3.2
      vertex 0.4270514244191592 61.99377761337697 5
      vertex 0.21536821716308507 62.035884021266796 5
    endloop
  endfacet
  facet normal -0.3214394653031578 -0.9469301294951068 0
    outer loop
      vertex 0.4270514244191592 61.99377761337697 3.2
      vertex 0.6314276634023981 61.92440122864363 5
      vertex 0.4270514244191592 61.99377761337697 5
    endloop
  endfacet
  facet normal -0.4422886902190009 -0.8968727415326885 0
    outer loop
      vertex 0.6314276634023981 61.92440122864363 3.2
      vertex 0.825 61.82894191624433 5
      vertex 0.6314276634023981 61.92440122864363 5
    endloop
  endfacet
  facet normal -0.6593458151000673 -0.7518398074789788 0
    outer loop
      vertex 1.004456357864389 61.70903301148054 3.2
      vertex 1.1667261889578033 61.56672618895781 5
      vertex 1.004456357864389 61.70903301148054 5
    endloop
  endfacet
  facet normal -0.8314696123025453 -0.5555702330196021 0
    outer loop
      vertex 1.309033011480538 61.4044563578644 3.2
      vertex 1.4289419162443235 61.22500000000001 5
      vertex 1.309033011480538 61.4044563578644 5
    endloop
  endfacet
  facet normal -0.751839807478971 -0.6593458151000762 0
    outer loop
      vertex 1.1667261889578033 61.56672618895781 3.2
      vertex 1.309033011480538 61.4044563578644 5
      vertex 1.1667261889578033 61.56672618895781 5
    endloop
  endfacet
  facet normal -0.5555702330196151 -0.8314696123025366 0
    outer loop
      vertex 0.825 61.82894191624433 3.2
      vertex 1.004456357864389 61.70903301148054 5
      vertex 0.825 61.82894191624433 5
    endloop
  endfacet
  facet normal -0.9978589232386035 0.06540312923014392 0
    outer loop
      vertex 1.65 60.400000000000006 3.2
      vertex 1.6358840212667871 60.184631782836924 5
      vertex 1.65 60.400000000000006 5
    endloop
  endfacet
  facet normal -0.9978589232386035 -0.06540312923014392 0
    outer loop
      vertex 1.6358840212667871 60.61536821716309 3.2
      vertex 1.65 60.400000000000006 5
      vertex 1.6358840212667871 60.61536821716309 5
    endloop
  endfacet
  facet normal -0.9807852804032314 -0.19509032201612359 0
    outer loop
      vertex 1.5937776133769626 60.82705142441917 3.2
      vertex 1.6358840212667871 60.61536821716309 5
      vertex 1.5937776133769626 60.82705142441917 5
    endloop
  endfacet
  facet normal -0.9469301294951047 -0.3214394653031647 0
    outer loop
      vertex 1.524401228643623 61.031427663402404 3.2
      vertex 1.5937776133769626 60.82705142441917 5
      vertex 1.524401228643623 61.031427663402404 5
    endloop
  endfacet
  facet normal 0.8968727415326885 0.4422886902190009 -1.601858718441296e-18
    outer loop
      vertex -93.27894191624434 -0.825 3.2
      vertex -93.37440122864363 -0.6314276634023981 3.2
      vertex -93.37440122864363 -0.6314276634023981 5
    endloop
  endfacet
  facet normal 0.9807852804032233 0.1950903220161641 0
    outer loop
      vertex -93.4858840212668 -0.21536821716308507 3.2
      vertex -93.4858840212668 -0.21536821716308507 5
      vertex -93.44377761337697 -0.4270514244191592 3.2
    endloop
  endfacet
  facet normal 0.9469301294951169 0.3214394653031283 -3.074557385641834e-19
    outer loop
      vertex -93.37440122864363 -0.6314276634023981 3.2
      vertex -93.44377761337697 -0.4270514244191592 3.2
      vertex -93.44377761337697 -0.4270514244191592 5
    endloop
  endfacet
  facet normal 0.9978589232386026 0.06540312923015629 3.081117316347833e-19
    outer loop
      vertex -93.4858840212668 -0.21536821716308507 3.2
      vertex -93.50000000000001 0 3.2
      vertex -93.50000000000001 0 5
    endloop
  endfacet
  facet normal 0.7518398074789951 0.6593458151000487 0
    outer loop
      vertex -93.15903301148055 -1.004456357864389 3.2
      vertex -93.15903301148055 -1.004456357864389 5
      vertex -93.01672618895782 -1.1667261889578033 3.2
    endloop
  endfacet
  facet normal 0.6593458151000435 0.7518398074789995 -2.7986086459337127e-18
    outer loop
      vertex -92.8544563578644 -1.309033011480538 3.2
      vertex -93.01672618895782 -1.1667261889578033 3.2
      vertex -93.01672618895782 -1.1667261889578033 5
    endloop
  endfacet
  facet normal 0.5555702330196174 0.8314696123025352 0
    outer loop
      vertex -92.8544563578644 -1.309033011480538 3.2
      vertex -92.8544563578644 -1.309033011480538 5
      vertex -92.67500000000001 -1.4289419162443235 3.2
    endloop
  endfacet
  facet normal 0.4422886902189838 0.8968727415326969 -3.406293283978706e-18
    outer loop
      vertex -92.4814276634024 -1.524401228643623 3.2
      vertex -92.67500000000001 -1.4289419162443235 3.2
      vertex -92.67500000000001 -1.4289419162443235 5
    endloop
  endfacet
  facet normal 0.19509032201612989 0.9807852804032301 0
    outer loop
      vertex -92.27705142441917 -1.5937776133769626 3.2
      vertex -92.27705142441917 -1.5937776133769626 5
      vertex -92.0653682171631 -1.6358840212667871 3.2
    endloop
  endfacet
  facet normal 0.06540312923014176 0.9978589232386036 0
    outer loop
      vertex -92.0653682171631 -1.6358840212667871 3.2
      vertex -92.0653682171631 -1.6358840212667871 5
      vertex -91.85000000000001 -1.65 3.2
    endloop
  endfacet
  facet normal -0.06540312923014176 0.9978589232386036 0
    outer loop
      vertex -91.85000000000001 -1.65 3.2
      vertex -91.85000000000001 -1.65 5
      vertex -91.63463178283692 -1.6358840212667871 3.2
    endloop
  endfacet
  facet normal 0.3214394653031747 0.9469301294951012 0
    outer loop
      vertex -92.4814276634024 -1.524401228643623 3.2
      vertex -92.4814276634024 -1.524401228643623 5
      vertex -92.27705142441917 -1.5937776133769626 3.2
    endloop
  endfacet
  facet normal 0.8314696123025366 0.5555702330196151 3.8778235701222345e-18
    outer loop
      vertex -93.15903301148055 -1.004456357864389 3.2
      vertex -93.27894191624434 -0.825 3.2
      vertex -93.27894191624434 -0.825 5
    endloop
  endfacet
  facet normal -0.19509032201612989 0.9807852804032301 0
    outer loop
      vertex -91.63463178283692 -1.6358840212667871 3.2
      vertex -91.63463178283692 -1.6358840212667871 5
      vertex -91.42294857558085 -1.5937776133769626 3.2
    endloop
  endfacet
  facet normal -0.3214394653031747 0.9469301294951012 0
    outer loop
      vertex -91.42294857558085 -1.5937776133769626 3.2
      vertex -91.42294857558085 -1.5937776133769626 5
      vertex -91.21857233659762 -1.524401228643623 3.2
    endloop
  endfacet
  facet normal -0.4422886902189838 0.8968727415326969 0
    outer loop
      vertex -91.21857233659762 -1.524401228643623 3.2
      vertex -91.21857233659762 -1.524401228643623 5
      vertex -91.025 -1.4289419162443235 3.2
    endloop
  endfacet
  facet normal -0.5555702330196174 0.8314696123025352 0
    outer loop
      vertex -91.025 -1.4289419162443235 3.2
      vertex -91.025 -1.4289419162443235 5
      vertex -90.84554364213562 -1.309033011480538 3.2
    endloop
  endfacet
  facet normal -0.6593458151000435 0.7518398074789995 0
    outer loop
      vertex -90.84554364213562 -1.309033011480538 3.2
      vertex -90.84554364213562 -1.309033011480538 5
      vertex -90.6832738110422 -1.1667261889578033 3.2
    endloop
  endfacet
  facet normal -0.7518398074789951 0.6593458151000487 0
    outer loop
      vertex -90.6832738110422 -1.1667261889578033 3.2
      vertex -90.6832738110422 -1.1667261889578033 5
      vertex -90.54096698851947 -1.004456357864389 3.2
    endloop
  endfacet
  facet normal -0.8314696123025366 0.5555702330196151 0
    outer loop
      vertex -90.54096698851947 -1.004456357864389 3.2
      vertex -90.54096698851947 -1.004456357864389 5
      vertex -90.42105808375568 -0.825 3.2
    endloop
  endfacet
  facet normal -0.8968727415326885 0.4422886902190009 0
    outer loop
      vertex -90.42105808375568 -0.825 3.2
      vertex -90.42105808375568 -0.825 5
      vertex -90.32559877135638 -0.6314276634023981 3.2
    endloop
  endfacet
  facet normal -0.9469301294951169 0.3214394653031283 0
    outer loop
      vertex -90.32559877135638 -0.6314276634023981 3.2
      vertex -90.32559877135638 -0.6314276634023981 5
      vertex -90.25622238662305 -0.4270514244191592 3.2
    endloop
  endfacet
  facet normal -0.9807852804032233 0.1950903220161641 0
    outer loop
      vertex -90.25622238662305 -0.4270514244191592 3.2
      vertex -90.25622238662305 -0.4270514244191592 5
      vertex -90.21411597873322 -0.21536821716308507 3.2
    endloop
  endfacet
  facet normal -0.9978589232386026 0.06540312923015629 0
    outer loop
      vertex -90.21411597873322 -0.21536821716308507 3.2
      vertex -90.21411597873322 -0.21536821716308507 5
      vertex -90.2 0 3.2
    endloop
  endfacet
  facet normal 0.8968727415326885 0.4422886902190009 0
    outer loop
      vertex -93.27894191624434 -0.825 3.2
      vertex -93.37440122864363 -0.6314276634023981 5
      vertex -93.27894191624434 -0.825 5
    endloop
  endfacet
  facet normal 0.9469301294951169 0.3214394653031283 0
    outer loop
      vertex -93.37440122864363 -0.6314276634023981 3.2
      vertex -93.44377761337697 -0.4270514244191592 5
      vertex -93.37440122864363 -0.6314276634023981 5
    endloop
  endfacet
  facet normal 0.9807852804032233 0.1950903220161641 0
    outer loop
      vertex -93.44377761337697 -0.4270514244191592 3.2
      vertex -93.4858840212668 -0.21536821716308507 5
      vertex -93.44377761337697 -0.4270514244191592 5
    endloop
  endfacet
  facet normal 0.9978589232386026 0.06540312923015629 0
    outer loop
      vertex -93.4858840212668 -0.21536821716308507 3.2
      vertex -93.50000000000001 0 5
      vertex -93.4858840212668 -0.21536821716308507 5
    endloop
  endfacet
  facet normal 0.6593458151000435 0.7518398074789995 0
    outer loop
      vertex -92.8544563578644 -1.309033011480538 3.2
      vertex -93.01672618895782 -1.1667261889578033 5
      vertex -92.8544563578644 -1.309033011480538 5
    endloop
  endfacet
  facet normal 0.7518398074789951 0.6593458151000487 0
    outer loop
      vertex -93.01672618895782 -1.1667261889578033 3.2
      vertex -93.15903301148055 -1.004456357864389 5
      vertex -93.01672618895782 -1.1667261889578033 5
    endloop
  endfacet
  facet normal 0.5555702330196174 0.8314696123025352 0
    outer loop
      vertex -92.67500000000001 -1.4289419162443235 3.2
      vertex -92.8544563578644 -1.309033011480538 5
      vertex -92.67500000000001 -1.4289419162443235 5
    endloop
  endfacet
  facet normal 0.4422886902189838 0.8968727415326969 0
    outer loop
      vertex -92.4814276634024 -1.524401228643623 3.2
      vertex -92.67500000000001 -1.4289419162443235 5
      vertex -92.4814276634024 -1.524401228643623 5
    endloop
  endfacet
  facet normal 0.3214394653031747 0.9469301294951012 0
    outer loop
      vertex -92.27705142441917 -1.5937776133769626 3.2
      vertex -92.4814276634024 -1.524401228643623 5
      vertex -92.27705142441917 -1.5937776133769626 5
    endloop
  endfacet
  facet normal 0.19509032201612989 0.9807852804032301 0
    outer loop
      vertex -92.0653682171631 -1.6358840212667871 3.2
      vertex -92.27705142441917 -1.5937776133769626 5
      vertex -92.0653682171631 -1.6358840212667871 5
    endloop
  endfacet
  facet normal 0.06540312923014176 0.9978589232386036 0
    outer loop
      vertex -91.85000000000001 -1.65 3.2
      vertex -92.0653682171631 -1.6358840212667871 5
      vertex -91.85000000000001 -1.65 5
    endloop
  endfacet
  facet normal 0.8314696123025366 0.5555702330196151 0
    outer loop
      vertex -93.15903301148055 -1.004456357864389 3.2
      vertex -93.27894191624434 -0.825 5
      vertex -93.15903301148055 -1.004456357864389 5
    endloop
  endfacet
  facet normal -0.06540312923014176 0.9978589232386036 0
    outer loop
      vertex -91.63463178283692 -1.6358840212667871 3.2
      vertex -91.85000000000001 -1.65 5
      vertex -91.63463178283692 -1.6358840212667871 5
    endloop
  endfacet
  facet normal -0.19509032201612989 0.9807852804032301 0
    outer loop
      vertex -91.42294857558085 -1.5937776133769626 3.2
      vertex -91.63463178283692 -1.6358840212667871 5
      vertex -91.42294857558085 -1.5937776133769626 5
    endloop
  endfacet
  facet normal -0.3214394653031747 0.9469301294951012 0
    outer loop
      vertex -91.21857233659762 -1.524401228643623 3.2
      vertex -91.42294857558085 -1.5937776133769626 5
      vertex -91.21857233659762 -1.524401228643623 5
    endloop
  endfacet
  facet normal -0.4422886902189838 0.8968727415326969 0
    outer loop
      vertex -91.025 -1.4289419162443235 3.2
      vertex -91.21857233659762 -1.524401228643623 5
      vertex -91.025 -1.4289419162443235 5
    endloop
  endfacet
  facet normal -0.5555702330196174 0.8314696123025352 0
    outer loop
      vertex -90.84554364213562 -1.309033011480538 3.2
      vertex -91.025 -1.4289419162443235 5
      vertex -90.84554364213562 -1.309033011480538 5
    endloop
  endfacet
  facet normal -0.6593458151000435 0.7518398074789995 0
    outer loop
      vertex -90.6832738110422 -1.1667261889578033 3.2
      vertex -90.84554364213562 -1.309033011480538 5
      vertex -90.6832738110422 -1.1667261889578033 5
    endloop
  endfacet
  facet normal -0.7518398074789951 0.6593458151000487 0
    outer loop
      vertex -90.54096698851947 -1.004456357864389 3.2
      vertex -90.6832738110422 -1.1667261889578033 5
      vertex -90.54096698851947 -1.004456357864389 5
    endloop
  endfacet
  facet normal -0.8314696123025366 0.5555702330196151 0
    outer loop
      vertex -90.42105808375568 -0.825 3.2
      vertex -90.54096698851947 -1.004456357864389 5
      vertex -90.42105808375568 -0.825 5
    endloop
  endfacet
  facet normal -0.8968727415326885 0.4422886902190009 0
    outer loop
      vertex -90.32559877135638 -0.6314276634023981 3.2
      vertex -90.42105808375568 -0.825 5
      vertex -90.32559877135638 -0.6314276634023981 5
    endloop
  endfacet
  facet normal -0.9469301294951169 0.3214394653031283 0
    outer loop
      vertex -90.25622238662305 -0.4270514244191592 3.2
      vertex -90.32559877135638 -0.6314276634023981 5
      vertex -90.25622238662305 -0.4270514244191592 5
    endloop
  endfacet
  facet normal -0.9807852804032233 0.1950903220161641 0
    outer loop
      vertex -90.21411597873322 -0.21536821716308507 3.2
      vertex -90.25622238662305 -0.4270514244191592 5
      vertex -90.21411597873322 -0.21536821716308507 5
    endloop
  endfacet
  facet normal -0.9978589232386026 0.06540312923015629 0
    outer loop
      vertex -90.2 0 3.2
      vertex -90.21411597873322 -0.21536821716308507 5
      vertex -90.2 0 5
    endloop
  endfacet
  facet normal 0.9978589232386026 -0.06540312923015629 -3.081117316347833e-19
    outer loop
      vertex -93.50000000000001 0 3.2
      vertex -93.4858840212668 0.21536821716308507 3.2
      vertex -93.4858840212668 0.21536821716308507 5
    endloop
  endfacet
  facet normal 0.9807852804032233 -0.1950903220161641 -2.1446493191429216e-19
    outer loop
      vertex -93.4858840212668 0.21536821716308507 3.2
      vertex -93.44377761337697 0.4270514244191592 3.2
      vertex -93.44377761337697 0.4270514244191592 5
    endloop
  endfacet
  facet normal 0.9469301294951169 -0.3214394653031283 3.074557385641834e-19
    outer loop
      vertex -93.44377761337697 0.4270514244191592 3.2
      vertex -93.37440122864363 0.6314276634023981 3.2
      vertex -93.37440122864363 0.6314276634023981 5
    endloop
  endfacet
  facet normal 0.8968727415326885 -0.4422886902190009 1.601858718441296e-18
    outer loop
      vertex -93.37440122864363 0.6314276634023981 3.2
      vertex -93.27894191624434 0.825 3.2
      vertex -93.27894191624434 0.825 5
    endloop
  endfacet
  facet normal 0.8314696123025366 -0.5555702330196151 -3.8778235701222345e-18
    outer loop
      vertex -93.27894191624434 0.825 3.2
      vertex -93.15903301148055 1.004456357864389 3.2
      vertex -93.15903301148055 1.004456357864389 5
    endloop
  endfacet
  facet normal 0.7518398074789951 -0.6593458151000487 3.99302841734038e-18
    outer loop
      vertex -93.15903301148055 1.004456357864389 3.2
      vertex -93.01672618895782 1.1667261889578033 3.2
      vertex -93.01672618895782 1.1667261889578033 5
    endloop
  endfacet
  facet normal 0.6593458151000435 -0.7518398074789995 2.7986086459337127e-18
    outer loop
      vertex -93.01672618895782 1.1667261889578033 3.2
      vertex -92.8544563578644 1.309033011480538 3.2
      vertex -92.8544563578644 1.309033011480538 5
    endloop
  endfacet
  facet normal 0.5555702330196174 -0.8314696123025352 8.86253163056738e-19
    outer loop
      vertex -92.8544563578644 1.309033011480538 3.2
      vertex -92.67500000000001 1.4289419162443235 3.2
      vertex -92.67500000000001 1.4289419162443235 5
    endloop
  endfacet
  facet normal 0.4422886902189838 -0.8968727415326969 3.406293283978706e-18
    outer loop
      vertex -92.67500000000001 1.4289419162443235 3.2
      vertex -92.4814276634024 1.524401228643623 3.2
      vertex -92.4814276634024 1.524401228643623 5
    endloop
  endfacet
  facet normal 0.3214394653031747 -0.9469301294951012 -5.93340850606541e-19
    outer loop
      vertex -92.4814276634024 1.524401228643623 3.2
      vertex -92.27705142441917 1.5937776133769626 3.2
      vertex -92.27705142441917 1.5937776133769626 5
    endloop
  endfacet
  facet normal 0.19509032201612989 -0.9807852804032301 -9.448026438804808e-19
    outer loop
      vertex -92.27705142441917 1.5937776133769626 3.2
      vertex -92.0653682171631 1.6358840212667871 3.2
      vertex -92.0653682171631 1.6358840212667871 5
    endloop
  endfacet
  facet normal 0.06540312923014176 -0.9978589232386036 3.6391495747866613e-19
    outer loop
      vertex -92.0653682171631 1.6358840212667871 3.2
      vertex -91.85000000000001 1.65 3.2
      vertex -91.85000000000001 1.65 5
    endloop
  endfacet
  facet normal -0.9807852804032233 -0.1950903220161641 0
    outer loop
      vertex -90.21411597873322 0.21536821716308507 3.2
      vertex -90.21411597873322 0.21536821716308507 5
      vertex -90.25622238662305 0.4270514244191592 3.2
    endloop
  endfacet
  facet normal -0.9469301294951169 -0.3214394653031283 0
    outer loop
      vertex -90.25622238662305 0.4270514244191592 3.2
      vertex -90.25622238662305 0.4270514244191592 5
      vertex -90.32559877135638 0.6314276634023981 3.2
    endloop
  endfacet
  facet normal -0.8968727415326885 -0.4422886902190009 0
    outer loop
      vertex -90.32559877135638 0.6314276634023981 3.2
      vertex -90.32559877135638 0.6314276634023981 5
      vertex -90.42105808375568 0.825 3.2
    endloop
  endfacet
  facet normal -0.8314696123025366 -0.5555702330196151 3.8778235701222345e-18
    outer loop
      vertex -90.54096698851947 1.004456357864389 3.2
      vertex -90.42105808375568 0.825 3.2
      vertex -90.42105808375568 0.825 5
    endloop
  endfacet
  facet normal -0.3214394653031747 -0.9469301294951012 5.93340850606541e-19
    outer loop
      vertex -91.42294857558085 1.5937776133769626 3.2
      vertex -91.21857233659762 1.524401228643623 3.2
      vertex -91.21857233659762 1.524401228643623 5
    endloop
  endfacet
  facet normal -0.4422886902189838 -0.8968727415326969 0
    outer loop
      vertex -91.025 1.4289419162443235 3.2
      vertex -91.025 1.4289419162443235 5
      vertex -91.21857233659762 1.524401228643623 3.2
    endloop
  endfacet
  facet normal -0.06540312923014176 -0.9978589232386036 -3.6391495747866613e-19
    outer loop
      vertex -91.85000000000001 1.65 3.2
      vertex -91.63463178283692 1.6358840212667871 3.2
      vertex -91.63463178283692 1.6358840212667871 5
    endloop
  endfacet
  facet normal -0.19509032201612989 -0.9807852804032301 9.448026438804808e-19
    outer loop
      vertex -91.63463178283692 1.6358840212667871 3.2
      vertex -91.42294857558085 1.5937776133769626 3.2
      vertex -91.42294857558085 1.5937776133769626 5
    endloop
  endfacet
  facet normal -0.7518398074789951 -0.6593458151000487 0
    outer loop
      vertex -90.54096698851947 1.004456357864389 3.2
      vertex -90.54096698851947 1.004456357864389 5
      vertex -90.6832738110422 1.1667261889578033 3.2
    endloop
  endfacet
  facet normal -0.6593458151000435 -0.7518398074789995 0
    outer loop
      vertex -90.6832738110422 1.1667261889578033 3.2
      vertex -90.6832738110422 1.1667261889578033 5
      vertex -90.84554364213562 1.309033011480538 3.2
    endloop
  endfacet
  facet normal -0.5555702330196174 -0.8314696123025352 -8.86253163056738e-19
    outer loop
      vertex -91.025 1.4289419162443235 3.2
      vertex -90.84554364213562 1.309033011480538 3.2
      vertex -90.84554364213562 1.309033011480538 5
    endloop
  endfacet
  facet normal -0.9978589232386026 -0.06540312923015629 0
    outer loop
      vertex -90.2 0 3.2
      vertex -90.2 0 5
      vertex -90.21411597873322 0.21536821716308507 3.2
    endloop
  endfacet
  facet normal 0.9978589232386026 -0.06540312923015629 0
    outer loop
      vertex -93.50000000000001 0 3.2
      vertex -93.4858840212668 0.21536821716308507 5
      vertex -93.50000000000001 0 5
    endloop
  endfacet
  facet normal 0.9807852804032233 -0.1950903220161641 0
    outer loop
      vertex -93.4858840212668 0.21536821716308507 3.2
      vertex -93.44377761337697 0.4270514244191592 5
      vertex -93.4858840212668 0.21536821716308507 5
    endloop
  endfacet
  facet normal 0.9469301294951169 -0.3214394653031283 0
    outer loop
      vertex -93.44377761337697 0.4270514244191592 3.2
      vertex -93.37440122864363 0.6314276634023981 5
      vertex -93.44377761337697 0.4270514244191592 5
    endloop
  endfacet
  facet normal 0.8968727415326885 -0.4422886902190009 0
    outer loop
      vertex -93.37440122864363 0.6314276634023981 3.2
      vertex -93.27894191624434 0.825 5
      vertex -93.37440122864363 0.6314276634023981 5
    endloop
  endfacet
  facet normal 0.8314696123025366 -0.5555702330196151 0
    outer loop
      vertex -93.27894191624434 0.825 3.2
      vertex -93.15903301148055 1.004456357864389 5
      vertex -93.27894191624434 0.825 5
    endloop
  endfacet
  facet normal 0.7518398074789951 -0.6593458151000487 0
    outer loop
      vertex -93.15903301148055 1.004456357864389 3.2
      vertex -93.01672618895782 1.1667261889578033 5
      vertex -93.15903301148055 1.004456357864389 5
    endloop
  endfacet
  facet normal 0.6593458151000435 -0.7518398074789995 0
    outer loop
      vertex -93.01672618895782 1.1667261889578033 3.2
      vertex -92.8544563578644 1.309033011480538 5
      vertex -93.01672618895782 1.1667261889578033 5
    endloop
  endfacet
  facet normal 0.5555702330196174 -0.8314696123025352 0
    outer loop
      vertex -92.8544563578644 1.309033011480538 3.2
      vertex -92.67500000000001 1.4289419162443235 5
      vertex -92.8544563578644 1.309033011480538 5
    endloop
  endfacet
  facet normal 0.4422886902189838 -0.8968727415326969 0
    outer loop
      vertex -92.67500000000001 1.4289419162443235 3.2
      vertex -92.4814276634024 1.524401228643623 5
      vertex -92.67500000000001 1.4289419162443235 5
    endloop
  endfacet
  facet normal 0.3214394653031747 -0.9469301294951012 0
    outer loop
      vertex -92.4814276634024 1.524401228643623 3.2
      vertex -92.27705142441917 1.5937776133769626 5
      vertex -92.4814276634024 1.524401228643623 5
    endloop
  endfacet
  facet normal 0.19509032201612989 -0.9807852804032301 0
    outer loop
      vertex -92.27705142441917 1.5937776133769626 3.2
      vertex -92.0653682171631 1.6358840212667871 5
      vertex -92.27705142441917 1.5937776133769626 5
    endloop
  endfacet
  facet normal 0.06540312923014176 -0.9978589232386036 0
    outer loop
      vertex -92.0653682171631 1.6358840212667871 3.2
      vertex -91.85000000000001 1.65 5
      vertex -92.0653682171631 1.6358840212667871 5
    endloop
  endfacet
  facet normal -0.06540312923014176 -0.9978589232386036 0
    outer loop
      vertex -91.85000000000001 1.65 3.2
      vertex -91.63463178283692 1.6358840212667871 5
      vertex -91.85000000000001 1.65 5
    endloop
  endfacet
  facet normal -0.9978589232386026 -0.06540312923015629 0
    outer loop
      vertex -90.21411597873322 0.21536821716308507 3.2
      vertex -90.2 0 5
      vertex -90.21411597873322 0.21536821716308507 5
    endloop
  endfacet
  facet normal -0.9807852804032233 -0.1950903220161641 0
    outer loop
      vertex -90.25622238662305 0.4270514244191592 3.2
      vertex -90.21411597873322 0.21536821716308507 5
      vertex -90.25622238662305 0.4270514244191592 5
    endloop
  endfacet
  facet normal -0.9469301294951169 -0.3214394653031283 0
    outer loop
      vertex -90.32559877135638 0.6314276634023981 3.2
      vertex -90.25622238662305 0.4270514244191592 5
      vertex -90.32559877135638 0.6314276634023981 5
    endloop
  endfacet
  facet normal -0.8968727415326885 -0.4422886902190009 0
    outer loop
      vertex -90.42105808375568 0.825 3.2
      vertex -90.32559877135638 0.6314276634023981 5
      vertex -90.42105808375568 0.825 5
    endloop
  endfacet
  facet normal -0.8314696123025366 -0.5555702330196151 0
    outer loop
      vertex -90.54096698851947 1.004456357864389 3.2
      vertex -90.42105808375568 0.825 5
      vertex -90.54096698851947 1.004456357864389 5
    endloop
  endfacet
  facet normal -0.4422886902189838 -0.8968727415326969 0
    outer loop
      vertex -91.21857233659762 1.524401228643623 3.2
      vertex -91.025 1.4289419162443235 5
      vertex -91.21857233659762 1.524401228643623 5
    endloop
  endfacet
  facet normal -0.19509032201612989 -0.9807852804032301 0
    outer loop
      vertex -91.63463178283692 1.6358840212667871 3.2
      vertex -91.42294857558085 1.5937776133769626 5
      vertex -91.63463178283692 1.6358840212667871 5
    endloop
  endfacet
  facet normal -0.3214394653031747 -0.9469301294951012 0
    outer loop
      vertex -91.42294857558085 1.5937776133769626 3.2
      vertex -91.21857233659762 1.524401228643623 5
      vertex -91.42294857558085 1.5937776133769626 5
    endloop
  endfacet
  facet normal -0.6593458151000435 -0.7518398074789995 0
    outer loop
      vertex -90.84554364213562 1.309033011480538 3.2
      vertex -90.6832738110422 1.1667261889578033 5
      vertex -90.84554364213562 1.309033011480538 5
    endloop
  endfacet
  facet normal -0.7518398074789951 -0.6593458151000487 0
    outer loop
      vertex -90.6832738110422 1.1667261889578033 3.2
      vertex -90.54096698851947 1.004456357864389 5
      vertex -90.6832738110422 1.1667261889578033 5
    endloop
  endfacet
  facet normal -0.5555702330196174 -0.8314696123025352 0
    outer loop
      vertex -91.025 1.4289419162443235 3.2
      vertex -90.84554364213562 1.309033011480538 5
      vertex -91.025 1.4289419162443235 5
    endloop
  endfacet
  facet normal 0.9978589232386026 0.06540312923015629 3.081117316347833e-19
    outer loop
      vertex 90.21411597873322 -0.21536821716308507 3.2
      vertex 90.2 0 3.2
      vertex 90.2 0 5
    endloop
  endfacet
  facet normal 0.5555702330196174 0.8314696123025352 0
    outer loop
      vertex 90.84554364213562 -1.309033011480538 3.2
      vertex 90.84554364213562 -1.309033011480538 5
      vertex 91.025 -1.4289419162443235 3.2
    endloop
  endfacet
  facet normal 0.6593458151000435 0.7518398074789995 -2.7986086459337127e-18
    outer loop
      vertex 90.84554364213562 -1.309033011480538 3.2
      vertex 90.6832738110422 -1.1667261889578033 3.2
      vertex 90.6832738110422 -1.1667261889578033 5
    endloop
  endfacet
  facet normal 0.7518398074789951 0.6593458151000487 -3.99302841734038e-18
    outer loop
      vertex 90.6832738110422 -1.1667261889578033 3.2
      vertex 90.54096698851947 -1.004456357864389 3.2
      vertex 90.54096698851947 -1.004456357864389 5
    endloop
  endfacet
  facet normal 0.19509032201612989 0.9807852804032301 0
    outer loop
      vertex 91.42294857558085 -1.5937776133769626 3.2
      vertex 91.42294857558085 -1.5937776133769626 5
      vertex 91.63463178283692 -1.6358840212667871 3.2
    endloop
  endfacet
  facet normal 0.06540312923014176 0.9978589232386036 0
    outer loop
      vertex 91.63463178283692 -1.6358840212667871 3.2
      vertex 91.63463178283692 -1.6358840212667871 5
      vertex 91.85000000000001 -1.65 3.2
    endloop
  endfacet
  facet normal 0.4422886902189838 0.8968727415326969 -3.406293283978706e-18
    outer loop
      vertex 91.21857233659762 -1.524401228643623 3.2
      vertex 91.025 -1.4289419162443235 3.2
      vertex 91.025 -1.4289419162443235 5
    endloop
  endfacet
  facet normal 0.3214394653031747 0.9469301294951012 0
    outer loop
      vertex 91.21857233659762 -1.524401228643623 3.2
      vertex 91.21857233659762 -1.524401228643623 5
      vertex 91.42294857558085 -1.5937776133769626 3.2
    endloop
  endfacet
  facet normal 0.8314696123025366 0.5555702330196151 0
    outer loop
      vertex 90.42105808375568 -0.825 3.2
      vertex 90.42105808375568 -0.825 5
      vertex 90.54096698851947 -1.004456357864389 3.2
    endloop
  endfacet
  facet normal 0.8968727415326885 0.4422886902190009 -1.601858718441296e-18
    outer loop
      vertex 90.42105808375568 -0.825 3.2
      vertex 90.32559877135638 -0.6314276634023981 3.2
      vertex 90.32559877135638 -0.6314276634023981 5
    endloop
  endfacet
  facet normal 0.9469301294951169 0.3214394653031283 -3.074557385641834e-19
    outer loop
      vertex 90.32559877135638 -0.6314276634023981 3.2
      vertex 90.25622238662305 -0.4270514244191592 3.2
      vertex 90.25622238662305 -0.4270514244191592 5
    endloop
  endfacet
  facet normal 0.9807852804032233 0.1950903220161641 2.1446493191429216e-19
    outer loop
      vertex 90.25622238662305 -0.4270514244191592 3.2
      vertex 90.21411597873322 -0.21536821716308507 3.2
      vertex 90.21411597873322 -0.21536821716308507 5
    endloop
  endfacet
  facet normal -0.06540312923014176 0.9978589232386036 0
    outer loop
      vertex 91.85000000000001 -1.65 3.2
      vertex 91.85000000000001 -1.65 5
      vertex 92.0653682171631 -1.6358840212667871 3.2
    endloop
  endfacet
  facet normal -0.19509032201612989 0.9807852804032301 0
    outer loop
      vertex 92.0653682171631 -1.6358840212667871 3.2
      vertex 92.0653682171631 -1.6358840212667871 5
      vertex 92.27705142441917 -1.5937776133769626 3.2
    endloop
  endfacet
  facet normal -0.3214394653031747 0.9469301294951012 0
    outer loop
      vertex 92.27705142441917 -1.5937776133769626 3.2
      vertex 92.27705142441917 -1.5937776133769626 5
      vertex 92.4814276634024 -1.524401228643623 3.2
    endloop
  endfacet
  facet normal -0.4422886902189838 0.8968727415326969 0
    outer loop
      vertex 92.4814276634024 -1.524401228643623 3.2
      vertex 92.4814276634024 -1.524401228643623 5
      vertex 92.67500000000001 -1.4289419162443235 3.2
    endloop
  endfacet
  facet normal -0.5555702330196174 0.8314696123025352 0
    outer loop
      vertex 92.67500000000001 -1.4289419162443235 3.2
      vertex 92.67500000000001 -1.4289419162443235 5
      vertex 92.8544563578644 -1.309033011480538 3.2
    endloop
  endfacet
  facet normal -0.6593458151000435 0.7518398074789995 0
    outer loop
      vertex 92.8544563578644 -1.309033011480538 3.2
      vertex 92.8544563578644 -1.309033011480538 5
      vertex 93.01672618895782 -1.1667261889578033 3.2
    endloop
  endfacet
  facet normal -0.7518398074789951 0.6593458151000487 0
    outer loop
      vertex 93.01672618895782 -1.1667261889578033 3.2
      vertex 93.01672618895782 -1.1667261889578033 5
      vertex 93.15903301148055 -1.004456357864389 3.2
    endloop
  endfacet
  facet normal -0.8314696123025366 0.5555702330196151 0
    outer loop
      vertex 93.15903301148055 -1.004456357864389 3.2
      vertex 93.15903301148055 -1.004456357864389 5
      vertex 93.27894191624434 -0.825 3.2
    endloop
  endfacet
  facet normal -0.8968727415326885 0.4422886902190009 0
    outer loop
      vertex 93.27894191624434 -0.825 3.2
      vertex 93.27894191624434 -0.825 5
      vertex 93.37440122864363 -0.6314276634023981 3.2
    endloop
  endfacet
  facet normal -0.9469301294951169 0.3214394653031283 0
    outer loop
      vertex 93.37440122864363 -0.6314276634023981 3.2
      vertex 93.37440122864363 -0.6314276634023981 5
      vertex 93.44377761337697 -0.4270514244191592 3.2
    endloop
  endfacet
  facet normal -0.9807852804032233 0.1950903220161641 0
    outer loop
      vertex 93.44377761337697 -0.4270514244191592 3.2
      vertex 93.44377761337697 -0.4270514244191592 5
      vertex 93.4858840212668 -0.21536821716308507 3.2
    endloop
  endfacet
  facet normal -0.9978589232386026 0.06540312923015629 0
    outer loop
      vertex 93.4858840212668 -0.21536821716308507 3.2
      vertex 93.4858840212668 -0.21536821716308507 5
      vertex 93.50000000000001 0 3.2
    endloop
  endfacet
  facet normal 0.5555702330196174 0.8314696123025352 0
    outer loop
      vertex 91.025 -1.4289419162443235 3.2
      vertex 90.84554364213562 -1.309033011480538 5
      vertex 91.025 -1.4289419162443235 5
    endloop
  endfacet
  facet normal 0.7518398074789951 0.6593458151000487 0
    outer loop
      vertex 90.6832738110422 -1.1667261889578033 3.2
      vertex 90.54096698851947 -1.004456357864389 5
      vertex 90.6832738110422 -1.1667261889578033 5
    endloop
  endfacet
  facet normal 0.6593458151000435 0.7518398074789995 0
    outer loop
      vertex 90.84554364213562 -1.309033011480538 3.2
      vertex 90.6832738110422 -1.1667261889578033 5
      vertex 90.84554364213562 -1.309033011480538 5
    endloop
  endfacet
  facet normal 0.3214394653031747 0.9469301294951012 0
    outer loop
      vertex 91.42294857558085 -1.5937776133769626 3.2
      vertex 91.21857233659762 -1.524401228643623 5
      vertex 91.42294857558085 -1.5937776133769626 5
    endloop
  endfacet
  facet normal 0.19509032201612989 0.9807852804032301 0
    outer loop
      vertex 91.63463178283692 -1.6358840212667871 3.2
      vertex 91.42294857558085 -1.5937776133769626 5
      vertex 91.63463178283692 -1.6358840212667871 5
    endloop
  endfacet
  facet normal 0.4422886902189838 0.8968727415326969 0
    outer loop
      vertex 91.21857233659762 -1.524401228643623 3.2
      vertex 91.025 -1.4289419162443235 5
      vertex 91.21857233659762 -1.524401228643623 5
    endloop
  endfacet
  facet normal 0.8314696123025366 0.5555702330196151 0
    outer loop
      vertex 90.54096698851947 -1.004456357864389 3.2
      vertex 90.42105808375568 -0.825 5
      vertex 90.54096698851947 -1.004456357864389 5
    endloop
  endfacet
  facet normal 0.8968727415326885 0.4422886902190009 0
    outer loop
      vertex 90.42105808375568 -0.825 3.2
      vertex 90.32559877135638 -0.6314276634023981 5
      vertex 90.42105808375568 -0.825 5
    endloop
  endfacet
  facet normal 0.9469301294951169 0.3214394653031283 0
    outer loop
      vertex 90.32559877135638 -0.6314276634023981 3.2
      vertex 90.25622238662305 -0.4270514244191592 5
      vertex 90.32559877135638 -0.6314276634023981 5
    endloop
  endfacet
  facet normal 0.9807852804032233 0.1950903220161641 0
    outer loop
      vertex 90.25622238662305 -0.4270514244191592 3.2
      vertex 90.21411597873322 -0.21536821716308507 5
      vertex 90.25622238662305 -0.4270514244191592 5
    endloop
  endfacet
  facet normal 0.9978589232386026 0.06540312923015629 0
    outer loop
      vertex 90.21411597873322 -0.21536821716308507 3.2
      vertex 90.2 0 5
      vertex 90.21411597873322 -0.21536821716308507 5
    endloop
  endfacet
  facet normal 0.06540312923014176 0.9978589232386036 0
    outer loop
      vertex 91.85000000000001 -1.65 3.2
      vertex 91.63463178283692 -1.6358840212667871 5
      vertex 91.85000000000001 -1.65 5
    endloop
  endfacet
  facet normal -0.06540312923014176 0.9978589232386036 0
    outer loop
      vertex 92.0653682171631 -1.6358840212667871 3.2
      vertex 91.85000000000001 -1.65 5
      vertex 92.0653682171631 -1.6358840212667871 5
    endloop
  endfacet
  facet normal -0.19509032201612989 0.9807852804032301 0
    outer loop
      vertex 92.27705142441917 -1.5937776133769626 3.2
      vertex 92.0653682171631 -1.6358840212667871 5
      vertex 92.27705142441917 -1.5937776133769626 5
    endloop
  endfacet
  facet normal -0.3214394653031747 0.9469301294951012 0
    outer loop
      vertex 92.4814276634024 -1.524401228643623 3.2
      vertex 92.27705142441917 -1.5937776133769626 5
      vertex 92.4814276634024 -1.524401228643623 5
    endloop
  endfacet
  facet normal -0.4422886902189838 0.8968727415326969 0
    outer loop
      vertex 92.67500000000001 -1.4289419162443235 3.2
      vertex 92.4814276634024 -1.524401228643623 5
      vertex 92.67500000000001 -1.4289419162443235 5
    endloop
  endfacet
  facet normal -0.5555702330196174 0.8314696123025352 0
    outer loop
      vertex 92.8544563578644 -1.309033011480538 3.2
      vertex 92.67500000000001 -1.4289419162443235 5
      vertex 92.8544563578644 -1.309033011480538 5
    endloop
  endfacet
  facet normal -0.6593458151000435 0.7518398074789995 0
    outer loop
      vertex 93.01672618895782 -1.1667261889578033 3.2
      vertex 92.8544563578644 -1.309033011480538 5
      vertex 93.01672618895782 -1.1667261889578033 5
    endloop
  endfacet
  facet normal -0.7518398074789951 0.6593458151000487 0
    outer loop
      vertex 93.15903301148055 -1.004456357864389 3.2
      vertex 93.01672618895782 -1.1667261889578033 5
      vertex 93.15903301148055 -1.004456357864389 5
    endloop
  endfacet
  facet normal -0.8314696123025366 0.5555702330196151 0
    outer loop
      vertex 93.27894191624434 -0.825 3.2
      vertex 93.15903301148055 -1.004456357864389 5
      vertex 93.27894191624434 -0.825 5
    endloop
  endfacet
  facet normal -0.8968727415326885 0.4422886902190009 0
    outer loop
      vertex 93.37440122864363 -0.6314276634023981 3.2
      vertex 93.27894191624434 -0.825 5
      vertex 93.37440122864363 -0.6314276634023981 5
    endloop
  endfacet
  facet normal -0.9469301294951169 0.3214394653031283 0
    outer loop
      vertex 93.44377761337697 -0.4270514244191592 3.2
      vertex 93.37440122864363 -0.6314276634023981 5
      vertex 93.44377761337697 -0.4270514244191592 5
    endloop
  endfacet
  facet normal -0.9807852804032233 0.1950903220161641 0
    outer loop
      vertex 93.4858840212668 -0.21536821716308507 3.2
      vertex 93.44377761337697 -0.4270514244191592 5
      vertex 93.4858840212668 -0.21536821716308507 5
    endloop
  endfacet
  facet normal -0.9978589232386026 0.06540312923015629 0
    outer loop
      vertex 93.50000000000001 0 3.2
      vertex 93.4858840212668 -0.21536821716308507 5
      vertex 93.50000000000001 0 5
    endloop
  endfacet
  facet normal 0.9978589232386026 -0.06540312923015629 -3.081117316347833e-19
    outer loop
      vertex 90.2 0 3.2
      vertex 90.21411597873322 0.21536821716308507 3.2
      vertex 90.21411597873322 0.21536821716308507 5
    endloop
  endfacet
  facet normal 0.9807852804032233 -0.1950903220161641 -2.1446493191429216e-19
    outer loop
      vertex 90.21411597873322 0.21536821716308507 3.2
      vertex 90.25622238662305 0.4270514244191592 3.2
      vertex 90.25622238662305 0.4270514244191592 5
    endloop
  endfacet
  facet normal 0.9469301294951169 -0.3214394653031283 3.074557385641834e-19
    outer loop
      vertex 90.25622238662305 0.4270514244191592 3.2
      vertex 90.32559877135638 0.6314276634023981 3.2
      vertex 90.32559877135638 0.6314276634023981 5
    endloop
  endfacet
  facet normal 0.8968727415326885 -0.4422886902190009 1.601858718441296e-18
    outer loop
      vertex 90.32559877135638 0.6314276634023981 3.2
      vertex 90.42105808375568 0.825 3.2
      vertex 90.42105808375568 0.825 5
    endloop
  endfacet
  facet normal 0.8314696123025366 -0.5555702330196151 -3.8778235701222345e-18
    outer loop
      vertex 90.42105808375568 0.825 3.2
      vertex 90.54096698851947 1.004456357864389 3.2
      vertex 90.54096698851947 1.004456357864389 5
    endloop
  endfacet
  facet normal 0.7518398074789951 -0.6593458151000487 3.99302841734038e-18
    outer loop
      vertex 90.54096698851947 1.004456357864389 3.2
      vertex 90.6832738110422 1.1667261889578033 3.2
      vertex 90.6832738110422 1.1667261889578033 5
    endloop
  endfacet
  facet normal 0.6593458151000435 -0.7518398074789995 2.7986086459337127e-18
    outer loop
      vertex 90.6832738110422 1.1667261889578033 3.2
      vertex 90.84554364213562 1.309033011480538 3.2
      vertex 90.84554364213562 1.309033011480538 5
    endloop
  endfacet
  facet normal 0.5555702330196174 -0.8314696123025352 8.86253163056738e-19
    outer loop
      vertex 90.84554364213562 1.309033011480538 3.2
      vertex 91.025 1.4289419162443235 3.2
      vertex 91.025 1.4289419162443235 5
    endloop
  endfacet
  facet normal 0.4422886902189838 -0.8968727415326969 3.406293283978706e-18
    outer loop
      vertex 91.025 1.4289419162443235 3.2
      vertex 91.21857233659762 1.524401228643623 3.2
      vertex 91.21857233659762 1.524401228643623 5
    endloop
  endfacet
  facet normal 0.3214394653031747 -0.9469301294951012 -5.93340850606541e-19
    outer loop
      vertex 91.21857233659762 1.524401228643623 3.2
      vertex 91.42294857558085 1.5937776133769626 3.2
      vertex 91.42294857558085 1.5937776133769626 5
    endloop
  endfacet
  facet normal 0.19509032201612989 -0.9807852804032301 -9.448026438804808e-19
    outer loop
      vertex 91.42294857558085 1.5937776133769626 3.2
      vertex 91.63463178283692 1.6358840212667871 3.2
      vertex 91.63463178283692 1.6358840212667871 5
    endloop
  endfacet
  facet normal -0.8314696123025366 -0.5555702330196151 0
    outer loop
      vertex 93.27894191624434 0.825 3.2
      vertex 93.27894191624434 0.825 5
      vertex 93.15903301148055 1.004456357864389 3.2
    endloop
  endfacet
  facet normal -0.3214394653031747 -0.9469301294951012 5.93340850606541e-19
    outer loop
      vertex 92.27705142441917 1.5937776133769626 3.2
      vertex 92.4814276634024 1.524401228643623 3.2
      vertex 92.4814276634024 1.524401228643623 5
    endloop
  endfacet
  facet normal 0.06540312923014176 -0.9978589232386036 3.6391495747866613e-19
    outer loop
      vertex 91.63463178283692 1.6358840212667871 3.2
      vertex 91.85000000000001 1.65 3.2
      vertex 91.85000000000001 1.65 5
    endloop
  endfacet
  facet normal -0.06540312923014176 -0.9978589232386036 -3.6391495747866613e-19
    outer loop
      vertex 91.85000000000001 1.65 3.2
      vertex 92.0653682171631 1.6358840212667871 3.2
      vertex 92.0653682171631 1.6358840212667871 5
    endloop
  endfacet
  facet normal -0.19509032201612989 -0.9807852804032301 9.448026438804808e-19
    outer loop
      vertex 92.0653682171631 1.6358840212667871 3.2
      vertex 92.27705142441917 1.5937776133769626 3.2
      vertex 92.27705142441917 1.5937776133769626 5
    endloop
  endfacet
  facet normal -0.4422886902189838 -0.8968727415326969 0
    outer loop
      vertex 92.67500000000001 1.4289419162443235 3.2
      vertex 92.67500000000001 1.4289419162443235 5
      vertex 92.4814276634024 1.524401228643623 3.2
    endloop
  endfacet
  facet normal -0.5555702330196174 -0.8314696123025352 -8.86253163056738e-19
    outer loop
      vertex 92.67500000000001 1.4289419162443235 3.2
      vertex 92.8544563578644 1.309033011480538 3.2
      vertex 92.8544563578644 1.309033011480538 5
    endloop
  endfacet
  facet normal -0.6593458151000435 -0.7518398074789995 0
    outer loop
      vertex 93.01672618895782 1.1667261889578033 3.2
      vertex 93.01672618895782 1.1667261889578033 5
      vertex 92.8544563578644 1.309033011480538 3.2
    endloop
  endfacet
  facet normal -0.7518398074789951 -0.6593458151000487 -3.99302841734038e-18
    outer loop
      vertex 93.01672618895782 1.1667261889578033 3.2
      vertex 93.15903301148055 1.004456357864389 3.2
      vertex 93.15903301148055 1.004456357864389 5
    endloop
  endfacet
  facet normal -0.9978589232386026 -0.06540312923015629 0
    outer loop
      vertex 93.50000000000001 0 3.2
      vertex 93.50000000000001 0 5
      vertex 93.4858840212668 0.21536821716308507 3.2
    endloop
  endfacet
  facet normal -0.9469301294951169 -0.3214394653031283 0
    outer loop
      vertex 93.44377761337697 0.4270514244191592 3.2
      vertex 93.44377761337697 0.4270514244191592 5
      vertex 93.37440122864363 0.6314276634023981 3.2
    endloop
  endfacet
  facet normal -0.9807852804032233 -0.1950903220161641 2.1446493191429216e-19
    outer loop
      vertex 93.44377761337697 0.4270514244191592 3.2
      vertex 93.4858840212668 0.21536821716308507 3.2
      vertex 93.4858840212668 0.21536821716308507 5
    endloop
  endfacet
  facet normal -0.8968727415326885 -0.4422886902190009 0
    outer loop
      vertex 93.37440122864363 0.6314276634023981 3.2
      vertex 93.37440122864363 0.6314276634023981 5
      vertex 93.27894191624434 0.825 3.2
    endloop
  endfacet
  facet normal 0.9978589232386026 -0.06540312923015629 0
    outer loop
      vertex 90.2 0 3.2
      vertex 90.21411597873322 0.21536821716308507 5
      vertex 90.2 0 5
    endloop
  endfacet
  facet normal 0.9807852804032233 -0.1950903220161641 0
    outer loop
      vertex 90.21411597873322 0.21536821716308507 3.2
      vertex 90.25622238662305 0.4270514244191592 5
      vertex 90.21411597873322 0.21536821716308507 5
    endloop
  endfacet
  facet normal 0.9469301294951169 -0.3214394653031283 0
    outer loop
      vertex 90.25622238662305 0.4270514244191592 3.2
      vertex 90.32559877135638 0.6314276634023981 5
      vertex 90.25622238662305 0.4270514244191592 5
    endloop
  endfacet
  facet normal 0.8968727415326885 -0.4422886902190009 0
    outer loop
      vertex 90.32559877135638 0.6314276634023981 3.2
      vertex 90.42105808375568 0.825 5
      vertex 90.32559877135638 0.6314276634023981 5
    endloop
  endfacet
  facet normal 0.8314696123025366 -0.5555702330196151 0
    outer loop
      vertex 90.42105808375568 0.825 3.2
      vertex 90.54096698851947 1.004456357864389 5
      vertex 90.42105808375568 0.825 5
    endloop
  endfacet
  facet normal 0.7518398074789951 -0.6593458151000487 0
    outer loop
      vertex 90.54096698851947 1.004456357864389 3.2
      vertex 90.6832738110422 1.1667261889578033 5
      vertex 90.54096698851947 1.004456357864389 5
    endloop
  endfacet
  facet normal 0.6593458151000435 -0.7518398074789995 0
    outer loop
      vertex 90.6832738110422 1.1667261889578033 3.2
      vertex 90.84554364213562 1.309033011480538 5
      vertex 90.6832738110422 1.1667261889578033 5
    endloop
  endfacet
  facet normal 0.5555702330196174 -0.8314696123025352 0
    outer loop
      vertex 90.84554364213562 1.309033011480538 3.2
      vertex 91.025 1.4289419162443235 5
      vertex 90.84554364213562 1.309033011480538 5
    endloop
  endfacet
  facet normal 0.4422886902189838 -0.8968727415326969 0
    outer loop
      vertex 91.025 1.4289419162443235 3.2
      vertex 91.21857233659762 1.524401228643623 5
      vertex 91.025 1.4289419162443235 5
    endloop
  endfacet
  facet normal 0.3214394653031747 -0.9469301294951012 0
    outer loop
      vertex 91.21857233659762 1.524401228643623 3.2
      vertex 91.42294857558085 1.5937776133769626 5
      vertex 91.21857233659762 1.524401228643623 5
    endloop
  endfacet
  facet normal 0.19509032201612989 -0.9807852804032301 0
    outer loop
      vertex 91.42294857558085 1.5937776133769626 3.2
      vertex 91.63463178283692 1.6358840212667871 5
      vertex 91.42294857558085 1.5937776133769626 5
    endloop
  endfacet
  facet normal 0.06540312923014176 -0.9978589232386036 0
    outer loop
      vertex 91.63463178283692 1.6358840212667871 3.2
      vertex 91.85000000000001 1.65 5
      vertex 91.63463178283692 1.6358840212667871 5
    endloop
  endfacet
  facet normal -0.8314696123025366 -0.5555702330196151 0
    outer loop
      vertex 93.15903301148055 1.004456357864389 3.2
      vertex 93.27894191624434 0.825 5
      vertex 93.15903301148055 1.004456357864389 5
    endloop
  endfacet
  facet normal -0.06540312923014176 -0.9978589232386036 0
    outer loop
      vertex 91.85000000000001 1.65 3.2
      vertex 92.0653682171631 1.6358840212667871 5
      vertex 91.85000000000001 1.65 5
    endloop
  endfacet
  facet normal -0.19509032201612989 -0.9807852804032301 0
    outer loop
      vertex 92.0653682171631 1.6358840212667871 3.2
      vertex 92.27705142441917 1.5937776133769626 5
      vertex 92.0653682171631 1.6358840212667871 5
    endloop
  endfacet
  facet normal -0.3214394653031747 -0.9469301294951012 0
    outer loop
      vertex 92.27705142441917 1.5937776133769626 3.2
      vertex 92.4814276634024 1.524401228643623 5
      vertex 92.27705142441917 1.5937776133769626 5
    endloop
  endfacet
  facet normal -0.4422886902189838 -0.8968727415326969 0
    outer loop
      vertex 92.4814276634024 1.524401228643623 3.2
      vertex 92.67500000000001 1.4289419162443235 5
      vertex 92.4814276634024 1.524401228643623 5
    endloop
  endfacet
  facet normal -0.5555702330196174 -0.8314696123025352 0
    outer loop
      vertex 92.67500000000001 1.4289419162443235 3.2
      vertex 92.8544563578644 1.309033011480538 5
      vertex 92.67500000000001 1.4289419162443235 5
    endloop
  endfacet
  facet normal -0.7518398074789951 -0.6593458151000487 0
    outer loop
      vertex 93.01672618895782 1.1667261889578033 3.2
      vertex 93.15903301148055 1.004456357864389 5
      vertex 93.01672618895782 1.1667261889578033 5
    endloop
  endfacet
  facet normal -0.6593458151000435 -0.7518398074789995 0
    outer loop
      vertex 92.8544563578644 1.309033011480538 3.2
      vertex 93.01672618895782 1.1667261889578033 5
      vertex 92.8544563578644 1.309033011480538 5
    endloop
  endfacet
  facet normal -0.9978589232386026 -0.06540312923015629 0
    outer loop
      vertex 93.4858840212668 0.21536821716308507 3.2
      vertex 93.50000000000001 0 5
      vertex 93.4858840212668 0.21536821716308507 5
    endloop
  endfacet
  facet normal -0.9807852804032233 -0.1950903220161641 0
    outer loop
      vertex 93.44377761337697 0.4270514244191592 3.2
      vertex 93.4858840212668 0.21536821716308507 5
      vertex 93.44377761337697 0.4270514244191592 5
    endloop
  endfacet
  facet normal -0.9469301294951169 -0.3214394653031283 0
    outer loop
      vertex 93.37440122864363 0.6314276634023981 3.2
      vertex 93.44377761337697 0.4270514244191592 5
      vertex 93.37440122864363 0.6314276634023981 5
    endloop
  endfacet
  facet normal -0.8968727415326885 -0.4422886902190009 0
    outer loop
      vertex 93.27894191624434 0.825 3.2
      vertex 93.37440122864363 0.6314276634023981 5
      vertex 93.27894191624434 0.825 5
    endloop
  endfacet
  facet normal 0.8968727415326909 0.4422886902189961 0
    outer loop
      vertex -93.37440122864363 -61.031427663402404 3.2
      vertex -93.37440122864363 -61.031427663402404 5
      vertex -93.27894191624434 -61.22500000000001 3.2
    endloop
  endfacet
  facet normal 0.9469301294951159 0.32143946530313144 -1.1925902565004868e-18
    outer loop
      vertex -93.37440122864363 -61.031427663402404 3.2
      vertex -93.44377761337697 -60.82705142441917 3.2
      vertex -93.44377761337697 -60.82705142441917 5
    endloop
  endfacet
  facet normal 0.9807852804032244 0.1950903220161592 0
    outer loop
      vertex -93.4858840212668 -60.61536821716309 3.2
      vertex -93.4858840212668 -60.61536821716309 5
      vertex -93.44377761337697 -60.82705142441917 3.2
    endloop
  endfacet
  facet normal 0.9978589232386026 0.06540312923015723 5.127712748463291e-19
    outer loop
      vertex -93.4858840212668 -60.61536821716309 3.2
      vertex -93.50000000000001 -60.400000000000006 3.2
      vertex -93.50000000000001 -60.400000000000006 5
    endloop
  endfacet
  facet normal 0.9978589232386026 -0.06540312923015723 -5.127712748463291e-19
    outer loop
      vertex -93.50000000000001 -60.400000000000006 3.2
      vertex -93.4858840212668 -60.184631782836924 3.2
      vertex -93.4858840212668 -60.184631782836924 5
    endloop
  endfacet
  facet normal 0.5555702330196308 0.8314696123025263 0
    outer loop
      vertex -92.8544563578644 -61.70903301148054 3.2
      vertex -92.8544563578644 -61.70903301148054 5
      vertex -92.67500000000001 -61.82894191624433 3.2
    endloop
  endfacet
  facet normal 0.442288690218983 0.8968727415326972 0
    outer loop
      vertex -92.67500000000001 -61.82894191624433 3.2
      vertex -92.67500000000001 -61.82894191624433 5
      vertex -92.4814276634024 -61.92440122864363 3.2
    endloop
  endfacet
  facet normal 0.6593458151000418 0.7518398074790011 0
    outer loop
      vertex -93.01672618895782 -61.56672618895781 3.2
      vertex -93.01672618895782 -61.56672618895781 5
      vertex -92.8544563578644 -61.70903301148054 3.2
    endloop
  endfacet
  facet normal 0.7518398074789888 0.659345815100056 5.339527830140625e-19
    outer loop
      vertex -93.01672618895782 -61.56672618895781 3.2
      vertex -93.15903301148055 -61.4044563578644 3.2
      vertex -93.15903301148055 -61.4044563578644 5
    endloop
  endfacet
  facet normal 0.8314696123025364 0.5555702330196157 9.68001229314719e-19
    outer loop
      vertex -93.15903301148055 -61.4044563578644 3.2
      vertex -93.27894191624434 -61.22500000000001 3.2
      vertex -93.27894191624434 -61.22500000000001 5
    endloop
  endfacet
  facet normal 0.19509032201613385 0.9807852804032293 -7.60037303319237e-19
    outer loop
      vertex -92.0653682171631 -62.035884021266796 3.2
      vertex -92.27705142441917 -61.99377761337697 3.2
      vertex -92.27705142441917 -61.99377761337697 5
    endloop
  endfacet
  facet normal 0.32143946530317097 0.9469301294951025 0
    outer loop
      vertex -92.4814276634024 -61.92440122864363 3.2
      vertex -92.4814276634024 -61.92440122864363 5
      vertex -92.27705142441917 -61.99377761337697 3.2
    endloop
  endfacet
  facet normal 0.06540312923012229 0.9978589232386048 0
    outer loop
      vertex -92.0653682171631 -62.035884021266796 3.2
      vertex -92.0653682171631 -62.035884021266796 5
      vertex -91.85000000000001 -62.050000000000004 3.2
    endloop
  endfacet
  facet normal -0.06540312923012229 0.9978589232386048 0
    outer loop
      vertex -91.85000000000001 -62.050000000000004 3.2
      vertex -91.85000000000001 -62.050000000000004 5
      vertex -91.63463178283692 -62.035884021266796 3.2
    endloop
  endfacet
  facet normal 0.9807852804032244 -0.1950903220161592 -1.3731725521831715e-18
    outer loop
      vertex -93.4858840212668 -60.184631782836924 3.2
      vertex -93.44377761337697 -59.972948575580844 3.2
      vertex -93.44377761337697 -59.972948575580844 5
    endloop
  endfacet
  facet normal 0.9469301294951159 -0.32143946530313144 1.1925902565004868e-18
    outer loop
      vertex -93.44377761337697 -59.972948575580844 3.2
      vertex -93.37440122864363 -59.76857233659761 3.2
      vertex -93.37440122864363 -59.76857233659761 5
    endloop
  endfacet
  facet normal 0.8968727415326909 -0.4422886902189961 4.394886573538253e-18
    outer loop
      vertex -93.37440122864363 -59.76857233659761 3.2
      vertex -93.27894191624434 -59.575 3.2
      vertex -93.27894191624434 -59.575 5
    endloop
  endfacet
  facet normal 0.8314696123025364 -0.5555702330196157 -9.68001229314719e-19
    outer loop
      vertex -93.27894191624434 -59.575 3.2
      vertex -93.15903301148055 -59.395543642135614 3.2
      vertex -93.15903301148055 -59.395543642135614 5
    endloop
  endfacet
  facet normal 0.7518398074789888 -0.659345815100056 -5.339527830140625e-19
    outer loop
      vertex -93.15903301148055 -59.395543642135614 3.2
      vertex -93.01672618895782 -59.2332738110422 3.2
      vertex -93.01672618895782 -59.2332738110422 5
    endloop
  endfacet
  facet normal 0.6593458151000418 -0.7518398074790011 1.407170731924744e-18
    outer loop
      vertex -93.01672618895782 -59.2332738110422 3.2
      vertex -92.8544563578644 -59.09096698851947 3.2
      vertex -92.8544563578644 -59.09096698851947 5
    endloop
  endfacet
  facet normal 0.5555702330196308 -0.8314696123025263 2.8414156818025693e-18
    outer loop
      vertex -92.8544563578644 -59.09096698851947 3.2
      vertex -92.67500000000001 -58.97105808375568 3.2
      vertex -92.67500000000001 -58.97105808375568 5
    endloop
  endfacet
  facet normal 0.442288690218983 -0.8968727415326972 -6.435887883291752e-20
    outer loop
      vertex -92.67500000000001 -58.97105808375568 3.2
      vertex -92.4814276634024 -58.87559877135638 3.2
      vertex -92.4814276634024 -58.87559877135638 5
    endloop
  endfacet
  facet normal 0.32143946530317097 -0.9469301294951025 1.01131474316272e-18
    outer loop
      vertex -92.4814276634024 -58.87559877135638 3.2
      vertex -92.27705142441917 -58.80622238662304 3.2
      vertex -92.27705142441917 -58.80622238662304 5
    endloop
  endfacet
  facet normal 0.19509032201613385 -0.9807852804032293 7.60037303319237e-19
    outer loop
      vertex -92.27705142441917 -58.80622238662304 3.2
      vertex -92.0653682171631 -58.764115978733216 3.2
      vertex -92.0653682171631 -58.764115978733216 5
    endloop
  endfacet
  facet normal 0.06540312923012229 -0.9978589232386048 2.5003272359670717e-19
    outer loop
      vertex -92.0653682171631 -58.764115978733216 3.2
      vertex -91.85000000000001 -58.75000000000001 3.2
      vertex -91.85000000000001 -58.75000000000001 5
    endloop
  endfacet
  facet normal -0.19509032201613385 0.9807852804032293 0
    outer loop
      vertex -91.63463178283692 -62.035884021266796 3.2
      vertex -91.63463178283692 -62.035884021266796 5
      vertex -91.42294857558085 -61.99377761337697 3.2
    endloop
  endfacet
  facet normal -0.32143946530317097 0.9469301294951025 0
    outer loop
      vertex -91.42294857558085 -61.99377761337697 3.2
      vertex -91.42294857558085 -61.99377761337697 5
      vertex -91.21857233659762 -61.92440122864363 3.2
    endloop
  endfacet
  facet normal -0.442288690218983 0.8968727415326972 0
    outer loop
      vertex -91.21857233659762 -61.92440122864363 3.2
      vertex -91.21857233659762 -61.92440122864363 5
      vertex -91.025 -61.82894191624433 3.2
    endloop
  endfacet
  facet normal -0.5555702330196308 0.8314696123025263 0
    outer loop
      vertex -91.025 -61.82894191624433 3.2
      vertex -91.025 -61.82894191624433 5
      vertex -90.84554364213562 -61.70903301148054 3.2
    endloop
  endfacet
  facet normal -0.6593458151000418 0.7518398074790011 0
    outer loop
      vertex -90.84554364213562 -61.70903301148054 3.2
      vertex -90.84554364213562 -61.70903301148054 5
      vertex -90.6832738110422 -61.56672618895781 3.2
    endloop
  endfacet
  facet normal -0.7518398074789888 0.659345815100056 0
    outer loop
      vertex -90.6832738110422 -61.56672618895781 3.2
      vertex -90.6832738110422 -61.56672618895781 5
      vertex -90.54096698851947 -61.4044563578644 3.2
    endloop
  endfacet
  facet normal -0.8314696123025364 0.5555702330196157 0
    outer loop
      vertex -90.54096698851947 -61.4044563578644 3.2
      vertex -90.54096698851947 -61.4044563578644 5
      vertex -90.42105808375568 -61.22500000000001 3.2
    endloop
  endfacet
  facet normal -0.8968727415326909 0.4422886902189961 0
    outer loop
      vertex -90.42105808375568 -61.22500000000001 3.2
      vertex -90.42105808375568 -61.22500000000001 5
      vertex -90.32559877135638 -61.031427663402404 3.2
    endloop
  endfacet
  facet normal -0.9469301294951159 0.32143946530313144 0
    outer loop
      vertex -90.32559877135638 -61.031427663402404 3.2
      vertex -90.32559877135638 -61.031427663402404 5
      vertex -90.25622238662305 -60.82705142441917 3.2
    endloop
  endfacet
  facet normal -0.9807852804032244 0.1950903220161592 0
    outer loop
      vertex -90.25622238662305 -60.82705142441917 3.2
      vertex -90.25622238662305 -60.82705142441917 5
      vertex -90.21411597873322 -60.61536821716309 3.2
    endloop
  endfacet
  facet normal -0.9978589232386026 0.06540312923015723 0
    outer loop
      vertex -90.21411597873322 -60.61536821716309 3.2
      vertex -90.21411597873322 -60.61536821716309 5
      vertex -90.2 -60.400000000000006 3.2
    endloop
  endfacet
  facet normal -0.9978589232386026 -0.06540312923015723 0
    outer loop
      vertex -90.2 -60.400000000000006 3.2
      vertex -90.2 -60.400000000000006 5
      vertex -90.21411597873322 -60.184631782836924 3.2
    endloop
  endfacet
  facet normal -0.9807852804032244 -0.1950903220161592 0
    outer loop
      vertex -90.21411597873322 -60.184631782836924 3.2
      vertex -90.21411597873322 -60.184631782836924 5
      vertex -90.25622238662305 -59.972948575580844 3.2
    endloop
  endfacet
  facet normal -0.9469301294951159 -0.32143946530313144 0
    outer loop
      vertex -90.25622238662305 -59.972948575580844 3.2
      vertex -90.25622238662305 -59.972948575580844 5
      vertex -90.32559877135638 -59.76857233659761 3.2
    endloop
  endfacet
  facet normal -0.8968727415326909 -0.4422886902189961 0
    outer loop
      vertex -90.32559877135638 -59.76857233659761 3.2
      vertex -90.32559877135638 -59.76857233659761 5
      vertex -90.42105808375568 -59.575 3.2
    endloop
  endfacet
  facet normal -0.7518398074789888 -0.659345815100056 0
    outer loop
      vertex -90.54096698851947 -59.395543642135614 3.2
      vertex -90.54096698851947 -59.395543642135614 5
      vertex -90.6832738110422 -59.2332738110422 3.2
    endloop
  endfacet
  facet normal -0.6593458151000418 -0.7518398074790011 -1.407170731924744e-18
    outer loop
      vertex -90.84554364213562 -59.09096698851947 3.2
      vertex -90.6832738110422 -59.2332738110422 3.2
      vertex -90.6832738110422 -59.2332738110422 5
    endloop
  endfacet
  facet normal -0.8314696123025364 -0.5555702330196157 0
    outer loop
      vertex -90.42105808375568 -59.575 3.2
      vertex -90.42105808375568 -59.575 5
      vertex -90.54096698851947 -59.395543642135614 3.2
    endloop
  endfacet
  facet normal -0.06540312923012229 -0.9978589232386048 -2.5003272359670717e-19
    outer loop
      vertex -91.85000000000001 -58.75000000000001 3.2
      vertex -91.63463178283692 -58.764115978733216 3.2
      vertex -91.63463178283692 -58.764115978733216 5
    endloop
  endfacet
  facet normal -0.19509032201613385 -0.9807852804032293 -7.60037303319237e-19
    outer loop
      vertex -91.63463178283692 -58.764115978733216 3.2
      vertex -91.42294857558085 -58.80622238662304 3.2
      vertex -91.42294857558085 -58.80622238662304 5
    endloop
  endfacet
  facet normal -0.442288690218983 -0.8968727415326972 6.435887883291752e-20
    outer loop
      vertex -91.21857233659762 -58.87559877135638 3.2
      vertex -91.025 -58.97105808375568 3.2
      vertex -91.025 -58.97105808375568 5
    endloop
  endfacet
  facet normal -0.32143946530317097 -0.9469301294951025 -1.01131474316272e-18
    outer loop
      vertex -91.42294857558085 -58.80622238662304 3.2
      vertex -91.21857233659762 -58.87559877135638 3.2
      vertex -91.21857233659762 -58.87559877135638 5
    endloop
  endfacet
  facet normal -0.5555702330196308 -0.8314696123025263 0
    outer loop
      vertex -90.84554364213562 -59.09096698851947 3.2
      vertex -90.84554364213562 -59.09096698851947 5
      vertex -91.025 -58.97105808375568 3.2
    endloop
  endfacet
  facet normal 0.8968727415326909 0.4422886902189961 0
    outer loop
      vertex -93.27894191624434 -61.22500000000001 3.2
      vertex -93.37440122864363 -61.031427663402404 5
      vertex -93.27894191624434 -61.22500000000001 5
    endloop
  endfacet
  facet normal 0.9469301294951159 0.32143946530313144 0
    outer loop
      vertex -93.37440122864363 -61.031427663402404 3.2
      vertex -93.44377761337697 -60.82705142441917 5
      vertex -93.37440122864363 -61.031427663402404 5
    endloop
  endfacet
  facet normal 0.9807852804032244 0.1950903220161592 0
    outer loop
      vertex -93.44377761337697 -60.82705142441917 3.2
      vertex -93.4858840212668 -60.61536821716309 5
      vertex -93.44377761337697 -60.82705142441917 5
    endloop
  endfacet
  facet normal 0.9978589232386026 0.06540312923015723 0
    outer loop
      vertex -93.4858840212668 -60.61536821716309 3.2
      vertex -93.50000000000001 -60.400000000000006 5
      vertex -93.4858840212668 -60.61536821716309 5
    endloop
  endfacet
  facet normal 0.9978589232386026 -0.06540312923015723 0
    outer loop
      vertex -93.50000000000001 -60.400000000000006 3.2
      vertex -93.4858840212668 -60.184631782836924 5
      vertex -93.50000000000001 -60.400000000000006 5
    endloop
  endfacet
  facet normal 0.5555702330196308 0.8314696123025263 0
    outer loop
      vertex -92.67500000000001 -61.82894191624433 3.2
      vertex -92.8544563578644 -61.70903301148054 5
      vertex -92.67500000000001 -61.82894191624433 5
    endloop
  endfacet
  facet normal 0.442288690218983 0.8968727415326972 0
    outer loop
      vertex -92.4814276634024 -61.92440122864363 3.2
      vertex -92.67500000000001 -61.82894191624433 5
      vertex -92.4814276634024 -61.92440122864363 5
    endloop
  endfacet
  facet normal 0.6593458151000418 0.7518398074790011 0
    outer loop
      vertex -92.8544563578644 -61.70903301148054 3.2
      vertex -93.01672618895782 -61.56672618895781 5
      vertex -92.8544563578644 -61.70903301148054 5
    endloop
  endfacet
  facet normal 0.7518398074789888 0.659345815100056 0
    outer loop
      vertex -93.01672618895782 -61.56672618895781 3.2
      vertex -93.15903301148055 -61.4044563578644 5
      vertex -93.01672618895782 -61.56672618895781 5
    endloop
  endfacet
  facet normal 0.8314696123025364 0.5555702330196157 0
    outer loop
      vertex -93.15903301148055 -61.4044563578644 3.2
      vertex -93.27894191624434 -61.22500000000001 5
      vertex -93.15903301148055 -61.4044563578644 5
    endloop
  endfacet
  facet normal 0.19509032201613385 0.9807852804032293 0
    outer loop
      vertex -92.0653682171631 -62.035884021266796 3.2
      vertex -92.27705142441917 -61.99377761337697 5
      vertex -92.0653682171631 -62.035884021266796 5
    endloop
  endfacet
  facet normal 0.32143946530317097 0.9469301294951025 0
    outer loop
      vertex -92.27705142441917 -61.99377761337697 3.2
      vertex -92.4814276634024 -61.92440122864363 5
      vertex -92.27705142441917 -61.99377761337697 5
    endloop
  endfacet
  facet normal 0.06540312923012229 0.9978589232386048 0
    outer loop
      vertex -91.85000000000001 -62.050000000000004 3.2
      vertex -92.0653682171631 -62.035884021266796 5
      vertex -91.85000000000001 -62.050000000000004 5
    endloop
  endfacet
  facet normal 0.9807852804032244 -0.1950903220161592 0
    outer loop
      vertex -93.4858840212668 -60.184631782836924 3.2
      vertex -93.44377761337697 -59.972948575580844 5
      vertex -93.4858840212668 -60.184631782836924 5
    endloop
  endfacet
  facet normal 0.9469301294951159 -0.32143946530313144 0
    outer loop
      vertex -93.44377761337697 -59.972948575580844 3.2
      vertex -93.37440122864363 -59.76857233659761 5
      vertex -93.44377761337697 -59.972948575580844 5
    endloop
  endfacet
  facet normal 0.8968727415326909 -0.4422886902189961 0
    outer loop
      vertex -93.37440122864363 -59.76857233659761 3.2
      vertex -93.27894191624434 -59.575 5
      vertex -93.37440122864363 -59.76857233659761 5
    endloop
  endfacet
  facet normal 0.8314696123025364 -0.5555702330196157 0
    outer loop
      vertex -93.27894191624434 -59.575 3.2
      vertex -93.15903301148055 -59.395543642135614 5
      vertex -93.27894191624434 -59.575 5
    endloop
  endfacet
  facet normal 0.7518398074789888 -0.659345815100056 0
    outer loop
      vertex -93.15903301148055 -59.395543642135614 3.2
      vertex -93.01672618895782 -59.2332738110422 5
      vertex -93.15903301148055 -59.395543642135614 5
    endloop
  endfacet
  facet normal 0.6593458151000418 -0.7518398074790011 0
    outer loop
      vertex -93.01672618895782 -59.2332738110422 3.2
      vertex -92.8544563578644 -59.09096698851947 5
      vertex -93.01672618895782 -59.2332738110422 5
    endloop
  endfacet
  facet normal 0.5555702330196308 -0.8314696123025263 0
    outer loop
      vertex -92.8544563578644 -59.09096698851947 3.2
      vertex -92.67500000000001 -58.97105808375568 5
      vertex -92.8544563578644 -59.09096698851947 5
    endloop
  endfacet
  facet normal 0.442288690218983 -0.8968727415326972 0
    outer loop
      vertex -92.67500000000001 -58.97105808375568 3.2
      vertex -92.4814276634024 -58.87559877135638 5
      vertex -92.67500000000001 -58.97105808375568 5
    endloop
  endfacet
  facet normal 0.32143946530317097 -0.9469301294951025 0
    outer loop
      vertex -92.4814276634024 -58.87559877135638 3.2
      vertex -92.27705142441917 -58.80622238662304 5
      vertex -92.4814276634024 -58.87559877135638 5
    endloop
  endfacet
  facet normal 0.19509032201613385 -0.9807852804032293 0
    outer loop
      vertex -92.27705142441917 -58.80622238662304 3.2
      vertex -92.0653682171631 -58.764115978733216 5
      vertex -92.27705142441917 -58.80622238662304 5
    endloop
  endfacet
  facet normal 0.06540312923012229 -0.9978589232386048 0
    outer loop
      vertex -92.0653682171631 -58.764115978733216 3.2
      vertex -91.85000000000001 -58.75000000000001 5
      vertex -92.0653682171631 -58.764115978733216 5
    endloop
  endfacet
  facet normal -0.06540312923012229 -0.9978589232386048 0
    outer loop
      vertex -91.85000000000001 -58.75000000000001 3.2
      vertex -91.63463178283692 -58.764115978733216 5
      vertex -91.85000000000001 -58.75000000000001 5
    endloop
  endfacet
  facet normal -0.06540312923012229 0.9978589232386048 0
    outer loop
      vertex -91.63463178283692 -62.035884021266796 3.2
      vertex -91.85000000000001 -62.050000000000004 5
      vertex -91.63463178283692 -62.035884021266796 5
    endloop
  endfacet
  facet normal -0.19509032201613385 0.9807852804032293 0
    outer loop
      vertex -91.42294857558085 -61.99377761337697 3.2
      vertex -91.63463178283692 -62.035884021266796 5
      vertex -91.42294857558085 -61.99377761337697 5
    endloop
  endfacet
  facet normal -0.32143946530317097 0.9469301294951025 0
    outer loop
      vertex -91.21857233659762 -61.92440122864363 3.2
      vertex -91.42294857558085 -61.99377761337697 5
      vertex -91.21857233659762 -61.92440122864363 5
    endloop
  endfacet
  facet normal -0.442288690218983 0.8968727415326972 0
    outer loop
      vertex -91.025 -61.82894191624433 3.2
      vertex -91.21857233659762 -61.92440122864363 5
      vertex -91.025 -61.82894191624433 5
    endloop
  endfacet
  facet normal -0.5555702330196308 0.8314696123025263 0
    outer loop
      vertex -90.84554364213562 -61.70903301148054 3.2
      vertex -91.025 -61.82894191624433 5
      vertex -90.84554364213562 -61.70903301148054 5
    endloop
  endfacet
  facet normal -0.6593458151000418 0.7518398074790011 0
    outer loop
      vertex -90.6832738110422 -61.56672618895781 3.2
      vertex -90.84554364213562 -61.70903301148054 5
      vertex -90.6832738110422 -61.56672618895781 5
    endloop
  endfacet
  facet normal -0.7518398074789888 0.659345815100056 0
    outer loop
      vertex -90.54096698851947 -61.4044563578644 3.2
      vertex -90.6832738110422 -61.56672618895781 5
      vertex -90.54096698851947 -61.4044563578644 5
    endloop
  endfacet
  facet normal -0.8314696123025364 0.5555702330196157 0
    outer loop
      vertex -90.42105808375568 -61.22500000000001 3.2
      vertex -90.54096698851947 -61.4044563578644 5
      vertex -90.42105808375568 -61.22500000000001 5
    endloop
  endfacet
  facet normal -0.8968727415326909 0.4422886902189961 0
    outer loop
      vertex -90.32559877135638 -61.031427663402404 3.2
      vertex -90.42105808375568 -61.22500000000001 5
      vertex -90.32559877135638 -61.031427663402404 5
    endloop
  endfacet
  facet normal -0.9469301294951159 0.32143946530313144 0
    outer loop
      vertex -90.25622238662305 -60.82705142441917 3.2
      vertex -90.32559877135638 -61.031427663402404 5
      vertex -90.25622238662305 -60.82705142441917 5
    endloop
  endfacet
  facet normal -0.9807852804032244 0.1950903220161592 0
    outer loop
      vertex -90.21411597873322 -60.61536821716309 3.2
      vertex -90.25622238662305 -60.82705142441917 5
      vertex -90.21411597873322 -60.61536821716309 5
    endloop
  endfacet
  facet normal -0.9978589232386026 -0.06540312923015723 0
    outer loop
      vertex -90.21411597873322 -60.184631782836924 3.2
      vertex -90.2 -60.400000000000006 5
      vertex -90.21411597873322 -60.184631782836924 5
    endloop
  endfacet
  facet normal -0.9978589232386026 0.06540312923015723 0
    outer loop
      vertex -90.2 -60.400000000000006 3.2
      vertex -90.21411597873322 -60.61536821716309 5
      vertex -90.2 -60.400000000000006 5
    endloop
  endfacet
  facet normal -0.9807852804032244 -0.1950903220161592 0
    outer loop
      vertex -90.25622238662305 -59.972948575580844 3.2
      vertex -90.21411597873322 -60.184631782836924 5
      vertex -90.25622238662305 -59.972948575580844 5
    endloop
  endfacet
  facet normal -0.9469301294951159 -0.32143946530313144 0
    outer loop
      vertex -90.32559877135638 -59.76857233659761 3.2
      vertex -90.25622238662305 -59.972948575580844 5
      vertex -90.32559877135638 -59.76857233659761 5
    endloop
  endfacet
  facet normal -0.6593458151000418 -0.7518398074790011 0
    outer loop
      vertex -90.84554364213562 -59.09096698851947 3.2
      vertex -90.6832738110422 -59.2332738110422 5
      vertex -90.84554364213562 -59.09096698851947 5
    endloop
  endfacet
  facet normal -0.7518398074789888 -0.659345815100056 0
    outer loop
      vertex -90.6832738110422 -59.2332738110422 3.2
      vertex -90.54096698851947 -59.395543642135614 5
      vertex -90.6832738110422 -59.2332738110422 5
    endloop
  endfacet
  facet normal -0.8314696123025364 -0.5555702330196157 0
    outer loop
      vertex -90.54096698851947 -59.395543642135614 3.2
      vertex -90.42105808375568 -59.575 5
      vertex -90.54096698851947 -59.395543642135614 5
    endloop
  endfacet
  facet normal -0.8968727415326909 -0.4422886902189961 0
    outer loop
      vertex -90.42105808375568 -59.575 3.2
      vertex -90.32559877135638 -59.76857233659761 5
      vertex -90.42105808375568 -59.575 5
    endloop
  endfacet
  facet normal -0.19509032201613385 -0.9807852804032293 0
    outer loop
      vertex -91.63463178283692 -58.764115978733216 3.2
      vertex -91.42294857558085 -58.80622238662304 5
      vertex -91.63463178283692 -58.764115978733216 5
    endloop
  endfacet
  facet normal -0.32143946530317097 -0.9469301294951025 0
    outer loop
      vertex -91.42294857558085 -58.80622238662304 3.2
      vertex -91.21857233659762 -58.87559877135638 5
      vertex -91.42294857558085 -58.80622238662304 5
    endloop
  endfacet
  facet normal -0.442288690218983 -0.8968727415326972 0
    outer loop
      vertex -91.21857233659762 -58.87559877135638 3.2
      vertex -91.025 -58.97105808375568 5
      vertex -91.21857233659762 -58.87559877135638 5
    endloop
  endfacet
  facet normal -0.5555702330196308 -0.8314696123025263 0
    outer loop
      vertex -91.025 -58.97105808375568 3.2
      vertex -90.84554364213562 -59.09096698851947 5
      vertex -91.025 -58.97105808375568 5
    endloop
  endfacet
  facet normal 0.9978589232386026 0.06540312923015723 5.127712748463291e-19
    outer loop
      vertex 90.21411597873322 -60.61536821716309 3.2
      vertex 90.2 -60.400000000000006 3.2
      vertex 90.2 -60.400000000000006 5
    endloop
  endfacet
  facet normal 0.5555702330196308 0.8314696123025263 0
    outer loop
      vertex 90.84554364213562 -61.70903301148054 3.2
      vertex 90.84554364213562 -61.70903301148054 5
      vertex 91.025 -61.82894191624433 3.2
    endloop
  endfacet
  facet normal 0.8314696123025364 0.5555702330196157 0
    outer loop
      vertex 90.42105808375568 -61.22500000000001 3.2
      vertex 90.42105808375568 -61.22500000000001 5
      vertex 90.54096698851947 -61.4044563578644 3.2
    endloop
  endfacet
  facet normal 0.6593458151000418 0.7518398074790011 0
    outer loop
      vertex 90.6832738110422 -61.56672618895781 3.2
      vertex 90.6832738110422 -61.56672618895781 5
      vertex 90.84554364213562 -61.70903301148054 3.2
    endloop
  endfacet
  facet normal 0.7518398074789888 0.659345815100056 5.339527830140625e-19
    outer loop
      vertex 90.6832738110422 -61.56672618895781 3.2
      vertex 90.54096698851947 -61.4044563578644 3.2
      vertex 90.54096698851947 -61.4044563578644 5
    endloop
  endfacet
  facet normal 0.442288690218983 0.8968727415326972 0
    outer loop
      vertex 91.025 -61.82894191624433 3.2
      vertex 91.025 -61.82894191624433 5
      vertex 91.21857233659762 -61.92440122864363 3.2
    endloop
  endfacet
  facet normal 0.32143946530317097 0.9469301294951025 0
    outer loop
      vertex 91.21857233659762 -61.92440122864363 3.2
      vertex 91.21857233659762 -61.92440122864363 5
      vertex 91.42294857558085 -61.99377761337697 3.2
    endloop
  endfacet
  facet normal 0.19509032201613385 0.9807852804032293 -7.60037303319237e-19
    outer loop
      vertex 91.63463178283692 -62.035884021266796 3.2
      vertex 91.42294857558085 -61.99377761337697 3.2
      vertex 91.42294857558085 -61.99377761337697 5
    endloop
  endfacet
  facet normal 0.06540312923012229 0.9978589232386048 0
    outer loop
      vertex 91.63463178283692 -62.035884021266796 3.2
      vertex 91.63463178283692 -62.035884021266796 5
      vertex 91.85000000000001 -62.050000000000004 3.2
    endloop
  endfacet
  facet normal 0.8968727415326909 0.4422886902189961 -4.394886573538253e-18
    outer loop
      vertex 90.42105808375568 -61.22500000000001 3.2
      vertex 90.32559877135638 -61.031427663402404 3.2
      vertex 90.32559877135638 -61.031427663402404 5
    endloop
  endfacet
  facet normal 0.9469301294951159 0.32143946530313144 -1.1925902565004868e-18
    outer loop
      vertex 90.32559877135638 -61.031427663402404 3.2
      vertex 90.25622238662305 -60.82705142441917 3.2
      vertex 90.25622238662305 -60.82705142441917 5
    endloop
  endfacet
  facet normal 0.9807852804032244 0.1950903220161592 1.3731725521831715e-18
    outer loop
      vertex 90.25622238662305 -60.82705142441917 3.2
      vertex 90.21411597873322 -60.61536821716309 3.2
      vertex 90.21411597873322 -60.61536821716309 5
    endloop
  endfacet
  facet normal 0.9978589232386026 -0.06540312923015723 -5.127712748463291e-19
    outer loop
      vertex 90.2 -60.400000000000006 3.2
      vertex 90.21411597873322 -60.184631782836924 3.2
      vertex 90.21411597873322 -60.184631782836924 5
    endloop
  endfacet
  facet normal 0.9807852804032244 -0.1950903220161592 -1.3731725521831715e-18
    outer loop
      vertex 90.21411597873322 -60.184631782836924 3.2
      vertex 90.25622238662305 -59.972948575580844 3.2
      vertex 90.25622238662305 -59.972948575580844 5
    endloop
  endfacet
  facet normal 0.9469301294951159 -0.32143946530313144 1.1925902565004868e-18
    outer loop
      vertex 90.25622238662305 -59.972948575580844 3.2
      vertex 90.32559877135638 -59.76857233659761 3.2
      vertex 90.32559877135638 -59.76857233659761 5
    endloop
  endfacet
  facet normal 0.8968727415326909 -0.4422886902189961 4.394886573538253e-18
    outer loop
      vertex 90.32559877135638 -59.76857233659761 3.2
      vertex 90.42105808375568 -59.575 3.2
      vertex 90.42105808375568 -59.575 5
    endloop
  endfacet
  facet normal 0.8314696123025364 -0.5555702330196157 -9.68001229314719e-19
    outer loop
      vertex 90.42105808375568 -59.575 3.2
      vertex 90.54096698851947 -59.395543642135614 3.2
      vertex 90.54096698851947 -59.395543642135614 5
    endloop
  endfacet
  facet normal 0.7518398074789888 -0.659345815100056 -5.339527830140625e-19
    outer loop
      vertex 90.54096698851947 -59.395543642135614 3.2
      vertex 90.6832738110422 -59.2332738110422 3.2
      vertex 90.6832738110422 -59.2332738110422 5
    endloop
  endfacet
  facet normal 0.6593458151000418 -0.7518398074790011 1.407170731924744e-18
    outer loop
      vertex 90.6832738110422 -59.2332738110422 3.2
      vertex 90.84554364213562 -59.09096698851947 3.2
      vertex 90.84554364213562 -59.09096698851947 5
    endloop
  endfacet
  facet normal 0.5555702330196308 -0.8314696123025263 2.8414156818025693e-18
    outer loop
      vertex 90.84554364213562 -59.09096698851947 3.2
      vertex 91.025 -58.97105808375568 3.2
      vertex 91.025 -58.97105808375568 5
    endloop
  endfacet
  facet normal 0.442288690218983 -0.8968727415326972 -6.435887883291752e-20
    outer loop
      vertex 91.025 -58.97105808375568 3.2
      vertex 91.21857233659762 -58.87559877135638 3.2
      vertex 91.21857233659762 -58.87559877135638 5
    endloop
  endfacet
  facet normal 0.32143946530317097 -0.9469301294951025 1.01131474316272e-18
    outer loop
      vertex 91.21857233659762 -58.87559877135638 3.2
      vertex 91.42294857558085 -58.80622238662304 3.2
      vertex 91.42294857558085 -58.80622238662304 5
    endloop
  endfacet
  facet normal 0.19509032201613385 -0.9807852804032293 7.60037303319237e-19
    outer loop
      vertex 91.42294857558085 -58.80622238662304 3.2
      vertex 91.63463178283692 -58.764115978733216 3.2
      vertex 91.63463178283692 -58.764115978733216 5
    endloop
  endfacet
  facet normal -0.06540312923012229 0.9978589232386048 0
    outer loop
      vertex 91.85000000000001 -62.050000000000004 3.2
      vertex 91.85000000000001 -62.050000000000004 5
      vertex 92.0653682171631 -62.035884021266796 3.2
    endloop
  endfacet
  facet normal -0.19509032201613385 0.9807852804032293 0
    outer loop
      vertex 92.0653682171631 -62.035884021266796 3.2
      vertex 92.0653682171631 -62.035884021266796 5
      vertex 92.27705142441917 -61.99377761337697 3.2
    endloop
  endfacet
  facet normal -0.32143946530317097 0.9469301294951025 0
    outer loop
      vertex 92.27705142441917 -61.99377761337697 3.2
      vertex 92.27705142441917 -61.99377761337697 5
      vertex 92.4814276634024 -61.92440122864363 3.2
    endloop
  endfacet
  facet normal -0.442288690218983 0.8968727415326972 0
    outer loop
      vertex 92.4814276634024 -61.92440122864363 3.2
      vertex 92.4814276634024 -61.92440122864363 5
      vertex 92.67500000000001 -61.82894191624433 3.2
    endloop
  endfacet
  facet normal -0.5555702330196308 0.8314696123025263 0
    outer loop
      vertex 92.67500000000001 -61.82894191624433 3.2
      vertex 92.67500000000001 -61.82894191624433 5
      vertex 92.8544563578644 -61.70903301148054 3.2
    endloop
  endfacet
  facet normal -0.6593458151000418 0.7518398074790011 0
    outer loop
      vertex 92.8544563578644 -61.70903301148054 3.2
      vertex 92.8544563578644 -61.70903301148054 5
      vertex 93.01672618895782 -61.56672618895781 3.2
    endloop
  endfacet
  facet normal -0.7518398074789888 0.659345815100056 0
    outer loop
      vertex 93.01672618895782 -61.56672618895781 3.2
      vertex 93.01672618895782 -61.56672618895781 5
      vertex 93.15903301148055 -61.4044563578644 3.2
    endloop
  endfacet
  facet normal -0.8314696123025364 0.5555702330196157 0
    outer loop
      vertex 93.15903301148055 -61.4044563578644 3.2
      vertex 93.15903301148055 -61.4044563578644 5
      vertex 93.27894191624434 -61.22500000000001 3.2
    endloop
  endfacet
  facet normal -0.8968727415326909 0.4422886902189961 0
    outer loop
      vertex 93.27894191624434 -61.22500000000001 3.2
      vertex 93.27894191624434 -61.22500000000001 5
      vertex 93.37440122864363 -61.031427663402404 3.2
    endloop
  endfacet
  facet normal -0.9469301294951159 0.32143946530313144 0
    outer loop
      vertex 93.37440122864363 -61.031427663402404 3.2
      vertex 93.37440122864363 -61.031427663402404 5
      vertex 93.44377761337697 -60.82705142441917 3.2
    endloop
  endfacet
  facet normal -0.9807852804032244 0.1950903220161592 0
    outer loop
      vertex 93.44377761337697 -60.82705142441917 3.2
      vertex 93.44377761337697 -60.82705142441917 5
      vertex 93.4858840212668 -60.61536821716309 3.2
    endloop
  endfacet
  facet normal -0.9978589232386026 0.06540312923015723 0
    outer loop
      vertex 93.4858840212668 -60.61536821716309 3.2
      vertex 93.4858840212668 -60.61536821716309 5
      vertex 93.50000000000001 -60.400000000000006 3.2
    endloop
  endfacet
  facet normal -0.9978589232386026 -0.06540312923015723 0
    outer loop
      vertex 93.50000000000001 -60.400000000000006 3.2
      vertex 93.50000000000001 -60.400000000000006 5
      vertex 93.4858840212668 -60.184631782836924 3.2
    endloop
  endfacet
  facet normal -0.8314696123025364 -0.5555702330196157 0
    outer loop
      vertex 93.27894191624434 -59.575 3.2
      vertex 93.27894191624434 -59.575 5
      vertex 93.15903301148055 -59.395543642135614 3.2
    endloop
  endfacet
  facet normal -0.6593458151000418 -0.7518398074790011 -1.407170731924744e-18
    outer loop
      vertex 92.8544563578644 -59.09096698851947 3.2
      vertex 93.01672618895782 -59.2332738110422 3.2
      vertex 93.01672618895782 -59.2332738110422 5
    endloop
  endfacet
  facet normal -0.7518398074789888 -0.659345815100056 5.339527830140625e-19
    outer loop
      vertex 93.01672618895782 -59.2332738110422 3.2
      vertex 93.15903301148055 -59.395543642135614 3.2
      vertex 93.15903301148055 -59.395543642135614 5
    endloop
  endfacet
  facet normal 0.06540312923012229 -0.9978589232386048 2.5003272359670717e-19
    outer loop
      vertex 91.63463178283692 -58.764115978733216 3.2
      vertex 91.85000000000001 -58.75000000000001 3.2
      vertex 91.85000000000001 -58.75000000000001 5
    endloop
  endfacet
  facet normal -0.06540312923012229 -0.9978589232386048 -2.5003272359670717e-19
    outer loop
      vertex 91.85000000000001 -58.75000000000001 3.2
      vertex 92.0653682171631 -58.764115978733216 3.2
      vertex 92.0653682171631 -58.764115978733216 5
    endloop
  endfacet
  facet normal -0.19509032201613385 -0.9807852804032293 0
    outer loop
      vertex 92.27705142441917 -58.80622238662304 3.2
      vertex 92.27705142441917 -58.80622238662304 5
      vertex 92.0653682171631 -58.764115978733216 3.2
    endloop
  endfacet
  facet normal -0.32143946530317097 -0.9469301294951025 -1.01131474316272e-18
    outer loop
      vertex 92.27705142441917 -58.80622238662304 3.2
      vertex 92.4814276634024 -58.87559877135638 3.2
      vertex 92.4814276634024 -58.87559877135638 5
    endloop
  endfacet
  facet normal -0.442288690218983 -0.8968727415326972 6.435887883291752e-20
    outer loop
      vertex 92.4814276634024 -58.87559877135638 3.2
      vertex 92.67500000000001 -58.97105808375568 3.2
      vertex 92.67500000000001 -58.97105808375568 5
    endloop
  endfacet
  facet normal -0.5555702330196308 -0.8314696123025263 -2.8414156818025693e-18
    outer loop
      vertex 92.67500000000001 -58.97105808375568 3.2
      vertex 92.8544563578644 -59.09096698851947 3.2
      vertex 92.8544563578644 -59.09096698851947 5
    endloop
  endfacet
  facet normal -0.9807852804032244 -0.1950903220161592 1.3731725521831715e-18
    outer loop
      vertex 93.44377761337697 -59.972948575580844 3.2
      vertex 93.4858840212668 -60.184631782836924 3.2
      vertex 93.4858840212668 -60.184631782836924 5
    endloop
  endfacet
  facet normal -0.9469301294951159 -0.32143946530313144 0
    outer loop
      vertex 93.44377761337697 -59.972948575580844 3.2
      vertex 93.44377761337697 -59.972948575580844 5
      vertex 93.37440122864363 -59.76857233659761 3.2
    endloop
  endfacet
  facet normal -0.8968727415326909 -0.4422886902189961 -4.394886573538253e-18
    outer loop
      vertex 93.27894191624434 -59.575 3.2
      vertex 93.37440122864363 -59.76857233659761 3.2
      vertex 93.37440122864363 -59.76857233659761 5
    endloop
  endfacet
  facet normal 0.9978589232386026 -0.06540312923015723 0
    outer loop
      vertex 90.2 -60.400000000000006 3.2
      vertex 90.21411597873322 -60.184631782836924 5
      vertex 90.2 -60.400000000000006 5
    endloop
  endfacet
  facet normal 0.5555702330196308 0.8314696123025263 0
    outer loop
      vertex 91.025 -61.82894191624433 3.2
      vertex 90.84554364213562 -61.70903301148054 5
      vertex 91.025 -61.82894191624433 5
    endloop
  endfacet
  facet normal 0.8314696123025364 0.5555702330196157 0
    outer loop
      vertex 90.54096698851947 -61.4044563578644 3.2
      vertex 90.42105808375568 -61.22500000000001 5
      vertex 90.54096698851947 -61.4044563578644 5
    endloop
  endfacet
  facet normal 0.7518398074789888 0.659345815100056 0
    outer loop
      vertex 90.6832738110422 -61.56672618895781 3.2
      vertex 90.54096698851947 -61.4044563578644 5
      vertex 90.6832738110422 -61.56672618895781 5
    endloop
  endfacet
  facet normal 0.6593458151000418 0.7518398074790011 0
    outer loop
      vertex 90.84554364213562 -61.70903301148054 3.2
      vertex 90.6832738110422 -61.56672618895781 5
      vertex 90.84554364213562 -61.70903301148054 5
    endloop
  endfacet
  facet normal 0.442288690218983 0.8968727415326972 0
    outer loop
      vertex 91.21857233659762 -61.92440122864363 3.2
      vertex 91.025 -61.82894191624433 5
      vertex 91.21857233659762 -61.92440122864363 5
    endloop
  endfacet
  facet normal 0.19509032201613385 0.9807852804032293 0
    outer loop
      vertex 91.63463178283692 -62.035884021266796 3.2
      vertex 91.42294857558085 -61.99377761337697 5
      vertex 91.63463178283692 -62.035884021266796 5
    endloop
  endfacet
  facet normal 0.32143946530317097 0.9469301294951025 0
    outer loop
      vertex 91.42294857558085 -61.99377761337697 3.2
      vertex 91.21857233659762 -61.92440122864363 5
      vertex 91.42294857558085 -61.99377761337697 5
    endloop
  endfacet
  facet normal 0.8968727415326909 0.4422886902189961 0
    outer loop
      vertex 90.42105808375568 -61.22500000000001 3.2
      vertex 90.32559877135638 -61.031427663402404 5
      vertex 90.42105808375568 -61.22500000000001 5
    endloop
  endfacet
  facet normal 0.9469301294951159 0.32143946530313144 0
    outer loop
      vertex 90.32559877135638 -61.031427663402404 3.2
      vertex 90.25622238662305 -60.82705142441917 5
      vertex 90.32559877135638 -61.031427663402404 5
    endloop
  endfacet
  facet normal 0.9807852804032244 0.1950903220161592 0
    outer loop
      vertex 90.25622238662305 -60.82705142441917 3.2
      vertex 90.21411597873322 -60.61536821716309 5
      vertex 90.25622238662305 -60.82705142441917 5
    endloop
  endfacet
  facet normal 0.9978589232386026 0.06540312923015723 0
    outer loop
      vertex 90.21411597873322 -60.61536821716309 3.2
      vertex 90.2 -60.400000000000006 5
      vertex 90.21411597873322 -60.61536821716309 5
    endloop
  endfacet
  facet normal 0.9807852804032244 -0.1950903220161592 0
    outer loop
      vertex 90.21411597873322 -60.184631782836924 3.2
      vertex 90.25622238662305 -59.972948575580844 5
      vertex 90.21411597873322 -60.184631782836924 5
    endloop
  endfacet
  facet normal 0.9469301294951159 -0.32143946530313144 0
    outer loop
      vertex 90.25622238662305 -59.972948575580844 3.2
      vertex 90.32559877135638 -59.76857233659761 5
      vertex 90.25622238662305 -59.972948575580844 5
    endloop
  endfacet
  facet normal 0.8968727415326909 -0.4422886902189961 0
    outer loop
      vertex 90.32559877135638 -59.76857233659761 3.2
      vertex 90.42105808375568 -59.575 5
      vertex 90.32559877135638 -59.76857233659761 5
    endloop
  endfacet
  facet normal 0.8314696123025364 -0.5555702330196157 0
    outer loop
      vertex 90.42105808375568 -59.575 3.2
      vertex 90.54096698851947 -59.395543642135614 5
      vertex 90.42105808375568 -59.575 5
    endloop
  endfacet
  facet normal 0.7518398074789888 -0.659345815100056 0
    outer loop
      vertex 90.54096698851947 -59.395543642135614 3.2
      vertex 90.6832738110422 -59.2332738110422 5
      vertex 90.54096698851947 -59.395543642135614 5
    endloop
  endfacet
  facet normal 0.6593458151000418 -0.7518398074790011 0
    outer loop
      vertex 90.6832738110422 -59.2332738110422 3.2
      vertex 90.84554364213562 -59.09096698851947 5
      vertex 90.6832738110422 -59.2332738110422 5
    endloop
  endfacet
  facet normal 0.5555702330196308 -0.8314696123025263 0
    outer loop
      vertex 90.84554364213562 -59.09096698851947 3.2
      vertex 91.025 -58.97105808375568 5
      vertex 90.84554364213562 -59.09096698851947 5
    endloop
  endfacet
  facet normal 0.442288690218983 -0.8968727415326972 0
    outer loop
      vertex 91.025 -58.97105808375568 3.2
      vertex 91.21857233659762 -58.87559877135638 5
      vertex 91.025 -58.97105808375568 5
    endloop
  endfacet
  facet normal 0.32143946530317097 -0.9469301294951025 0
    outer loop
      vertex 91.21857233659762 -58.87559877135638 3.2
      vertex 91.42294857558085 -58.80622238662304 5
      vertex 91.21857233659762 -58.87559877135638 5
    endloop
  endfacet
  facet normal 0.19509032201613385 -0.9807852804032293 0
    outer loop
      vertex 91.42294857558085 -58.80622238662304 3.2
      vertex 91.63463178283692 -58.764115978733216 5
      vertex 91.42294857558085 -58.80622238662304 5
    endloop
  endfacet
  facet normal 0.06540312923012229 -0.9978589232386048 0
    outer loop
      vertex 91.63463178283692 -58.764115978733216 3.2
      vertex 91.85000000000001 -58.75000000000001 5
      vertex 91.63463178283692 -58.764115978733216 5
    endloop
  endfacet
  facet normal 0.06540312923012229 0.9978589232386048 0
    outer loop
      vertex 91.85000000000001 -62.050000000000004 3.2
      vertex 91.63463178283692 -62.035884021266796 5
      vertex 91.85000000000001 -62.050000000000004 5
    endloop
  endfacet
  facet normal -0.06540312923012229 0.9978589232386048 0
    outer loop
      vertex 92.0653682171631 -62.035884021266796 3.2
      vertex 91.85000000000001 -62.050000000000004 5
      vertex 92.0653682171631 -62.035884021266796 5
    endloop
  endfacet
  facet normal -0.19509032201613385 0.9807852804032293 0
    outer loop
      vertex 92.27705142441917 -61.99377761337697 3.2
      vertex 92.0653682171631 -62.035884021266796 5
      vertex 92.27705142441917 -61.99377761337697 5
    endloop
  endfacet
  facet normal -0.32143946530317097 0.9469301294951025 0
    outer loop
      vertex 92.4814276634024 -61.92440122864363 3.2
      vertex 92.27705142441917 -61.99377761337697 5
      vertex 92.4814276634024 -61.92440122864363 5
    endloop
  endfacet
  facet normal -0.442288690218983 0.8968727415326972 0
    outer loop
      vertex 92.67500000000001 -61.82894191624433 3.2
      vertex 92.4814276634024 -61.92440122864363 5
      vertex 92.67500000000001 -61.82894191624433 5
    endloop
  endfacet
  facet normal -0.5555702330196308 0.8314696123025263 0
    outer loop
      vertex 92.8544563578644 -61.70903301148054 3.2
      vertex 92.67500000000001 -61.82894191624433 5
      vertex 92.8544563578644 -61.70903301148054 5
    endloop
  endfacet
  facet normal -0.6593458151000418 0.7518398074790011 0
    outer loop
      vertex 93.01672618895782 -61.56672618895781 3.2
      vertex 92.8544563578644 -61.70903301148054 5
      vertex 93.01672618895782 -61.56672618895781 5
    endloop
  endfacet
  facet normal -0.7518398074789888 0.659345815100056 0
    outer loop
      vertex 93.15903301148055 -61.4044563578644 3.2
      vertex 93.01672618895782 -61.56672618895781 5
      vertex 93.15903301148055 -61.4044563578644 5
    endloop
  endfacet
  facet normal -0.8314696123025364 0.5555702330196157 0
    outer loop
      vertex 93.27894191624434 -61.22500000000001 3.2
      vertex 93.15903301148055 -61.4044563578644 5
      vertex 93.27894191624434 -61.22500000000001 5
    endloop
  endfacet
  facet normal -0.8968727415326909 0.4422886902189961 0
    outer loop
      vertex 93.37440122864363 -61.031427663402404 3.2
      vertex 93.27894191624434 -61.22500000000001 5
      vertex 93.37440122864363 -61.031427663402404 5
    endloop
  endfacet
  facet normal -0.9469301294951159 0.32143946530313144 0
    outer loop
      vertex 93.44377761337697 -60.82705142441917 3.2
      vertex 93.37440122864363 -61.031427663402404 5
      vertex 93.44377761337697 -60.82705142441917 5
    endloop
  endfacet
  facet normal -0.9807852804032244 0.1950903220161592 0
    outer loop
      vertex 93.4858840212668 -60.61536821716309 3.2
      vertex 93.44377761337697 -60.82705142441917 5
      vertex 93.4858840212668 -60.61536821716309 5
    endloop
  endfacet
  facet normal -0.9978589232386026 0.06540312923015723 0
    outer loop
      vertex 93.50000000000001 -60.400000000000006 3.2
      vertex 93.4858840212668 -60.61536821716309 5
      vertex 93.50000000000001 -60.400000000000006 5
    endloop
  endfacet
  facet normal -0.9978589232386026 -0.06540312923015723 0
    outer loop
      vertex 93.4858840212668 -60.184631782836924 3.2
      vertex 93.50000000000001 -60.400000000000006 5
      vertex 93.4858840212668 -60.184631782836924 5
    endloop
  endfacet
  facet normal -0.8314696123025364 -0.5555702330196157 0
    outer loop
      vertex 93.15903301148055 -59.395543642135614 3.2
      vertex 93.27894191624434 -59.575 5
      vertex 93.15903301148055 -59.395543642135614 5
    endloop
  endfacet
  facet normal -0.7518398074789888 -0.659345815100056 0
    outer loop
      vertex 93.01672618895782 -59.2332738110422 3.2
      vertex 93.15903301148055 -59.395543642135614 5
      vertex 93.01672618895782 -59.2332738110422 5
    endloop
  endfacet
  facet normal -0.6593458151000418 -0.7518398074790011 0
    outer loop
      vertex 92.8544563578644 -59.09096698851947 3.2
      vertex 93.01672618895782 -59.2332738110422 5
      vertex 92.8544563578644 -59.09096698851947 5
    endloop
  endfacet
  facet normal -0.06540312923012229 -0.9978589232386048 0
    outer loop
      vertex 91.85000000000001 -58.75000000000001 3.2
      vertex 92.0653682171631 -58.764115978733216 5
      vertex 91.85000000000001 -58.75000000000001 5
    endloop
  endfacet
  facet normal -0.19509032201613385 -0.9807852804032293 0
    outer loop
      vertex 92.0653682171631 -58.764115978733216 3.2
      vertex 92.27705142441917 -58.80622238662304 5
      vertex 92.0653682171631 -58.764115978733216 5
    endloop
  endfacet
  facet normal -0.32143946530317097 -0.9469301294951025 0
    outer loop
      vertex 92.27705142441917 -58.80622238662304 3.2
      vertex 92.4814276634024 -58.87559877135638 5
      vertex 92.27705142441917 -58.80622238662304 5
    endloop
  endfacet
  facet normal -0.442288690218983 -0.8968727415326972 0
    outer loop
      vertex 92.4814276634024 -58.87559877135638 3.2
      vertex 92.67500000000001 -58.97105808375568 5
      vertex 92.4814276634024 -58.87559877135638 5
    endloop
  endfacet
  facet normal -0.5555702330196308 -0.8314696123025263 0
    outer loop
      vertex 92.67500000000001 -58.97105808375568 3.2
      vertex 92.8544563578644 -59.09096698851947 5
      vertex 92.67500000000001 -58.97105808375568 5
    endloop
  endfacet
  facet normal -0.9807852804032244 -0.1950903220161592 0
    outer loop
      vertex 93.44377761337697 -59.972948575580844 3.2
      vertex 93.4858840212668 -60.184631782836924 5
      vertex 93.44377761337697 -59.972948575580844 5
    endloop
  endfacet
  facet normal -0.9469301294951159 -0.32143946530313144 0
    outer loop
      vertex 93.37440122864363 -59.76857233659761 3.2
      vertex 93.44377761337697 -59.972948575580844 5
      vertex 93.37440122864363 -59.76857233659761 5
    endloop
  endfacet
  facet normal -0.8968727415326909 -0.4422886902189961 0
    outer loop
      vertex 93.27894191624434 -59.575 3.2
      vertex 93.37440122864363 -59.76857233659761 5
      vertex 93.27894191624434 -59.575 5
    endloop
  endfacet
  facet normal 0.5555702330196308 0.8314696123025263 -2.8414156818025693e-18
    outer loop
      vertex 91.025 58.97105808375568 3.2
      vertex 90.84554364213562 59.09096698851947 3.2
      vertex 90.84554364213562 59.09096698851947 5
    endloop
  endfacet
  facet normal 0.32143946530317097 0.9469301294951025 0
    outer loop
      vertex 91.21857233659762 58.87559877135638 3.2
      vertex 91.21857233659762 58.87559877135638 5
      vertex 91.42294857558085 58.80622238662304 3.2
    endloop
  endfacet
  facet normal 0.442288690218983 0.8968727415326972 0
    outer loop
      vertex 91.025 58.97105808375568 3.2
      vertex 91.025 58.97105808375568 5
      vertex 91.21857233659762 58.87559877135638 3.2
    endloop
  endfacet
  facet normal 0.19509032201613385 0.9807852804032293 0
    outer loop
      vertex 91.42294857558085 58.80622238662304 3.2
      vertex 91.42294857558085 58.80622238662304 5
      vertex 91.63463178283692 58.764115978733216 3.2
    endloop
  endfacet
  facet normal 0.06540312923012229 0.9978589232386048 0
    outer loop
      vertex 91.63463178283692 58.764115978733216 3.2
      vertex 91.63463178283692 58.764115978733216 5
      vertex 91.85000000000001 58.75000000000001 3.2
    endloop
  endfacet
  facet normal 0.8314696123025364 0.5555702330196157 9.68001229314719e-19
    outer loop
      vertex 90.54096698851947 59.395543642135614 3.2
      vertex 90.42105808375568 59.575 3.2
      vertex 90.42105808375568 59.575 5
    endloop
  endfacet
  facet normal 0.6593458151000418 0.7518398074790011 0
    outer loop
      vertex 90.6832738110422 59.2332738110422 3.2
      vertex 90.6832738110422 59.2332738110422 5
      vertex 90.84554364213562 59.09096698851947 3.2
    endloop
  endfacet
  facet normal 0.7518398074789888 0.659345815100056 5.339527830140625e-19
    outer loop
      vertex 90.6832738110422 59.2332738110422 3.2
      vertex 90.54096698851947 59.395543642135614 3.2
      vertex 90.54096698851947 59.395543642135614 5
    endloop
  endfacet
  facet normal 0.8968727415326909 0.4422886902189961 -4.394886573538253e-18
    outer loop
      vertex 90.42105808375568 59.575 3.2
      vertex 90.32559877135638 59.76857233659761 3.2
      vertex 90.32559877135638 59.76857233659761 5
    endloop
  endfacet
  facet normal 0.9469301294951159 0.32143946530313144 -1.1925902565004868e-18
    outer loop
      vertex 90.32559877135638 59.76857233659761 3.2
      vertex 90.25622238662305 59.972948575580844 3.2
      vertex 90.25622238662305 59.972948575580844 5
    endloop
  endfacet
  facet normal 0.9807852804032244 0.1950903220161592 1.3731725521831715e-18
    outer loop
      vertex 90.25622238662305 59.972948575580844 3.2
      vertex 90.21411597873322 60.184631782836924 3.2
      vertex 90.21411597873322 60.184631782836924 5
    endloop
  endfacet
  facet normal 0.9978589232386026 0.06540312923015723 5.127712748463291e-19
    outer loop
      vertex 90.21411597873322 60.184631782836924 3.2
      vertex 90.2 60.400000000000006 3.2
      vertex 90.2 60.400000000000006 5
    endloop
  endfacet
  facet normal 0.9978589232386026 -0.06540312923015723 -5.127712748463291e-19
    outer loop
      vertex 90.2 60.400000000000006 3.2
      vertex 90.21411597873322 60.61536821716309 3.2
      vertex 90.21411597873322 60.61536821716309 5
    endloop
  endfacet
  facet normal 0.9807852804032244 -0.1950903220161592 -1.3731725521831715e-18
    outer loop
      vertex 90.21411597873322 60.61536821716309 3.2
      vertex 90.25622238662305 60.82705142441917 3.2
      vertex 90.25622238662305 60.82705142441917 5
    endloop
  endfacet
  facet normal 0.9469301294951159 -0.32143946530313144 1.1925902565004868e-18
    outer loop
      vertex 90.25622238662305 60.82705142441917 3.2
      vertex 90.32559877135638 61.031427663402404 3.2
      vertex 90.32559877135638 61.031427663402404 5
    endloop
  endfacet
  facet normal 0.8968727415326909 -0.4422886902189961 4.394886573538253e-18
    outer loop
      vertex 90.32559877135638 61.031427663402404 3.2
      vertex 90.42105808375568 61.22500000000001 3.2
      vertex 90.42105808375568 61.22500000000001 5
    endloop
  endfacet
  facet normal 0.8314696123025364 -0.5555702330196157 -9.68001229314719e-19
    outer loop
      vertex 90.42105808375568 61.22500000000001 3.2
      vertex 90.54096698851947 61.4044563578644 3.2
      vertex 90.54096698851947 61.4044563578644 5
    endloop
  endfacet
  facet normal 0.7518398074789888 -0.659345815100056 -5.339527830140625e-19
    outer loop
      vertex 90.54096698851947 61.4044563578644 3.2
      vertex 90.6832738110422 61.56672618895781 3.2
      vertex 90.6832738110422 61.56672618895781 5
    endloop
  endfacet
  facet normal 0.6593458151000418 -0.7518398074790011 1.407170731924744e-18
    outer loop
      vertex 90.6832738110422 61.56672618895781 3.2
      vertex 90.84554364213562 61.70903301148054 3.2
      vertex 90.84554364213562 61.70903301148054 5
    endloop
  endfacet
  facet normal 0.5555702330196308 -0.8314696123025263 2.8414156818025693e-18
    outer loop
      vertex 90.84554364213562 61.70903301148054 3.2
      vertex 91.025 61.82894191624433 3.2
      vertex 91.025 61.82894191624433 5
    endloop
  endfacet
  facet normal 0.442288690218983 -0.8968727415326972 -6.435887883291752e-20
    outer loop
      vertex 91.025 61.82894191624433 3.2
      vertex 91.21857233659762 61.92440122864363 3.2
      vertex 91.21857233659762 61.92440122864363 5
    endloop
  endfacet
  facet normal 0.32143946530317097 -0.9469301294951025 1.01131474316272e-18
    outer loop
      vertex 91.21857233659762 61.92440122864363 3.2
      vertex 91.42294857558085 61.99377761337697 3.2
      vertex 91.42294857558085 61.99377761337697 5
    endloop
  endfacet
  facet normal 0.19509032201613385 -0.9807852804032293 7.60037303319237e-19
    outer loop
      vertex 91.42294857558085 61.99377761337697 3.2
      vertex 91.63463178283692 62.035884021266796 3.2
      vertex 91.63463178283692 62.035884021266796 5
    endloop
  endfacet
  facet normal -0.06540312923012229 0.9978589232386048 0
    outer loop
      vertex 91.85000000000001 58.75000000000001 3.2
      vertex 91.85000000000001 58.75000000000001 5
      vertex 92.0653682171631 58.764115978733216 3.2
    endloop
  endfacet
  facet normal -0.19509032201613385 0.9807852804032293 0
    outer loop
      vertex 92.0653682171631 58.764115978733216 3.2
      vertex 92.0653682171631 58.764115978733216 5
      vertex 92.27705142441917 58.80622238662304 3.2
    endloop
  endfacet
  facet normal -0.32143946530317097 0.9469301294951025 0
    outer loop
      vertex 92.27705142441917 58.80622238662304 3.2
      vertex 92.27705142441917 58.80622238662304 5
      vertex 92.4814276634024 58.87559877135638 3.2
    endloop
  endfacet
  facet normal -0.442288690218983 0.8968727415326972 0
    outer loop
      vertex 92.4814276634024 58.87559877135638 3.2
      vertex 92.4814276634024 58.87559877135638 5
      vertex 92.67500000000001 58.97105808375568 3.2
    endloop
  endfacet
  facet normal -0.5555702330196308 0.8314696123025263 0
    outer loop
      vertex 92.67500000000001 58.97105808375568 3.2
      vertex 92.67500000000001 58.97105808375568 5
      vertex 92.8544563578644 59.09096698851947 3.2
    endloop
  endfacet
  facet normal -0.6593458151000418 0.7518398074790011 0
    outer loop
      vertex 92.8544563578644 59.09096698851947 3.2
      vertex 92.8544563578644 59.09096698851947 5
      vertex 93.01672618895782 59.2332738110422 3.2
    endloop
  endfacet
  facet normal -0.7518398074789888 0.659345815100056 0
    outer loop
      vertex 93.01672618895782 59.2332738110422 3.2
      vertex 93.01672618895782 59.2332738110422 5
      vertex 93.15903301148055 59.395543642135614 3.2
    endloop
  endfacet
  facet normal -0.8314696123025364 0.5555702330196157 0
    outer loop
      vertex 93.15903301148055 59.395543642135614 3.2
      vertex 93.15903301148055 59.395543642135614 5
      vertex 93.27894191624434 59.575 3.2
    endloop
  endfacet
  facet normal -0.8968727415326909 0.4422886902189961 0
    outer loop
      vertex 93.27894191624434 59.575 3.2
      vertex 93.27894191624434 59.575 5
      vertex 93.37440122864363 59.76857233659761 3.2
    endloop
  endfacet
  facet normal -0.9469301294951159 0.32143946530313144 0
    outer loop
      vertex 93.37440122864363 59.76857233659761 3.2
      vertex 93.37440122864363 59.76857233659761 5
      vertex 93.44377761337697 59.972948575580844 3.2
    endloop
  endfacet
  facet normal -0.9807852804032244 0.1950903220161592 0
    outer loop
      vertex 93.44377761337697 59.972948575580844 3.2
      vertex 93.44377761337697 59.972948575580844 5
      vertex 93.4858840212668 60.184631782836924 3.2
    endloop
  endfacet
  facet normal 0.06540312923012229 -0.9978589232386048 2.5003272359670717e-19
    outer loop
      vertex 91.63463178283692 62.035884021266796 3.2
      vertex 91.85000000000001 62.050000000000004 3.2
      vertex 91.85000000000001 62.050000000000004 5
    endloop
  endfacet
  facet normal -0.06540312923012229 -0.9978589232386048 -2.5003272359670717e-19
    outer loop
      vertex 91.85000000000001 62.050000000000004 3.2
      vertex 92.0653682171631 62.035884021266796 3.2
      vertex 92.0653682171631 62.035884021266796 5
    endloop
  endfacet
  facet normal -0.32143946530317097 -0.9469301294951025 -1.01131474316272e-18
    outer loop
      vertex 92.27705142441917 61.99377761337697 3.2
      vertex 92.4814276634024 61.92440122864363 3.2
      vertex 92.4814276634024 61.92440122864363 5
    endloop
  endfacet
  facet normal -0.19509032201613385 -0.9807852804032293 0
    outer loop
      vertex 92.27705142441917 61.99377761337697 3.2
      vertex 92.27705142441917 61.99377761337697 5
      vertex 92.0653682171631 62.035884021266796 3.2
    endloop
  endfacet
  facet normal -0.8314696123025364 -0.5555702330196157 0
    outer loop
      vertex 93.27894191624434 61.22500000000001 3.2
      vertex 93.27894191624434 61.22500000000001 5
      vertex 93.15903301148055 61.4044563578644 3.2
    endloop
  endfacet
  facet normal -0.7518398074789888 -0.659345815100056 0
    outer loop
      vertex 93.15903301148055 61.4044563578644 3.2
      vertex 93.15903301148055 61.4044563578644 5
      vertex 93.01672618895782 61.56672618895781 3.2
    endloop
  endfacet
  facet normal -0.6593458151000418 -0.7518398074790011 -1.407170731924744e-18
    outer loop
      vertex 92.8544563578644 61.70903301148054 3.2
      vertex 93.01672618895782 61.56672618895781 3.2
      vertex 93.01672618895782 61.56672618895781 5
    endloop
  endfacet
  facet normal -0.442288690218983 -0.8968727415326972 6.435887883291752e-20
    outer loop
      vertex 92.4814276634024 61.92440122864363 3.2
      vertex 92.67500000000001 61.82894191624433 3.2
      vertex 92.67500000000001 61.82894191624433 5
    endloop
  endfacet
  facet normal -0.5555702330196308 -0.8314696123025263 -2.8414156818025693e-18
    outer loop
      vertex 92.67500000000001 61.82894191624433 3.2
      vertex 92.8544563578644 61.70903301148054 3.2
      vertex 92.8544563578644 61.70903301148054 5
    endloop
  endfacet
  facet normal -0.9978589232386026 0.06540312923015723 0
    outer loop
      vertex 93.4858840212668 60.184631782836924 3.2
      vertex 93.4858840212668 60.184631782836924 5
      vertex 93.50000000000001 60.400000000000006 3.2
    endloop
  endfacet
  facet normal -0.9978589232386026 -0.06540312923015723 0
    outer loop
      vertex 93.50000000000001 60.400000000000006 3.2
      vertex 93.50000000000001 60.400000000000006 5
      vertex 93.4858840212668 60.61536821716309 3.2
    endloop
  endfacet
  facet normal -0.9807852804032244 -0.1950903220161592 1.3731725521831715e-18
    outer loop
      vertex 93.44377761337697 60.82705142441917 3.2
      vertex 93.4858840212668 60.61536821716309 3.2
      vertex 93.4858840212668 60.61536821716309 5
    endloop
  endfacet
  facet normal -0.9469301294951159 -0.32143946530313144 0
    outer loop
      vertex 93.44377761337697 60.82705142441917 3.2
      vertex 93.44377761337697 60.82705142441917 5
      vertex 93.37440122864363 61.031427663402404 3.2
    endloop
  endfacet
  facet normal -0.8968727415326909 -0.4422886902189961 -4.394886573538253e-18
    outer loop
      vertex 93.27894191624434 61.22500000000001 3.2
      vertex 93.37440122864363 61.031427663402404 3.2
      vertex 93.37440122864363 61.031427663402404 5
    endloop
  endfacet
  facet normal 0.5555702330196308 0.8314696123025263 0
    outer loop
      vertex 91.025 58.97105808375568 3.2
      vertex 90.84554364213562 59.09096698851947 5
      vertex 91.025 58.97105808375568 5
    endloop
  endfacet
  facet normal 0.442288690218983 0.8968727415326972 0
    outer loop
      vertex 91.21857233659762 58.87559877135638 3.2
      vertex 91.025 58.97105808375568 5
      vertex 91.21857233659762 58.87559877135638 5
    endloop
  endfacet
  facet normal 0.32143946530317097 0.9469301294951025 0
    outer loop
      vertex 91.42294857558085 58.80622238662304 3.2
      vertex 91.21857233659762 58.87559877135638 5
      vertex 91.42294857558085 58.80622238662304 5
    endloop
  endfacet
  facet normal 0.19509032201613385 0.9807852804032293 0
    outer loop
      vertex 91.63463178283692 58.764115978733216 3.2
      vertex 91.42294857558085 58.80622238662304 5
      vertex 91.63463178283692 58.764115978733216 5
    endloop
  endfacet
  facet normal 0.8968727415326909 0.4422886902189961 0
    outer loop
      vertex 90.42105808375568 59.575 3.2
      vertex 90.32559877135638 59.76857233659761 5
      vertex 90.42105808375568 59.575 5
    endloop
  endfacet
  facet normal 0.8314696123025364 0.5555702330196157 0
    outer loop
      vertex 90.54096698851947 59.395543642135614 3.2
      vertex 90.42105808375568 59.575 5
      vertex 90.54096698851947 59.395543642135614 5
    endloop
  endfacet
  facet normal 0.7518398074789888 0.659345815100056 0
    outer loop
      vertex 90.6832738110422 59.2332738110422 3.2
      vertex 90.54096698851947 59.395543642135614 5
      vertex 90.6832738110422 59.2332738110422 5
    endloop
  endfacet
  facet normal 0.6593458151000418 0.7518398074790011 0
    outer loop
      vertex 90.84554364213562 59.09096698851947 3.2
      vertex 90.6832738110422 59.2332738110422 5
      vertex 90.84554364213562 59.09096698851947 5
    endloop
  endfacet
  facet normal 0.9469301294951159 0.32143946530313144 0
    outer loop
      vertex 90.32559877135638 59.76857233659761 3.2
      vertex 90.25622238662305 59.972948575580844 5
      vertex 90.32559877135638 59.76857233659761 5
    endloop
  endfacet
  facet normal 0.9807852804032244 0.1950903220161592 0
    outer loop
      vertex 90.25622238662305 59.972948575580844 3.2
      vertex 90.21411597873322 60.184631782836924 5
      vertex 90.25622238662305 59.972948575580844 5
    endloop
  endfacet
  facet normal 0.9978589232386026 -0.06540312923015723 0
    outer loop
      vertex 90.2 60.400000000000006 3.2
      vertex 90.21411597873322 60.61536821716309 5
      vertex 90.2 60.400000000000006 5
    endloop
  endfacet
  facet normal 0.9978589232386026 0.06540312923015723 0
    outer loop
      vertex 90.21411597873322 60.184631782836924 3.2
      vertex 90.2 60.400000000000006 5
      vertex 90.21411597873322 60.184631782836924 5
    endloop
  endfacet
  facet normal 0.9807852804032244 -0.1950903220161592 0
    outer loop
      vertex 90.21411597873322 60.61536821716309 3.2
      vertex 90.25622238662305 60.82705142441917 5
      vertex 90.21411597873322 60.61536821716309 5
    endloop
  endfacet
  facet normal 0.9469301294951159 -0.32143946530313144 0
    outer loop
      vertex 90.25622238662305 60.82705142441917 3.2
      vertex 90.32559877135638 61.031427663402404 5
      vertex 90.25622238662305 60.82705142441917 5
    endloop
  endfacet
  facet normal 0.8968727415326909 -0.4422886902189961 0
    outer loop
      vertex 90.32559877135638 61.031427663402404 3.2
      vertex 90.42105808375568 61.22500000000001 5
      vertex 90.32559877135638 61.031427663402404 5
    endloop
  endfacet
  facet normal 0.8314696123025364 -0.5555702330196157 0
    outer loop
      vertex 90.42105808375568 61.22500000000001 3.2
      vertex 90.54096698851947 61.4044563578644 5
      vertex 90.42105808375568 61.22500000000001 5
    endloop
  endfacet
  facet normal 0.7518398074789888 -0.659345815100056 0
    outer loop
      vertex 90.54096698851947 61.4044563578644 3.2
      vertex 90.6832738110422 61.56672618895781 5
      vertex 90.54096698851947 61.4044563578644 5
    endloop
  endfacet
  facet normal 0.6593458151000418 -0.7518398074790011 0
    outer loop
      vertex 90.6832738110422 61.56672618895781 3.2
      vertex 90.84554364213562 61.70903301148054 5
      vertex 90.6832738110422 61.56672618895781 5
    endloop
  endfacet
  facet normal 0.5555702330196308 -0.8314696123025263 0
    outer loop
      vertex 90.84554364213562 61.70903301148054 3.2
      vertex 91.025 61.82894191624433 5
      vertex 90.84554364213562 61.70903301148054 5
    endloop
  endfacet
  facet normal 0.442288690218983 -0.8968727415326972 0
    outer loop
      vertex 91.025 61.82894191624433 3.2
      vertex 91.21857233659762 61.92440122864363 5
      vertex 91.025 61.82894191624433 5
    endloop
  endfacet
  facet normal 0.32143946530317097 -0.9469301294951025 0
    outer loop
      vertex 91.21857233659762 61.92440122864363 3.2
      vertex 91.42294857558085 61.99377761337697 5
      vertex 91.21857233659762 61.92440122864363 5
    endloop
  endfacet
  facet normal 0.19509032201613385 -0.9807852804032293 0
    outer loop
      vertex 91.42294857558085 61.99377761337697 3.2
      vertex 91.63463178283692 62.035884021266796 5
      vertex 91.42294857558085 61.99377761337697 5
    endloop
  endfacet
  facet normal 0.06540312923012229 -0.9978589232386048 0
    outer loop
      vertex 91.63463178283692 62.035884021266796 3.2
      vertex 91.85000000000001 62.050000000000004 5
      vertex 91.63463178283692 62.035884021266796 5
    endloop
  endfacet
  facet normal 0.06540312923012229 0.9978589232386048 0
    outer loop
      vertex 91.85000000000001 58.75000000000001 3.2
      vertex 91.63463178283692 58.764115978733216 5
      vertex 91.85000000000001 58.75000000000001 5
    endloop
  endfacet
  facet normal -0.06540312923012229 0.9978589232386048 0
    outer loop
      vertex 92.0653682171631 58.764115978733216 3.2
      vertex 91.85000000000001 58.75000000000001 5
      vertex 92.0653682171631 58.764115978733216 5
    endloop
  endfacet
  facet normal -0.19509032201613385 0.9807852804032293 0
    outer loop
      vertex 92.27705142441917 58.80622238662304 3.2
      vertex 92.0653682171631 58.764115978733216 5
      vertex 92.27705142441917 58.80622238662304 5
    endloop
  endfacet
  facet normal -0.32143946530317097 0.9469301294951025 0
    outer loop
      vertex 92.4814276634024 58.87559877135638 3.2
      vertex 92.27705142441917 58.80622238662304 5
      vertex 92.4814276634024 58.87559877135638 5
    endloop
  endfacet
  facet normal -0.442288690218983 0.8968727415326972 0
    outer loop
      vertex 92.67500000000001 58.97105808375568 3.2
      vertex 92.4814276634024 58.87559877135638 5
      vertex 92.67500000000001 58.97105808375568 5
    endloop
  endfacet
  facet normal -0.5555702330196308 0.8314696123025263 0
    outer loop
      vertex 92.8544563578644 59.09096698851947 3.2
      vertex 92.67500000000001 58.97105808375568 5
      vertex 92.8544563578644 59.09096698851947 5
    endloop
  endfacet
  facet normal -0.6593458151000418 0.7518398074790011 0
    outer loop
      vertex 93.01672618895782 59.2332738110422 3.2
      vertex 92.8544563578644 59.09096698851947 5
      vertex 93.01672618895782 59.2332738110422 5
    endloop
  endfacet
  facet normal -0.7518398074789888 0.659345815100056 0
    outer loop
      vertex 93.15903301148055 59.395543642135614 3.2
      vertex 93.01672618895782 59.2332738110422 5
      vertex 93.15903301148055 59.395543642135614 5
    endloop
  endfacet
  facet normal -0.8314696123025364 0.5555702330196157 0
    outer loop
      vertex 93.27894191624434 59.575 3.2
      vertex 93.15903301148055 59.395543642135614 5
      vertex 93.27894191624434 59.575 5
    endloop
  endfacet
  facet normal -0.8968727415326909 0.4422886902189961 0
    outer loop
      vertex 93.37440122864363 59.76857233659761 3.2
      vertex 93.27894191624434 59.575 5
      vertex 93.37440122864363 59.76857233659761 5
    endloop
  endfacet
  facet normal -0.9469301294951159 0.32143946530313144 0
    outer loop
      vertex 93.44377761337697 59.972948575580844 3.2
      vertex 93.37440122864363 59.76857233659761 5
      vertex 93.44377761337697 59.972948575580844 5
    endloop
  endfacet
  facet normal -0.9807852804032244 0.1950903220161592 0
    outer loop
      vertex 93.4858840212668 60.184631782836924 3.2
      vertex 93.44377761337697 59.972948575580844 5
      vertex 93.4858840212668 60.184631782836924 5
    endloop
  endfacet
  facet normal -0.06540312923012229 -0.9978589232386048 0
    outer loop
      vertex 91.85000000000001 62.050000000000004 3.2
      vertex 92.0653682171631 62.035884021266796 5
      vertex 91.85000000000001 62.050000000000004 5
    endloop
  endfacet
  facet normal -0.32143946530317097 -0.9469301294951025 0
    outer loop
      vertex 92.27705142441917 61.99377761337697 3.2
      vertex 92.4814276634024 61.92440122864363 5
      vertex 92.27705142441917 61.99377761337697 5
    endloop
  endfacet
  facet normal -0.19509032201613385 -0.9807852804032293 0
    outer loop
      vertex 92.0653682171631 62.035884021266796 3.2
      vertex 92.27705142441917 61.99377761337697 5
      vertex 92.0653682171631 62.035884021266796 5
    endloop
  endfacet
  facet normal -0.8314696123025364 -0.5555702330196157 0
    outer loop
      vertex 93.15903301148055 61.4044563578644 3.2
      vertex 93.27894191624434 61.22500000000001 5
      vertex 93.15903301148055 61.4044563578644 5
    endloop
  endfacet
  facet normal -0.7518398074789888 -0.659345815100056 0
    outer loop
      vertex 93.01672618895782 61.56672618895781 3.2
      vertex 93.15903301148055 61.4044563578644 5
      vertex 93.01672618895782 61.56672618895781 5
    endloop
  endfacet
  facet normal -0.6593458151000418 -0.7518398074790011 0
    outer loop
      vertex 92.8544563578644 61.70903301148054 3.2
      vertex 93.01672618895782 61.56672618895781 5
      vertex 92.8544563578644 61.70903301148054 5
    endloop
  endfacet
  facet normal -0.442288690218983 -0.8968727415326972 0
    outer loop
      vertex 92.4814276634024 61.92440122864363 3.2
      vertex 92.67500000000001 61.82894191624433 5
      vertex 92.4814276634024 61.92440122864363 5
    endloop
  endfacet
  facet normal -0.5555702330196308 -0.8314696123025263 0
    outer loop
      vertex 92.67500000000001 61.82894191624433 3.2
      vertex 92.8544563578644 61.70903301148054 5
      vertex 92.67500000000001 61.82894191624433 5
    endloop
  endfacet
  facet normal -0.9978589232386026 0.06540312923015723 0
    outer loop
      vertex 93.50000000000001 60.400000000000006 3.2
      vertex 93.4858840212668 60.184631782836924 5
      vertex 93.50000000000001 60.400000000000006 5
    endloop
  endfacet
  facet normal -0.9978589232386026 -0.06540312923015723 0
    outer loop
      vertex 93.4858840212668 60.61536821716309 3.2
      vertex 93.50000000000001 60.400000000000006 5
      vertex 93.4858840212668 60.61536821716309 5
    endloop
  endfacet
  facet normal -0.9807852804032244 -0.1950903220161592 0
    outer loop
      vertex 93.44377761337697 60.82705142441917 3.2
      vertex 93.4858840212668 60.61536821716309 5
      vertex 93.44377761337697 60.82705142441917 5
    endloop
  endfacet
  facet normal -0.9469301294951159 -0.32143946530313144 0
    outer loop
      vertex 93.37440122864363 61.031427663402404 3.2
      vertex 93.44377761337697 60.82705142441917 5
      vertex 93.37440122864363 61.031427663402404 5
    endloop
  endfacet
  facet normal -0.8968727415326909 -0.4422886902189961 0
    outer loop
      vertex 93.27894191624434 61.22500000000001 3.2
      vertex 93.37440122864363 61.031427663402404 5
      vertex 93.27894191624434 61.22500000000001 5
    endloop
  endfacet
  facet normal 0.8968727415326909 0.4422886902189961 0
    outer loop
      vertex -93.37440122864363 59.76857233659761 3.2
      vertex -93.37440122864363 59.76857233659761 5
      vertex -93.27894191624434 59.575 3.2
    endloop
  endfacet
  facet normal 0.9469301294951159 0.32143946530313144 -1.1925902565004868e-18
    outer loop
      vertex -93.37440122864363 59.76857233659761 3.2
      vertex -93.44377761337697 59.972948575580844 3.2
      vertex -93.44377761337697 59.972948575580844 5
    endloop
  endfacet
  facet normal 0.9807852804032244 0.1950903220161592 0
    outer loop
      vertex -93.4858840212668 60.184631782836924 3.2
      vertex -93.4858840212668 60.184631782836924 5
      vertex -93.44377761337697 59.972948575580844 3.2
    endloop
  endfacet
  facet normal 0.5555702330196308 0.8314696123025263 0
    outer loop
      vertex -92.8544563578644 59.09096698851947 3.2
      vertex -92.8544563578644 59.09096698851947 5
      vertex -92.67500000000001 58.97105808375568 3.2
    endloop
  endfacet
  facet normal 0.442288690218983 0.8968727415326972 0
    outer loop
      vertex -92.67500000000001 58.97105808375568 3.2
      vertex -92.67500000000001 58.97105808375568 5
      vertex -92.4814276634024 58.87559877135638 3.2
    endloop
  endfacet
  facet normal 0.32143946530317097 0.9469301294951025 0
    outer loop
      vertex -92.4814276634024 58.87559877135638 3.2
      vertex -92.4814276634024 58.87559877135638 5
      vertex -92.27705142441917 58.80622238662304 3.2
    endloop
  endfacet
  facet normal 0.19509032201613385 0.9807852804032293 -7.60037303319237e-19
    outer loop
      vertex -92.0653682171631 58.764115978733216 3.2
      vertex -92.27705142441917 58.80622238662304 3.2
      vertex -92.27705142441917 58.80622238662304 5
    endloop
  endfacet
  facet normal 0.06540312923012229 0.9978589232386048 0
    outer loop
      vertex -92.0653682171631 58.764115978733216 3.2
      vertex -92.0653682171631 58.764115978733216 5
      vertex -91.85000000000001 58.75000000000001 3.2
    endloop
  endfacet
  facet normal -0.06540312923012229 0.9978589232386048 0
    outer loop
      vertex -91.85000000000001 58.75000000000001 3.2
      vertex -91.85000000000001 58.75000000000001 5
      vertex -91.63463178283692 58.764115978733216 3.2
    endloop
  endfacet
  facet normal 0.7518398074789888 0.659345815100056 0
    outer loop
      vertex -93.15903301148055 59.395543642135614 3.2
      vertex -93.15903301148055 59.395543642135614 5
      vertex -93.01672618895782 59.2332738110422 3.2
    endloop
  endfacet
  facet normal 0.6593458151000418 0.7518398074790011 0
    outer loop
      vertex -93.01672618895782 59.2332738110422 3.2
      vertex -93.01672618895782 59.2332738110422 5
      vertex -92.8544563578644 59.09096698851947 3.2
    endloop
  endfacet
  facet normal 0.8314696123025364 0.5555702330196157 9.68001229314719e-19
    outer loop
      vertex -93.15903301148055 59.395543642135614 3.2
      vertex -93.27894191624434 59.575 3.2
      vertex -93.27894191624434 59.575 5
    endloop
  endfacet
  facet normal 0.9978589232386026 0.06540312923015723 5.127712748463291e-19
    outer loop
      vertex -93.4858840212668 60.184631782836924 3.2
      vertex -93.50000000000001 60.400000000000006 3.2
      vertex -93.50000000000001 60.400000000000006 5
    endloop
  endfacet
  facet normal 0.9978589232386026 -0.06540312923015723 -5.127712748463291e-19
    outer loop
      vertex -93.50000000000001 60.400000000000006 3.2
      vertex -93.4858840212668 60.61536821716309 3.2
      vertex -93.4858840212668 60.61536821716309 5
    endloop
  endfacet
  facet normal 0.9807852804032244 -0.1950903220161592 -1.3731725521831715e-18
    outer loop
      vertex -93.4858840212668 60.61536821716309 3.2
      vertex -93.44377761337697 60.82705142441917 3.2
      vertex -93.44377761337697 60.82705142441917 5
    endloop
  endfacet
  facet normal 0.9469301294951159 -0.32143946530313144 1.1925902565004868e-18
    outer loop
      vertex -93.44377761337697 60.82705142441917 3.2
      vertex -93.37440122864363 61.031427663402404 3.2
      vertex -93.37440122864363 61.031427663402404 5
    endloop
  endfacet
  facet normal 0.8968727415326909 -0.4422886902189961 4.394886573538253e-18
    outer loop
      vertex -93.37440122864363 61.031427663402404 3.2
      vertex -93.27894191624434 61.22500000000001 3.2
      vertex -93.27894191624434 61.22500000000001 5
    endloop
  endfacet
  facet normal 0.8314696123025364 -0.5555702330196157 -9.68001229314719e-19
    outer loop
      vertex -93.27894191624434 61.22500000000001 3.2
      vertex -93.15903301148055 61.4044563578644 3.2
      vertex -93.15903301148055 61.4044563578644 5
    endloop
  endfacet
  facet normal 0.7518398074789888 -0.659345815100056 -5.339527830140625e-19
    outer loop
      vertex -93.15903301148055 61.4044563578644 3.2
      vertex -93.01672618895782 61.56672618895781 3.2
      vertex -93.01672618895782 61.56672618895781 5
    endloop
  endfacet
  facet normal 0.6593458151000418 -0.7518398074790011 1.407170731924744e-18
    outer loop
      vertex -93.01672618895782 61.56672618895781 3.2
      vertex -92.8544563578644 61.70903301148054 3.2
      vertex -92.8544563578644 61.70903301148054 5
    endloop
  endfacet
  facet normal 0.5555702330196308 -0.8314696123025263 2.8414156818025693e-18
    outer loop
      vertex -92.8544563578644 61.70903301148054 3.2
      vertex -92.67500000000001 61.82894191624433 3.2
      vertex -92.67500000000001 61.82894191624433 5
    endloop
  endfacet
  facet normal 0.442288690218983 -0.8968727415326972 -6.435887883291752e-20
    outer loop
      vertex -92.67500000000001 61.82894191624433 3.2
      vertex -92.4814276634024 61.92440122864363 3.2
      vertex -92.4814276634024 61.92440122864363 5
    endloop
  endfacet
  facet normal 0.32143946530317097 -0.9469301294951025 1.01131474316272e-18
    outer loop
      vertex -92.4814276634024 61.92440122864363 3.2
      vertex -92.27705142441917 61.99377761337697 3.2
      vertex -92.27705142441917 61.99377761337697 5
    endloop
  endfacet
  facet normal 0.19509032201613385 -0.9807852804032293 7.60037303319237e-19
    outer loop
      vertex -92.27705142441917 61.99377761337697 3.2
      vertex -92.0653682171631 62.035884021266796 3.2
      vertex -92.0653682171631 62.035884021266796 5
    endloop
  endfacet
  facet normal 0.06540312923012229 -0.9978589232386048 2.5003272359670717e-19
    outer loop
      vertex -92.0653682171631 62.035884021266796 3.2
      vertex -91.85000000000001 62.050000000000004 3.2
      vertex -91.85000000000001 62.050000000000004 5
    endloop
  endfacet
  facet normal -0.19509032201613385 0.9807852804032293 0
    outer loop
      vertex -91.63463178283692 58.764115978733216 3.2
      vertex -91.63463178283692 58.764115978733216 5
      vertex -91.42294857558085 58.80622238662304 3.2
    endloop
  endfacet
  facet normal -0.32143946530317097 0.9469301294951025 0
    outer loop
      vertex -91.42294857558085 58.80622238662304 3.2
      vertex -91.42294857558085 58.80622238662304 5
      vertex -91.21857233659762 58.87559877135638 3.2
    endloop
  endfacet
  facet normal -0.442288690218983 0.8968727415326972 0
    outer loop
      vertex -91.21857233659762 58.87559877135638 3.2
      vertex -91.21857233659762 58.87559877135638 5
      vertex -91.025 58.97105808375568 3.2
    endloop
  endfacet
  facet normal -0.5555702330196308 0.8314696123025263 0
    outer loop
      vertex -91.025 58.97105808375568 3.2
      vertex -91.025 58.97105808375568 5
      vertex -90.84554364213562 59.09096698851947 3.2
    endloop
  endfacet
  facet normal -0.6593458151000418 0.7518398074790011 0
    outer loop
      vertex -90.84554364213562 59.09096698851947 3.2
      vertex -90.84554364213562 59.09096698851947 5
      vertex -90.6832738110422 59.2332738110422 3.2
    endloop
  endfacet
  facet normal -0.7518398074789888 0.659345815100056 0
    outer loop
      vertex -90.6832738110422 59.2332738110422 3.2
      vertex -90.6832738110422 59.2332738110422 5
      vertex -90.54096698851947 59.395543642135614 3.2
    endloop
  endfacet
  facet normal -0.8314696123025364 0.5555702330196157 0
    outer loop
      vertex -90.54096698851947 59.395543642135614 3.2
      vertex -90.54096698851947 59.395543642135614 5
      vertex -90.42105808375568 59.575 3.2
    endloop
  endfacet
  facet normal -0.8968727415326909 0.4422886902189961 0
    outer loop
      vertex -90.42105808375568 59.575 3.2
      vertex -90.42105808375568 59.575 5
      vertex -90.32559877135638 59.76857233659761 3.2
    endloop
  endfacet
  facet normal -0.9469301294951159 0.32143946530313144 0
    outer loop
      vertex -90.32559877135638 59.76857233659761 3.2
      vertex -90.32559877135638 59.76857233659761 5
      vertex -90.25622238662305 59.972948575580844 3.2
    endloop
  endfacet
  facet normal -0.9807852804032244 0.1950903220161592 0
    outer loop
      vertex -90.25622238662305 59.972948575580844 3.2
      vertex -90.25622238662305 59.972948575580844 5
      vertex -90.21411597873322 60.184631782836924 3.2
    endloop
  endfacet
  facet normal -0.9978589232386026 0.06540312923015723 0
    outer loop
      vertex -90.21411597873322 60.184631782836924 3.2
      vertex -90.21411597873322 60.184631782836924 5
      vertex -90.2 60.400000000000006 3.2
    endloop
  endfacet
  facet normal -0.9807852804032244 -0.1950903220161592 0
    outer loop
      vertex -90.21411597873322 60.61536821716309 3.2
      vertex -90.21411597873322 60.61536821716309 5
      vertex -90.25622238662305 60.82705142441917 3.2
    endloop
  endfacet
  facet normal -0.9469301294951159 -0.32143946530313144 0
    outer loop
      vertex -90.25622238662305 60.82705142441917 3.2
      vertex -90.25622238662305 60.82705142441917 5
      vertex -90.32559877135638 61.031427663402404 3.2
    endloop
  endfacet
  facet normal -0.8968727415326909 -0.4422886902189961 0
    outer loop
      vertex -90.32559877135638 61.031427663402404 3.2
      vertex -90.32559877135638 61.031427663402404 5
      vertex -90.42105808375568 61.22500000000001 3.2
    endloop
  endfacet
  facet normal -0.06540312923012229 -0.9978589232386048 -2.5003272359670717e-19
    outer loop
      vertex -91.85000000000001 62.050000000000004 3.2
      vertex -91.63463178283692 62.035884021266796 3.2
      vertex -91.63463178283692 62.035884021266796 5
    endloop
  endfacet
  facet normal -0.19509032201613385 -0.9807852804032293 0
    outer loop
      vertex -91.42294857558085 61.99377761337697 3.2
      vertex -91.42294857558085 61.99377761337697 5
      vertex -91.63463178283692 62.035884021266796 3.2
    endloop
  endfacet
  facet normal -0.32143946530317097 -0.9469301294951025 -1.01131474316272e-18
    outer loop
      vertex -91.42294857558085 61.99377761337697 3.2
      vertex -91.21857233659762 61.92440122864363 3.2
      vertex -91.21857233659762 61.92440122864363 5
    endloop
  endfacet
  facet normal -0.442288690218983 -0.8968727415326972 6.435887883291752e-20
    outer loop
      vertex -91.21857233659762 61.92440122864363 3.2
      vertex -91.025 61.82894191624433 3.2
      vertex -91.025 61.82894191624433 5
    endloop
  endfacet
  facet normal -0.7518398074789888 -0.659345815100056 0
    outer loop
      vertex -90.54096698851947 61.4044563578644 3.2
      vertex -90.54096698851947 61.4044563578644 5
      vertex -90.6832738110422 61.56672618895781 3.2
    endloop
  endfacet
  facet normal -0.6593458151000418 -0.7518398074790011 -1.407170731924744e-18
    outer loop
      vertex -90.84554364213562 61.70903301148054 3.2
      vertex -90.6832738110422 61.56672618895781 3.2
      vertex -90.6832738110422 61.56672618895781 5
    endloop
  endfacet
  facet normal -0.8314696123025364 -0.5555702330196157 9.68001229314719e-19
    outer loop
      vertex -90.54096698851947 61.4044563578644 3.2
      vertex -90.42105808375568 61.22500000000001 3.2
      vertex -90.42105808375568 61.22500000000001 5
    endloop
  endfacet
  facet normal -0.5555702330196308 -0.8314696123025263 -2.8414156818025693e-18
    outer loop
      vertex -91.025 61.82894191624433 3.2
      vertex -90.84554364213562 61.70903301148054 3.2
      vertex -90.84554364213562 61.70903301148054 5
    endloop
  endfacet
  facet normal -0.9978589232386026 -0.06540312923015723 0
    outer loop
      vertex -90.2 60.400000000000006 3.2
      vertex -90.2 60.400000000000006 5
      vertex -90.21411597873322 60.61536821716309 3.2
    endloop
  endfacet
  facet normal 0.8968727415326909 0.4422886902189961 0
    outer loop
      vertex -93.27894191624434 59.575 3.2
      vertex -93.37440122864363 59.76857233659761 5
      vertex -93.27894191624434 59.575 5
    endloop
  endfacet
  facet normal 0.9469301294951159 0.32143946530313144 0
    outer loop
      vertex -93.37440122864363 59.76857233659761 3.2
      vertex -93.44377761337697 59.972948575580844 5
      vertex -93.37440122864363 59.76857233659761 5
    endloop
  endfacet
  facet normal 0.9807852804032244 0.1950903220161592 0
    outer loop
      vertex -93.44377761337697 59.972948575580844 3.2
      vertex -93.4858840212668 60.184631782836924 5
      vertex -93.44377761337697 59.972948575580844 5
    endloop
  endfacet
  facet normal 0.5555702330196308 0.8314696123025263 0
    outer loop
      vertex -92.67500000000001 58.97105808375568 3.2
      vertex -92.8544563578644 59.09096698851947 5
      vertex -92.67500000000001 58.97105808375568 5
    endloop
  endfacet
  facet normal 0.442288690218983 0.8968727415326972 0
    outer loop
      vertex -92.4814276634024 58.87559877135638 3.2
      vertex -92.67500000000001 58.97105808375568 5
      vertex -92.4814276634024 58.87559877135638 5
    endloop
  endfacet
  facet normal 0.32143946530317097 0.9469301294951025 0
    outer loop
      vertex -92.27705142441917 58.80622238662304 3.2
      vertex -92.4814276634024 58.87559877135638 5
      vertex -92.27705142441917 58.80622238662304 5
    endloop
  endfacet
  facet normal 0.19509032201613385 0.9807852804032293 0
    outer loop
      vertex -92.0653682171631 58.764115978733216 3.2
      vertex -92.27705142441917 58.80622238662304 5
      vertex -92.0653682171631 58.764115978733216 5
    endloop
  endfacet
  facet normal 0.06540312923012229 0.9978589232386048 0
    outer loop
      vertex -91.85000000000001 58.75000000000001 3.2
      vertex -92.0653682171631 58.764115978733216 5
      vertex -91.85000000000001 58.75000000000001 5
    endloop
  endfacet
  facet normal 0.6593458151000418 0.7518398074790011 0
    outer loop
      vertex -92.8544563578644 59.09096698851947 3.2
      vertex -93.01672618895782 59.2332738110422 5
      vertex -92.8544563578644 59.09096698851947 5
    endloop
  endfacet
  facet normal 0.7518398074789888 0.659345815100056 0
    outer loop
      vertex -93.01672618895782 59.2332738110422 3.2
      vertex -93.15903301148055 59.395543642135614 5
      vertex -93.01672618895782 59.2332738110422 5
    endloop
  endfacet
  facet normal 0.8314696123025364 0.5555702330196157 0
    outer loop
      vertex -93.15903301148055 59.395543642135614 3.2
      vertex -93.27894191624434 59.575 5
      vertex -93.15903301148055 59.395543642135614 5
    endloop
  endfacet
  facet normal 0.9978589232386026 0.06540312923015723 0
    outer loop
      vertex -93.4858840212668 60.184631782836924 3.2
      vertex -93.50000000000001 60.400000000000006 5
      vertex -93.4858840212668 60.184631782836924 5
    endloop
  endfacet
  facet normal 0.9978589232386026 -0.06540312923015723 0
    outer loop
      vertex -93.50000000000001 60.400000000000006 3.2
      vertex -93.4858840212668 60.61536821716309 5
      vertex -93.50000000000001 60.400000000000006 5
    endloop
  endfacet
  facet normal 0.9807852804032244 -0.1950903220161592 0
    outer loop
      vertex -93.4858840212668 60.61536821716309 3.2
      vertex -93.44377761337697 60.82705142441917 5
      vertex -93.4858840212668 60.61536821716309 5
    endloop
  endfacet
  facet normal 0.9469301294951159 -0.32143946530313144 0
    outer loop
      vertex -93.44377761337697 60.82705142441917 3.2
      vertex -93.37440122864363 61.031427663402404 5
      vertex -93.44377761337697 60.82705142441917 5
    endloop
  endfacet
  facet normal 0.8968727415326909 -0.4422886902189961 0
    outer loop
      vertex -93.37440122864363 61.031427663402404 3.2
      vertex -93.27894191624434 61.22500000000001 5
      vertex -93.37440122864363 61.031427663402404 5
    endloop
  endfacet
  facet normal 0.8314696123025364 -0.5555702330196157 0
    outer loop
      vertex -93.27894191624434 61.22500000000001 3.2
      vertex -93.15903301148055 61.4044563578644 5
      vertex -93.27894191624434 61.22500000000001 5
    endloop
  endfacet
  facet normal 0.7518398074789888 -0.659345815100056 0
    outer loop
      vertex -93.15903301148055 61.4044563578644 3.2
      vertex -93.01672618895782 61.56672618895781 5
      vertex -93.15903301148055 61.4044563578644 5
    endloop
  endfacet
  facet normal 0.6593458151000418 -0.7518398074790011 0
    outer loop
      vertex -93.01672618895782 61.56672618895781 3.2
      vertex -92.8544563578644 61.70903301148054 5
      vertex -93.01672618895782 61.56672618895781 5
    endloop
  endfacet
  facet normal 0.5555702330196308 -0.8314696123025263 0
    outer loop
      vertex -92.8544563578644 61.70903301148054 3.2
      vertex -92.67500000000001 61.82894191624433 5
      vertex -92.8544563578644 61.70903301148054 5
    endloop
  endfacet
  facet normal 0.442288690218983 -0.8968727415326972 0
    outer loop
      vertex -92.67500000000001 61.82894191624433 3.2
      vertex -92.4814276634024 61.92440122864363 5
      vertex -92.67500000000001 61.82894191624433 5
    endloop
  endfacet
  facet normal 0.32143946530317097 -0.9469301294951025 0
    outer loop
      vertex -92.4814276634024 61.92440122864363 3.2
      vertex -92.27705142441917 61.99377761337697 5
      vertex -92.4814276634024 61.92440122864363 5
    endloop
  endfacet
  facet normal 0.19509032201613385 -0.9807852804032293 0
    outer loop
      vertex -92.27705142441917 61.99377761337697 3.2
      vertex -92.0653682171631 62.035884021266796 5
      vertex -92.27705142441917 61.99377761337697 5
    endloop
  endfacet
  facet normal 0.06540312923012229 -0.9978589232386048 0
    outer loop
      vertex -92.0653682171631 62.035884021266796 3.2
      vertex -91.85000000000001 62.050000000000004 5
      vertex -92.0653682171631 62.035884021266796 5
    endloop
  endfacet
  facet normal -0.06540312923012229 -0.9978589232386048 0
    outer loop
      vertex -91.85000000000001 62.050000000000004 3.2
      vertex -91.63463178283692 62.035884021266796 5
      vertex -91.85000000000001 62.050000000000004 5
    endloop
  endfacet
  facet normal -0.06540312923012229 0.9978589232386048 0
    outer loop
      vertex -91.63463178283692 58.764115978733216 3.2
      vertex -91.85000000000001 58.75000000000001 5
      vertex -91.63463178283692 58.764115978733216 5
    endloop
  endfacet
  facet normal -0.19509032201613385 0.9807852804032293 0
    outer loop
      vertex -91.42294857558085 58.80622238662304 3.2
      vertex -91.63463178283692 58.764115978733216 5
      vertex -91.42294857558085 58.80622238662304 5
    endloop
  endfacet
  facet normal -0.32143946530317097 0.9469301294951025 0
    outer loop
      vertex -91.21857233659762 58.87559877135638 3.2
      vertex -91.42294857558085 58.80622238662304 5
      vertex -91.21857233659762 58.87559877135638 5
    endloop
  endfacet
  facet normal -0.442288690218983 0.8968727415326972 0
    outer loop
      vertex -91.025 58.97105808375568 3.2
      vertex -91.21857233659762 58.87559877135638 5
      vertex -91.025 58.97105808375568 5
    endloop
  endfacet
  facet normal -0.5555702330196308 0.8314696123025263 0
    outer loop
      vertex -90.84554364213562 59.09096698851947 3.2
      vertex -91.025 58.97105808375568 5
      vertex -90.84554364213562 59.09096698851947 5
    endloop
  endfacet
  facet normal -0.6593458151000418 0.7518398074790011 0
    outer loop
      vertex -90.6832738110422 59.2332738110422 3.2
      vertex -90.84554364213562 59.09096698851947 5
      vertex -90.6832738110422 59.2332738110422 5
    endloop
  endfacet
  facet normal -0.7518398074789888 0.659345815100056 0
    outer loop
      vertex -90.54096698851947 59.395543642135614 3.2
      vertex -90.6832738110422 59.2332738110422 5
      vertex -90.54096698851947 59.395543642135614 5
    endloop
  endfacet
  facet normal -0.8314696123025364 0.5555702330196157 0
    outer loop
      vertex -90.42105808375568 59.575 3.2
      vertex -90.54096698851947 59.395543642135614 5
      vertex -90.42105808375568 59.575 5
    endloop
  endfacet
  facet normal -0.8968727415326909 0.4422886902189961 0
    outer loop
      vertex -90.32559877135638 59.76857233659761 3.2
      vertex -90.42105808375568 59.575 5
      vertex -90.32559877135638 59.76857233659761 5
    endloop
  endfacet
  facet normal -0.9469301294951159 0.32143946530313144 0
    outer loop
      vertex -90.25622238662305 59.972948575580844 3.2
      vertex -90.32559877135638 59.76857233659761 5
      vertex -90.25622238662305 59.972948575580844 5
    endloop
  endfacet
  facet normal -0.9807852804032244 0.1950903220161592 0
    outer loop
      vertex -90.21411597873322 60.184631782836924 3.2
      vertex -90.25622238662305 59.972948575580844 5
      vertex -90.21411597873322 60.184631782836924 5
    endloop
  endfacet
  facet normal -0.9978589232386026 -0.06540312923015723 0
    outer loop
      vertex -90.21411597873322 60.61536821716309 3.2
      vertex -90.2 60.400000000000006 5
      vertex -90.21411597873322 60.61536821716309 5
    endloop
  endfacet
  facet normal -0.9807852804032244 -0.1950903220161592 0
    outer loop
      vertex -90.25622238662305 60.82705142441917 3.2
      vertex -90.21411597873322 60.61536821716309 5
      vertex -90.25622238662305 60.82705142441917 5
    endloop
  endfacet
  facet normal -0.9469301294951159 -0.32143946530313144 0
    outer loop
      vertex -90.32559877135638 61.031427663402404 3.2
      vertex -90.25622238662305 60.82705142441917 5
      vertex -90.32559877135638 61.031427663402404 5
    endloop
  endfacet
  facet normal -0.8968727415326909 -0.4422886902189961 0
    outer loop
      vertex -90.42105808375568 61.22500000000001 3.2
      vertex -90.32559877135638 61.031427663402404 5
      vertex -90.42105808375568 61.22500000000001 5
    endloop
  endfacet
  facet normal -0.32143946530317097 -0.9469301294951025 0
    outer loop
      vertex -91.42294857558085 61.99377761337697 3.2
      vertex -91.21857233659762 61.92440122864363 5
      vertex -91.42294857558085 61.99377761337697 5
    endloop
  endfacet
  facet normal -0.19509032201613385 -0.9807852804032293 0
    outer loop
      vertex -91.63463178283692 62.035884021266796 3.2
      vertex -91.42294857558085 61.99377761337697 5
      vertex -91.63463178283692 62.035884021266796 5
    endloop
  endfacet
  facet normal -0.442288690218983 -0.8968727415326972 0
    outer loop
      vertex -91.21857233659762 61.92440122864363 3.2
      vertex -91.025 61.82894191624433 5
      vertex -91.21857233659762 61.92440122864363 5
    endloop
  endfacet
  facet normal -0.6593458151000418 -0.7518398074790011 0
    outer loop
      vertex -90.84554364213562 61.70903301148054 3.2
      vertex -90.6832738110422 61.56672618895781 5
      vertex -90.84554364213562 61.70903301148054 5
    endloop
  endfacet
  facet normal -0.7518398074789888 -0.659345815100056 0
    outer loop
      vertex -90.6832738110422 61.56672618895781 3.2
      vertex -90.54096698851947 61.4044563578644 5
      vertex -90.6832738110422 61.56672618895781 5
    endloop
  endfacet
  facet normal -0.8314696123025364 -0.5555702330196157 0
    outer loop
      vertex -90.54096698851947 61.4044563578644 3.2
      vertex -90.42105808375568 61.22500000000001 5
      vertex -90.54096698851947 61.4044563578644 5
    endloop
  endfacet
  facet normal -0.5555702330196308 -0.8314696123025263 0
    outer loop
      vertex -91.025 61.82894191624433 3.2
      vertex -90.84554364213562 61.70903301148054 5
      vertex -91.025 61.82894191624433 5
    endloop
  endfacet
  facet normal -0.9978589232386026 0.06540312923015723 0
    outer loop
      vertex -90.2 60.400000000000006 3.2
      vertex -90.21411597873322 60.184631782836924 5
      vertex -90.2 60.400000000000006 5
    endloop
  endfacet
  facet normal 0.7518398074789745 0.6593458151000722 0
    outer loop
      vertex -2.459395354902829 -62.28716042992704 3.2
      vertex -2.1920310216782974 -62.5920310216783 0
      vertex -2.459395354902829 -62.28716042992704 0
    endloop
  endfacet
  facet normal 0.5555702330195974 0.8314696123025486 0
    outer loop
      vertex -1.8871604299270341 -62.85939535490284 3.2
      vertex -1.55 -63.084678751731765 0
      vertex -1.8871604299270341 -62.85939535490284 0
    endloop
  endfacet
  facet normal 0.6593458151000733 0.7518398074789735 0
    outer loop
      vertex -2.1920310216782974 -62.5920310216783 3.2
      vertex -1.8871604299270341 -62.85939535490284 0
      vertex -2.1920310216782974 -62.5920310216783 0
    endloop
  endfacet
  facet normal 0.3214394653031583 0.9469301294951068 0
    outer loop
      vertex -1.1863186403317783 -63.264026550785 3.2
      vertex -0.8023390398178143 -63.39437006149612 0
      vertex -1.1863186403317783 -63.264026550785 0
    endloop
  endfacet
  facet normal 0.19509032201612633 0.9807852804032308 0
    outer loop
      vertex -0.8023390398178143 -63.39437006149612 3.2
      vertex -0.4046311958821599 -63.47347907025882 0
      vertex -0.8023390398178143 -63.39437006149612 0
    endloop
  endfacet
  facet normal 0.06540312923014518 0.9978589232386035 0
    outer loop
      vertex -0.4046311958821599 -63.47347907025882 3.2
      vertex 0 -63.50000000000001 0
      vertex -0.4046311958821599 -63.47347907025882 0
    endloop
  endfacet
  facet normal 0.44228869021900763 0.896872741532685 0
    outer loop
      vertex -1.55 -63.084678751731765 3.2
      vertex -1.1863186403317783 -63.264026550785 0
      vertex -1.55 -63.084678751731765 0
    endloop
  endfacet
  facet normal 0.9978589232386035 0.0654031292301429 0
    outer loop
      vertex -3.1 -60.400000000000006 3.2
      vertex -3.0734790702588124 -60.804631195882166 0
      vertex -3.1 -60.400000000000006 0
    endloop
  endfacet
  facet normal 0.9978589232386035 -0.0654031292301429 0
    outer loop
      vertex -3.0734790702588124 -59.995368804117845 3.2
      vertex -3.1 -60.400000000000006 0
      vertex -3.0734790702588124 -59.995368804117845 0
    endloop
  endfacet
  facet normal 0.831469612302549 0.5555702330195967 0
    outer loop
      vertex -2.68467875173176 -61.95 3.2
      vertex -2.459395354902829 -62.28716042992704 0
      vertex -2.68467875173176 -61.95 0
    endloop
  endfacet
  facet normal 0.8968727415326875 0.44228869021900297 0
    outer loop
      vertex -2.864026550784989 -61.58631864033178 3.2
      vertex -2.68467875173176 -61.95 0
      vertex -2.864026550784989 -61.58631864033178 0
    endloop
  endfacet
  facet normal 0.9469301294951048 0.3214394653031639 0
    outer loop
      vertex -2.9943700614961117 -61.20233903981782 3.2
      vertex -2.864026550784989 -61.58631864033178 0
      vertex -2.9943700614961117 -61.20233903981782 0
    endloop
  endfacet
  facet normal 0.9807852804032305 0.1950903220161277 0
    outer loop
      vertex -3.0734790702588124 -60.804631195882166 3.2
      vertex -2.9943700614961117 -61.20233903981782 0
      vertex -3.0734790702588124 -60.804631195882166 0
    endloop
  endfacet
  facet normal 0.9807852804032305 -0.1950903220161277 0
    outer loop
      vertex -2.9943700614961117 -59.59766096018219 3.2
      vertex -3.0734790702588124 -59.995368804117845 0
      vertex -2.9943700614961117 -59.59766096018219 0
    endloop
  endfacet
  facet normal 0.9469301294951048 -0.3214394653031639 0
    outer loop
      vertex -2.864026550784989 -59.21368135966823 3.2
      vertex -2.9943700614961117 -59.59766096018219 0
      vertex -2.864026550784989 -59.21368135966823 0
    endloop
  endfacet
  facet normal 0.8968727415326875 -0.44228869021900297 0
    outer loop
      vertex -2.68467875173176 -58.85000000000001 3.2
      vertex -2.864026550784989 -59.21368135966823 0
      vertex -2.68467875173176 -58.85000000000001 0
    endloop
  endfacet
  facet normal 0.831469612302549 -0.5555702330195967 0
    outer loop
      vertex -2.459395354902829 -58.51283957007297 3.2
      vertex -2.68467875173176 -58.85000000000001 0
      vertex -2.459395354902829 -58.51283957007297 0
    endloop
  endfacet
  facet normal 0.7518398074789745 -0.6593458151000722 0
    outer loop
      vertex -2.1920310216782974 -58.20796897832171 3.2
      vertex -2.459395354902829 -58.51283957007297 0
      vertex -2.1920310216782974 -58.20796897832171 0
    endloop
  endfacet
  facet normal 0.6593458151000733 -0.7518398074789735 0
    outer loop
      vertex -1.8871604299270341 -57.940604645097174 3.2
      vertex -2.1920310216782974 -58.20796897832171 0
      vertex -1.8871604299270341 -57.940604645097174 0
    endloop
  endfacet
  facet normal 0.5555702330195974 -0.8314696123025486 0
    outer loop
      vertex -1.55 -57.715321248268246 3.2
      vertex -1.8871604299270341 -57.940604645097174 0
      vertex -1.55 -57.715321248268246 0
    endloop
  endfacet
  facet normal 0.44228869021900763 -0.896872741532685 0
    outer loop
      vertex -1.1863186403317783 -57.535973449215014 3.2
      vertex -1.55 -57.715321248268246 0
      vertex -1.1863186403317783 -57.535973449215014 0
    endloop
  endfacet
  facet normal 0.3214394653031583 -0.9469301294951068 0
    outer loop
      vertex -0.8023390398178143 -57.40562993850389 3.2
      vertex -1.1863186403317783 -57.535973449215014 0
      vertex -0.8023390398178143 -57.40562993850389 0
    endloop
  endfacet
  facet normal 0.19509032201612633 -0.9807852804032308 0
    outer loop
      vertex -0.4046311958821599 -57.32652092974119 3.2
      vertex -0.8023390398178143 -57.40562993850389 0
      vertex -0.4046311958821599 -57.32652092974119 0
    endloop
  endfacet
  facet normal 0.06540312923014518 -0.9978589232386035 0
    outer loop
      vertex 0 -57.300000000000004 3.2
      vertex -0.4046311958821599 -57.32652092974119 0
      vertex 0 -57.300000000000004 0
    endloop
  endfacet
  facet normal 0.6593458151000733 0.7518398074789735 0
    outer loop
      vertex -1.8871604299270341 -62.85939535490284 3.2
      vertex -1.8871604299270341 -62.85939535490284 0
      vertex -2.1920310216782974 -62.5920310216783 3.2
    endloop
  endfacet
  facet normal 0.5555702330195974 0.8314696123025486 0
    outer loop
      vertex -1.55 -63.084678751731765 3.2
      vertex -1.55 -63.084678751731765 0
      vertex -1.8871604299270341 -62.85939535490284 3.2
    endloop
  endfacet
  facet normal 0.7518398074789745 0.6593458151000722 0
    outer loop
      vertex -2.1920310216782974 -62.5920310216783 3.2
      vertex -2.1920310216782974 -62.5920310216783 0
      vertex -2.459395354902829 -62.28716042992704 3.2
    endloop
  endfacet
  facet normal 0.3214394653031583 0.9469301294951068 -2.21646641477459e-18
    outer loop
      vertex -1.1863186403317783 -63.264026550785 3.2
      vertex -0.8023390398178143 -63.39437006149612 3.2
      vertex -0.8023390398178143 -63.39437006149612 0
    endloop
  endfacet
  facet normal 0.19509032201612633 0.9807852804032308 5.865279977933128e-21
    outer loop
      vertex -0.8023390398178143 -63.39437006149612 3.2
      vertex -0.4046311958821599 -63.47347907025882 3.2
      vertex -0.4046311958821599 -63.47347907025882 0
    endloop
  endfacet
  facet normal 0.06540312923014518 0.9978589232386035 -5.720786711114607e-19
    outer loop
      vertex -0.4046311958821599 -63.47347907025882 3.2
      vertex 0 -63.50000000000001 3.2
      vertex 0 -63.50000000000001 0
    endloop
  endfacet
  facet normal 0.44228869021900763 0.896872741532685 -2.0326636513545627e-18
    outer loop
      vertex -1.55 -63.084678751731765 3.2
      vertex -1.1863186403317783 -63.264026550785 3.2
      vertex -1.1863186403317783 -63.264026550785 0
    endloop
  endfacet
  facet normal 0.9978589232386035 0.0654031292301429 0
    outer loop
      vertex -3.0734790702588124 -60.804631195882166 3.2
      vertex -3.0734790702588124 -60.804631195882166 0
      vertex -3.1 -60.400000000000006 3.2
    endloop
  endfacet
  facet normal 0.9978589232386035 -0.0654031292301429 0
    outer loop
      vertex -3.1 -60.400000000000006 3.2
      vertex -3.1 -60.400000000000006 0
      vertex -3.0734790702588124 -59.995368804117845 3.2
    endloop
  endfacet
  facet normal 0.8968727415326875 0.44228869021900297 0
    outer loop
      vertex -2.68467875173176 -61.95 3.2
      vertex -2.68467875173176 -61.95 0
      vertex -2.864026550784989 -61.58631864033178 3.2
    endloop
  endfacet
  facet normal 0.831469612302549 0.5555702330195967 0
    outer loop
      vertex -2.459395354902829 -62.28716042992704 3.2
      vertex -2.459395354902829 -62.28716042992704 0
      vertex -2.68467875173176 -61.95 3.2
    endloop
  endfacet
  facet normal 0.9469301294951048 0.3214394653031639 -2.1533971159814048e-18
    outer loop
      vertex -2.9943700614961117 -61.20233903981782 3.2
      vertex -2.864026550784989 -61.58631864033178 3.2
      vertex -2.864026550784989 -61.58631864033178 0
    endloop
  endfacet
  facet normal 0.9807852804032305 0.1950903220161277 0
    outer loop
      vertex -2.9943700614961117 -61.20233903981782 3.2
      vertex -2.9943700614961117 -61.20233903981782 0
      vertex -3.0734790702588124 -60.804631195882166 3.2
    endloop
  endfacet
  facet normal 0.9807852804032305 -0.1950903220161277 0
    outer loop
      vertex -3.0734790702588124 -59.995368804117845 3.2
      vertex -3.0734790702588124 -59.995368804117845 0
      vertex -2.9943700614961117 -59.59766096018219 3.2
    endloop
  endfacet
  facet normal 0.9469301294951048 -0.3214394653031639 0
    outer loop
      vertex -2.9943700614961117 -59.59766096018219 3.2
      vertex -2.9943700614961117 -59.59766096018219 0
      vertex -2.864026550784989 -59.21368135966823 3.2
    endloop
  endfacet
  facet normal 0.8968727415326875 -0.44228869021900297 0
    outer loop
      vertex -2.864026550784989 -59.21368135966823 3.2
      vertex -2.864026550784989 -59.21368135966823 0
      vertex -2.68467875173176 -58.85000000000001 3.2
    endloop
  endfacet
  facet normal 0.831469612302549 -0.5555702330195967 0
    outer loop
      vertex -2.68467875173176 -58.85000000000001 3.2
      vertex -2.68467875173176 -58.85000000000001 0
      vertex -2.459395354902829 -58.51283957007297 3.2
    endloop
  endfacet
  facet normal 0.7518398074789745 -0.6593458151000722 0
    outer loop
      vertex -2.459395354902829 -58.51283957007297 3.2
      vertex -2.459395354902829 -58.51283957007297 0
      vertex -2.1920310216782974 -58.20796897832171 3.2
    endloop
  endfacet
  facet normal 0.6593458151000733 -0.7518398074789735 0
    outer loop
      vertex -2.1920310216782974 -58.20796897832171 3.2
      vertex -2.1920310216782974 -58.20796897832171 0
      vertex -1.8871604299270341 -57.940604645097174 3.2
    endloop
  endfacet
  facet normal 0.5555702330195974 -0.8314696123025486 0
    outer loop
      vertex -1.8871604299270341 -57.940604645097174 3.2
      vertex -1.8871604299270341 -57.940604645097174 0
      vertex -1.55 -57.715321248268246 3.2
    endloop
  endfacet
  facet normal 0.44228869021900763 -0.896872741532685 0
    outer loop
      vertex -1.55 -57.715321248268246 3.2
      vertex -1.55 -57.715321248268246 0
      vertex -1.1863186403317783 -57.535973449215014 3.2
    endloop
  endfacet
  facet normal 0.3214394653031583 -0.9469301294951068 0
    outer loop
      vertex -1.1863186403317783 -57.535973449215014 3.2
      vertex -1.1863186403317783 -57.535973449215014 0
      vertex -0.8023390398178143 -57.40562993850389 3.2
    endloop
  endfacet
  facet normal 0.19509032201612633 -0.9807852804032308 0
    outer loop
      vertex -0.8023390398178143 -57.40562993850389 3.2
      vertex -0.8023390398178143 -57.40562993850389 0
      vertex -0.4046311958821599 -57.32652092974119 3.2
    endloop
  endfacet
  facet normal 0.06540312923014518 -0.9978589232386035 0
    outer loop
      vertex -0.4046311958821599 -57.32652092974119 3.2
      vertex -0.4046311958821599 -57.32652092974119 0
      vertex 0 -57.300000000000004 3.2
    endloop
  endfacet
  facet normal 0 0 -1
    outer loop
      vertex -1.1863186403317783 -63.264026550785 3.2
      vertex -0.825 -61.82894191624433 3.2
      vertex -0.8023390398178143 -63.39437006149612 3.2
    endloop
  endfacet
  facet normal 0 0 -1
    outer loop
      vertex -1.55 -63.084678751731765 3.2
      vertex -1.1667261889578033 -61.56672618895781 3.2
      vertex -1.1863186403317783 -63.264026550785 3.2
    endloop
  endfacet
  facet normal 0 0 -1
    outer loop
      vertex -1.1863186403317783 -63.264026550785 3.2
      vertex -1.004456357864389 -61.70903301148054 3.2
      vertex -0.825 -61.82894191624433 3.2
    endloop
  endfacet
  facet normal 0 0 -1
    outer loop
      vertex -0.8023390398178143 -63.39437006149612 3.2
      vertex -0.4270514244191592 -61.99377761337697 3.2
      vertex -0.4046311958821599 -63.47347907025882 3.2
    endloop
  endfacet
  facet normal 0 0 -1
    outer loop
      vertex -0.4046311958821599 -63.47347907025882 3.2
      vertex 0 -62.050000000000004 3.2
      vertex 0 -63.50000000000001 3.2
    endloop
  endfacet
  facet normal 0 0 -1
    outer loop
      vertex -0.8023390398178143 -63.39437006149612 3.2
      vertex -0.825 -61.82894191624433 3.2
      vertex -0.6314276634023981 -61.92440122864363 3.2
    endloop
  endfacet
  facet normal 0 0 -1
    outer loop
      vertex -0.8023390398178143 -63.39437006149612 3.2
      vertex -0.6314276634023981 -61.92440122864363 3.2
      vertex -0.4270514244191592 -61.99377761337697 3.2
    endloop
  endfacet
  facet normal 0 0 -1
    outer loop
      vertex -0.4046311958821599 -63.47347907025882 3.2
      vertex -0.21536821716308507 -62.035884021266796 3.2
      vertex 0 -62.050000000000004 3.2
    endloop
  endfacet
  facet normal 0 0 -1
    outer loop
      vertex -0.4046311958821599 -63.47347907025882 3.2
      vertex -0.4270514244191592 -61.99377761337697 3.2
      vertex -0.21536821716308507 -62.035884021266796 3.2
    endloop
  endfacet
  facet normal 0 0 -1
    outer loop
      vertex -3.0734790702588124 -60.804631195882166 3.2
      vertex -3.1 -60.400000000000006 3.2
      vertex -3.0734790702588124 -59.995368804117845 3.2
    endloop
  endfacet
  facet normal 0 0 -1
    outer loop
      vertex -1.8871604299270341 -62.85939535490284 3.2
      vertex -2.1920310216782974 -62.5920310216783 3.2
      vertex -2.1920310216782974 -58.20796897832171 3.2
    endloop
  endfacet
  facet normal 0 0 -1
    outer loop
      vertex -1.55 -63.084678751731765 3.2
      vertex -1.5937776133769626 -60.82705142441917 3.2
      vertex -1.524401228643623 -61.031427663402404 3.2
    endloop
  endfacet
  facet normal 0 0 -1
    outer loop
      vertex -1.55 -63.084678751731765 3.2
      vertex -1.6358840212667871 -60.61536821716309 3.2
      vertex -1.5937776133769626 -60.82705142441917 3.2
    endloop
  endfacet
  facet normal 0 0 -1
    outer loop
      vertex -1.55 -63.084678751731765 3.2
      vertex -1.8871604299270341 -62.85939535490284 3.2
      vertex -1.8871604299270341 -57.940604645097174 3.2
    endloop
  endfacet
  facet normal 0 0 -1
    outer loop
      vertex -1.55 -63.084678751731765 3.2
      vertex -1.65 -60.400000000000006 3.2
      vertex -1.6358840212667871 -60.61536821716309 3.2
    endloop
  endfacet
  facet normal 0 0 -1
    outer loop
      vertex -2.9943700614961117 -61.20233903981782 3.2
      vertex -2.9943700614961117 -59.59766096018219 3.2
      vertex -2.864026550784989 -61.58631864033178 3.2
    endloop
  endfacet
  facet normal 0 0 -1
    outer loop
      vertex -2.68467875173176 -61.95 3.2
      vertex -2.864026550784989 -61.58631864033178 3.2
      vertex -2.864026550784989 -59.21368135966823 3.2
    endloop
  endfacet
  facet normal 0 0 -1
    outer loop
      vertex -2.459395354902829 -62.28716042992704 3.2
      vertex -2.68467875173176 -61.95 3.2
      vertex -2.68467875173176 -58.85000000000001 3.2
    endloop
  endfacet
  facet normal 0 0 -1
    outer loop
      vertex -2.1920310216782974 -62.5920310216783 3.2
      vertex -2.459395354902829 -62.28716042992704 3.2
      vertex -2.459395354902829 -58.51283957007297 3.2
    endloop
  endfacet
  facet normal 0 0 -1
    outer loop
      vertex -2.9943700614961117 -61.20233903981782 3.2
      vertex -3.0734790702588124 -60.804631195882166 3.2
      vertex -3.0734790702588124 -59.995368804117845 3.2
    endloop
  endfacet
  facet normal 0 0 -1
    outer loop
      vertex -2.9943700614961117 -61.20233903981782 3.2
      vertex -3.0734790702588124 -59.995368804117845 3.2
      vertex -2.9943700614961117 -59.59766096018219 3.2
    endloop
  endfacet
  facet normal 0 0 -1
    outer loop
      vertex -1.55 -63.084678751731765 3.2
      vertex -1.8871604299270341 -57.940604645097174 3.2
      vertex -1.65 -60.400000000000006 3.2
    endloop
  endfacet
  facet normal 0 0 -1
    outer loop
      vertex -1.55 -63.084678751731765 3.2
      vertex -1.309033011480538 -61.4044563578644 3.2
      vertex -1.1667261889578033 -61.56672618895781 3.2
    endloop
  endfacet
  facet normal 0 0 -1
    outer loop
      vertex -1.55 -63.084678751731765 3.2
      vertex -1.4289419162443235 -61.22500000000001 3.2
      vertex -1.309033011480538 -61.4044563578644 3.2
    endloop
  endfacet
  facet normal 0 0 -1
    outer loop
      vertex -1.55 -63.084678751731765 3.2
      vertex -1.524401228643623 -61.031427663402404 3.2
      vertex -1.4289419162443235 -61.22500000000001 3.2
    endloop
  endfacet
  facet normal 0 0 -1
    outer loop
      vertex -1.1863186403317783 -63.264026550785 3.2
      vertex -1.1667261889578033 -61.56672618895781 3.2
      vertex -1.004456357864389 -61.70903301148054 3.2
    endloop
  endfacet
  facet normal 0 0 -1
    outer loop
      vertex -2.9943700614961117 -59.59766096018219 3.2
      vertex -2.864026550784989 -59.21368135966823 3.2
      vertex -2.864026550784989 -61.58631864033178 3.2
    endloop
  endfacet
  facet normal 0 0 -1
    outer loop
      vertex -2.68467875173176 -61.95 3.2
      vertex -2.864026550784989 -59.21368135966823 3.2
      vertex -2.68467875173176 -58.85000000000001 3.2
    endloop
  endfacet
  facet normal 0 0 -1
    outer loop
      vertex -2.459395354902829 -62.28716042992704 3.2
      vertex -2.68467875173176 -58.85000000000001 3.2
      vertex -2.459395354902829 -58.51283957007297 3.2
    endloop
  endfacet
  facet normal 0 0 -1
    outer loop
      vertex -2.1920310216782974 -62.5920310216783 3.2
      vertex -2.459395354902829 -58.51283957007297 3.2
      vertex -2.1920310216782974 -58.20796897832171 3.2
    endloop
  endfacet
  facet normal 0 0 -1
    outer loop
      vertex -1.8871604299270341 -62.85939535490284 3.2
      vertex -2.1920310216782974 -58.20796897832171 3.2
      vertex -1.8871604299270341 -57.940604645097174 3.2
    endloop
  endfacet
  facet normal 0 0 -1
    outer loop
      vertex -1.65 -60.400000000000006 3.2
      vertex -1.8871604299270341 -57.940604645097174 3.2
      vertex -1.6358840212667871 -60.184631782836924 3.2
    endloop
  endfacet
  facet normal 0 0 -1
    outer loop
      vertex -1.6358840212667871 -60.184631782836924 3.2
      vertex -1.8871604299270341 -57.940604645097174 3.2
      vertex -1.5937776133769626 -59.972948575580844 3.2
    endloop
  endfacet
  facet normal 0 0 -1
    outer loop
      vertex -1.5937776133769626 -59.972948575580844 3.2
      vertex -1.55 -57.715321248268246 3.2
      vertex -1.524401228643623 -59.76857233659761 3.2
    endloop
  endfacet
  facet normal 0 0 -1
    outer loop
      vertex -1.5937776133769626 -59.972948575580844 3.2
      vertex -1.8871604299270341 -57.940604645097174 3.2
      vertex -1.55 -57.715321248268246 3.2
    endloop
  endfacet
  facet normal 0 0 -1
    outer loop
      vertex -1.524401228643623 -59.76857233659761 3.2
      vertex -1.55 -57.715321248268246 3.2
      vertex -1.4289419162443235 -59.575 3.2
    endloop
  endfacet
  facet normal 0 0 -1
    outer loop
      vertex -1.4289419162443235 -59.575 3.2
      vertex -1.55 -57.715321248268246 3.2
      vertex -1.309033011480538 -59.395543642135614 3.2
    endloop
  endfacet
  facet normal 0 0 -1
    outer loop
      vertex -1.309033011480538 -59.395543642135614 3.2
      vertex -1.1863186403317783 -57.535973449215014 3.2
      vertex -1.1667261889578033 -59.2332738110422 3.2
    endloop
  endfacet
  facet normal 0 0 -1
    outer loop
      vertex -1.1667261889578033 -59.2332738110422 3.2
      vertex -1.1863186403317783 -57.535973449215014 3.2
      vertex -1.004456357864389 -59.09096698851947 3.2
    endloop
  endfacet
  facet normal 0 0 -1
    outer loop
      vertex -1.55 -57.715321248268246 3.2
      vertex -1.1863186403317783 -57.535973449215014 3.2
      vertex -1.309033011480538 -59.395543642135614 3.2
    endloop
  endfacet
  facet normal 0 0 -1
    outer loop
      vertex -1.004456357864389 -59.09096698851947 3.2
      vertex -1.1863186403317783 -57.535973449215014 3.2
      vertex -0.825 -58.97105808375568 3.2
    endloop
  endfacet
  facet normal 0 0 -1
    outer loop
      vertex -0.825 -58.97105808375568 3.2
      vertex -0.8023390398178143 -57.40562993850389 3.2
      vertex -0.6314276634023981 -58.87559877135638 3.2
    endloop
  endfacet
  facet normal 0 0 -1
    outer loop
      vertex -0.6314276634023981 -58.87559877135638 3.2
      vertex -0.8023390398178143 -57.40562993850389 3.2
      vertex -0.4270514244191592 -58.80622238662304 3.2
    endloop
  endfacet
  facet normal 0 0 -1
    outer loop
      vertex -0.4270514244191592 -58.80622238662304 3.2
      vertex -0.4046311958821599 -57.32652092974119 3.2
      vertex -0.21536821716308507 -58.764115978733216 3.2
    endloop
  endfacet
  facet normal 0 0 -1
    outer loop
      vertex -0.21536821716308507 -58.764115978733216 3.2
      vertex 0 -57.300000000000004 3.2
      vertex 0 -58.75000000000001 3.2
    endloop
  endfacet
  facet normal 0 0 -1
    outer loop
      vertex -0.825 -58.97105808375568 3.2
      vertex -1.1863186403317783 -57.535973449215014 3.2
      vertex -0.8023390398178143 -57.40562993850389 3.2
    endloop
  endfacet
  facet normal 0 0 -1
    outer loop
      vertex -0.4270514244191592 -58.80622238662304 3.2
      vertex -0.8023390398178143 -57.40562993850389 3.2
      vertex -0.4046311958821599 -57.32652092974119 3.2
    endloop
  endfacet
  facet normal 0 0 -1
    outer loop
      vertex -0.21536821716308507 -58.764115978733216 3.2
      vertex -0.4046311958821599 -57.32652092974119 3.2
      vertex 0 -57.300000000000004 3.2
    endloop
  endfacet
  facet normal -0.06540312923014518 0.9978589232386035 0
    outer loop
      vertex 0 -63.50000000000001 3.2
      vertex 0.4046311958821599 -63.47347907025882 0
      vertex 0 -63.50000000000001 0
    endloop
  endfacet
  facet normal -0.19509032201612633 0.9807852804032308 0
    outer loop
      vertex 0.4046311958821599 -63.47347907025882 3.2
      vertex 0.8023390398178143 -63.39437006149612 0
      vertex 0.4046311958821599 -63.47347907025882 0
    endloop
  endfacet
  facet normal -0.3214394653031583 0.9469301294951068 0
    outer loop
      vertex 0.8023390398178143 -63.39437006149612 3.2
      vertex 1.1863186403317783 -63.264026550785 0
      vertex 0.8023390398178143 -63.39437006149612 0
    endloop
  endfacet
  facet normal -0.44228869021900763 0.896872741532685 0
    outer loop
      vertex 1.1863186403317783 -63.264026550785 3.2
      vertex 1.55 -63.084678751731765 0
      vertex 1.1863186403317783 -63.264026550785 0
    endloop
  endfacet
  facet normal -0.5555702330195974 0.8314696123025486 0
    outer loop
      vertex 1.55 -63.084678751731765 3.2
      vertex 1.8871604299270341 -62.85939535490284 0
      vertex 1.55 -63.084678751731765 0
    endloop
  endfacet
  facet normal -0.6593458151000733 0.7518398074789735 0
    outer loop
      vertex 1.8871604299270341 -62.85939535490284 3.2
      vertex 2.1920310216782974 -62.5920310216783 0
      vertex 1.8871604299270341 -62.85939535490284 0
    endloop
  endfacet
  facet normal -0.7518398074789745 0.6593458151000722 0
    outer loop
      vertex 2.1920310216782974 -62.5920310216783 3.2
      vertex 2.459395354902829 -62.28716042992704 0
      vertex 2.1920310216782974 -62.5920310216783 0
    endloop
  endfacet
  facet normal -0.831469612302549 0.5555702330195967 0
    outer loop
      vertex 2.459395354902829 -62.28716042992704 3.2
      vertex 2.68467875173176 -61.95 0
      vertex 2.459395354902829 -62.28716042992704 0
    endloop
  endfacet
  facet normal -0.8968727415326875 0.44228869021900297 0
    outer loop
      vertex 2.68467875173176 -61.95 3.2
      vertex 2.864026550784989 -61.58631864033178 0
      vertex 2.68467875173176 -61.95 0
    endloop
  endfacet
  facet normal -0.9469301294951048 0.3214394653031639 0
    outer loop
      vertex 2.864026550784989 -61.58631864033178 3.2
      vertex 2.9943700614961117 -61.20233903981782 0
      vertex 2.864026550784989 -61.58631864033178 0
    endloop
  endfacet
  facet normal -0.9807852804032305 0.1950903220161277 0
    outer loop
      vertex 2.9943700614961117 -61.20233903981782 3.2
      vertex 3.0734790702588124 -60.804631195882166 0
      vertex 2.9943700614961117 -61.20233903981782 0
    endloop
  endfacet
  facet normal -0.9807852804032305 -0.1950903220161277 0
    outer loop
      vertex 3.0734790702588124 -59.995368804117845 3.2
      vertex 2.9943700614961117 -59.59766096018219 0
      vertex 3.0734790702588124 -59.995368804117845 0
    endloop
  endfacet
  facet normal -0.9469301294951048 -0.3214394653031639 0
    outer loop
      vertex 2.9943700614961117 -59.59766096018219 3.2
      vertex 2.864026550784989 -59.21368135966823 0
      vertex 2.9943700614961117 -59.59766096018219 0
    endloop
  endfacet
  facet normal -0.6593458151000733 -0.7518398074789735 0
    outer loop
      vertex 2.1920310216782974 -58.20796897832171 3.2
      vertex 1.8871604299270341 -57.940604645097174 0
      vertex 2.1920310216782974 -58.20796897832171 0
    endloop
  endfacet
  facet normal -0.831469612302549 -0.5555702330195967 0
    outer loop
      vertex 2.68467875173176 -58.85000000000001 3.2
      vertex 2.459395354902829 -58.51283957007297 0
      vertex 2.68467875173176 -58.85000000000001 0
    endloop
  endfacet
  facet normal -0.8968727415326875 -0.44228869021900297 0
    outer loop
      vertex 2.864026550784989 -59.21368135966823 3.2
      vertex 2.68467875173176 -58.85000000000001 0
      vertex 2.864026550784989 -59.21368135966823 0
    endloop
  endfacet
  facet normal -0.7518398074789745 -0.6593458151000722 0
    outer loop
      vertex 2.459395354902829 -58.51283957007297 3.2
      vertex 2.1920310216782974 -58.20796897832171 0
      vertex 2.459395354902829 -58.51283957007297 0
    endloop
  endfacet
  facet normal -0.9978589232386035 0.0654031292301429 0
    outer loop
      vertex 3.0734790702588124 -60.804631195882166 3.2
      vertex 3.1 -60.400000000000006 0
      vertex 3.0734790702588124 -60.804631195882166 0
    endloop
  endfacet
  facet normal -0.9978589232386035 -0.0654031292301429 0
    outer loop
      vertex 3.1 -60.400000000000006 3.2
      vertex 3.0734790702588124 -59.995368804117845 0
      vertex 3.1 -60.400000000000006 0
    endloop
  endfacet
  facet normal -0.06540312923014518 -0.9978589232386035 0
    outer loop
      vertex 0.4046311958821599 -57.32652092974119 3.2
      vertex 0 -57.300000000000004 0
      vertex 0.4046311958821599 -57.32652092974119 0
    endloop
  endfacet
  facet normal -0.19509032201612633 -0.9807852804032308 0
    outer loop
      vertex 0.8023390398178143 -57.40562993850389 3.2
      vertex 0.4046311958821599 -57.32652092974119 0
      vertex 0.8023390398178143 -57.40562993850389 0
    endloop
  endfacet
  facet normal -0.44228869021900763 -0.896872741532685 0
    outer loop
      vertex 1.55 -57.715321248268246 3.2
      vertex 1.1863186403317783 -57.535973449215014 0
      vertex 1.55 -57.715321248268246 0
    endloop
  endfacet
  facet normal -0.3214394653031583 -0.9469301294951068 0
    outer loop
      vertex 1.1863186403317783 -57.535973449215014 3.2
      vertex 0.8023390398178143 -57.40562993850389 0
      vertex 1.1863186403317783 -57.535973449215014 0
    endloop
  endfacet
  facet normal -0.5555702330195974 -0.8314696123025486 0
    outer loop
      vertex 1.8871604299270341 -57.940604645097174 3.2
      vertex 1.55 -57.715321248268246 0
      vertex 1.8871604299270341 -57.940604645097174 0
    endloop
  endfacet
  facet normal -0.06540312923014518 0.9978589232386035 5.720786711114607e-19
    outer loop
      vertex 0 -63.50000000000001 3.2
      vertex 0.4046311958821599 -63.47347907025882 3.2
      vertex 0.4046311958821599 -63.47347907025882 0
    endloop
  endfacet
  facet normal -0.19509032201612633 0.9807852804032308 -5.865279977933128e-21
    outer loop
      vertex 0.4046311958821599 -63.47347907025882 3.2
      vertex 0.8023390398178143 -63.39437006149612 3.2
      vertex 0.8023390398178143 -63.39437006149612 0
    endloop
  endfacet
  facet normal -0.3214394653031583 0.9469301294951068 2.21646641477459e-18
    outer loop
      vertex 0.8023390398178143 -63.39437006149612 3.2
      vertex 1.1863186403317783 -63.264026550785 3.2
      vertex 1.1863186403317783 -63.264026550785 0
    endloop
  endfacet
  facet normal -0.44228869021900763 0.896872741532685 2.0326636513545627e-18
    outer loop
      vertex 1.1863186403317783 -63.264026550785 3.2
      vertex 1.55 -63.084678751731765 3.2
      vertex 1.55 -63.084678751731765 0
    endloop
  endfacet
  facet normal -0.5555702330195974 0.8314696123025486 -4.07321637397079e-18
    outer loop
      vertex 1.55 -63.084678751731765 3.2
      vertex 1.8871604299270341 -62.85939535490284 3.2
      vertex 1.8871604299270341 -62.85939535490284 0
    endloop
  endfacet
  facet normal -0.6593458151000733 0.7518398074789735 1.0478995335389992e-18
    outer loop
      vertex 1.8871604299270341 -62.85939535490284 3.2
      vertex 2.1920310216782974 -62.5920310216783 3.2
      vertex 2.1920310216782974 -62.5920310216783 0
    endloop
  endfacet
  facet normal -0.7518398074789745 0.6593458151000722 5.058897020514368e-18
    outer loop
      vertex 2.1920310216782974 -62.5920310216783 3.2
      vertex 2.459395354902829 -62.28716042992704 3.2
      vertex 2.459395354902829 -62.28716042992704 0
    endloop
  endfacet
  facet normal -0.831469612302549 0.5555702330195967 5.258811739942618e-19
    outer loop
      vertex 2.459395354902829 -62.28716042992704 3.2
      vertex 2.68467875173176 -61.95 3.2
      vertex 2.68467875173176 -61.95 0
    endloop
  endfacet
  facet normal -0.8968727415326875 0.44228869021900297 -3.866453622321151e-18
    outer loop
      vertex 2.68467875173176 -61.95 3.2
      vertex 2.864026550784989 -61.58631864033178 3.2
      vertex 2.864026550784989 -61.58631864033178 0
    endloop
  endfacet
  facet normal -0.9469301294951048 0.3214394653031639 2.1533971159814048e-18
    outer loop
      vertex 2.864026550784989 -61.58631864033178 3.2
      vertex 2.9943700614961117 -61.20233903981782 3.2
      vertex 2.9943700614961117 -61.20233903981782 0
    endloop
  endfacet
  facet normal -0.9807852804032305 0.1950903220161277 -5.79297437573144e-19
    outer loop
      vertex 2.9943700614961117 -61.20233903981782 3.2
      vertex 3.0734790702588124 -60.804631195882166 3.2
      vertex 3.0734790702588124 -60.804631195882166 0
    endloop
  endfacet
  facet normal -0.9807852804032305 -0.1950903220161277 5.79297437573144e-19
    outer loop
      vertex 3.0734790702588124 -59.995368804117845 3.2
      vertex 2.9943700614961117 -59.59766096018219 3.2
      vertex 2.9943700614961117 -59.59766096018219 0
    endloop
  endfacet
  facet normal -0.9469301294951048 -0.3214394653031639 -2.1533971159814048e-18
    outer loop
      vertex 2.9943700614961117 -59.59766096018219 3.2
      vertex 2.864026550784989 -59.21368135966823 3.2
      vertex 2.864026550784989 -59.21368135966823 0
    endloop
  endfacet
  facet normal -0.7518398074789745 -0.6593458151000722 0
    outer loop
      vertex 2.1920310216782974 -58.20796897832171 3.2
      vertex 2.1920310216782974 -58.20796897832171 0
      vertex 2.459395354902829 -58.51283957007297 3.2
    endloop
  endfacet
  facet normal -0.831469612302549 -0.5555702330195967 -5.258811739942618e-19
    outer loop
      vertex 2.68467875173176 -58.85000000000001 3.2
      vertex 2.459395354902829 -58.51283957007297 3.2
      vertex 2.459395354902829 -58.51283957007297 0
    endloop
  endfacet
  facet normal -0.8968727415326875 -0.44228869021900297 3.866453622321151e-18
    outer loop
      vertex 2.864026550784989 -59.21368135966823 3.2
      vertex 2.68467875173176 -58.85000000000001 3.2
      vertex 2.68467875173176 -58.85000000000001 0
    endloop
  endfacet
  facet normal -0.9978589232386035 0.0654031292301429 -3.4297698034412374e-19
    outer loop
      vertex 3.0734790702588124 -60.804631195882166 3.2
      vertex 3.1 -60.400000000000006 3.2
      vertex 3.1 -60.400000000000006 0
    endloop
  endfacet
  facet normal -0.9978589232386035 -0.0654031292301429 3.4297698034412374e-19
    outer loop
      vertex 3.1 -60.400000000000006 3.2
      vertex 3.0734790702588124 -59.995368804117845 3.2
      vertex 3.0734790702588124 -59.995368804117845 0
    endloop
  endfacet
  facet normal -0.06540312923014518 -0.9978589232386035 0
    outer loop
      vertex 0 -57.300000000000004 3.2
      vertex 0 -57.300000000000004 0
      vertex 0.4046311958821599 -57.32652092974119 3.2
    endloop
  endfacet
  facet normal -0.19509032201612633 -0.9807852804032308 0
    outer loop
      vertex 0.4046311958821599 -57.32652092974119 3.2
      vertex 0.4046311958821599 -57.32652092974119 0
      vertex 0.8023390398178143 -57.40562993850389 3.2
    endloop
  endfacet
  facet normal -0.44228869021900763 -0.896872741532685 -2.0326636513545627e-18
    outer loop
      vertex 1.55 -57.715321248268246 3.2
      vertex 1.1863186403317783 -57.535973449215014 3.2
      vertex 1.1863186403317783 -57.535973449215014 0
    endloop
  endfacet
  facet normal -0.3214394653031583 -0.9469301294951068 0
    outer loop
      vertex 0.8023390398178143 -57.40562993850389 3.2
      vertex 0.8023390398178143 -57.40562993850389 0
      vertex 1.1863186403317783 -57.535973449215014 3.2
    endloop
  endfacet
  facet normal -0.5555702330195974 -0.8314696123025486 0
    outer loop
      vertex 1.55 -57.715321248268246 3.2
      vertex 1.55 -57.715321248268246 0
      vertex 1.8871604299270341 -57.940604645097174 3.2
    endloop
  endfacet
  facet normal -0.6593458151000733 -0.7518398074789735 -1.0478995335389992e-18
    outer loop
      vertex 2.1920310216782974 -58.20796897832171 3.2
      vertex 1.8871604299270341 -57.940604645097174 3.2
      vertex 1.8871604299270341 -57.940604645097174 0
    endloop
  endfacet
  facet normal 0 0 -1
    outer loop
      vertex 0 -63.50000000000001 3.2
      vertex 0.21536821716308507 -62.035884021266796 3.2
      vertex 0.4046311958821599 -63.47347907025882 3.2
    endloop
  endfacet
  facet normal 0 0 -1
    outer loop
      vertex 0.4046311958821599 -63.47347907025882 3.2
      vertex 0.4270514244191592 -61.99377761337697 3.2
      vertex 0.8023390398178143 -63.39437006149612 3.2
    endloop
  endfacet
  facet normal 0 0 -1
    outer loop
      vertex 0 -63.50000000000001 3.2
      vertex 0 -62.050000000000004 3.2
      vertex 0.21536821716308507 -62.035884021266796 3.2
    endloop
  endfacet
  facet normal 0 0 -1
    outer loop
      vertex 0.4046311958821599 -63.47347907025882 3.2
      vertex 0.21536821716308507 -62.035884021266796 3.2
      vertex 0.4270514244191592 -61.99377761337697 3.2
    endloop
  endfacet
  facet normal 0 0 -1
    outer loop
      vertex 0.8023390398178143 -63.39437006149612 3.2
      vertex 0.4270514244191592 -61.99377761337697 3.2
      vertex 0.6314276634023981 -61.92440122864363 3.2
    endloop
  endfacet
  facet normal 0 0 -1
    outer loop
      vertex 0.8023390398178143 -63.39437006149612 3.2
      vertex 0.6314276634023981 -61.92440122864363 3.2
      vertex 0.825 -61.82894191624433 3.2
    endloop
  endfacet
  facet normal 0 0 -1
    outer loop
      vertex 0.8023390398178143 -63.39437006149612 3.2
      vertex 0.825 -61.82894191624433 3.2
      vertex 1.1863186403317783 -63.264026550785 3.2
    endloop
  endfacet
  facet normal 0 0 -1
    outer loop
      vertex 1.1863186403317783 -63.264026550785 3.2
      vertex 0.825 -61.82894191624433 3.2
      vertex 1.004456357864389 -61.70903301148054 3.2
    endloop
  endfacet
  facet normal 0 0 -1
    outer loop
      vertex 1.1863186403317783 -63.264026550785 3.2
      vertex 1.309033011480538 -61.4044563578644 3.2
      vertex 1.55 -63.084678751731765 3.2
    endloop
  endfacet
  facet normal 0 0 -1
    outer loop
      vertex 1.55 -63.084678751731765 3.2
      vertex 1.5937776133769626 -60.82705142441917 3.2
      vertex 1.8871604299270341 -62.85939535490284 3.2
    endloop
  endfacet
  facet normal 0 0 -1
    outer loop
      vertex 1.1863186403317783 -63.264026550785 3.2
      vertex 1.004456357864389 -61.70903301148054 3.2
      vertex 1.1667261889578033 -61.56672618895781 3.2
    endloop
  endfacet
  facet normal 0 0 -1
    outer loop
      vertex 1.1863186403317783 -63.264026550785 3.2
      vertex 1.1667261889578033 -61.56672618895781 3.2
      vertex 1.309033011480538 -61.4044563578644 3.2
    endloop
  endfacet
  facet normal 0 0 -1
    outer loop
      vertex 1.55 -63.084678751731765 3.2
      vertex 1.309033011480538 -61.4044563578644 3.2
      vertex 1.4289419162443235 -61.22500000000001 3.2
    endloop
  endfacet
  facet normal 0 0 -1
    outer loop
      vertex 1.55 -63.084678751731765 3.2
      vertex 1.4289419162443235 -61.22500000000001 3.2
      vertex 1.524401228643623 -61.031427663402404 3.2
    endloop
  endfacet
  facet normal 0 0 -1
    outer loop
      vertex 1.55 -63.084678751731765 3.2
      vertex 1.524401228643623 -61.031427663402404 3.2
      vertex 1.5937776133769626 -60.82705142441917 3.2
    endloop
  endfacet
  facet normal 0 0 -1
    outer loop
      vertex 1.8871604299270341 -62.85939535490284 3.2
      vertex 1.5937776133769626 -60.82705142441917 3.2
      vertex 1.6358840212667871 -60.61536821716309 3.2
    endloop
  endfacet
  facet normal 0 0 -1
    outer loop
      vertex 1.8871604299270341 -62.85939535490284 3.2
      vertex 1.6358840212667871 -60.61536821716309 3.2
      vertex 1.65 -60.400000000000006 3.2
    endloop
  endfacet
  facet normal 0 0 -1
    outer loop
      vertex 1.8871604299270341 -62.85939535490284 3.2
      vertex 1.8871604299270341 -57.940604645097174 3.2
      vertex 2.1920310216782974 -62.5920310216783 3.2
    endloop
  endfacet
  facet normal 0 0 -1
    outer loop
      vertex 2.1920310216782974 -62.5920310216783 3.2
      vertex 2.1920310216782974 -58.20796897832171 3.2
      vertex 2.459395354902829 -62.28716042992704 3.2
    endloop
  endfacet
  facet normal 0 0 -1
    outer loop
      vertex 1.8871604299270341 -62.85939535490284 3.2
      vertex 1.65 -60.400000000000006 3.2
      vertex 1.55 -57.715321248268246 3.2
    endloop
  endfacet
  facet normal 0 0 -1
    outer loop
      vertex 2.459395354902829 -62.28716042992704 3.2
      vertex 2.459395354902829 -58.51283957007297 3.2
      vertex 2.68467875173176 -61.95 3.2
    endloop
  endfacet
  facet normal 0 0 -1
    outer loop
      vertex 2.68467875173176 -61.95 3.2
      vertex 2.68467875173176 -58.85000000000001 3.2
      vertex 2.864026550784989 -61.58631864033178 3.2
    endloop
  endfacet
  facet normal 0 0 -1
    outer loop
      vertex 2.864026550784989 -61.58631864033178 3.2
      vertex 2.864026550784989 -59.21368135966823 3.2
      vertex 2.9943700614961117 -61.20233903981782 3.2
    endloop
  endfacet
  facet normal 0 0 -1
    outer loop
      vertex 2.9943700614961117 -61.20233903981782 3.2
      vertex 2.9943700614961117 -59.59766096018219 3.2
      vertex 3.0734790702588124 -60.804631195882166 3.2
    endloop
  endfacet
  facet normal 0 0 -1
    outer loop
      vertex 0.21536821716308507 -58.764115978733216 3.2
      vertex 0.4046311958821599 -57.32652092974119 3.2
      vertex 0.4270514244191592 -58.80622238662304 3.2
    endloop
  endfacet
  facet normal 0 0 -1
    outer loop
      vertex 0 -58.75000000000001 3.2
      vertex 0.4046311958821599 -57.32652092974119 3.2
      vertex 0.21536821716308507 -58.764115978733216 3.2
    endloop
  endfacet
  facet normal 0 0 -1
    outer loop
      vertex 0.4270514244191592 -58.80622238662304 3.2
      vertex 0.8023390398178143 -57.40562993850389 3.2
      vertex 0.6314276634023981 -58.87559877135638 3.2
    endloop
  endfacet
  facet normal 0 0 -1
    outer loop
      vertex 0.6314276634023981 -58.87559877135638 3.2
      vertex 0.8023390398178143 -57.40562993850389 3.2
      vertex 0.825 -58.97105808375568 3.2
    endloop
  endfacet
  facet normal 0 0 -1
    outer loop
      vertex 1.004456357864389 -59.09096698851947 3.2
      vertex 1.1863186403317783 -57.535973449215014 3.2
      vertex 1.1667261889578033 -59.2332738110422 3.2
    endloop
  endfacet
  facet normal 0 0 -1
    outer loop
      vertex 1.4289419162443235 -59.575 3.2
      vertex 1.55 -57.715321248268246 3.2
      vertex 1.524401228643623 -59.76857233659761 3.2
    endloop
  endfacet
  facet normal 0 0 -1
    outer loop
      vertex 1.4289419162443235 -59.575 3.2
      vertex 1.309033011480538 -59.395543642135614 3.2
      vertex 1.55 -57.715321248268246 3.2
    endloop
  endfacet
  facet normal 0 0 -1
    outer loop
      vertex 1.309033011480538 -59.395543642135614 3.2
      vertex 1.1667261889578033 -59.2332738110422 3.2
      vertex 1.55 -57.715321248268246 3.2
    endloop
  endfacet
  facet normal 0 0 -1
    outer loop
      vertex 1.004456357864389 -59.09096698851947 3.2
      vertex 0.825 -58.97105808375568 3.2
      vertex 1.1863186403317783 -57.535973449215014 3.2
    endloop
  endfacet
  facet normal 0 0 -1
    outer loop
      vertex 1.1667261889578033 -59.2332738110422 3.2
      vertex 1.1863186403317783 -57.535973449215014 3.2
      vertex 1.55 -57.715321248268246 3.2
    endloop
  endfacet
  facet normal 0 0 -1
    outer loop
      vertex 1.65 -60.400000000000006 3.2
      vertex 1.6358840212667871 -60.184631782836924 3.2
      vertex 1.55 -57.715321248268246 3.2
    endloop
  endfacet
  facet normal 0 0 -1
    outer loop
      vertex 1.8871604299270341 -62.85939535490284 3.2
      vertex 1.55 -57.715321248268246 3.2
      vertex 1.8871604299270341 -57.940604645097174 3.2
    endloop
  endfacet
  facet normal 0 0 -1
    outer loop
      vertex 1.6358840212667871 -60.184631782836924 3.2
      vertex 1.5937776133769626 -59.972948575580844 3.2
      vertex 1.55 -57.715321248268246 3.2
    endloop
  endfacet
  facet normal 0 0 -1
    outer loop
      vertex 1.5937776133769626 -59.972948575580844 3.2
      vertex 1.524401228643623 -59.76857233659761 3.2
      vertex 1.55 -57.715321248268246 3.2
    endloop
  endfacet
  facet normal 0 0 -1
    outer loop
      vertex 2.1920310216782974 -62.5920310216783 3.2
      vertex 1.8871604299270341 -57.940604645097174 3.2
      vertex 2.1920310216782974 -58.20796897832171 3.2
    endloop
  endfacet
  facet normal 0 0 -1
    outer loop
      vertex 2.459395354902829 -62.28716042992704 3.2
      vertex 2.1920310216782974 -58.20796897832171 3.2
      vertex 2.459395354902829 -58.51283957007297 3.2
    endloop
  endfacet
  facet normal 0 0 -1
    outer loop
      vertex 2.68467875173176 -61.95 3.2
      vertex 2.459395354902829 -58.51283957007297 3.2
      vertex 2.68467875173176 -58.85000000000001 3.2
    endloop
  endfacet
  facet normal 0 0 -1
    outer loop
      vertex 3.0734790702588124 -60.804631195882166 3.2
      vertex 2.9943700614961117 -59.59766096018219 3.2
      vertex 3.0734790702588124 -59.995368804117845 3.2
    endloop
  endfacet
  facet normal 0 0 -1
    outer loop
      vertex 2.9943700614961117 -61.20233903981782 3.2
      vertex 2.864026550784989 -59.21368135966823 3.2
      vertex 2.9943700614961117 -59.59766096018219 3.2
    endloop
  endfacet
  facet normal 0 0 -1
    outer loop
      vertex 2.864026550784989 -61.58631864033178 3.2
      vertex 2.68467875173176 -58.85000000000001 3.2
      vertex 2.864026550784989 -59.21368135966823 3.2
    endloop
  endfacet
  facet normal 0 0 -1
    outer loop
      vertex 3.0734790702588124 -60.804631195882166 3.2
      vertex 3.0734790702588124 -59.995368804117845 3.2
      vertex 3.1 -60.400000000000006 3.2
    endloop
  endfacet
  facet normal 0 0 -1
    outer loop
      vertex 0 -58.75000000000001 3.2
      vertex 0 -57.300000000000004 3.2
      vertex 0.4046311958821599 -57.32652092974119 3.2
    endloop
  endfacet
  facet normal 0 0 -1
    outer loop
      vertex 0.4270514244191592 -58.80622238662304 3.2
      vertex 0.4046311958821599 -57.32652092974119 3.2
      vertex 0.8023390398178143 -57.40562993850389 3.2
    endloop
  endfacet
  facet normal 0 0 -1
    outer loop
      vertex 0.825 -58.97105808375568 3.2
      vertex 0.8023390398178143 -57.40562993850389 3.2
      vertex 1.1863186403317783 -57.535973449215014 3.2
    endloop
  endfacet
  facet normal 0.5555702330195974 0.8314696123025486 0
    outer loop
      vertex -1.8871604299270341 57.940604645097174 3.2
      vertex -1.55 57.715321248268246 0
      vertex -1.8871604299270341 57.940604645097174 0
    endloop
  endfacet
  facet normal 0.3214394653031583 0.9469301294951068 0
    outer loop
      vertex -1.1863186403317783 57.535973449215014 3.2
      vertex -0.8023390398178143 57.40562993850389 0
      vertex -1.1863186403317783 57.535973449215014 0
    endloop
  endfacet
  facet normal 0.44228869021900763 0.896872741532685 0
    outer loop
      vertex -1.55 57.715321248268246 3.2
      vertex -1.1863186403317783 57.535973449215014 0
      vertex -1.55 57.715321248268246 0
    endloop
  endfacet
  facet normal 0.19509032201612633 0.9807852804032308 0
    outer loop
      vertex -0.8023390398178143 57.40562993850389 3.2
      vertex -0.4046311958821599 57.32652092974119 0
      vertex -0.8023390398178143 57.40562993850389 0
    endloop
  endfacet
  facet normal 0.06540312923014518 0.9978589232386035 0
    outer loop
      vertex -0.4046311958821599 57.32652092974119 3.2
      vertex 0 57.300000000000004 0
      vertex -0.4046311958821599 57.32652092974119 0
    endloop
  endfacet
  facet normal 0.9978589232386035 0.0654031292301429 0
    outer loop
      vertex -3.1 60.400000000000006 3.2
      vertex -3.0734790702588124 59.995368804117845 0
      vertex -3.1 60.400000000000006 0
    endloop
  endfacet
  facet normal 0.9978589232386035 -0.0654031292301429 0
    outer loop
      vertex -3.0734790702588124 60.804631195882166 3.2
      vertex -3.1 60.400000000000006 0
      vertex -3.0734790702588124 60.804631195882166 0
    endloop
  endfacet
  facet normal 0.7518398074789745 0.6593458151000722 0
    outer loop
      vertex -2.459395354902829 58.51283957007297 3.2
      vertex -2.1920310216782974 58.20796897832171 0
      vertex -2.459395354902829 58.51283957007297 0
    endloop
  endfacet
  facet normal 0.8968727415326875 0.44228869021900297 0
    outer loop
      vertex -2.864026550784989 59.21368135966823 3.2
      vertex -2.68467875173176 58.85000000000001 0
      vertex -2.864026550784989 59.21368135966823 0
    endloop
  endfacet
  facet normal 0.831469612302549 0.5555702330195967 0
    outer loop
      vertex -2.68467875173176 58.85000000000001 3.2
      vertex -2.459395354902829 58.51283957007297 0
      vertex -2.68467875173176 58.85000000000001 0
    endloop
  endfacet
  facet normal 0.6593458151000733 0.7518398074789735 0
    outer loop
      vertex -2.1920310216782974 58.20796897832171 3.2
      vertex -1.8871604299270341 57.940604645097174 0
      vertex -2.1920310216782974 58.20796897832171 0
    endloop
  endfacet
  facet normal 0.9469301294951048 0.3214394653031639 0
    outer loop
      vertex -2.9943700614961117 59.59766096018219 3.2
      vertex -2.864026550784989 59.21368135966823 0
      vertex -2.9943700614961117 59.59766096018219 0
    endloop
  endfacet
  facet normal 0.9807852804032305 0.1950903220161277 0
    outer loop
      vertex -3.0734790702588124 59.995368804117845 3.2
      vertex -2.9943700614961117 59.59766096018219 0
      vertex -3.0734790702588124 59.995368804117845 0
    endloop
  endfacet
  facet normal 0.9807852804032305 -0.1950903220161277 0
    outer loop
      vertex -2.9943700614961117 61.20233903981782 3.2
      vertex -3.0734790702588124 60.804631195882166 0
      vertex -2.9943700614961117 61.20233903981782 0
    endloop
  endfacet
  facet normal 0.9469301294951048 -0.3214394653031639 0
    outer loop
      vertex -2.864026550784989 61.58631864033178 3.2
      vertex -2.9943700614961117 61.20233903981782 0
      vertex -2.864026550784989 61.58631864033178 0
    endloop
  endfacet
  facet normal 0.8968727415326875 -0.44228869021900297 0
    outer loop
      vertex -2.68467875173176 61.95 3.2
      vertex -2.864026550784989 61.58631864033178 0
      vertex -2.68467875173176 61.95 0
    endloop
  endfacet
  facet normal 0.831469612302549 -0.5555702330195967 0
    outer loop
      vertex -2.459395354902829 62.28716042992704 3.2
      vertex -2.68467875173176 61.95 0
      vertex -2.459395354902829 62.28716042992704 0
    endloop
  endfacet
  facet normal 0.7518398074789745 -0.6593458151000722 0
    outer loop
      vertex -2.1920310216782974 62.5920310216783 3.2
      vertex -2.459395354902829 62.28716042992704 0
      vertex -2.1920310216782974 62.5920310216783 0
    endloop
  endfacet
  facet normal 0.6593458151000733 -0.7518398074789735 0
    outer loop
      vertex -1.8871604299270341 62.85939535490284 3.2
      vertex -2.1920310216782974 62.5920310216783 0
      vertex -1.8871604299270341 62.85939535490284 0
    endloop
  endfacet
  facet normal 0.5555702330195974 -0.8314696123025486 0
    outer loop
      vertex -1.55 63.084678751731765 3.2
      vertex -1.8871604299270341 62.85939535490284 0
      vertex -1.55 63.084678751731765 0
    endloop
  endfacet
  facet normal 0.44228869021900763 -0.896872741532685 0
    outer loop
      vertex -1.1863186403317783 63.264026550785 3.2
      vertex -1.55 63.084678751731765 0
      vertex -1.1863186403317783 63.264026550785 0
    endloop
  endfacet
  facet normal 0.3214394653031583 -0.9469301294951068 0
    outer loop
      vertex -0.8023390398178143 63.39437006149612 3.2
      vertex -1.1863186403317783 63.264026550785 0
      vertex -0.8023390398178143 63.39437006149612 0
    endloop
  endfacet
  facet normal 0.19509032201612633 -0.9807852804032308 0
    outer loop
      vertex -0.4046311958821599 63.47347907025882 3.2
      vertex -0.8023390398178143 63.39437006149612 0
      vertex -0.4046311958821599 63.47347907025882 0
    endloop
  endfacet
  facet normal 0.06540312923014518 -0.9978589232386035 0
    outer loop
      vertex 0 63.50000000000001 3.2
      vertex -0.4046311958821599 63.47347907025882 0
      vertex 0 63.50000000000001 0
    endloop
  endfacet
  facet normal 0.6593458151000733 0.7518398074789735 0
    outer loop
      vertex -1.8871604299270341 57.940604645097174 3.2
      vertex -1.8871604299270341 57.940604645097174 0
      vertex -2.1920310216782974 58.20796897832171 3.2
    endloop
  endfacet
  facet normal 0.5555702330195974 0.8314696123025486 4.07321637397079e-18
    outer loop
      vertex -1.8871604299270341 57.940604645097174 3.2
      vertex -1.55 57.715321248268246 3.2
      vertex -1.55 57.715321248268246 0
    endloop
  endfacet
  facet normal 0.3214394653031583 0.9469301294951068 -2.21646641477459e-18
    outer loop
      vertex -1.1863186403317783 57.535973449215014 3.2
      vertex -0.8023390398178143 57.40562993850389 3.2
      vertex -0.8023390398178143 57.40562993850389 0
    endloop
  endfacet
  facet normal 0.44228869021900763 0.896872741532685 0
    outer loop
      vertex -1.1863186403317783 57.535973449215014 3.2
      vertex -1.1863186403317783 57.535973449215014 0
      vertex -1.55 57.715321248268246 3.2
    endloop
  endfacet
  facet normal 0.19509032201612633 0.9807852804032308 5.865279977933128e-21
    outer loop
      vertex -0.8023390398178143 57.40562993850389 3.2
      vertex -0.4046311958821599 57.32652092974119 3.2
      vertex -0.4046311958821599 57.32652092974119 0
    endloop
  endfacet
  facet normal 0.06540312923014518 0.9978589232386035 -5.720786711114607e-19
    outer loop
      vertex -0.4046311958821599 57.32652092974119 3.2
      vertex 0 57.300000000000004 3.2
      vertex 0 57.300000000000004 0
    endloop
  endfacet
  facet normal 0.9978589232386035 0.0654031292301429 0
    outer loop
      vertex -3.0734790702588124 59.995368804117845 3.2
      vertex -3.0734790702588124 59.995368804117845 0
      vertex -3.1 60.400000000000006 3.2
    endloop
  endfacet
  facet normal 0.9978589232386035 -0.0654031292301429 0
    outer loop
      vertex -3.1 60.400000000000006 3.2
      vertex -3.1 60.400000000000006 0
      vertex -3.0734790702588124 60.804631195882166 3.2
    endloop
  endfacet
  facet normal 0.8968727415326875 0.44228869021900297 0
    outer loop
      vertex -2.68467875173176 58.85000000000001 3.2
      vertex -2.68467875173176 58.85000000000001 0
      vertex -2.864026550784989 59.21368135966823 3.2
    endloop
  endfacet
  facet normal 0.831469612302549 0.5555702330195967 0
    outer loop
      vertex -2.459395354902829 58.51283957007297 3.2
      vertex -2.459395354902829 58.51283957007297 0
      vertex -2.68467875173176 58.85000000000001 3.2
    endloop
  endfacet
  facet normal 0.7518398074789745 0.6593458151000722 -5.058897020514368e-18
    outer loop
      vertex -2.459395354902829 58.51283957007297 3.2
      vertex -2.1920310216782974 58.20796897832171 3.2
      vertex -2.1920310216782974 58.20796897832171 0
    endloop
  endfacet
  facet normal 0.9469301294951048 0.3214394653031639 0
    outer loop
      vertex -2.864026550784989 59.21368135966823 3.2
      vertex -2.864026550784989 59.21368135966823 0
      vertex -2.9943700614961117 59.59766096018219 3.2
    endloop
  endfacet
  facet normal 0.9807852804032305 0.1950903220161277 0
    outer loop
      vertex -2.9943700614961117 59.59766096018219 3.2
      vertex -2.9943700614961117 59.59766096018219 0
      vertex -3.0734790702588124 59.995368804117845 3.2
    endloop
  endfacet
  facet normal 0.9807852804032305 -0.1950903220161277 0
    outer loop
      vertex -3.0734790702588124 60.804631195882166 3.2
      vertex -3.0734790702588124 60.804631195882166 0
      vertex -2.9943700614961117 61.20233903981782 3.2
    endloop
  endfacet
  facet normal 0.9469301294951048 -0.3214394653031639 0
    outer loop
      vertex -2.9943700614961117 61.20233903981782 3.2
      vertex -2.9943700614961117 61.20233903981782 0
      vertex -2.864026550784989 61.58631864033178 3.2
    endloop
  endfacet
  facet normal 0.8968727415326875 -0.44228869021900297 0
    outer loop
      vertex -2.864026550784989 61.58631864033178 3.2
      vertex -2.864026550784989 61.58631864033178 0
      vertex -2.68467875173176 61.95 3.2
    endloop
  endfacet
  facet normal 0.831469612302549 -0.5555702330195967 0
    outer loop
      vertex -2.68467875173176 61.95 3.2
      vertex -2.68467875173176 61.95 0
      vertex -2.459395354902829 62.28716042992704 3.2
    endloop
  endfacet
  facet normal 0.7518398074789745 -0.6593458151000722 0
    outer loop
      vertex -2.459395354902829 62.28716042992704 3.2
      vertex -2.459395354902829 62.28716042992704 0
      vertex -2.1920310216782974 62.5920310216783 3.2
    endloop
  endfacet
  facet normal 0.6593458151000733 -0.7518398074789735 0
    outer loop
      vertex -2.1920310216782974 62.5920310216783 3.2
      vertex -2.1920310216782974 62.5920310216783 0
      vertex -1.8871604299270341 62.85939535490284 3.2
    endloop
  endfacet
  facet normal 0.5555702330195974 -0.8314696123025486 0
    outer loop
      vertex -1.8871604299270341 62.85939535490284 3.2
      vertex -1.8871604299270341 62.85939535490284 0
      vertex -1.55 63.084678751731765 3.2
    endloop
  endfacet
  facet normal 0.44228869021900763 -0.896872741532685 0
    outer loop
      vertex -1.55 63.084678751731765 3.2
      vertex -1.55 63.084678751731765 0
      vertex -1.1863186403317783 63.264026550785 3.2
    endloop
  endfacet
  facet normal 0.3214394653031583 -0.9469301294951068 0
    outer loop
      vertex -1.1863186403317783 63.264026550785 3.2
      vertex -1.1863186403317783 63.264026550785 0
      vertex -0.8023390398178143 63.39437006149612 3.2
    endloop
  endfacet
  facet normal 0.19509032201612633 -0.9807852804032308 0
    outer loop
      vertex -0.8023390398178143 63.39437006149612 3.2
      vertex -0.8023390398178143 63.39437006149612 0
      vertex -0.4046311958821599 63.47347907025882 3.2
    endloop
  endfacet
  facet normal 0.06540312923014518 -0.9978589232386035 0
    outer loop
      vertex -0.4046311958821599 63.47347907025882 3.2
      vertex -0.4046311958821599 63.47347907025882 0
      vertex 0 63.50000000000001 3.2
    endloop
  endfacet
  facet normal 0 0 -1
    outer loop
      vertex -1.1863186403317783 57.535973449215014 3.2
      vertex -0.825 58.97105808375568 3.2
      vertex -0.8023390398178143 57.40562993850389 3.2
    endloop
  endfacet
  facet normal 0 0 -1
    outer loop
      vertex -0.8023390398178143 57.40562993850389 3.2
      vertex -0.4270514244191592 58.80622238662304 3.2
      vertex -0.4046311958821599 57.32652092974119 3.2
    endloop
  endfacet
  facet normal 0 0 -1
    outer loop
      vertex -0.4046311958821599 57.32652092974119 3.2
      vertex 0 58.75000000000001 3.2
      vertex 0 57.300000000000004 3.2
    endloop
  endfacet
  facet normal 0 0 -1
    outer loop
      vertex -3.0734790702588124 59.995368804117845 3.2
      vertex -3.1 60.400000000000006 3.2
      vertex -3.0734790702588124 60.804631195882166 3.2
    endloop
  endfacet
  facet normal 0 0 -1
    outer loop
      vertex -2.68467875173176 58.85000000000001 3.2
      vertex -2.864026550784989 59.21368135966823 3.2
      vertex -2.864026550784989 61.58631864033178 3.2
    endloop
  endfacet
  facet normal 0 0 -1
    outer loop
      vertex -2.864026550784989 59.21368135966823 3.2
      vertex -2.9943700614961117 59.59766096018219 3.2
      vertex -2.9943700614961117 61.20233903981782 3.2
    endloop
  endfacet
  facet normal 0 0 -1
    outer loop
      vertex -2.9943700614961117 59.59766096018219 3.2
      vertex -3.0734790702588124 59.995368804117845 3.2
      vertex -3.0734790702588124 60.804631195882166 3.2
    endloop
  endfacet
  facet normal 0 0 -1
    outer loop
      vertex -2.459395354902829 58.51283957007297 3.2
      vertex -2.68467875173176 58.85000000000001 3.2
      vertex -2.68467875173176 61.95 3.2
    endloop
  endfacet
  facet normal 0 0 -1
    outer loop
      vertex -2.459395354902829 58.51283957007297 3.2
      vertex -2.459395354902829 62.28716042992704 3.2
      vertex -2.1920310216782974 58.20796897832171 3.2
    endloop
  endfacet
  facet normal 0 0 -1
    outer loop
      vertex -1.8871604299270341 57.940604645097174 3.2
      vertex -2.1920310216782974 58.20796897832171 3.2
      vertex -2.1920310216782974 62.5920310216783 3.2
    endloop
  endfacet
  facet normal 0 0 -1
    outer loop
      vertex -1.55 57.715321248268246 3.2
      vertex -1.5937776133769626 59.972948575580844 3.2
      vertex -1.524401228643623 59.76857233659761 3.2
    endloop
  endfacet
  facet normal 0 0 -1
    outer loop
      vertex -1.55 57.715321248268246 3.2
      vertex -1.6358840212667871 60.184631782836924 3.2
      vertex -1.5937776133769626 59.972948575580844 3.2
    endloop
  endfacet
  facet normal 0 0 -1
    outer loop
      vertex -1.8871604299270341 57.940604645097174 3.2
      vertex -1.8871604299270341 62.85939535490284 3.2
      vertex -1.55 57.715321248268246 3.2
    endloop
  endfacet
  facet normal 0 0 -1
    outer loop
      vertex -1.55 57.715321248268246 3.2
      vertex -1.65 60.400000000000006 3.2
      vertex -1.6358840212667871 60.184631782836924 3.2
    endloop
  endfacet
  facet normal 0 0 -1
    outer loop
      vertex -1.1863186403317783 57.535973449215014 3.2
      vertex -1.55 57.715321248268246 3.2
      vertex -1.1667261889578033 59.2332738110422 3.2
    endloop
  endfacet
  facet normal 0 0 -1
    outer loop
      vertex -1.1863186403317783 57.535973449215014 3.2
      vertex -1.004456357864389 59.09096698851947 3.2
      vertex -0.825 58.97105808375568 3.2
    endloop
  endfacet
  facet normal 0 0 -1
    outer loop
      vertex -1.55 57.715321248268246 3.2
      vertex -1.309033011480538 59.395543642135614 3.2
      vertex -1.1667261889578033 59.2332738110422 3.2
    endloop
  endfacet
  facet normal 0 0 -1
    outer loop
      vertex -1.55 57.715321248268246 3.2
      vertex -1.4289419162443235 59.575 3.2
      vertex -1.309033011480538 59.395543642135614 3.2
    endloop
  endfacet
  facet normal 0 0 -1
    outer loop
      vertex -1.55 57.715321248268246 3.2
      vertex -1.524401228643623 59.76857233659761 3.2
      vertex -1.4289419162443235 59.575 3.2
    endloop
  endfacet
  facet normal 0 0 -1
    outer loop
      vertex -1.1863186403317783 57.535973449215014 3.2
      vertex -1.1667261889578033 59.2332738110422 3.2
      vertex -1.004456357864389 59.09096698851947 3.2
    endloop
  endfacet
  facet normal 0 0 -1
    outer loop
      vertex -0.8023390398178143 57.40562993850389 3.2
      vertex -0.825 58.97105808375568 3.2
      vertex -0.6314276634023981 58.87559877135638 3.2
    endloop
  endfacet
  facet normal 0 0 -1
    outer loop
      vertex -0.8023390398178143 57.40562993850389 3.2
      vertex -0.6314276634023981 58.87559877135638 3.2
      vertex -0.4270514244191592 58.80622238662304 3.2
    endloop
  endfacet
  facet normal 0 0 -1
    outer loop
      vertex -0.4046311958821599 57.32652092974119 3.2
      vertex -0.21536821716308507 58.764115978733216 3.2
      vertex 0 58.75000000000001 3.2
    endloop
  endfacet
  facet normal 0 0 -1
    outer loop
      vertex -0.4046311958821599 57.32652092974119 3.2
      vertex -0.4270514244191592 58.80622238662304 3.2
      vertex -0.21536821716308507 58.764115978733216 3.2
    endloop
  endfacet
  facet normal 0 0 -1
    outer loop
      vertex -2.9943700614961117 59.59766096018219 3.2
      vertex -3.0734790702588124 60.804631195882166 3.2
      vertex -2.9943700614961117 61.20233903981782 3.2
    endloop
  endfacet
  facet normal 0 0 -1
    outer loop
      vertex -2.864026550784989 59.21368135966823 3.2
      vertex -2.9943700614961117 61.20233903981782 3.2
      vertex -2.864026550784989 61.58631864033178 3.2
    endloop
  endfacet
  facet normal 0 0 -1
    outer loop
      vertex -2.68467875173176 58.85000000000001 3.2
      vertex -2.864026550784989 61.58631864033178 3.2
      vertex -2.68467875173176 61.95 3.2
    endloop
  endfacet
  facet normal 0 0 -1
    outer loop
      vertex -2.459395354902829 58.51283957007297 3.2
      vertex -2.68467875173176 61.95 3.2
      vertex -2.459395354902829 62.28716042992704 3.2
    endloop
  endfacet
  facet normal 0 0 -1
    outer loop
      vertex -1.55 57.715321248268246 3.2
      vertex -1.8871604299270341 62.85939535490284 3.2
      vertex -1.65 60.400000000000006 3.2
    endloop
  endfacet
  facet normal 0 0 -1
    outer loop
      vertex -2.1920310216782974 58.20796897832171 3.2
      vertex -2.459395354902829 62.28716042992704 3.2
      vertex -2.1920310216782974 62.5920310216783 3.2
    endloop
  endfacet
  facet normal 0 0 -1
    outer loop
      vertex -1.8871604299270341 57.940604645097174 3.2
      vertex -2.1920310216782974 62.5920310216783 3.2
      vertex -1.8871604299270341 62.85939535490284 3.2
    endloop
  endfacet
  facet normal 0 0 -1
    outer loop
      vertex -1.65 60.400000000000006 3.2
      vertex -1.8871604299270341 62.85939535490284 3.2
      vertex -1.6358840212667871 60.61536821716309 3.2
    endloop
  endfacet
  facet normal 0 0 -1
    outer loop
      vertex -1.6358840212667871 60.61536821716309 3.2
      vertex -1.8871604299270341 62.85939535490284 3.2
      vertex -1.5937776133769626 60.82705142441917 3.2
    endloop
  endfacet
  facet normal 0 0 -1
    outer loop
      vertex -1.5937776133769626 60.82705142441917 3.2
      vertex -1.55 63.084678751731765 3.2
      vertex -1.524401228643623 61.031427663402404 3.2
    endloop
  endfacet
  facet normal 0 0 -1
    outer loop
      vertex -1.524401228643623 61.031427663402404 3.2
      vertex -1.55 63.084678751731765 3.2
      vertex -1.4289419162443235 61.22500000000001 3.2
    endloop
  endfacet
  facet normal 0 0 -1
    outer loop
      vertex -1.4289419162443235 61.22500000000001 3.2
      vertex -1.55 63.084678751731765 3.2
      vertex -1.309033011480538 61.4044563578644 3.2
    endloop
  endfacet
  facet normal 0 0 -1
    outer loop
      vertex -1.309033011480538 61.4044563578644 3.2
      vertex -1.1863186403317783 63.264026550785 3.2
      vertex -1.1667261889578033 61.56672618895781 3.2
    endloop
  endfacet
  facet normal 0 0 -1
    outer loop
      vertex -1.1667261889578033 61.56672618895781 3.2
      vertex -1.1863186403317783 63.264026550785 3.2
      vertex -1.004456357864389 61.70903301148054 3.2
    endloop
  endfacet
  facet normal 0 0 -1
    outer loop
      vertex -1.5937776133769626 60.82705142441917 3.2
      vertex -1.8871604299270341 62.85939535490284 3.2
      vertex -1.55 63.084678751731765 3.2
    endloop
  endfacet
  facet normal 0 0 -1
    outer loop
      vertex -1.309033011480538 61.4044563578644 3.2
      vertex -1.55 63.084678751731765 3.2
      vertex -1.1863186403317783 63.264026550785 3.2
    endloop
  endfacet
  facet normal 0 0 -1
    outer loop
      vertex -1.004456357864389 61.70903301148054 3.2
      vertex -1.1863186403317783 63.264026550785 3.2
      vertex -0.825 61.82894191624433 3.2
    endloop
  endfacet
  facet normal 0 0 -1
    outer loop
      vertex -0.825 61.82894191624433 3.2
      vertex -1.1863186403317783 63.264026550785 3.2
      vertex -0.8023390398178143 63.39437006149612 3.2
    endloop
  endfacet
  facet normal 0 0 -1
    outer loop
      vertex -0.825 61.82894191624433 3.2
      vertex -0.8023390398178143 63.39437006149612 3.2
      vertex -0.6314276634023981 61.92440122864363 3.2
    endloop
  endfacet
  facet normal 0 0 -1
    outer loop
      vertex -0.6314276634023981 61.92440122864363 3.2
      vertex -0.8023390398178143 63.39437006149612 3.2
      vertex -0.4270514244191592 61.99377761337697 3.2
    endloop
  endfacet
  facet normal 0 0 -1
    outer loop
      vertex -0.4270514244191592 61.99377761337697 3.2
      vertex -0.4046311958821599 63.47347907025882 3.2
      vertex -0.21536821716308507 62.035884021266796 3.2
    endloop
  endfacet
  facet normal 0 0 -1
    outer loop
      vertex -0.21536821716308507 62.035884021266796 3.2
      vertex 0 63.50000000000001 3.2
      vertex 0 62.050000000000004 3.2
    endloop
  endfacet
  facet normal 0 0 -1
    outer loop
      vertex -0.4270514244191592 61.99377761337697 3.2
      vertex -0.8023390398178143 63.39437006149612 3.2
      vertex -0.4046311958821599 63.47347907025882 3.2
    endloop
  endfacet
  facet normal 0 0 -1
    outer loop
      vertex -0.21536821716308507 62.035884021266796 3.2
      vertex -0.4046311958821599 63.47347907025882 3.2
      vertex 0 63.50000000000001 3.2
    endloop
  endfacet
  facet normal -0.06540312923014518 0.9978589232386035 0
    outer loop
      vertex 0 57.300000000000004 3.2
      vertex 0.4046311958821599 57.32652092974119 0
      vertex 0 57.300000000000004 0
    endloop
  endfacet
  facet normal -0.19509032201612633 0.9807852804032308 0
    outer loop
      vertex 0.4046311958821599 57.32652092974119 3.2
      vertex 0.8023390398178143 57.40562993850389 0
      vertex 0.4046311958821599 57.32652092974119 0
    endloop
  endfacet
  facet normal -0.3214394653031583 0.9469301294951068 0
    outer loop
      vertex 0.8023390398178143 57.40562993850389 3.2
      vertex 1.1863186403317783 57.535973449215014 0
      vertex 0.8023390398178143 57.40562993850389 0
    endloop
  endfacet
  facet normal -0.44228869021900763 0.896872741532685 0
    outer loop
      vertex 1.1863186403317783 57.535973449215014 3.2
      vertex 1.55 57.715321248268246 0
      vertex 1.1863186403317783 57.535973449215014 0
    endloop
  endfacet
  facet normal -0.5555702330195974 0.8314696123025486 0
    outer loop
      vertex 1.55 57.715321248268246 3.2
      vertex 1.8871604299270341 57.940604645097174 0
      vertex 1.55 57.715321248268246 0
    endloop
  endfacet
  facet normal -0.6593458151000733 0.7518398074789735 0
    outer loop
      vertex 1.8871604299270341 57.940604645097174 3.2
      vertex 2.1920310216782974 58.20796897832171 0
      vertex 1.8871604299270341 57.940604645097174 0
    endloop
  endfacet
  facet normal -0.7518398074789745 0.6593458151000722 0
    outer loop
      vertex 2.1920310216782974 58.20796897832171 3.2
      vertex 2.459395354902829 58.51283957007297 0
      vertex 2.1920310216782974 58.20796897832171 0
    endloop
  endfacet
  facet normal -0.831469612302549 0.5555702330195967 0
    outer loop
      vertex 2.459395354902829 58.51283957007297 3.2
      vertex 2.68467875173176 58.85000000000001 0
      vertex 2.459395354902829 58.51283957007297 0
    endloop
  endfacet
  facet normal -0.8968727415326875 0.44228869021900297 0
    outer loop
      vertex 2.68467875173176 58.85000000000001 3.2
      vertex 2.864026550784989 59.21368135966823 0
      vertex 2.68467875173176 58.85000000000001 0
    endloop
  endfacet
  facet normal -0.9469301294951048 0.3214394653031639 0
    outer loop
      vertex 2.864026550784989 59.21368135966823 3.2
      vertex 2.9943700614961117 59.59766096018219 0
      vertex 2.864026550784989 59.21368135966823 0
    endloop
  endfacet
  facet normal -0.9807852804032305 0.1950903220161277 0
    outer loop
      vertex 2.9943700614961117 59.59766096018219 3.2
      vertex 3.0734790702588124 59.995368804117845 0
      vertex 2.9943700614961117 59.59766096018219 0
    endloop
  endfacet
  facet normal -0.9807852804032305 -0.1950903220161277 0
    outer loop
      vertex 3.0734790702588124 60.804631195882166 3.2
      vertex 2.9943700614961117 61.20233903981782 0
      vertex 3.0734790702588124 60.804631195882166 0
    endloop
  endfacet
  facet normal -0.9469301294951048 -0.3214394653031639 0
    outer loop
      vertex 2.9943700614961117 61.20233903981782 3.2
      vertex 2.864026550784989 61.58631864033178 0
      vertex 2.9943700614961117 61.20233903981782 0
    endloop
  endfacet
  facet normal -0.8968727415326875 -0.44228869021900297 0
    outer loop
      vertex 2.864026550784989 61.58631864033178 3.2
      vertex 2.68467875173176 61.95 0
      vertex 2.864026550784989 61.58631864033178 0
    endloop
  endfacet
  facet normal -0.831469612302549 -0.5555702330195967 0
    outer loop
      vertex 2.68467875173176 61.95 3.2
      vertex 2.459395354902829 62.28716042992704 0
      vertex 2.68467875173176 61.95 0
    endloop
  endfacet
  facet normal -0.9978589232386035 0.0654031292301429 0
    outer loop
      vertex 3.0734790702588124 59.995368804117845 3.2
      vertex 3.1 60.400000000000006 0
      vertex 3.0734790702588124 59.995368804117845 0
    endloop
  endfacet
  facet normal -0.9978589232386035 -0.0654031292301429 0
    outer loop
      vertex 3.1 60.400000000000006 3.2
      vertex 3.0734790702588124 60.804631195882166 0
      vertex 3.1 60.400000000000006 0
    endloop
  endfacet
  facet normal -0.44228869021900763 -0.896872741532685 0
    outer loop
      vertex 1.55 63.084678751731765 3.2
      vertex 1.1863186403317783 63.264026550785 0
      vertex 1.55 63.084678751731765 0
    endloop
  endfacet
  facet normal -0.06540312923014518 -0.9978589232386035 0
    outer loop
      vertex 0.4046311958821599 63.47347907025882 3.2
      vertex 0 63.50000000000001 0
      vertex 0.4046311958821599 63.47347907025882 0
    endloop
  endfacet
  facet normal -0.19509032201612633 -0.9807852804032308 0
    outer loop
      vertex 0.8023390398178143 63.39437006149612 3.2
      vertex 0.4046311958821599 63.47347907025882 0
      vertex 0.8023390398178143 63.39437006149612 0
    endloop
  endfacet
  facet normal -0.3214394653031583 -0.9469301294951068 0
    outer loop
      vertex 1.1863186403317783 63.264026550785 3.2
      vertex 0.8023390398178143 63.39437006149612 0
      vertex 1.1863186403317783 63.264026550785 0
    endloop
  endfacet
  facet normal -0.6593458151000733 -0.7518398074789735 0
    outer loop
      vertex 2.1920310216782974 62.5920310216783 3.2
      vertex 1.8871604299270341 62.85939535490284 0
      vertex 2.1920310216782974 62.5920310216783 0
    endloop
  endfacet
  facet normal -0.5555702330195974 -0.8314696123025486 0
    outer loop
      vertex 1.8871604299270341 62.85939535490284 3.2
      vertex 1.55 63.084678751731765 0
      vertex 1.8871604299270341 62.85939535490284 0
    endloop
  endfacet
  facet normal -0.7518398074789745 -0.6593458151000722 0
    outer loop
      vertex 2.459395354902829 62.28716042992704 3.2
      vertex 2.1920310216782974 62.5920310216783 0
      vertex 2.459395354902829 62.28716042992704 0
    endloop
  endfacet
  facet normal -0.06540312923014518 0.9978589232386035 5.720786711114607e-19
    outer loop
      vertex 0 57.300000000000004 3.2
      vertex 0.4046311958821599 57.32652092974119 3.2
      vertex 0.4046311958821599 57.32652092974119 0
    endloop
  endfacet
  facet normal -0.19509032201612633 0.9807852804032308 -5.865279977933128e-21
    outer loop
      vertex 0.4046311958821599 57.32652092974119 3.2
      vertex 0.8023390398178143 57.40562993850389 3.2
      vertex 0.8023390398178143 57.40562993850389 0
    endloop
  endfacet
  facet normal -0.3214394653031583 0.9469301294951068 2.21646641477459e-18
    outer loop
      vertex 0.8023390398178143 57.40562993850389 3.2
      vertex 1.1863186403317783 57.535973449215014 3.2
      vertex 1.1863186403317783 57.535973449215014 0
    endloop
  endfacet
  facet normal -0.44228869021900763 0.896872741532685 2.0326636513545627e-18
    outer loop
      vertex 1.1863186403317783 57.535973449215014 3.2
      vertex 1.55 57.715321248268246 3.2
      vertex 1.55 57.715321248268246 0
    endloop
  endfacet
  facet normal -0.5555702330195974 0.8314696123025486 -4.07321637397079e-18
    outer loop
      vertex 1.55 57.715321248268246 3.2
      vertex 1.8871604299270341 57.940604645097174 3.2
      vertex 1.8871604299270341 57.940604645097174 0
    endloop
  endfacet
  facet normal -0.6593458151000733 0.7518398074789735 1.0478995335389992e-18
    outer loop
      vertex 1.8871604299270341 57.940604645097174 3.2
      vertex 2.1920310216782974 58.20796897832171 3.2
      vertex 2.1920310216782974 58.20796897832171 0
    endloop
  endfacet
  facet normal -0.7518398074789745 0.6593458151000722 5.058897020514368e-18
    outer loop
      vertex 2.1920310216782974 58.20796897832171 3.2
      vertex 2.459395354902829 58.51283957007297 3.2
      vertex 2.459395354902829 58.51283957007297 0
    endloop
  endfacet
  facet normal -0.831469612302549 0.5555702330195967 5.258811739942618e-19
    outer loop
      vertex 2.459395354902829 58.51283957007297 3.2
      vertex 2.68467875173176 58.85000000000001 3.2
      vertex 2.68467875173176 58.85000000000001 0
    endloop
  endfacet
  facet normal -0.8968727415326875 0.44228869021900297 -3.866453622321151e-18
    outer loop
      vertex 2.68467875173176 58.85000000000001 3.2
      vertex 2.864026550784989 59.21368135966823 3.2
      vertex 2.864026550784989 59.21368135966823 0
    endloop
  endfacet
  facet normal -0.9469301294951048 0.3214394653031639 2.1533971159814048e-18
    outer loop
      vertex 2.864026550784989 59.21368135966823 3.2
      vertex 2.9943700614961117 59.59766096018219 3.2
      vertex 2.9943700614961117 59.59766096018219 0
    endloop
  endfacet
  facet normal -0.9807852804032305 0.1950903220161277 -5.79297437573144e-19
    outer loop
      vertex 2.9943700614961117 59.59766096018219 3.2
      vertex 3.0734790702588124 59.995368804117845 3.2
      vertex 3.0734790702588124 59.995368804117845 0
    endloop
  endfacet
  facet normal -0.9807852804032305 -0.1950903220161277 5.79297437573144e-19
    outer loop
      vertex 3.0734790702588124 60.804631195882166 3.2
      vertex 2.9943700614961117 61.20233903981782 3.2
      vertex 2.9943700614961117 61.20233903981782 0
    endloop
  endfacet
  facet normal -0.9469301294951048 -0.3214394653031639 0
    outer loop
      vertex 2.864026550784989 61.58631864033178 3.2
      vertex 2.864026550784989 61.58631864033178 0
      vertex 2.9943700614961117 61.20233903981782 3.2
    endloop
  endfacet
  facet normal -0.831469612302549 -0.5555702330195967 -5.258811739942618e-19
    outer loop
      vertex 2.68467875173176 61.95 3.2
      vertex 2.459395354902829 62.28716042992704 3.2
      vertex 2.459395354902829 62.28716042992704 0
    endloop
  endfacet
  facet normal -0.8968727415326875 -0.44228869021900297 3.866453622321151e-18
    outer loop
      vertex 2.864026550784989 61.58631864033178 3.2
      vertex 2.68467875173176 61.95 3.2
      vertex 2.68467875173176 61.95 0
    endloop
  endfacet
  facet normal -0.9978589232386035 0.0654031292301429 -3.4297698034412374e-19
    outer loop
      vertex 3.0734790702588124 59.995368804117845 3.2
      vertex 3.1 60.400000000000006 3.2
      vertex 3.1 60.400000000000006 0
    endloop
  endfacet
  facet normal -0.9978589232386035 -0.0654031292301429 3.4297698034412374e-19
    outer loop
      vertex 3.1 60.400000000000006 3.2
      vertex 3.0734790702588124 60.804631195882166 3.2
      vertex 3.0734790702588124 60.804631195882166 0
    endloop
  endfacet
  facet normal -0.44228869021900763 -0.896872741532685 0
    outer loop
      vertex 1.1863186403317783 63.264026550785 3.2
      vertex 1.1863186403317783 63.264026550785 0
      vertex 1.55 63.084678751731765 3.2
    endloop
  endfacet
  facet normal -0.06540312923014518 -0.9978589232386035 0
    outer loop
      vertex 0 63.50000000000001 3.2
      vertex 0 63.50000000000001 0
      vertex 0.4046311958821599 63.47347907025882 3.2
    endloop
  endfacet
  facet normal -0.19509032201612633 -0.9807852804032308 0
    outer loop
      vertex 0.4046311958821599 63.47347907025882 3.2
      vertex 0.4046311958821599 63.47347907025882 0
      vertex 0.8023390398178143 63.39437006149612 3.2
    endloop
  endfacet
  facet normal -0.3214394653031583 -0.9469301294951068 0
    outer loop
      vertex 0.8023390398178143 63.39437006149612 3.2
      vertex 0.8023390398178143 63.39437006149612 0
      vertex 1.1863186403317783 63.264026550785 3.2
    endloop
  endfacet
  facet normal -0.7518398074789745 -0.6593458151000722 -5.058897020514368e-18
    outer loop
      vertex 2.459395354902829 62.28716042992704 3.2
      vertex 2.1920310216782974 62.5920310216783 3.2
      vertex 2.1920310216782974 62.5920310216783 0
    endloop
  endfacet
  facet normal -0.5555702330195974 -0.8314696123025486 4.07321637397079e-18
    outer loop
      vertex 1.8871604299270341 62.85939535490284 3.2
      vertex 1.55 63.084678751731765 3.2
      vertex 1.55 63.084678751731765 0
    endloop
  endfacet
  facet normal -0.6593458151000733 -0.7518398074789735 -1.0478995335389992e-18
    outer loop
      vertex 2.1920310216782974 62.5920310216783 3.2
      vertex 1.8871604299270341 62.85939535490284 3.2
      vertex 1.8871604299270341 62.85939535490284 0
    endloop
  endfacet
  facet normal 0 0 -1
    outer loop
      vertex 0 57.300000000000004 3.2
      vertex 0.21536821716308507 58.764115978733216 3.2
      vertex 0.4046311958821599 57.32652092974119 3.2
    endloop
  endfacet
  facet normal 0 0 -1
    outer loop
      vertex 0.4046311958821599 57.32652092974119 3.2
      vertex 0.4270514244191592 58.80622238662304 3.2
      vertex 0.8023390398178143 57.40562993850389 3.2
    endloop
  endfacet
  facet normal 0 0 -1
    outer loop
      vertex 0.8023390398178143 57.40562993850389 3.2
      vertex 0.825 58.97105808375568 3.2
      vertex 1.1863186403317783 57.535973449215014 3.2
    endloop
  endfacet
  facet normal 0 0 -1
    outer loop
      vertex 0 57.300000000000004 3.2
      vertex 0 58.75000000000001 3.2
      vertex 0.21536821716308507 58.764115978733216 3.2
    endloop
  endfacet
  facet normal 0 0 -1
    outer loop
      vertex 0.4046311958821599 57.32652092974119 3.2
      vertex 0.21536821716308507 58.764115978733216 3.2
      vertex 0.4270514244191592 58.80622238662304 3.2
    endloop
  endfacet
  facet normal 0 0 -1
    outer loop
      vertex 0.8023390398178143 57.40562993850389 3.2
      vertex 0.4270514244191592 58.80622238662304 3.2
      vertex 0.6314276634023981 58.87559877135638 3.2
    endloop
  endfacet
  facet normal 0 0 -1
    outer loop
      vertex 0.8023390398178143 57.40562993850389 3.2
      vertex 0.6314276634023981 58.87559877135638 3.2
      vertex 0.825 58.97105808375568 3.2
    endloop
  endfacet
  facet normal 0 0 -1
    outer loop
      vertex 1.1863186403317783 57.535973449215014 3.2
      vertex 0.825 58.97105808375568 3.2
      vertex 1.004456357864389 59.09096698851947 3.2
    endloop
  endfacet
  facet normal 0 0 -1
    outer loop
      vertex 1.1863186403317783 57.535973449215014 3.2
      vertex 1.309033011480538 59.395543642135614 3.2
      vertex 1.55 57.715321248268246 3.2
    endloop
  endfacet
  facet normal 0 0 -1
    outer loop
      vertex 1.1863186403317783 57.535973449215014 3.2
      vertex 1.004456357864389 59.09096698851947 3.2
      vertex 1.1667261889578033 59.2332738110422 3.2
    endloop
  endfacet
  facet normal 0 0 -1
    outer loop
      vertex 1.1863186403317783 57.535973449215014 3.2
      vertex 1.1667261889578033 59.2332738110422 3.2
      vertex 1.309033011480538 59.395543642135614 3.2
    endloop
  endfacet
  facet normal 0 0 -1
    outer loop
      vertex 1.309033011480538 59.395543642135614 3.2
      vertex 1.4289419162443235 59.575 3.2
      vertex 1.55 57.715321248268246 3.2
    endloop
  endfacet
  facet normal 0 0 -1
    outer loop
      vertex 1.55 57.715321248268246 3.2
      vertex 1.4289419162443235 59.575 3.2
      vertex 1.524401228643623 59.76857233659761 3.2
    endloop
  endfacet
  facet normal 0 0 -1
    outer loop
      vertex 1.55 57.715321248268246 3.2
      vertex 1.5937776133769626 59.972948575580844 3.2
      vertex 1.8871604299270341 57.940604645097174 3.2
    endloop
  endfacet
  facet normal 0 0 -1
    outer loop
      vertex 1.55 57.715321248268246 3.2
      vertex 1.524401228643623 59.76857233659761 3.2
      vertex 1.5937776133769626 59.972948575580844 3.2
    endloop
  endfacet
  facet normal 0 0 -1
    outer loop
      vertex 1.8871604299270341 57.940604645097174 3.2
      vertex 1.5937776133769626 59.972948575580844 3.2
      vertex 1.6358840212667871 60.184631782836924 3.2
    endloop
  endfacet
  facet normal 0 0 -1
    outer loop
      vertex 1.8871604299270341 57.940604645097174 3.2
      vertex 1.6358840212667871 60.184631782836924 3.2
      vertex 1.65 60.400000000000006 3.2
    endloop
  endfacet
  facet normal 0 0 -1
    outer loop
      vertex 1.8871604299270341 57.940604645097174 3.2
      vertex 1.8871604299270341 62.85939535490284 3.2
      vertex 2.1920310216782974 58.20796897832171 3.2
    endloop
  endfacet
  facet normal 0 0 -1
    outer loop
      vertex 2.1920310216782974 58.20796897832171 3.2
      vertex 2.1920310216782974 62.5920310216783 3.2
      vertex 2.459395354902829 58.51283957007297 3.2
    endloop
  endfacet
  facet normal 0 0 -1
    outer loop
      vertex 2.459395354902829 58.51283957007297 3.2
      vertex 2.459395354902829 62.28716042992704 3.2
      vertex 2.68467875173176 58.85000000000001 3.2
    endloop
  endfacet
  facet normal 0 0 -1
    outer loop
      vertex 2.68467875173176 58.85000000000001 3.2
      vertex 2.68467875173176 61.95 3.2
      vertex 2.864026550784989 59.21368135966823 3.2
    endloop
  endfacet
  facet normal 0 0 -1
    outer loop
      vertex 2.864026550784989 59.21368135966823 3.2
      vertex 2.864026550784989 61.58631864033178 3.2
      vertex 2.9943700614961117 59.59766096018219 3.2
    endloop
  endfacet
  facet normal 0 0 -1
    outer loop
      vertex 1.004456357864389 61.70903301148054 3.2
      vertex 1.1863186403317783 63.264026550785 3.2
      vertex 1.1667261889578033 61.56672618895781 3.2
    endloop
  endfacet
  facet normal 0 0 -1
    outer loop
      vertex 1.4289419162443235 61.22500000000001 3.2
      vertex 1.55 63.084678751731765 3.2
      vertex 1.524401228643623 61.031427663402404 3.2
    endloop
  endfacet
  facet normal 0 0 -1
    outer loop
      vertex 1.4289419162443235 61.22500000000001 3.2
      vertex 1.309033011480538 61.4044563578644 3.2
      vertex 1.55 63.084678751731765 3.2
    endloop
  endfacet
  facet normal 0 0 -1
    outer loop
      vertex 1.309033011480538 61.4044563578644 3.2
      vertex 1.1667261889578033 61.56672618895781 3.2
      vertex 1.55 63.084678751731765 3.2
    endloop
  endfacet
  facet normal 0 0 -1
    outer loop
      vertex 1.8871604299270341 57.940604645097174 3.2
      vertex 1.65 60.400000000000006 3.2
      vertex 1.55 63.084678751731765 3.2
    endloop
  endfacet
  facet normal 0 0 -1
    outer loop
      vertex 2.9943700614961117 59.59766096018219 3.2
      vertex 2.9943700614961117 61.20233903981782 3.2
      vertex 3.0734790702588124 59.995368804117845 3.2
    endloop
  endfacet
  facet normal 0 0 -1
    outer loop
      vertex 3.0734790702588124 59.995368804117845 3.2
      vertex 2.9943700614961117 61.20233903981782 3.2
      vertex 3.0734790702588124 60.804631195882166 3.2
    endloop
  endfacet
  facet normal 0 0 -1
    outer loop
      vertex 2.459395354902829 58.51283957007297 3.2
      vertex 2.1920310216782974 62.5920310216783 3.2
      vertex 2.459395354902829 62.28716042992704 3.2
    endloop
  endfacet
  facet normal 0 0 -1
    outer loop
      vertex 2.68467875173176 58.85000000000001 3.2
      vertex 2.459395354902829 62.28716042992704 3.2
      vertex 2.68467875173176 61.95 3.2
    endloop
  endfacet
  facet normal 0 0 -1
    outer loop
      vertex 2.864026550784989 59.21368135966823 3.2
      vertex 2.68467875173176 61.95 3.2
      vertex 2.864026550784989 61.58631864033178 3.2
    endloop
  endfacet
  facet normal 0 0 -1
    outer loop
      vertex 2.864026550784989 61.58631864033178 3.2
      vertex 2.9943700614961117 61.20233903981782 3.2
      vertex 2.9943700614961117 59.59766096018219 3.2
    endloop
  endfacet
  facet normal 0 0 -1
    outer loop
      vertex 1.65 60.400000000000006 3.2
      vertex 1.6358840212667871 60.61536821716309 3.2
      vertex 1.55 63.084678751731765 3.2
    endloop
  endfacet
  facet normal 0 0 -1
    outer loop
      vertex 1.8871604299270341 57.940604645097174 3.2
      vertex 1.55 63.084678751731765 3.2
      vertex 1.8871604299270341 62.85939535490284 3.2
    endloop
  endfacet
  facet normal 0 0 -1
    outer loop
      vertex 1.6358840212667871 60.61536821716309 3.2
      vertex 1.5937776133769626 60.82705142441917 3.2
      vertex 1.55 63.084678751731765 3.2
    endloop
  endfacet
  facet normal 0 0 -1
    outer loop
      vertex 1.5937776133769626 60.82705142441917 3.2
      vertex 1.524401228643623 61.031427663402404 3.2
      vertex 1.55 63.084678751731765 3.2
    endloop
  endfacet
  facet normal 0 0 -1
    outer loop
      vertex 2.1920310216782974 58.20796897832171 3.2
      vertex 1.8871604299270341 62.85939535490284 3.2
      vertex 2.1920310216782974 62.5920310216783 3.2
    endloop
  endfacet
  facet normal 0 0 -1
    outer loop
      vertex 3.0734790702588124 59.995368804117845 3.2
      vertex 3.0734790702588124 60.804631195882166 3.2
      vertex 3.1 60.400000000000006 3.2
    endloop
  endfacet
  facet normal 0 0 -1
    outer loop
      vertex 0.4270514244191592 61.99377761337697 3.2
      vertex 0.21536821716308507 62.035884021266796 3.2
      vertex 0.4046311958821599 63.47347907025882 3.2
    endloop
  endfacet
  facet normal 0 0 -1
    outer loop
      vertex 0 62.050000000000004 3.2
      vertex 0.4046311958821599 63.47347907025882 3.2
      vertex 0.21536821716308507 62.035884021266796 3.2
    endloop
  endfacet
  facet normal 0 0 -1
    outer loop
      vertex 0.4270514244191592 61.99377761337697 3.2
      vertex 0.8023390398178143 63.39437006149612 3.2
      vertex 0.6314276634023981 61.92440122864363 3.2
    endloop
  endfacet
  facet normal 0 0 -1
    outer loop
      vertex 0.6314276634023981 61.92440122864363 3.2
      vertex 0.8023390398178143 63.39437006149612 3.2
      vertex 0.825 61.82894191624433 3.2
    endloop
  endfacet
  facet normal 0 0 -1
    outer loop
      vertex 0 62.050000000000004 3.2
      vertex 0 63.50000000000001 3.2
      vertex 0.4046311958821599 63.47347907025882 3.2
    endloop
  endfacet
  facet normal 0 0 -1
    outer loop
      vertex 0.4270514244191592 61.99377761337697 3.2
      vertex 0.4046311958821599 63.47347907025882 3.2
      vertex 0.8023390398178143 63.39437006149612 3.2
    endloop
  endfacet
  facet normal 0 0 -1
    outer loop
      vertex 1.004456357864389 61.70903301148054 3.2
      vertex 0.825 61.82894191624433 3.2
      vertex 1.1863186403317783 63.264026550785 3.2
    endloop
  endfacet
  facet normal 0 0 -1
    outer loop
      vertex 1.1667261889578033 61.56672618895781 3.2
      vertex 1.1863186403317783 63.264026550785 3.2
      vertex 1.55 63.084678751731765 3.2
    endloop
  endfacet
  facet normal 0 0 -1
    outer loop
      vertex 0.825 61.82894191624433 3.2
      vertex 0.8023390398178143 63.39437006149612 3.2
      vertex 1.1863186403317783 63.264026550785 3.2
    endloop
  endfacet
  facet normal 0.9469301294951015 0.321439465303174 0
    outer loop
      vertex -94.84437006149612 -0.8023390398178143 3.2
      vertex -94.714026550785 -1.1863186403317783 0
      vertex -94.84437006149612 -0.8023390398178143 0
    endloop
  endfacet
  facet normal 0.9807852804032308 0.19509032201612633 0
    outer loop
      vertex -94.92347907025882 -0.4046311958821599 3.2
      vertex -94.84437006149612 -0.8023390398178143 0
      vertex -94.92347907025882 -0.4046311958821599 0
    endloop
  endfacet
  facet normal 0.9978589232386045 0.06540312923012771 0
    outer loop
      vertex -94.95 0 3.2
      vertex -94.92347907025882 -0.4046311958821599 0
      vertex -94.95 0 0
    endloop
  endfacet
  facet normal 0.44228869021900297 0.8968727415326875 0
    outer loop
      vertex -93.4 -2.68467875173176 3.2
      vertex -93.03631864033179 -2.864026550784989 0
      vertex -93.4 -2.68467875173176 0
    endloop
  endfacet
  facet normal 0.6593458151000635 0.7518398074789822 0
    outer loop
      vertex -94.04203102167831 -2.1920310216782974 3.2
      vertex -93.73716042992704 -2.459395354902829 0
      vertex -94.04203102167831 -2.1920310216782974 0
    endloop
  endfacet
  facet normal 0.5555702330195967 0.831469612302549 0
    outer loop
      vertex -93.73716042992704 -2.459395354902829 3.2
      vertex -93.4 -2.68467875173176 0
      vertex -93.73716042992704 -2.459395354902829 0
    endloop
  endfacet
  facet normal 0.32143946530315853 0.9469301294951066 0
    outer loop
      vertex -93.03631864033179 -2.864026550784989 3.2
      vertex -92.65233903981782 -2.9943700614961117 0
      vertex -93.03631864033179 -2.864026550784989 0
    endloop
  endfacet
  facet normal 0.19509032201613102 0.9807852804032299 0
    outer loop
      vertex -92.65233903981782 -2.9943700614961117 3.2
      vertex -92.25463119588217 -3.0734790702588124 0
      vertex -92.65233903981782 -2.9943700614961117 0
    endloop
  endfacet
  facet normal 0.0654031292301429 0.9978589232386035 0
    outer loop
      vertex -92.25463119588217 -3.0734790702588124 3.2
      vertex -91.85000000000001 -3.1 0
      vertex -92.25463119588217 -3.0734790702588124 0
    endloop
  endfacet
  facet normal 0.8314696123025324 0.5555702330196216 0
    outer loop
      vertex -94.53467875173178 -1.55 3.2
      vertex -94.30939535490283 -1.8871604299270341 0
      vertex -94.53467875173178 -1.55 0
    endloop
  endfacet
  facet normal 0.7518398074789908 0.6593458151000534 0
    outer loop
      vertex -94.30939535490283 -1.8871604299270341 3.2
      vertex -94.04203102167831 -2.1920310216782974 0
      vertex -94.30939535490283 -1.8871604299270341 0
    endloop
  endfacet
  facet normal 0.896872741532699 0.44228869021897943 0
    outer loop
      vertex -94.714026550785 -1.1863186403317783 3.2
      vertex -94.53467875173178 -1.55 0
      vertex -94.714026550785 -1.1863186403317783 0
    endloop
  endfacet
  facet normal -0.0654031292301429 0.9978589232386035 0
    outer loop
      vertex -91.85000000000001 -3.1 3.2
      vertex -91.44536880411785 -3.0734790702588124 0
      vertex -91.85000000000001 -3.1 0
    endloop
  endfacet
  facet normal -0.19509032201613102 0.9807852804032299 0
    outer loop
      vertex -91.44536880411785 -3.0734790702588124 3.2
      vertex -91.0476609601822 -2.9943700614961117 0
      vertex -91.44536880411785 -3.0734790702588124 0
    endloop
  endfacet
  facet normal -0.32143946530315853 0.9469301294951066 0
    outer loop
      vertex -91.0476609601822 -2.9943700614961117 3.2
      vertex -90.66368135966823 -2.864026550784989 0
      vertex -91.0476609601822 -2.9943700614961117 0
    endloop
  endfacet
  facet normal -0.44228869021900297 0.8968727415326875 0
    outer loop
      vertex -90.66368135966823 -2.864026550784989 3.2
      vertex -90.30000000000001 -2.68467875173176 0
      vertex -90.66368135966823 -2.864026550784989 0
    endloop
  endfacet
  facet normal -0.5555702330195967 0.831469612302549 0
    outer loop
      vertex -90.30000000000001 -2.68467875173176 3.2
      vertex -89.96283957007297 -2.459395354902829 0
      vertex -90.30000000000001 -2.68467875173176 0
    endloop
  endfacet
  facet normal -0.6593458151000635 0.7518398074789822 0
    outer loop
      vertex -89.96283957007297 -2.459395354902829 3.2
      vertex -89.6579689783217 -2.1920310216782974 0
      vertex -89.96283957007297 -2.459395354902829 0
    endloop
  endfacet
  facet normal -0.7518398074789908 0.6593458151000534 0
    outer loop
      vertex -89.6579689783217 -2.1920310216782974 3.2
      vertex -89.39060464509718 -1.8871604299270341 0
      vertex -89.6579689783217 -2.1920310216782974 0
    endloop
  endfacet
  facet normal -0.8314696123025324 0.5555702330196216 0
    outer loop
      vertex -89.39060464509718 -1.8871604299270341 3.2
      vertex -89.16532124826824 -1.55 0
      vertex -89.39060464509718 -1.8871604299270341 0
    endloop
  endfacet
  facet normal -0.896872741532699 0.44228869021897943 0
    outer loop
      vertex -89.16532124826824 -1.55 3.2
      vertex -88.98597344921502 -1.1863186403317783 0
      vertex -89.16532124826824 -1.55 0
    endloop
  endfacet
  facet normal -0.9469301294951015 0.321439465303174 0
    outer loop
      vertex -88.98597344921502 -1.1863186403317783 3.2
      vertex -88.8556299385039 -0.8023390398178143 0
      vertex -88.98597344921502 -1.1863186403317783 0
    endloop
  endfacet
  facet normal -0.9807852804032308 0.19509032201612633 0
    outer loop
      vertex -88.8556299385039 -0.8023390398178143 3.2
      vertex -88.7765209297412 -0.4046311958821599 0
      vertex -88.8556299385039 -0.8023390398178143 0
    endloop
  endfacet
  facet normal -0.9978589232386045 0.06540312923012771 0
    outer loop
      vertex -88.7765209297412 -0.4046311958821599 3.2
      vertex -88.75000000000001 0 0
      vertex -88.7765209297412 -0.4046311958821599 0
    endloop
  endfacet
  facet normal 0.9807852804032308 0.19509032201612633 0
    outer loop
      vertex -94.84437006149612 -0.8023390398178143 3.2
      vertex -94.84437006149612 -0.8023390398178143 0
      vertex -94.92347907025882 -0.4046311958821599 3.2
    endloop
  endfacet
  facet normal 0.9978589232386045 0.06540312923012771 0
    outer loop
      vertex -94.92347907025882 -0.4046311958821599 3.2
      vertex -94.92347907025882 -0.4046311958821599 0
      vertex -94.95 0 3.2
    endloop
  endfacet
  facet normal 0.7518398074789908 0.6593458151000534 0
    outer loop
      vertex -94.04203102167831 -2.1920310216782974 3.2
      vertex -94.04203102167831 -2.1920310216782974 0
      vertex -94.30939535490283 -1.8871604299270341 3.2
    endloop
  endfacet
  facet normal 0.5555702330195967 0.831469612302549 -5.258811739942618e-19
    outer loop
      vertex -93.73716042992704 -2.459395354902829 3.2
      vertex -93.4 -2.68467875173176 3.2
      vertex -93.4 -2.68467875173176 0
    endloop
  endfacet
  facet normal 0.6593458151000635 0.7518398074789822 -3.888209463974058e-18
    outer loop
      vertex -94.04203102167831 -2.1920310216782974 3.2
      vertex -93.73716042992704 -2.459395354902829 3.2
      vertex -93.73716042992704 -2.459395354902829 0
    endloop
  endfacet
  facet normal 0.44228869021900297 0.8968727415326875 3.866453622321151e-18
    outer loop
      vertex -93.4 -2.68467875173176 3.2
      vertex -93.03631864033179 -2.864026550784989 3.2
      vertex -93.03631864033179 -2.864026550784989 0
    endloop
  endfacet
  facet normal 0.32143946530315853 0.9469301294951066 0
    outer loop
      vertex -92.65233903981782 -2.9943700614961117 3.2
      vertex -92.65233903981782 -2.9943700614961117 0
      vertex -93.03631864033179 -2.864026550784989 3.2
    endloop
  endfacet
  facet normal 0.19509032201613102 0.9807852804032299 6.200719110873869e-19
    outer loop
      vertex -92.65233903981782 -2.9943700614961117 3.2
      vertex -92.25463119588217 -3.0734790702588124 3.2
      vertex -92.25463119588217 -3.0734790702588124 0
    endloop
  endfacet
  facet normal 0.0654031292301429 0.9978589232386035 3.4297698034412374e-19
    outer loop
      vertex -92.25463119588217 -3.0734790702588124 3.2
      vertex -91.85000000000001 -3.1 3.2
      vertex -91.85000000000001 -3.1 0
    endloop
  endfacet
  facet normal 0.8314696123025324 0.5555702330196216 0
    outer loop
      vertex -94.30939535490283 -1.8871604299270341 3.2
      vertex -94.30939535490283 -1.8871604299270341 0
      vertex -94.53467875173178 -1.55 3.2
    endloop
  endfacet
  facet normal 0.896872741532699 0.44228869021897943 0
    outer loop
      vertex -94.53467875173178 -1.55 3.2
      vertex -94.53467875173178 -1.55 0
      vertex -94.714026550785 -1.1863186403317783 3.2
    endloop
  endfacet
  facet normal 0.9469301294951015 0.321439465303174 0
    outer loop
      vertex -94.714026550785 -1.1863186403317783 3.2
      vertex -94.714026550785 -1.1863186403317783 0
      vertex -94.84437006149612 -0.8023390398178143 3.2
    endloop
  endfacet
  facet normal -0.0654031292301429 0.9978589232386035 -3.4297698034412374e-19
    outer loop
      vertex -91.85000000000001 -3.1 3.2
      vertex -91.44536880411785 -3.0734790702588124 3.2
      vertex -91.44536880411785 -3.0734790702588124 0
    endloop
  endfacet
  facet normal -0.19509032201613102 0.9807852804032299 -6.200719110873869e-19
    outer loop
      vertex -91.44536880411785 -3.0734790702588124 3.2
      vertex -91.0476609601822 -2.9943700614961117 3.2
      vertex -91.0476609601822 -2.9943700614961117 0
    endloop
  endfacet
  facet normal -0.32143946530315853 0.9469301294951066 -6.713883676011975e-19
    outer loop
      vertex -91.0476609601822 -2.9943700614961117 3.2
      vertex -90.66368135966823 -2.864026550784989 3.2
      vertex -90.66368135966823 -2.864026550784989 0
    endloop
  endfacet
  facet normal -0.44228869021900297 0.8968727415326875 -3.866453622321151e-18
    outer loop
      vertex -90.66368135966823 -2.864026550784989 3.2
      vertex -90.30000000000001 -2.68467875173176 3.2
      vertex -90.30000000000001 -2.68467875173176 0
    endloop
  endfacet
  facet normal -0.5555702330195967 0.831469612302549 5.258811739942618e-19
    outer loop
      vertex -90.30000000000001 -2.68467875173176 3.2
      vertex -89.96283957007297 -2.459395354902829 3.2
      vertex -89.96283957007297 -2.459395354902829 0
    endloop
  endfacet
  facet normal -0.6593458151000635 0.7518398074789822 3.888209463974058e-18
    outer loop
      vertex -89.96283957007297 -2.459395354902829 3.2
      vertex -89.6579689783217 -2.1920310216782974 3.2
      vertex -89.6579689783217 -2.1920310216782974 0
    endloop
  endfacet
  facet normal -0.7518398074789908 0.6593458151000534 -9.572593126287712e-19
    outer loop
      vertex -89.6579689783217 -2.1920310216782974 3.2
      vertex -89.39060464509718 -1.8871604299270341 3.2
      vertex -89.39060464509718 -1.8871604299270341 0
    endloop
  endfacet
  facet normal -0.8314696123025324 0.5555702330196216 -1.3750837584024947e-18
    outer loop
      vertex -89.39060464509718 -1.8871604299270341 3.2
      vertex -89.16532124826824 -1.55 3.2
      vertex -89.16532124826824 -1.55 0
    endloop
  endfacet
  facet normal -0.896872741532699 0.44228869021897943 -2.349201916791338e-18
    outer loop
      vertex -89.16532124826824 -1.55 3.2
      vertex -88.98597344921502 -1.1863186403317783 3.2
      vertex -88.98597344921502 -1.1863186403317783 0
    endloop
  endfacet
  facet normal -0.9469301294951015 0.321439465303174 -2.087670556456545e-18
    outer loop
      vertex -88.98597344921502 -1.1863186403317783 3.2
      vertex -88.8556299385039 -0.8023390398178143 3.2
      vertex -88.8556299385039 -0.8023390398178143 0
    endloop
  endfacet
  facet normal -0.9807852804032308 0.19509032201612633 -5.865279977933128e-21
    outer loop
      vertex -88.8556299385039 -0.8023390398178143 3.2
      vertex -88.7765209297412 -0.4046311958821599 3.2
      vertex -88.7765209297412 -0.4046311958821599 0
    endloop
  endfacet
  facet normal -0.9978589232386045 0.06540312923012771 7.826685505149788e-20
    outer loop
      vertex -88.7765209297412 -0.4046311958821599 3.2
      vertex -88.75000000000001 0 3.2
      vertex -88.75000000000001 0 0
    endloop
  endfacet
  facet normal 0 0 -1
    outer loop
      vertex -94.714026550785 -1.1863186403317783 3.2
      vertex -94.84437006149612 -0.8023390398178143 3.2
      vertex -94.84437006149612 0.8023390398178143 3.2
    endloop
  endfacet
  facet normal 0 0 -1
    outer loop
      vertex -94.84437006149612 -0.8023390398178143 3.2
      vertex -94.92347907025882 -0.4046311958821599 3.2
      vertex -94.92347907025882 0.4046311958821599 3.2
    endloop
  endfacet
  facet normal 0 0 -1
    outer loop
      vertex -93.4 -2.68467875173176 3.2
      vertex -93.01672618895782 -1.1667261889578033 3.2
      vertex -93.03631864033179 -2.864026550784989 3.2
    endloop
  endfacet
  facet normal 0 0 -1
    outer loop
      vertex -92.65233903981782 -2.9943700614961117 3.2
      vertex -93.03631864033179 -2.864026550784989 3.2
      vertex -92.67500000000001 -1.4289419162443235 3.2
    endloop
  endfacet
  facet normal 0 0 -1
    outer loop
      vertex -92.25463119588217 -3.0734790702588124 3.2
      vertex -91.85000000000001 -1.65 3.2
      vertex -91.85000000000001 -3.1 3.2
    endloop
  endfacet
  facet normal 0 0 -1
    outer loop
      vertex -92.65233903981782 -2.9943700614961117 3.2
      vertex -92.27705142441917 -1.5937776133769626 3.2
      vertex -92.25463119588217 -3.0734790702588124 3.2
    endloop
  endfacet
  facet normal 0 0 -1
    outer loop
      vertex -92.25463119588217 -3.0734790702588124 3.2
      vertex -92.27705142441917 -1.5937776133769626 3.2
      vertex -92.0653682171631 -1.6358840212667871 3.2
    endloop
  endfacet
  facet normal 0 0 -1
    outer loop
      vertex -92.25463119588217 -3.0734790702588124 3.2
      vertex -92.0653682171631 -1.6358840212667871 3.2
      vertex -91.85000000000001 -1.65 3.2
    endloop
  endfacet
  facet normal 0 0 -1
    outer loop
      vertex -91.85000000000001 -3.1 3.2
      vertex -91.85000000000001 -1.65 3.2
      vertex -91.63463178283692 -1.6358840212667871 3.2
    endloop
  endfacet
  facet normal 0 0 -1
    outer loop
      vertex -93.4 -2.68467875173176 3.2
      vertex -93.27894191624434 -0.825 3.2
      vertex -93.15903301148055 -1.004456357864389 3.2
    endloop
  endfacet
  facet normal 0 0 -1
    outer loop
      vertex -93.4 -2.68467875173176 3.2
      vertex -93.37440122864363 -0.6314276634023981 3.2
      vertex -93.27894191624434 -0.825 3.2
    endloop
  endfacet
  facet normal 0 0 -1
    outer loop
      vertex -93.4 -2.68467875173176 3.2
      vertex -93.44377761337697 -0.4270514244191592 3.2
      vertex -93.37440122864363 -0.6314276634023981 3.2
    endloop
  endfacet
  facet normal 0 0 -1
    outer loop
      vertex -93.4 -2.68467875173176 3.2
      vertex -93.4858840212668 -0.21536821716308507 3.2
      vertex -93.44377761337697 -0.4270514244191592 3.2
    endloop
  endfacet
  facet normal 0 0 -1
    outer loop
      vertex -94.30939535490283 -1.8871604299270341 3.2
      vertex -94.53467875173178 -1.55 3.2
      vertex -94.53467875173178 1.55 3.2
    endloop
  endfacet
  facet normal 0 0 -1
    outer loop
      vertex -94.04203102167831 -2.1920310216782974 3.2
      vertex -94.30939535490283 -1.8871604299270341 3.2
      vertex -94.30939535490283 1.8871604299270341 3.2
    endloop
  endfacet
  facet normal 0 0 -1
    outer loop
      vertex -94.53467875173178 -1.55 3.2
      vertex -94.714026550785 -1.1863186403317783 3.2
      vertex -94.714026550785 1.1863186403317783 3.2
    endloop
  endfacet
  facet normal 0 0 -1
    outer loop
      vertex -94.04203102167831 -2.1920310216782974 3.2
      vertex -94.04203102167831 2.1920310216782974 3.2
      vertex -93.73716042992704 -2.459395354902829 3.2
    endloop
  endfacet
  facet normal 0 0 -1
    outer loop
      vertex -93.4 -2.68467875173176 3.2
      vertex -93.50000000000001 0 3.2
      vertex -93.4858840212668 -0.21536821716308507 3.2
    endloop
  endfacet
  facet normal 0 0 -1
    outer loop
      vertex -93.73716042992704 -2.459395354902829 3.2
      vertex -93.73716042992704 2.459395354902829 3.2
      vertex -93.4 -2.68467875173176 3.2
    endloop
  endfacet
  facet normal 0 0 -1
    outer loop
      vertex -93.4 -2.68467875173176 3.2
      vertex -93.73716042992704 2.459395354902829 3.2
      vertex -93.50000000000001 0 3.2
    endloop
  endfacet
  facet normal 0 0 -1
    outer loop
      vertex -93.4 -2.68467875173176 3.2
      vertex -93.15903301148055 -1.004456357864389 3.2
      vertex -93.01672618895782 -1.1667261889578033 3.2
    endloop
  endfacet
  facet normal 0 0 -1
    outer loop
      vertex -93.03631864033179 -2.864026550784989 3.2
      vertex -93.01672618895782 -1.1667261889578033 3.2
      vertex -92.8544563578644 -1.309033011480538 3.2
    endloop
  endfacet
  facet normal 0 0 -1
    outer loop
      vertex -93.03631864033179 -2.864026550784989 3.2
      vertex -92.8544563578644 -1.309033011480538 3.2
      vertex -92.67500000000001 -1.4289419162443235 3.2
    endloop
  endfacet
  facet normal 0 0 -1
    outer loop
      vertex -92.65233903981782 -2.9943700614961117 3.2
      vertex -92.67500000000001 -1.4289419162443235 3.2
      vertex -92.4814276634024 -1.524401228643623 3.2
    endloop
  endfacet
  facet normal 0 0 -1
    outer loop
      vertex -92.65233903981782 -2.9943700614961117 3.2
      vertex -92.4814276634024 -1.524401228643623 3.2
      vertex -92.27705142441917 -1.5937776133769626 3.2
    endloop
  endfacet
  facet normal 0 0 -1
    outer loop
      vertex -91.85000000000001 -3.1 3.2
      vertex -91.63463178283692 -1.6358840212667871 3.2
      vertex -91.44536880411785 -3.0734790702588124 3.2
    endloop
  endfacet
  facet normal 0 0 -1
    outer loop
      vertex -91.44536880411785 -3.0734790702588124 3.2
      vertex -91.63463178283692 -1.6358840212667871 3.2
      vertex -91.42294857558085 -1.5937776133769626 3.2
    endloop
  endfacet
  facet normal 0 0 -1
    outer loop
      vertex -91.44536880411785 -3.0734790702588124 3.2
      vertex -91.42294857558085 -1.5937776133769626 3.2
      vertex -91.0476609601822 -2.9943700614961117 3.2
    endloop
  endfacet
  facet normal 0 0 -1
    outer loop
      vertex -91.0476609601822 -2.9943700614961117 3.2
      vertex -91.025 -1.4289419162443235 3.2
      vertex -90.66368135966823 -2.864026550784989 3.2
    endloop
  endfacet
  facet normal 0 0 -1
    outer loop
      vertex -90.66368135966823 -2.864026550784989 3.2
      vertex -90.54096698851947 -1.004456357864389 3.2
      vertex -90.30000000000001 -2.68467875173176 3.2
    endloop
  endfacet
  facet normal 0 0 -1
    outer loop
      vertex -91.0476609601822 -2.9943700614961117 3.2
      vertex -91.42294857558085 -1.5937776133769626 3.2
      vertex -91.21857233659762 -1.524401228643623 3.2
    endloop
  endfacet
  facet normal 0 0 -1
    outer loop
      vertex -91.0476609601822 -2.9943700614961117 3.2
      vertex -91.21857233659762 -1.524401228643623 3.2
      vertex -91.025 -1.4289419162443235 3.2
    endloop
  endfacet
  facet normal 0 0 -1
    outer loop
      vertex -90.66368135966823 -2.864026550784989 3.2
      vertex -91.025 -1.4289419162443235 3.2
      vertex -90.84554364213562 -1.309033011480538 3.2
    endloop
  endfacet
  facet normal 0 0 -1
    outer loop
      vertex -90.66368135966823 -2.864026550784989 3.2
      vertex -90.84554364213562 -1.309033011480538 3.2
      vertex -90.6832738110422 -1.1667261889578033 3.2
    endloop
  endfacet
  facet normal 0 0 -1
    outer loop
      vertex -90.66368135966823 -2.864026550784989 3.2
      vertex -90.6832738110422 -1.1667261889578033 3.2
      vertex -90.54096698851947 -1.004456357864389 3.2
    endloop
  endfacet
  facet normal 0 0 -1
    outer loop
      vertex -90.30000000000001 -2.68467875173176 3.2
      vertex -90.54096698851947 -1.004456357864389 3.2
      vertex -90.42105808375568 -0.825 3.2
    endloop
  endfacet
  facet normal 0 0 -1
    outer loop
      vertex -90.30000000000001 -2.68467875173176 3.2
      vertex -90.42105808375568 -0.825 3.2
      vertex -90.32559877135638 -0.6314276634023981 3.2
    endloop
  endfacet
  facet normal 0 0 -1
    outer loop
      vertex -90.30000000000001 -2.68467875173176 3.2
      vertex -90.32559877135638 -0.6314276634023981 3.2
      vertex -90.25622238662305 -0.4270514244191592 3.2
    endloop
  endfacet
  facet normal 0 0 -1
    outer loop
      vertex -90.30000000000001 -2.68467875173176 3.2
      vertex -90.25622238662305 -0.4270514244191592 3.2
      vertex -89.96283957007297 -2.459395354902829 3.2
    endloop
  endfacet
  facet normal 0 0 -1
    outer loop
      vertex -89.96283957007297 -2.459395354902829 3.2
      vertex -90.25622238662305 -0.4270514244191592 3.2
      vertex -90.21411597873322 -0.21536821716308507 3.2
    endloop
  endfacet
  facet normal 0 0 -1
    outer loop
      vertex -89.96283957007297 -2.459395354902829 3.2
      vertex -90.21411597873322 -0.21536821716308507 3.2
      vertex -90.2 0 3.2
    endloop
  endfacet
  facet normal 0 0 -1
    outer loop
      vertex -89.96283957007297 -2.459395354902829 3.2
      vertex -89.96283957007297 2.459395354902829 3.2
      vertex -89.6579689783217 -2.1920310216782974 3.2
    endloop
  endfacet
  facet normal 0 0 -1
    outer loop
      vertex -89.6579689783217 -2.1920310216782974 3.2
      vertex -89.6579689783217 2.1920310216782974 3.2
      vertex -89.39060464509718 -1.8871604299270341 3.2
    endloop
  endfacet
  facet normal 0 0 -1
    outer loop
      vertex -89.39060464509718 -1.8871604299270341 3.2
      vertex -89.39060464509718 1.8871604299270341 3.2
      vertex -89.16532124826824 -1.55 3.2
    endloop
  endfacet
  facet normal 0 0 -1
    outer loop
      vertex -89.16532124826824 -1.55 3.2
      vertex -89.16532124826824 1.55 3.2
      vertex -88.98597344921502 -1.1863186403317783 3.2
    endloop
  endfacet
  facet normal 0 0 -1
    outer loop
      vertex -88.98597344921502 -1.1863186403317783 3.2
      vertex -88.98597344921502 1.1863186403317783 3.2
      vertex -88.8556299385039 -0.8023390398178143 3.2
    endloop
  endfacet
  facet normal 0 0 -1
    outer loop
      vertex -88.8556299385039 -0.8023390398178143 3.2
      vertex -88.8556299385039 0.8023390398178143 3.2
      vertex -88.7765209297412 -0.4046311958821599 3.2
    endloop
  endfacet
  facet normal 0.9978589232386045 -0.06540312923012771 0
    outer loop
      vertex -94.92347907025882 0.4046311958821599 3.2
      vertex -94.95 0 0
      vertex -94.92347907025882 0.4046311958821599 0
    endloop
  endfacet
  facet normal 0.9807852804032308 -0.19509032201612633 0
    outer loop
      vertex -94.84437006149612 0.8023390398178143 3.2
      vertex -94.92347907025882 0.4046311958821599 0
      vertex -94.84437006149612 0.8023390398178143 0
    endloop
  endfacet
  facet normal 0.9469301294951015 -0.321439465303174 0
    outer loop
      vertex -94.714026550785 1.1863186403317783 3.2
      vertex -94.84437006149612 0.8023390398178143 0
      vertex -94.714026550785 1.1863186403317783 0
    endloop
  endfacet
  facet normal 0.896872741532699 -0.44228869021897943 0
    outer loop
      vertex -94.53467875173178 1.55 3.2
      vertex -94.714026550785 1.1863186403317783 0
      vertex -94.53467875173178 1.55 0
    endloop
  endfacet
  facet normal 0.8314696123025324 -0.5555702330196216 0
    outer loop
      vertex -94.30939535490283 1.8871604299270341 3.2
      vertex -94.53467875173178 1.55 0
      vertex -94.30939535490283 1.8871604299270341 0
    endloop
  endfacet
  facet normal 0.7518398074789908 -0.6593458151000534 0
    outer loop
      vertex -94.04203102167831 2.1920310216782974 3.2
      vertex -94.30939535490283 1.8871604299270341 0
      vertex -94.04203102167831 2.1920310216782974 0
    endloop
  endfacet
  facet normal 0.6593458151000635 -0.7518398074789822 0
    outer loop
      vertex -93.73716042992704 2.459395354902829 3.2
      vertex -94.04203102167831 2.1920310216782974 0
      vertex -93.73716042992704 2.459395354902829 0
    endloop
  endfacet
  facet normal 0.5555702330195967 -0.831469612302549 0
    outer loop
      vertex -93.4 2.68467875173176 3.2
      vertex -93.73716042992704 2.459395354902829 0
      vertex -93.4 2.68467875173176 0
    endloop
  endfacet
  facet normal 0.44228869021900297 -0.8968727415326875 0
    outer loop
      vertex -93.03631864033179 2.864026550784989 3.2
      vertex -93.4 2.68467875173176 0
      vertex -93.03631864033179 2.864026550784989 0
    endloop
  endfacet
  facet normal 0.32143946530315853 -0.9469301294951066 0
    outer loop
      vertex -92.65233903981782 2.9943700614961117 3.2
      vertex -93.03631864033179 2.864026550784989 0
      vertex -92.65233903981782 2.9943700614961117 0
    endloop
  endfacet
  facet normal 0.19509032201613102 -0.9807852804032299 0
    outer loop
      vertex -92.25463119588217 3.0734790702588124 3.2
      vertex -92.65233903981782 2.9943700614961117 0
      vertex -92.25463119588217 3.0734790702588124 0
    endloop
  endfacet
  facet normal 0.0654031292301429 -0.9978589232386035 0
    outer loop
      vertex -91.85000000000001 3.1 3.2
      vertex -92.25463119588217 3.0734790702588124 0
      vertex -91.85000000000001 3.1 0
    endloop
  endfacet
  facet normal -0.9978589232386045 -0.06540312923012771 0
    outer loop
      vertex -88.75000000000001 0 3.2
      vertex -88.7765209297412 0.4046311958821599 0
      vertex -88.75000000000001 0 0
    endloop
  endfacet
  facet normal -0.9807852804032308 -0.19509032201612633 0
    outer loop
      vertex -88.7765209297412 0.4046311958821599 3.2
      vertex -88.8556299385039 0.8023390398178143 0
      vertex -88.7765209297412 0.4046311958821599 0
    endloop
  endfacet
  facet normal -0.9469301294951015 -0.321439465303174 0
    outer loop
      vertex -88.8556299385039 0.8023390398178143 3.2
      vertex -88.98597344921502 1.1863186403317783 0
      vertex -88.8556299385039 0.8023390398178143 0
    endloop
  endfacet
  facet normal -0.7518398074789908 -0.6593458151000534 0
    outer loop
      vertex -89.39060464509718 1.8871604299270341 3.2
      vertex -89.6579689783217 2.1920310216782974 0
      vertex -89.39060464509718 1.8871604299270341 0
    endloop
  endfacet
  facet normal -0.896872741532699 -0.44228869021897943 0
    outer loop
      vertex -88.98597344921502 1.1863186403317783 3.2
      vertex -89.16532124826824 1.55 0
      vertex -88.98597344921502 1.1863186403317783 0
    endloop
  endfacet
  facet normal -0.8314696123025324 -0.5555702330196216 0
    outer loop
      vertex -89.16532124826824 1.55 3.2
      vertex -89.39060464509718 1.8871604299270341 0
      vertex -89.16532124826824 1.55 0
    endloop
  endfacet
  facet normal -0.0654031292301429 -0.9978589232386035 0
    outer loop
      vertex -91.44536880411785 3.0734790702588124 3.2
      vertex -91.85000000000001 3.1 0
      vertex -91.44536880411785 3.0734790702588124 0
    endloop
  endfacet
  facet normal -0.19509032201613102 -0.9807852804032299 0
    outer loop
      vertex -91.0476609601822 2.9943700614961117 3.2
      vertex -91.44536880411785 3.0734790702588124 0
      vertex -91.0476609601822 2.9943700614961117 0
    endloop
  endfacet
  facet normal -0.32143946530315853 -0.9469301294951066 0
    outer loop
      vertex -90.66368135966823 2.864026550784989 3.2
      vertex -91.0476609601822 2.9943700614961117 0
      vertex -90.66368135966823 2.864026550784989 0
    endloop
  endfacet
  facet normal -0.44228869021900297 -0.8968727415326875 0
    outer loop
      vertex -90.30000000000001 2.68467875173176 3.2
      vertex -90.66368135966823 2.864026550784989 0
      vertex -90.30000000000001 2.68467875173176 0
    endloop
  endfacet
  facet normal -0.5555702330195967 -0.831469612302549 0
    outer loop
      vertex -89.96283957007297 2.459395354902829 3.2
      vertex -90.30000000000001 2.68467875173176 0
      vertex -89.96283957007297 2.459395354902829 0
    endloop
  endfacet
  facet normal -0.6593458151000635 -0.7518398074789822 0
    outer loop
      vertex -89.6579689783217 2.1920310216782974 3.2
      vertex -89.96283957007297 2.459395354902829 0
      vertex -89.6579689783217 2.1920310216782974 0
    endloop
  endfacet
  facet normal 0.9978589232386045 -0.06540312923012771 0
    outer loop
      vertex -94.95 0 3.2
      vertex -94.95 0 0
      vertex -94.92347907025882 0.4046311958821599 3.2
    endloop
  endfacet
  facet normal 0.9807852804032308 -0.19509032201612633 0
    outer loop
      vertex -94.92347907025882 0.4046311958821599 3.2
      vertex -94.92347907025882 0.4046311958821599 0
      vertex -94.84437006149612 0.8023390398178143 3.2
    endloop
  endfacet
  facet normal 0.9469301294951015 -0.321439465303174 0
    outer loop
      vertex -94.84437006149612 0.8023390398178143 3.2
      vertex -94.84437006149612 0.8023390398178143 0
      vertex -94.714026550785 1.1863186403317783 3.2
    endloop
  endfacet
  facet normal 0.896872741532699 -0.44228869021897943 0
    outer loop
      vertex -94.714026550785 1.1863186403317783 3.2
      vertex -94.714026550785 1.1863186403317783 0
      vertex -94.53467875173178 1.55 3.2
    endloop
  endfacet
  facet normal 0.8314696123025324 -0.5555702330196216 0
    outer loop
      vertex -94.53467875173178 1.55 3.2
      vertex -94.53467875173178 1.55 0
      vertex -94.30939535490283 1.8871604299270341 3.2
    endloop
  endfacet
  facet normal 0.7518398074789908 -0.6593458151000534 0
    outer loop
      vertex -94.30939535490283 1.8871604299270341 3.2
      vertex -94.30939535490283 1.8871604299270341 0
      vertex -94.04203102167831 2.1920310216782974 3.2
    endloop
  endfacet
  facet normal 0.6593458151000635 -0.7518398074789822 0
    outer loop
      vertex -94.04203102167831 2.1920310216782974 3.2
      vertex -94.04203102167831 2.1920310216782974 0
      vertex -93.73716042992704 2.459395354902829 3.2
    endloop
  endfacet
  facet normal 0.5555702330195967 -0.831469612302549 0
    outer loop
      vertex -93.73716042992704 2.459395354902829 3.2
      vertex -93.73716042992704 2.459395354902829 0
      vertex -93.4 2.68467875173176 3.2
    endloop
  endfacet
  facet normal 0.44228869021900297 -0.8968727415326875 0
    outer loop
      vertex -93.4 2.68467875173176 3.2
      vertex -93.4 2.68467875173176 0
      vertex -93.03631864033179 2.864026550784989 3.2
    endloop
  endfacet
  facet normal 0.32143946530315853 -0.9469301294951066 0
    outer loop
      vertex -93.03631864033179 2.864026550784989 3.2
      vertex -93.03631864033179 2.864026550784989 0
      vertex -92.65233903981782 2.9943700614961117 3.2
    endloop
  endfacet
  facet normal 0.19509032201613102 -0.9807852804032299 0
    outer loop
      vertex -92.65233903981782 2.9943700614961117 3.2
      vertex -92.65233903981782 2.9943700614961117 0
      vertex -92.25463119588217 3.0734790702588124 3.2
    endloop
  endfacet
  facet normal 0.0654031292301429 -0.9978589232386035 0
    outer loop
      vertex -92.25463119588217 3.0734790702588124 3.2
      vertex -92.25463119588217 3.0734790702588124 0
      vertex -91.85000000000001 3.1 3.2
    endloop
  endfacet
  facet normal -0.9978589232386045 -0.06540312923012771 -7.826685505149788e-20
    outer loop
      vertex -88.75000000000001 0 3.2
      vertex -88.7765209297412 0.4046311958821599 3.2
      vertex -88.7765209297412 0.4046311958821599 0
    endloop
  endfacet
  facet normal -0.9807852804032308 -0.19509032201612633 5.865279977933128e-21
    outer loop
      vertex -88.7765209297412 0.4046311958821599 3.2
      vertex -88.8556299385039 0.8023390398178143 3.2
      vertex -88.8556299385039 0.8023390398178143 0
    endloop
  endfacet
  facet normal -0.896872741532699 -0.44228869021897943 0
    outer loop
      vertex -89.16532124826824 1.55 3.2
      vertex -89.16532124826824 1.55 0
      vertex -88.98597344921502 1.1863186403317783 3.2
    endloop
  endfacet
  facet normal -0.9469301294951015 -0.321439465303174 2.087670556456545e-18
    outer loop
      vertex -88.8556299385039 0.8023390398178143 3.2
      vertex -88.98597344921502 1.1863186403317783 3.2
      vertex -88.98597344921502 1.1863186403317783 0
    endloop
  endfacet
  facet normal -0.8314696123025324 -0.5555702330196216 0
    outer loop
      vertex -89.39060464509718 1.8871604299270341 3.2
      vertex -89.39060464509718 1.8871604299270341 0
      vertex -89.16532124826824 1.55 3.2
    endloop
  endfacet
  facet normal -0.0654031292301429 -0.9978589232386035 0
    outer loop
      vertex -91.85000000000001 3.1 3.2
      vertex -91.85000000000001 3.1 0
      vertex -91.44536880411785 3.0734790702588124 3.2
    endloop
  endfacet
  facet normal -0.19509032201613102 -0.9807852804032299 0
    outer loop
      vertex -91.44536880411785 3.0734790702588124 3.2
      vertex -91.44536880411785 3.0734790702588124 0
      vertex -91.0476609601822 2.9943700614961117 3.2
    endloop
  endfacet
  facet normal -0.32143946530315853 -0.9469301294951066 6.713883676011975e-19
    outer loop
      vertex -90.66368135966823 2.864026550784989 3.2
      vertex -91.0476609601822 2.9943700614961117 3.2
      vertex -91.0476609601822 2.9943700614961117 0
    endloop
  endfacet
  facet normal -0.44228869021900297 -0.8968727415326875 0
    outer loop
      vertex -90.66368135966823 2.864026550784989 3.2
      vertex -90.66368135966823 2.864026550784989 0
      vertex -90.30000000000001 2.68467875173176 3.2
    endloop
  endfacet
  facet normal -0.6593458151000635 -0.7518398074789822 0
    outer loop
      vertex -89.96283957007297 2.459395354902829 3.2
      vertex -89.96283957007297 2.459395354902829 0
      vertex -89.6579689783217 2.1920310216782974 3.2
    endloop
  endfacet
  facet normal -0.7518398074789908 -0.6593458151000534 9.572593126287712e-19
    outer loop
      vertex -89.39060464509718 1.8871604299270341 3.2
      vertex -89.6579689783217 2.1920310216782974 3.2
      vertex -89.6579689783217 2.1920310216782974 0
    endloop
  endfacet
  facet normal -0.5555702330195967 -0.831469612302549 -5.258811739942618e-19
    outer loop
      vertex -89.96283957007297 2.459395354902829 3.2
      vertex -90.30000000000001 2.68467875173176 3.2
      vertex -90.30000000000001 2.68467875173176 0
    endloop
  endfacet
  facet normal 0 0 -1
    outer loop
      vertex -94.92347907025882 -0.4046311958821599 3.2
      vertex -94.95 0 3.2
      vertex -94.92347907025882 0.4046311958821599 3.2
    endloop
  endfacet
  facet normal 0 0 -1
    outer loop
      vertex -94.84437006149612 -0.8023390398178143 3.2
      vertex -94.92347907025882 0.4046311958821599 3.2
      vertex -94.84437006149612 0.8023390398178143 3.2
    endloop
  endfacet
  facet normal 0 0 -1
    outer loop
      vertex -94.714026550785 -1.1863186403317783 3.2
      vertex -94.84437006149612 0.8023390398178143 3.2
      vertex -94.714026550785 1.1863186403317783 3.2
    endloop
  endfacet
  facet normal 0 0 -1
    outer loop
      vertex -94.53467875173178 -1.55 3.2
      vertex -94.714026550785 1.1863186403317783 3.2
      vertex -94.53467875173178 1.55 3.2
    endloop
  endfacet
  facet normal 0 0 -1
    outer loop
      vertex -94.30939535490283 -1.8871604299270341 3.2
      vertex -94.53467875173178 1.55 3.2
      vertex -94.30939535490283 1.8871604299270341 3.2
    endloop
  endfacet
  facet normal 0 0 -1
    outer loop
      vertex -94.04203102167831 -2.1920310216782974 3.2
      vertex -94.30939535490283 1.8871604299270341 3.2
      vertex -94.04203102167831 2.1920310216782974 3.2
    endloop
  endfacet
  facet normal 0 0 -1
    outer loop
      vertex -93.73716042992704 -2.459395354902829 3.2
      vertex -94.04203102167831 2.1920310216782974 3.2
      vertex -93.73716042992704 2.459395354902829 3.2
    endloop
  endfacet
  facet normal 0 0 -1
    outer loop
      vertex -93.50000000000001 0 3.2
      vertex -93.73716042992704 2.459395354902829 3.2
      vertex -93.4858840212668 0.21536821716308507 3.2
    endloop
  endfacet
  facet normal 0 0 -1
    outer loop
      vertex -93.4858840212668 0.21536821716308507 3.2
      vertex -93.73716042992704 2.459395354902829 3.2
      vertex -93.44377761337697 0.4270514244191592 3.2
    endloop
  endfacet
  facet normal 0 0 -1
    outer loop
      vertex -93.44377761337697 0.4270514244191592 3.2
      vertex -93.4 2.68467875173176 3.2
      vertex -93.37440122864363 0.6314276634023981 3.2
    endloop
  endfacet
  facet normal 0 0 -1
    outer loop
      vertex -93.37440122864363 0.6314276634023981 3.2
      vertex -93.4 2.68467875173176 3.2
      vertex -93.27894191624434 0.825 3.2
    endloop
  endfacet
  facet normal 0 0 -1
    outer loop
      vertex -93.27894191624434 0.825 3.2
      vertex -93.4 2.68467875173176 3.2
      vertex -93.15903301148055 1.004456357864389 3.2
    endloop
  endfacet
  facet normal 0 0 -1
    outer loop
      vertex -93.44377761337697 0.4270514244191592 3.2
      vertex -93.73716042992704 2.459395354902829 3.2
      vertex -93.4 2.68467875173176 3.2
    endloop
  endfacet
  facet normal 0 0 -1
    outer loop
      vertex -93.15903301148055 1.004456357864389 3.2
      vertex -93.03631864033179 2.864026550784989 3.2
      vertex -93.01672618895782 1.1667261889578033 3.2
    endloop
  endfacet
  facet normal 0 0 -1
    outer loop
      vertex -93.01672618895782 1.1667261889578033 3.2
      vertex -93.03631864033179 2.864026550784989 3.2
      vertex -92.8544563578644 1.309033011480538 3.2
    endloop
  endfacet
  facet normal 0 0 -1
    outer loop
      vertex -92.8544563578644 1.309033011480538 3.2
      vertex -93.03631864033179 2.864026550784989 3.2
      vertex -92.67500000000001 1.4289419162443235 3.2
    endloop
  endfacet
  facet normal 0 0 -1
    outer loop
      vertex -92.67500000000001 1.4289419162443235 3.2
      vertex -92.65233903981782 2.9943700614961117 3.2
      vertex -92.4814276634024 1.524401228643623 3.2
    endloop
  endfacet
  facet normal 0 0 -1
    outer loop
      vertex -92.4814276634024 1.524401228643623 3.2
      vertex -92.65233903981782 2.9943700614961117 3.2
      vertex -92.27705142441917 1.5937776133769626 3.2
    endloop
  endfacet
  facet normal 0 0 -1
    outer loop
      vertex -93.15903301148055 1.004456357864389 3.2
      vertex -93.4 2.68467875173176 3.2
      vertex -93.03631864033179 2.864026550784989 3.2
    endloop
  endfacet
  facet normal 0 0 -1
    outer loop
      vertex -92.67500000000001 1.4289419162443235 3.2
      vertex -93.03631864033179 2.864026550784989 3.2
      vertex -92.65233903981782 2.9943700614961117 3.2
    endloop
  endfacet
  facet normal 0 0 -1
    outer loop
      vertex -92.27705142441917 1.5937776133769626 3.2
      vertex -92.25463119588217 3.0734790702588124 3.2
      vertex -92.0653682171631 1.6358840212667871 3.2
    endloop
  endfacet
  facet normal 0 0 -1
    outer loop
      vertex -92.27705142441917 1.5937776133769626 3.2
      vertex -92.65233903981782 2.9943700614961117 3.2
      vertex -92.25463119588217 3.0734790702588124 3.2
    endloop
  endfacet
  facet normal 0 0 -1
    outer loop
      vertex -92.0653682171631 1.6358840212667871 3.2
      vertex -91.85000000000001 3.1 3.2
      vertex -91.85000000000001 1.65 3.2
    endloop
  endfacet
  facet normal 0 0 -1
    outer loop
      vertex -92.0653682171631 1.6358840212667871 3.2
      vertex -92.25463119588217 3.0734790702588124 3.2
      vertex -91.85000000000001 3.1 3.2
    endloop
  endfacet
  facet normal 0 0 -1
    outer loop
      vertex -90.2 0 3.2
      vertex -90.21411597873322 0.21536821716308507 3.2
      vertex -90.30000000000001 2.68467875173176 3.2
    endloop
  endfacet
  facet normal 0 0 -1
    outer loop
      vertex -91.42294857558085 1.5937776133769626 3.2
      vertex -91.0476609601822 2.9943700614961117 3.2
      vertex -91.21857233659762 1.524401228643623 3.2
    endloop
  endfacet
  facet normal 0 0 -1
    outer loop
      vertex -91.025 1.4289419162443235 3.2
      vertex -91.21857233659762 1.524401228643623 3.2
      vertex -91.0476609601822 2.9943700614961117 3.2
    endloop
  endfacet
  facet normal 0 0 -1
    outer loop
      vertex -90.21411597873322 0.21536821716308507 3.2
      vertex -90.25622238662305 0.4270514244191592 3.2
      vertex -90.30000000000001 2.68467875173176 3.2
    endloop
  endfacet
  facet normal 0 0 -1
    outer loop
      vertex -90.25622238662305 0.4270514244191592 3.2
      vertex -90.32559877135638 0.6314276634023981 3.2
      vertex -90.30000000000001 2.68467875173176 3.2
    endloop
  endfacet
  facet normal 0 0 -1
    outer loop
      vertex -90.54096698851947 1.004456357864389 3.2
      vertex -90.30000000000001 2.68467875173176 3.2
      vertex -90.42105808375568 0.825 3.2
    endloop
  endfacet
  facet normal 0 0 -1
    outer loop
      vertex -90.32559877135638 0.6314276634023981 3.2
      vertex -90.42105808375568 0.825 3.2
      vertex -90.30000000000001 2.68467875173176 3.2
    endloop
  endfacet
  facet normal 0 0 -1
    outer loop
      vertex -90.6832738110422 1.1667261889578033 3.2
      vertex -90.84554364213562 1.309033011480538 3.2
      vertex -90.66368135966823 2.864026550784989 3.2
    endloop
  endfacet
  facet normal 0 0 -1
    outer loop
      vertex -91.025 1.4289419162443235 3.2
      vertex -90.66368135966823 2.864026550784989 3.2
      vertex -90.84554364213562 1.309033011480538 3.2
    endloop
  endfacet
  facet normal 0 0 -1
    outer loop
      vertex -90.54096698851947 1.004456357864389 3.2
      vertex -90.6832738110422 1.1667261889578033 3.2
      vertex -90.30000000000001 2.68467875173176 3.2
    endloop
  endfacet
  facet normal 0 0 -1
    outer loop
      vertex -89.96283957007297 -2.459395354902829 3.2
      vertex -90.2 0 3.2
      vertex -90.30000000000001 2.68467875173176 3.2
    endloop
  endfacet
  facet normal 0 0 -1
    outer loop
      vertex -89.96283957007297 -2.459395354902829 3.2
      vertex -90.30000000000001 2.68467875173176 3.2
      vertex -89.96283957007297 2.459395354902829 3.2
    endloop
  endfacet
  facet normal 0 0 -1
    outer loop
      vertex -89.39060464509718 -1.8871604299270341 3.2
      vertex -89.6579689783217 2.1920310216782974 3.2
      vertex -89.39060464509718 1.8871604299270341 3.2
    endloop
  endfacet
  facet normal 0 0 -1
    outer loop
      vertex -89.6579689783217 -2.1920310216782974 3.2
      vertex -89.96283957007297 2.459395354902829 3.2
      vertex -89.6579689783217 2.1920310216782974 3.2
    endloop
  endfacet
  facet normal 0 0 -1
    outer loop
      vertex -88.7765209297412 -0.4046311958821599 3.2
      vertex -88.7765209297412 0.4046311958821599 3.2
      vertex -88.75000000000001 0 3.2
    endloop
  endfacet
  facet normal 0 0 -1
    outer loop
      vertex -88.98597344921502 -1.1863186403317783 3.2
      vertex -89.16532124826824 1.55 3.2
      vertex -88.98597344921502 1.1863186403317783 3.2
    endloop
  endfacet
  facet normal 0 0 -1
    outer loop
      vertex -88.8556299385039 -0.8023390398178143 3.2
      vertex -88.98597344921502 1.1863186403317783 3.2
      vertex -88.8556299385039 0.8023390398178143 3.2
    endloop
  endfacet
  facet normal 0 0 -1
    outer loop
      vertex -88.7765209297412 -0.4046311958821599 3.2
      vertex -88.8556299385039 0.8023390398178143 3.2
      vertex -88.7765209297412 0.4046311958821599 3.2
    endloop
  endfacet
  facet normal 0 0 -1
    outer loop
      vertex -89.16532124826824 -1.55 3.2
      vertex -89.39060464509718 1.8871604299270341 3.2
      vertex -89.16532124826824 1.55 3.2
    endloop
  endfacet
  facet normal 0 0 -1
    outer loop
      vertex -91.85000000000001 1.65 3.2
      vertex -91.44536880411785 3.0734790702588124 3.2
      vertex -91.63463178283692 1.6358840212667871 3.2
    endloop
  endfacet
  facet normal 0 0 -1
    outer loop
      vertex -91.63463178283692 1.6358840212667871 3.2
      vertex -91.44536880411785 3.0734790702588124 3.2
      vertex -91.42294857558085 1.5937776133769626 3.2
    endloop
  endfacet
  facet normal 0 0 -1
    outer loop
      vertex -91.42294857558085 1.5937776133769626 3.2
      vertex -91.44536880411785 3.0734790702588124 3.2
      vertex -91.0476609601822 2.9943700614961117 3.2
    endloop
  endfacet
  facet normal 0 0 -1
    outer loop
      vertex -91.85000000000001 1.65 3.2
      vertex -91.85000000000001 3.1 3.2
      vertex -91.44536880411785 3.0734790702588124 3.2
    endloop
  endfacet
  facet normal 0 0 -1
    outer loop
      vertex -91.025 1.4289419162443235 3.2
      vertex -91.0476609601822 2.9943700614961117 3.2
      vertex -90.66368135966823 2.864026550784989 3.2
    endloop
  endfacet
  facet normal 0 0 -1
    outer loop
      vertex -90.6832738110422 1.1667261889578033 3.2
      vertex -90.66368135966823 2.864026550784989 3.2
      vertex -90.30000000000001 2.68467875173176 3.2
    endloop
  endfacet
  facet normal 0.6593458151000635 0.7518398074789822 0
    outer loop
      vertex 89.6579689783217 -2.1920310216782974 3.2
      vertex 89.96283957007297 -2.459395354902829 0
      vertex 89.6579689783217 -2.1920310216782974 0
    endloop
  endfacet
  facet normal 0.5555702330195967 0.831469612302549 0
    outer loop
      vertex 89.96283957007297 -2.459395354902829 3.2
      vertex 90.30000000000001 -2.68467875173176 0
      vertex 89.96283957007297 -2.459395354902829 0
    endloop
  endfacet
  facet normal 0.44228869021900297 0.8968727415326875 0
    outer loop
      vertex 90.30000000000001 -2.68467875173176 3.2
      vertex 90.66368135966823 -2.864026550784989 0
      vertex 90.30000000000001 -2.68467875173176 0
    endloop
  endfacet
  facet normal 0.32143946530315853 0.9469301294951066 0
    outer loop
      vertex 90.66368135966823 -2.864026550784989 3.2
      vertex 91.0476609601822 -2.9943700614961117 0
      vertex 90.66368135966823 -2.864026550784989 0
    endloop
  endfacet
  facet normal 0.19509032201613102 0.9807852804032299 0
    outer loop
      vertex 91.0476609601822 -2.9943700614961117 3.2
      vertex 91.44536880411785 -3.0734790702588124 0
      vertex 91.0476609601822 -2.9943700614961117 0
    endloop
  endfacet
  facet normal 0.0654031292301429 0.9978589232386035 0
    outer loop
      vertex 91.44536880411785 -3.0734790702588124 3.2
      vertex 91.85000000000001 -3.1 0
      vertex 91.44536880411785 -3.0734790702588124 0
    endloop
  endfacet
  facet normal 0.8314696123025324 0.5555702330196216 0
    outer loop
      vertex 89.16532124826824 -1.55 3.2
      vertex 89.39060464509718 -1.8871604299270341 0
      vertex 89.16532124826824 -1.55 0
    endloop
  endfacet
  facet normal 0.896872741532699 0.44228869021897943 0
    outer loop
      vertex 88.98597344921502 -1.1863186403317783 3.2
      vertex 89.16532124826824 -1.55 0
      vertex 88.98597344921502 -1.1863186403317783 0
    endloop
  endfacet
  facet normal 0.7518398074789908 0.6593458151000534 0
    outer loop
      vertex 89.39060464509718 -1.8871604299270341 3.2
      vertex 89.6579689783217 -2.1920310216782974 0
      vertex 89.39060464509718 -1.8871604299270341 0
    endloop
  endfacet
  facet normal 0.9469301294951015 0.321439465303174 0
    outer loop
      vertex 88.8556299385039 -0.8023390398178143 3.2
      vertex 88.98597344921502 -1.1863186403317783 0
      vertex 88.8556299385039 -0.8023390398178143 0
    endloop
  endfacet
  facet normal 0.9807852804032308 0.19509032201612633 0
    outer loop
      vertex 88.7765209297412 -0.4046311958821599 3.2
      vertex 88.8556299385039 -0.8023390398178143 0
      vertex 88.7765209297412 -0.4046311958821599 0
    endloop
  endfacet
  facet normal 0.9978589232386045 0.06540312923012771 0
    outer loop
      vertex 88.75000000000001 0 3.2
      vertex 88.7765209297412 -0.4046311958821599 0
      vertex 88.75000000000001 0 0
    endloop
  endfacet
  facet normal -0.0654031292301429 0.9978589232386035 0
    outer loop
      vertex 91.85000000000001 -3.1 3.2
      vertex 92.25463119588217 -3.0734790702588124 0
      vertex 91.85000000000001 -3.1 0
    endloop
  endfacet
  facet normal -0.19509032201613102 0.9807852804032299 0
    outer loop
      vertex 92.25463119588217 -3.0734790702588124 3.2
      vertex 92.65233903981782 -2.9943700614961117 0
      vertex 92.25463119588217 -3.0734790702588124 0
    endloop
  endfacet
  facet normal -0.32143946530315853 0.9469301294951066 0
    outer loop
      vertex 92.65233903981782 -2.9943700614961117 3.2
      vertex 93.03631864033179 -2.864026550784989 0
      vertex 92.65233903981782 -2.9943700614961117 0
    endloop
  endfacet
  facet normal -0.44228869021900297 0.8968727415326875 0
    outer loop
      vertex 93.03631864033179 -2.864026550784989 3.2
      vertex 93.4 -2.68467875173176 0
      vertex 93.03631864033179 -2.864026550784989 0
    endloop
  endfacet
  facet normal -0.5555702330195967 0.831469612302549 0
    outer loop
      vertex 93.4 -2.68467875173176 3.2
      vertex 93.73716042992704 -2.459395354902829 0
      vertex 93.4 -2.68467875173176 0
    endloop
  endfacet
  facet normal -0.6593458151000635 0.7518398074789822 0
    outer loop
      vertex 93.73716042992704 -2.459395354902829 3.2
      vertex 94.04203102167831 -2.1920310216782974 0
      vertex 93.73716042992704 -2.459395354902829 0
    endloop
  endfacet
  facet normal -0.7518398074789908 0.6593458151000534 0
    outer loop
      vertex 94.04203102167831 -2.1920310216782974 3.2
      vertex 94.30939535490283 -1.8871604299270341 0
      vertex 94.04203102167831 -2.1920310216782974 0
    endloop
  endfacet
  facet normal -0.8314696123025324 0.5555702330196216 0
    outer loop
      vertex 94.30939535490283 -1.8871604299270341 3.2
      vertex 94.53467875173178 -1.55 0
      vertex 94.30939535490283 -1.8871604299270341 0
    endloop
  endfacet
  facet normal -0.896872741532699 0.44228869021897943 0
    outer loop
      vertex 94.53467875173178 -1.55 3.2
      vertex 94.714026550785 -1.1863186403317783 0
      vertex 94.53467875173178 -1.55 0
    endloop
  endfacet
  facet normal -0.9469301294951015 0.321439465303174 0
    outer loop
      vertex 94.714026550785 -1.1863186403317783 3.2
      vertex 94.84437006149612 -0.8023390398178143 0
      vertex 94.714026550785 -1.1863186403317783 0
    endloop
  endfacet
  facet normal -0.9807852804032308 0.19509032201612633 0
    outer loop
      vertex 94.84437006149612 -0.8023390398178143 3.2
      vertex 94.92347907025882 -0.4046311958821599 0
      vertex 94.84437006149612 -0.8023390398178143 0
    endloop
  endfacet
  facet normal -0.9978589232386045 0.06540312923012771 0
    outer loop
      vertex 94.92347907025882 -0.4046311958821599 3.2
      vertex 94.95 0 0
      vertex 94.92347907025882 -0.4046311958821599 0
    endloop
  endfacet
  facet normal 0.5555702330195967 0.831469612302549 0
    outer loop
      vertex 90.30000000000001 -2.68467875173176 3.2
      vertex 90.30000000000001 -2.68467875173176 0
      vertex 89.96283957007297 -2.459395354902829 3.2
    endloop
  endfacet
  facet normal 0.7518398074789908 0.6593458151000534 0
    outer loop
      vertex 89.6579689783217 -2.1920310216782974 3.2
      vertex 89.6579689783217 -2.1920310216782974 0
      vertex 89.39060464509718 -1.8871604299270341 3.2
    endloop
  endfacet
  facet normal 0.6593458151000635 0.7518398074789822 -3.888209463974058e-18
    outer loop
      vertex 89.6579689783217 -2.1920310216782974 3.2
      vertex 89.96283957007297 -2.459395354902829 3.2
      vertex 89.96283957007297 -2.459395354902829 0
    endloop
  endfacet
  facet normal 0.44228869021900297 0.8968727415326875 3.866453622321151e-18
    outer loop
      vertex 90.30000000000001 -2.68467875173176 3.2
      vertex 90.66368135966823 -2.864026550784989 3.2
      vertex 90.66368135966823 -2.864026550784989 0
    endloop
  endfacet
  facet normal 0.32143946530315853 0.9469301294951066 0
    outer loop
      vertex 91.0476609601822 -2.9943700614961117 3.2
      vertex 91.0476609601822 -2.9943700614961117 0
      vertex 90.66368135966823 -2.864026550784989 3.2
    endloop
  endfacet
  facet normal 0.19509032201613102 0.9807852804032299 6.200719110873869e-19
    outer loop
      vertex 91.0476609601822 -2.9943700614961117 3.2
      vertex 91.44536880411785 -3.0734790702588124 3.2
      vertex 91.44536880411785 -3.0734790702588124 0
    endloop
  endfacet
  facet normal 0.0654031292301429 0.9978589232386035 3.4297698034412374e-19
    outer loop
      vertex 91.44536880411785 -3.0734790702588124 3.2
      vertex 91.85000000000001 -3.1 3.2
      vertex 91.85000000000001 -3.1 0
    endloop
  endfacet
  facet normal 0.8314696123025324 0.5555702330196216 1.3750837584024947e-18
    outer loop
      vertex 89.16532124826824 -1.55 3.2
      vertex 89.39060464509718 -1.8871604299270341 3.2
      vertex 89.39060464509718 -1.8871604299270341 0
    endloop
  endfacet
  facet normal 0.9469301294951015 0.321439465303174 0
    outer loop
      vertex 88.98597344921502 -1.1863186403317783 3.2
      vertex 88.98597344921502 -1.1863186403317783 0
      vertex 88.8556299385039 -0.8023390398178143 3.2
    endloop
  endfacet
  facet normal 0.896872741532699 0.44228869021897943 2.349201916791338e-18
    outer loop
      vertex 88.98597344921502 -1.1863186403317783 3.2
      vertex 89.16532124826824 -1.55 3.2
      vertex 89.16532124826824 -1.55 0
    endloop
  endfacet
  facet normal 0.9807852804032308 0.19509032201612633 0
    outer loop
      vertex 88.8556299385039 -0.8023390398178143 3.2
      vertex 88.8556299385039 -0.8023390398178143 0
      vertex 88.7765209297412 -0.4046311958821599 3.2
    endloop
  endfacet
  facet normal 0.9978589232386045 0.06540312923012771 0
    outer loop
      vertex 88.7765209297412 -0.4046311958821599 3.2
      vertex 88.7765209297412 -0.4046311958821599 0
      vertex 88.75000000000001 0 3.2
    endloop
  endfacet
  facet normal -0.0654031292301429 0.9978589232386035 -3.4297698034412374e-19
    outer loop
      vertex 91.85000000000001 -3.1 3.2
      vertex 92.25463119588217 -3.0734790702588124 3.2
      vertex 92.25463119588217 -3.0734790702588124 0
    endloop
  endfacet
  facet normal -0.19509032201613102 0.9807852804032299 -6.200719110873869e-19
    outer loop
      vertex 92.25463119588217 -3.0734790702588124 3.2
      vertex 92.65233903981782 -2.9943700614961117 3.2
      vertex 92.65233903981782 -2.9943700614961117 0
    endloop
  endfacet
  facet normal -0.32143946530315853 0.9469301294951066 -6.713883676011975e-19
    outer loop
      vertex 92.65233903981782 -2.9943700614961117 3.2
      vertex 93.03631864033179 -2.864026550784989 3.2
      vertex 93.03631864033179 -2.864026550784989 0
    endloop
  endfacet
  facet normal -0.44228869021900297 0.8968727415326875 -3.866453622321151e-18
    outer loop
      vertex 93.03631864033179 -2.864026550784989 3.2
      vertex 93.4 -2.68467875173176 3.2
      vertex 93.4 -2.68467875173176 0
    endloop
  endfacet
  facet normal -0.5555702330195967 0.831469612302549 5.258811739942618e-19
    outer loop
      vertex 93.4 -2.68467875173176 3.2
      vertex 93.73716042992704 -2.459395354902829 3.2
      vertex 93.73716042992704 -2.459395354902829 0
    endloop
  endfacet
  facet normal -0.6593458151000635 0.7518398074789822 3.888209463974058e-18
    outer loop
      vertex 93.73716042992704 -2.459395354902829 3.2
      vertex 94.04203102167831 -2.1920310216782974 3.2
      vertex 94.04203102167831 -2.1920310216782974 0
    endloop
  endfacet
  facet normal -0.7518398074789908 0.6593458151000534 -9.572593126287712e-19
    outer loop
      vertex 94.04203102167831 -2.1920310216782974 3.2
      vertex 94.30939535490283 -1.8871604299270341 3.2
      vertex 94.30939535490283 -1.8871604299270341 0
    endloop
  endfacet
  facet normal -0.8314696123025324 0.5555702330196216 -1.3750837584024947e-18
    outer loop
      vertex 94.30939535490283 -1.8871604299270341 3.2
      vertex 94.53467875173178 -1.55 3.2
      vertex 94.53467875173178 -1.55 0
    endloop
  endfacet
  facet normal -0.896872741532699 0.44228869021897943 -2.349201916791338e-18
    outer loop
      vertex 94.53467875173178 -1.55 3.2
      vertex 94.714026550785 -1.1863186403317783 3.2
      vertex 94.714026550785 -1.1863186403317783 0
    endloop
  endfacet
  facet normal -0.9469301294951015 0.321439465303174 -2.087670556456545e-18
    outer loop
      vertex 94.714026550785 -1.1863186403317783 3.2
      vertex 94.84437006149612 -0.8023390398178143 3.2
      vertex 94.84437006149612 -0.8023390398178143 0
    endloop
  endfacet
  facet normal -0.9807852804032308 0.19509032201612633 -5.865279977933128e-21
    outer loop
      vertex 94.84437006149612 -0.8023390398178143 3.2
      vertex 94.92347907025882 -0.4046311958821599 3.2
      vertex 94.92347907025882 -0.4046311958821599 0
    endloop
  endfacet
  facet normal -0.9978589232386045 0.06540312923012771 7.826685505149788e-20
    outer loop
      vertex 94.92347907025882 -0.4046311958821599 3.2
      vertex 94.95 0 3.2
      vertex 94.95 0 0
    endloop
  endfacet
  facet normal 0 0 -1
    outer loop
      vertex 90.30000000000001 -2.68467875173176 3.2
      vertex 90.6832738110422 -1.1667261889578033 3.2
      vertex 90.66368135966823 -2.864026550784989 3.2
    endloop
  endfacet
  facet normal 0 0 -1
    outer loop
      vertex 91.0476609601822 -2.9943700614961117 3.2
      vertex 90.66368135966823 -2.864026550784989 3.2
      vertex 91.025 -1.4289419162443235 3.2
    endloop
  endfacet
  facet normal 0 0 -1
    outer loop
      vertex 91.44536880411785 -3.0734790702588124 3.2
      vertex 91.85000000000001 -1.65 3.2
      vertex 91.85000000000001 -3.1 3.2
    endloop
  endfacet
  facet normal 0 0 -1
    outer loop
      vertex 91.0476609601822 -2.9943700614961117 3.2
      vertex 91.42294857558085 -1.5937776133769626 3.2
      vertex 91.44536880411785 -3.0734790702588124 3.2
    endloop
  endfacet
  facet normal 0 0 -1
    outer loop
      vertex 91.44536880411785 -3.0734790702588124 3.2
      vertex 91.42294857558085 -1.5937776133769626 3.2
      vertex 91.63463178283692 -1.6358840212667871 3.2
    endloop
  endfacet
  facet normal 0 0 -1
    outer loop
      vertex 91.44536880411785 -3.0734790702588124 3.2
      vertex 91.63463178283692 -1.6358840212667871 3.2
      vertex 91.85000000000001 -1.65 3.2
    endloop
  endfacet
  facet normal 0 0 -1
    outer loop
      vertex 89.16532124826824 -1.55 3.2
      vertex 89.16532124826824 1.55 3.2
      vertex 89.39060464509718 -1.8871604299270341 3.2
    endloop
  endfacet
  facet normal 0 0 -1
    outer loop
      vertex 88.8556299385039 -0.8023390398178143 3.2
      vertex 88.7765209297412 -0.4046311958821599 3.2
      vertex 88.7765209297412 0.4046311958821599 3.2
    endloop
  endfacet
  facet normal 0 0 -1
    outer loop
      vertex 88.98597344921502 -1.1863186403317783 3.2
      vertex 88.8556299385039 -0.8023390398178143 3.2
      vertex 88.8556299385039 0.8023390398178143 3.2
    endloop
  endfacet
  facet normal 0 0 -1
    outer loop
      vertex 88.98597344921502 -1.1863186403317783 3.2
      vertex 88.98597344921502 1.1863186403317783 3.2
      vertex 89.16532124826824 -1.55 3.2
    endloop
  endfacet
  facet normal 0 0 -1
    outer loop
      vertex 89.6579689783217 -2.1920310216782974 3.2
      vertex 89.6579689783217 2.1920310216782974 3.2
      vertex 89.96283957007297 -2.459395354902829 3.2
    endloop
  endfacet
  facet normal 0 0 -1
    outer loop
      vertex 89.6579689783217 -2.1920310216782974 3.2
      vertex 89.39060464509718 -1.8871604299270341 3.2
      vertex 89.39060464509718 1.8871604299270341 3.2
    endloop
  endfacet
  facet normal 0 0 -1
    outer loop
      vertex 90.30000000000001 -2.68467875173176 3.2
      vertex 89.96283957007297 -2.459395354902829 3.2
      vertex 89.96283957007297 2.459395354902829 3.2
    endloop
  endfacet
  facet normal 0 0 -1
    outer loop
      vertex 90.30000000000001 -2.68467875173176 3.2
      vertex 89.96283957007297 2.459395354902829 3.2
      vertex 90.2 0 3.2
    endloop
  endfacet
  facet normal 0 0 -1
    outer loop
      vertex 90.30000000000001 -2.68467875173176 3.2
      vertex 90.54096698851947 -1.004456357864389 3.2
      vertex 90.6832738110422 -1.1667261889578033 3.2
    endloop
  endfacet
  facet normal 0 0 -1
    outer loop
      vertex 90.66368135966823 -2.864026550784989 3.2
      vertex 90.84554364213562 -1.309033011480538 3.2
      vertex 91.025 -1.4289419162443235 3.2
    endloop
  endfacet
  facet normal 0 0 -1
    outer loop
      vertex 90.66368135966823 -2.864026550784989 3.2
      vertex 90.6832738110422 -1.1667261889578033 3.2
      vertex 90.84554364213562 -1.309033011480538 3.2
    endloop
  endfacet
  facet normal 0 0 -1
    outer loop
      vertex 90.30000000000001 -2.68467875173176 3.2
      vertex 90.32559877135638 -0.6314276634023981 3.2
      vertex 90.42105808375568 -0.825 3.2
    endloop
  endfacet
  facet normal 0 0 -1
    outer loop
      vertex 90.30000000000001 -2.68467875173176 3.2
      vertex 90.42105808375568 -0.825 3.2
      vertex 90.54096698851947 -1.004456357864389 3.2
    endloop
  endfacet
  facet normal 0 0 -1
    outer loop
      vertex 90.30000000000001 -2.68467875173176 3.2
      vertex 90.25622238662305 -0.4270514244191592 3.2
      vertex 90.32559877135638 -0.6314276634023981 3.2
    endloop
  endfacet
  facet normal 0 0 -1
    outer loop
      vertex 90.30000000000001 -2.68467875173176 3.2
      vertex 90.21411597873322 -0.21536821716308507 3.2
      vertex 90.25622238662305 -0.4270514244191592 3.2
    endloop
  endfacet
  facet normal 0 0 -1
    outer loop
      vertex 91.0476609601822 -2.9943700614961117 3.2
      vertex 91.025 -1.4289419162443235 3.2
      vertex 91.21857233659762 -1.524401228643623 3.2
    endloop
  endfacet
  facet normal 0 0 -1
    outer loop
      vertex 91.0476609601822 -2.9943700614961117 3.2
      vertex 91.21857233659762 -1.524401228643623 3.2
      vertex 91.42294857558085 -1.5937776133769626 3.2
    endloop
  endfacet
  facet normal 0 0 -1
    outer loop
      vertex 90.30000000000001 -2.68467875173176 3.2
      vertex 90.2 0 3.2
      vertex 90.21411597873322 -0.21536821716308507 3.2
    endloop
  endfacet
  facet normal 0 0 -1
    outer loop
      vertex 91.85000000000001 -3.1 3.2
      vertex 92.0653682171631 -1.6358840212667871 3.2
      vertex 92.25463119588217 -3.0734790702588124 3.2
    endloop
  endfacet
  facet normal 0 0 -1
    outer loop
      vertex 91.85000000000001 -3.1 3.2
      vertex 91.85000000000001 -1.65 3.2
      vertex 92.0653682171631 -1.6358840212667871 3.2
    endloop
  endfacet
  facet normal 0 0 -1
    outer loop
      vertex 92.25463119588217 -3.0734790702588124 3.2
      vertex 92.27705142441917 -1.5937776133769626 3.2
      vertex 92.65233903981782 -2.9943700614961117 3.2
    endloop
  endfacet
  facet normal 0 0 -1
    outer loop
      vertex 92.25463119588217 -3.0734790702588124 3.2
      vertex 92.0653682171631 -1.6358840212667871 3.2
      vertex 92.27705142441917 -1.5937776133769626 3.2
    endloop
  endfacet
  facet normal 0 0 -1
    outer loop
      vertex 92.65233903981782 -2.9943700614961117 3.2
      vertex 92.67500000000001 -1.4289419162443235 3.2
      vertex 93.03631864033179 -2.864026550784989 3.2
    endloop
  endfacet
  facet normal 0 0 -1
    outer loop
      vertex 93.03631864033179 -2.864026550784989 3.2
      vertex 93.15903301148055 -1.004456357864389 3.2
      vertex 93.4 -2.68467875173176 3.2
    endloop
  endfacet
  facet normal 0 0 -1
    outer loop
      vertex 92.65233903981782 -2.9943700614961117 3.2
      vertex 92.27705142441917 -1.5937776133769626 3.2
      vertex 92.4814276634024 -1.524401228643623 3.2
    endloop
  endfacet
  facet normal 0 0 -1
    outer loop
      vertex 92.65233903981782 -2.9943700614961117 3.2
      vertex 92.4814276634024 -1.524401228643623 3.2
      vertex 92.67500000000001 -1.4289419162443235 3.2
    endloop
  endfacet
  facet normal 0 0 -1
    outer loop
      vertex 93.03631864033179 -2.864026550784989 3.2
      vertex 92.67500000000001 -1.4289419162443235 3.2
      vertex 92.8544563578644 -1.309033011480538 3.2
    endloop
  endfacet
  facet normal 0 0 -1
    outer loop
      vertex 93.03631864033179 -2.864026550784989 3.2
      vertex 92.8544563578644 -1.309033011480538 3.2
      vertex 93.01672618895782 -1.1667261889578033 3.2
    endloop
  endfacet
  facet normal 0 0 -1
    outer loop
      vertex 93.03631864033179 -2.864026550784989 3.2
      vertex 93.01672618895782 -1.1667261889578033 3.2
      vertex 93.15903301148055 -1.004456357864389 3.2
    endloop
  endfacet
  facet normal 0 0 -1
    outer loop
      vertex 93.4 -2.68467875173176 3.2
      vertex 93.44377761337697 -0.4270514244191592 3.2
      vertex 93.73716042992704 -2.459395354902829 3.2
    endloop
  endfacet
  facet normal 0 0 -1
    outer loop
      vertex 93.4 -2.68467875173176 3.2
      vertex 93.15903301148055 -1.004456357864389 3.2
      vertex 93.27894191624434 -0.825 3.2
    endloop
  endfacet
  facet normal 0 0 -1
    outer loop
      vertex 93.4 -2.68467875173176 3.2
      vertex 93.27894191624434 -0.825 3.2
      vertex 93.37440122864363 -0.6314276634023981 3.2
    endloop
  endfacet
  facet normal 0 0 -1
    outer loop
      vertex 93.4 -2.68467875173176 3.2
      vertex 93.37440122864363 -0.6314276634023981 3.2
      vertex 93.44377761337697 -0.4270514244191592 3.2
    endloop
  endfacet
  facet normal 0 0 -1
    outer loop
      vertex 93.73716042992704 -2.459395354902829 3.2
      vertex 93.44377761337697 -0.4270514244191592 3.2
      vertex 93.4858840212668 -0.21536821716308507 3.2
    endloop
  endfacet
  facet normal 0 0 -1
    outer loop
      vertex 93.73716042992704 -2.459395354902829 3.2
      vertex 93.4858840212668 -0.21536821716308507 3.2
      vertex 93.50000000000001 0 3.2
    endloop
  endfacet
  facet normal 0 0 -1
    outer loop
      vertex 93.73716042992704 -2.459395354902829 3.2
      vertex 93.73716042992704 2.459395354902829 3.2
      vertex 94.04203102167831 -2.1920310216782974 3.2
    endloop
  endfacet
  facet normal 0 0 -1
    outer loop
      vertex 94.04203102167831 -2.1920310216782974 3.2
      vertex 94.04203102167831 2.1920310216782974 3.2
      vertex 94.30939535490283 -1.8871604299270341 3.2
    endloop
  endfacet
  facet normal 0 0 -1
    outer loop
      vertex 94.30939535490283 -1.8871604299270341 3.2
      vertex 94.30939535490283 1.8871604299270341 3.2
      vertex 94.53467875173178 -1.55 3.2
    endloop
  endfacet
  facet normal 0 0 -1
    outer loop
      vertex 94.53467875173178 -1.55 3.2
      vertex 94.53467875173178 1.55 3.2
      vertex 94.714026550785 -1.1863186403317783 3.2
    endloop
  endfacet
  facet normal 0 0 -1
    outer loop
      vertex 94.714026550785 -1.1863186403317783 3.2
      vertex 94.714026550785 1.1863186403317783 3.2
      vertex 94.84437006149612 -0.8023390398178143 3.2
    endloop
  endfacet
  facet normal 0 0 -1
    outer loop
      vertex 94.84437006149612 -0.8023390398178143 3.2
      vertex 94.84437006149612 0.8023390398178143 3.2
      vertex 94.92347907025882 -0.4046311958821599 3.2
    endloop
  endfacet
  facet normal 0.9978589232386045 -0.06540312923012771 0
    outer loop
      vertex 88.7765209297412 0.4046311958821599 3.2
      vertex 88.75000000000001 0 0
      vertex 88.7765209297412 0.4046311958821599 0
    endloop
  endfacet
  facet normal 0.9807852804032308 -0.19509032201612633 0
    outer loop
      vertex 88.8556299385039 0.8023390398178143 3.2
      vertex 88.7765209297412 0.4046311958821599 0
      vertex 88.8556299385039 0.8023390398178143 0
    endloop
  endfacet
  facet normal 0.9469301294951015 -0.321439465303174 0
    outer loop
      vertex 88.98597344921502 1.1863186403317783 3.2
      vertex 88.8556299385039 0.8023390398178143 0
      vertex 88.98597344921502 1.1863186403317783 0
    endloop
  endfacet
  facet normal 0.896872741532699 -0.44228869021897943 0
    outer loop
      vertex 89.16532124826824 1.55 3.2
      vertex 88.98597344921502 1.1863186403317783 0
      vertex 89.16532124826824 1.55 0
    endloop
  endfacet
  facet normal 0.8314696123025324 -0.5555702330196216 0
    outer loop
      vertex 89.39060464509718 1.8871604299270341 3.2
      vertex 89.16532124826824 1.55 0
      vertex 89.39060464509718 1.8871604299270341 0
    endloop
  endfacet
  facet normal 0.7518398074789908 -0.6593458151000534 0
    outer loop
      vertex 89.6579689783217 2.1920310216782974 3.2
      vertex 89.39060464509718 1.8871604299270341 0
      vertex 89.6579689783217 2.1920310216782974 0
    endloop
  endfacet
  facet normal 0.6593458151000635 -0.7518398074789822 0
    outer loop
      vertex 89.96283957007297 2.459395354902829 3.2
      vertex 89.6579689783217 2.1920310216782974 0
      vertex 89.96283957007297 2.459395354902829 0
    endloop
  endfacet
  facet normal 0.5555702330195967 -0.831469612302549 0
    outer loop
      vertex 90.30000000000001 2.68467875173176 3.2
      vertex 89.96283957007297 2.459395354902829 0
      vertex 90.30000000000001 2.68467875173176 0
    endloop
  endfacet
  facet normal 0.44228869021900297 -0.8968727415326875 0
    outer loop
      vertex 90.66368135966823 2.864026550784989 3.2
      vertex 90.30000000000001 2.68467875173176 0
      vertex 90.66368135966823 2.864026550784989 0
    endloop
  endfacet
  facet normal 0.32143946530315853 -0.9469301294951066 0
    outer loop
      vertex 91.0476609601822 2.9943700614961117 3.2
      vertex 90.66368135966823 2.864026550784989 0
      vertex 91.0476609601822 2.9943700614961117 0
    endloop
  endfacet
  facet normal 0.19509032201613102 -0.9807852804032299 0
    outer loop
      vertex 91.44536880411785 3.0734790702588124 3.2
      vertex 91.0476609601822 2.9943700614961117 0
      vertex 91.44536880411785 3.0734790702588124 0
    endloop
  endfacet
  facet normal 0.0654031292301429 -0.9978589232386035 0
    outer loop
      vertex 91.85000000000001 3.1 3.2
      vertex 91.44536880411785 3.0734790702588124 0
      vertex 91.85000000000001 3.1 0
    endloop
  endfacet
  facet normal -0.896872741532699 -0.44228869021897943 0
    outer loop
      vertex 94.714026550785 1.1863186403317783 3.2
      vertex 94.53467875173178 1.55 0
      vertex 94.714026550785 1.1863186403317783 0
    endloop
  endfacet
  facet normal -0.7518398074789908 -0.6593458151000534 0
    outer loop
      vertex 94.30939535490283 1.8871604299270341 3.2
      vertex 94.04203102167831 2.1920310216782974 0
      vertex 94.30939535490283 1.8871604299270341 0
    endloop
  endfacet
  facet normal -0.8314696123025324 -0.5555702330196216 0
    outer loop
      vertex 94.53467875173178 1.55 3.2
      vertex 94.30939535490283 1.8871604299270341 0
      vertex 94.53467875173178 1.55 0
    endloop
  endfacet
  facet normal -0.0654031292301429 -0.9978589232386035 0
    outer loop
      vertex 92.25463119588217 3.0734790702588124 3.2
      vertex 91.85000000000001 3.1 0
      vertex 92.25463119588217 3.0734790702588124 0
    endloop
  endfacet
  facet normal -0.19509032201613102 -0.9807852804032299 0
    outer loop
      vertex 92.65233903981782 2.9943700614961117 3.2
      vertex 92.25463119588217 3.0734790702588124 0
      vertex 92.65233903981782 2.9943700614961117 0
    endloop
  endfacet
  facet normal -0.32143946530315853 -0.9469301294951066 0
    outer loop
      vertex 93.03631864033179 2.864026550784989 3.2
      vertex 92.65233903981782 2.9943700614961117 0
      vertex 93.03631864033179 2.864026550784989 0
    endloop
  endfacet
  facet normal -0.5555702330195967 -0.831469612302549 0
    outer loop
      vertex 93.73716042992704 2.459395354902829 3.2
      vertex 93.4 2.68467875173176 0
      vertex 93.73716042992704 2.459395354902829 0
    endloop
  endfacet
  facet normal -0.6593458151000635 -0.7518398074789822 0
    outer loop
      vertex 94.04203102167831 2.1920310216782974 3.2
      vertex 93.73716042992704 2.459395354902829 0
      vertex 94.04203102167831 2.1920310216782974 0
    endloop
  endfacet
  facet normal -0.44228869021900297 -0.8968727415326875 0
    outer loop
      vertex 93.4 2.68467875173176 3.2
      vertex 93.03631864033179 2.864026550784989 0
      vertex 93.4 2.68467875173176 0
    endloop
  endfacet
  facet normal -0.9978589232386045 -0.06540312923012771 0
    outer loop
      vertex 94.95 0 3.2
      vertex 94.92347907025882 0.4046311958821599 0
      vertex 94.95 0 0
    endloop
  endfacet
  facet normal -0.9807852804032308 -0.19509032201612633 0
    outer loop
      vertex 94.92347907025882 0.4046311958821599 3.2
      vertex 94.84437006149612 0.8023390398178143 0
      vertex 94.92347907025882 0.4046311958821599 0
    endloop
  endfacet
  facet normal -0.9469301294951015 -0.321439465303174 0
    outer loop
      vertex 94.84437006149612 0.8023390398178143 3.2
      vertex 94.714026550785 1.1863186403317783 0
      vertex 94.84437006149612 0.8023390398178143 0
    endloop
  endfacet
  facet normal 0.9978589232386045 -0.06540312923012771 0
    outer loop
      vertex 88.75000000000001 0 3.2
      vertex 88.75000000000001 0 0
      vertex 88.7765209297412 0.4046311958821599 3.2
    endloop
  endfacet
  facet normal 0.9807852804032308 -0.19509032201612633 0
    outer loop
      vertex 88.7765209297412 0.4046311958821599 3.2
      vertex 88.7765209297412 0.4046311958821599 0
      vertex 88.8556299385039 0.8023390398178143 3.2
    endloop
  endfacet
  facet normal 0.9469301294951015 -0.321439465303174 0
    outer loop
      vertex 88.8556299385039 0.8023390398178143 3.2
      vertex 88.8556299385039 0.8023390398178143 0
      vertex 88.98597344921502 1.1863186403317783 3.2
    endloop
  endfacet
  facet normal 0.896872741532699 -0.44228869021897943 0
    outer loop
      vertex 88.98597344921502 1.1863186403317783 3.2
      vertex 88.98597344921502 1.1863186403317783 0
      vertex 89.16532124826824 1.55 3.2
    endloop
  endfacet
  facet normal 0.8314696123025324 -0.5555702330196216 0
    outer loop
      vertex 89.16532124826824 1.55 3.2
      vertex 89.16532124826824 1.55 0
      vertex 89.39060464509718 1.8871604299270341 3.2
    endloop
  endfacet
  facet normal 0.7518398074789908 -0.6593458151000534 0
    outer loop
      vertex 89.39060464509718 1.8871604299270341 3.2
      vertex 89.39060464509718 1.8871604299270341 0
      vertex 89.6579689783217 2.1920310216782974 3.2
    endloop
  endfacet
  facet normal 0.6593458151000635 -0.7518398074789822 0
    outer loop
      vertex 89.6579689783217 2.1920310216782974 3.2
      vertex 89.6579689783217 2.1920310216782974 0
      vertex 89.96283957007297 2.459395354902829 3.2
    endloop
  endfacet
  facet normal 0.5555702330195967 -0.831469612302549 0
    outer loop
      vertex 89.96283957007297 2.459395354902829 3.2
      vertex 89.96283957007297 2.459395354902829 0
      vertex 90.30000000000001 2.68467875173176 3.2
    endloop
  endfacet
  facet normal 0.44228869021900297 -0.8968727415326875 0
    outer loop
      vertex 90.30000000000001 2.68467875173176 3.2
      vertex 90.30000000000001 2.68467875173176 0
      vertex 90.66368135966823 2.864026550784989 3.2
    endloop
  endfacet
  facet normal 0.32143946530315853 -0.9469301294951066 0
    outer loop
      vertex 90.66368135966823 2.864026550784989 3.2
      vertex 90.66368135966823 2.864026550784989 0
      vertex 91.0476609601822 2.9943700614961117 3.2
    endloop
  endfacet
  facet normal 0.19509032201613102 -0.9807852804032299 0
    outer loop
      vertex 91.0476609601822 2.9943700614961117 3.2
      vertex 91.0476609601822 2.9943700614961117 0
      vertex 91.44536880411785 3.0734790702588124 3.2
    endloop
  endfacet
  facet normal 0.0654031292301429 -0.9978589232386035 0
    outer loop
      vertex 91.44536880411785 3.0734790702588124 3.2
      vertex 91.44536880411785 3.0734790702588124 0
      vertex 91.85000000000001 3.1 3.2
    endloop
  endfacet
  facet normal -0.9469301294951015 -0.321439465303174 2.087670556456545e-18
    outer loop
      vertex 94.84437006149612 0.8023390398178143 3.2
      vertex 94.714026550785 1.1863186403317783 3.2
      vertex 94.714026550785 1.1863186403317783 0
    endloop
  endfacet
  facet normal -0.896872741532699 -0.44228869021897943 2.349201916791338e-18
    outer loop
      vertex 94.714026550785 1.1863186403317783 3.2
      vertex 94.53467875173178 1.55 3.2
      vertex 94.53467875173178 1.55 0
    endloop
  endfacet
  facet normal -0.8314696123025324 -0.5555702330196216 1.3750837584024947e-18
    outer loop
      vertex 94.53467875173178 1.55 3.2
      vertex 94.30939535490283 1.8871604299270341 3.2
      vertex 94.30939535490283 1.8871604299270341 0
    endloop
  endfacet
  facet normal -0.0654031292301429 -0.9978589232386035 0
    outer loop
      vertex 91.85000000000001 3.1 3.2
      vertex 91.85000000000001 3.1 0
      vertex 92.25463119588217 3.0734790702588124 3.2
    endloop
  endfacet
  facet normal -0.19509032201613102 -0.9807852804032299 0
    outer loop
      vertex 92.25463119588217 3.0734790702588124 3.2
      vertex 92.25463119588217 3.0734790702588124 0
      vertex 92.65233903981782 2.9943700614961117 3.2
    endloop
  endfacet
  facet normal -0.32143946530315853 -0.9469301294951066 6.713883676011975e-19
    outer loop
      vertex 93.03631864033179 2.864026550784989 3.2
      vertex 92.65233903981782 2.9943700614961117 3.2
      vertex 92.65233903981782 2.9943700614961117 0
    endloop
  endfacet
  facet normal -0.44228869021900297 -0.8968727415326875 0
    outer loop
      vertex 93.03631864033179 2.864026550784989 3.2
      vertex 93.03631864033179 2.864026550784989 0
      vertex 93.4 2.68467875173176 3.2
    endloop
  endfacet
  facet normal -0.6593458151000635 -0.7518398074789822 0
    outer loop
      vertex 93.73716042992704 2.459395354902829 3.2
      vertex 93.73716042992704 2.459395354902829 0
      vertex 94.04203102167831 2.1920310216782974 3.2
    endloop
  endfacet
  facet normal -0.5555702330195967 -0.831469612302549 0
    outer loop
      vertex 93.4 2.68467875173176 3.2
      vertex 93.4 2.68467875173176 0
      vertex 93.73716042992704 2.459395354902829 3.2
    endloop
  endfacet
  facet normal -0.7518398074789908 -0.6593458151000534 9.572593126287712e-19
    outer loop
      vertex 94.30939535490283 1.8871604299270341 3.2
      vertex 94.04203102167831 2.1920310216782974 3.2
      vertex 94.04203102167831 2.1920310216782974 0
    endloop
  endfacet
  facet normal -0.9978589232386045 -0.06540312923012771 -7.826685505149788e-20
    outer loop
      vertex 94.95 0 3.2
      vertex 94.92347907025882 0.4046311958821599 3.2
      vertex 94.92347907025882 0.4046311958821599 0
    endloop
  endfacet
  facet normal -0.9807852804032308 -0.19509032201612633 5.865279977933128e-21
    outer loop
      vertex 94.92347907025882 0.4046311958821599 3.2
      vertex 94.84437006149612 0.8023390398178143 3.2
      vertex 94.84437006149612 0.8023390398178143 0
    endloop
  endfacet
  facet normal 0 0 -1
    outer loop
      vertex 88.7765209297412 -0.4046311958821599 3.2
      vertex 88.75000000000001 0 3.2
      vertex 88.7765209297412 0.4046311958821599 3.2
    endloop
  endfacet
  facet normal 0 0 -1
    outer loop
      vertex 88.8556299385039 -0.8023390398178143 3.2
      vertex 88.7765209297412 0.4046311958821599 3.2
      vertex 88.8556299385039 0.8023390398178143 3.2
    endloop
  endfacet
  facet normal 0 0 -1
    outer loop
      vertex 88.98597344921502 -1.1863186403317783 3.2
      vertex 88.8556299385039 0.8023390398178143 3.2
      vertex 88.98597344921502 1.1863186403317783 3.2
    endloop
  endfacet
  facet normal 0 0 -1
    outer loop
      vertex 89.16532124826824 -1.55 3.2
      vertex 88.98597344921502 1.1863186403317783 3.2
      vertex 89.16532124826824 1.55 3.2
    endloop
  endfacet
  facet normal 0 0 -1
    outer loop
      vertex 89.39060464509718 -1.8871604299270341 3.2
      vertex 89.16532124826824 1.55 3.2
      vertex 89.39060464509718 1.8871604299270341 3.2
    endloop
  endfacet
  facet normal 0 0 -1
    outer loop
      vertex 89.6579689783217 -2.1920310216782974 3.2
      vertex 89.39060464509718 1.8871604299270341 3.2
      vertex 89.6579689783217 2.1920310216782974 3.2
    endloop
  endfacet
  facet normal 0 0 -1
    outer loop
      vertex 89.96283957007297 -2.459395354902829 3.2
      vertex 89.6579689783217 2.1920310216782974 3.2
      vertex 89.96283957007297 2.459395354902829 3.2
    endloop
  endfacet
  facet normal 0 0 -1
    outer loop
      vertex 90.2 0 3.2
      vertex 89.96283957007297 2.459395354902829 3.2
      vertex 90.21411597873322 0.21536821716308507 3.2
    endloop
  endfacet
  facet normal 0 0 -1
    outer loop
      vertex 90.21411597873322 0.21536821716308507 3.2
      vertex 89.96283957007297 2.459395354902829 3.2
      vertex 90.25622238662305 0.4270514244191592 3.2
    endloop
  endfacet
  facet normal 0 0 -1
    outer loop
      vertex 90.25622238662305 0.4270514244191592 3.2
      vertex 89.96283957007297 2.459395354902829 3.2
      vertex 90.30000000000001 2.68467875173176 3.2
    endloop
  endfacet
  facet normal 0 0 -1
    outer loop
      vertex 90.25622238662305 0.4270514244191592 3.2
      vertex 90.30000000000001 2.68467875173176 3.2
      vertex 90.32559877135638 0.6314276634023981 3.2
    endloop
  endfacet
  facet normal 0 0 -1
    outer loop
      vertex 90.32559877135638 0.6314276634023981 3.2
      vertex 90.30000000000001 2.68467875173176 3.2
      vertex 90.42105808375568 0.825 3.2
    endloop
  endfacet
  facet normal 0 0 -1
    outer loop
      vertex 90.42105808375568 0.825 3.2
      vertex 90.30000000000001 2.68467875173176 3.2
      vertex 90.54096698851947 1.004456357864389 3.2
    endloop
  endfacet
  facet normal 0 0 -1
    outer loop
      vertex 90.54096698851947 1.004456357864389 3.2
      vertex 90.66368135966823 2.864026550784989 3.2
      vertex 90.6832738110422 1.1667261889578033 3.2
    endloop
  endfacet
  facet normal 0 0 -1
    outer loop
      vertex 90.6832738110422 1.1667261889578033 3.2
      vertex 90.66368135966823 2.864026550784989 3.2
      vertex 90.84554364213562 1.309033011480538 3.2
    endloop
  endfacet
  facet normal 0 0 -1
    outer loop
      vertex 90.84554364213562 1.309033011480538 3.2
      vertex 90.66368135966823 2.864026550784989 3.2
      vertex 91.025 1.4289419162443235 3.2
    endloop
  endfacet
  facet normal 0 0 -1
    outer loop
      vertex 91.025 1.4289419162443235 3.2
      vertex 91.0476609601822 2.9943700614961117 3.2
      vertex 91.21857233659762 1.524401228643623 3.2
    endloop
  endfacet
  facet normal 0 0 -1
    outer loop
      vertex 91.21857233659762 1.524401228643623 3.2
      vertex 91.0476609601822 2.9943700614961117 3.2
      vertex 91.42294857558085 1.5937776133769626 3.2
    endloop
  endfacet
  facet normal 0 0 -1
    outer loop
      vertex 90.54096698851947 1.004456357864389 3.2
      vertex 90.30000000000001 2.68467875173176 3.2
      vertex 90.66368135966823 2.864026550784989 3.2
    endloop
  endfacet
  facet normal 0 0 -1
    outer loop
      vertex 91.025 1.4289419162443235 3.2
      vertex 90.66368135966823 2.864026550784989 3.2
      vertex 91.0476609601822 2.9943700614961117 3.2
    endloop
  endfacet
  facet normal 0 0 -1
    outer loop
      vertex 91.42294857558085 1.5937776133769626 3.2
      vertex 91.0476609601822 2.9943700614961117 3.2
      vertex 91.44536880411785 3.0734790702588124 3.2
    endloop
  endfacet
  facet normal 0 0 -1
    outer loop
      vertex 91.42294857558085 1.5937776133769626 3.2
      vertex 91.44536880411785 3.0734790702588124 3.2
      vertex 91.63463178283692 1.6358840212667871 3.2
    endloop
  endfacet
  facet normal 0 0 -1
    outer loop
      vertex 91.63463178283692 1.6358840212667871 3.2
      vertex 91.44536880411785 3.0734790702588124 3.2
      vertex 91.85000000000001 3.1 3.2
    endloop
  endfacet
  facet normal 0 0 -1
    outer loop
      vertex 92.27705142441917 1.5937776133769626 3.2
      vertex 92.65233903981782 2.9943700614961117 3.2
      vertex 92.4814276634024 1.524401228643623 3.2
    endloop
  endfacet
  facet normal 0 0 -1
    outer loop
      vertex 92.67500000000001 1.4289419162443235 3.2
      vertex 92.4814276634024 1.524401228643623 3.2
      vertex 92.65233903981782 2.9943700614961117 3.2
    endloop
  endfacet
  facet normal 0 0 -1
    outer loop
      vertex 92.67500000000001 1.4289419162443235 3.2
      vertex 93.03631864033179 2.864026550784989 3.2
      vertex 92.8544563578644 1.309033011480538 3.2
    endloop
  endfacet
  facet normal 0 0 -1
    outer loop
      vertex 93.01672618895782 1.1667261889578033 3.2
      vertex 92.8544563578644 1.309033011480538 3.2
      vertex 93.03631864033179 2.864026550784989 3.2
    endloop
  endfacet
  facet normal 0 0 -1
    outer loop
      vertex 93.01672618895782 1.1667261889578033 3.2
      vertex 93.4 2.68467875173176 3.2
      vertex 93.15903301148055 1.004456357864389 3.2
    endloop
  endfacet
  facet normal 0 0 -1
    outer loop
      vertex 93.73716042992704 -2.459395354902829 3.2
      vertex 93.50000000000001 0 3.2
      vertex 93.4 2.68467875173176 3.2
    endloop
  endfacet
  facet normal 0 0 -1
    outer loop
      vertex 93.73716042992704 -2.459395354902829 3.2
      vertex 93.4 2.68467875173176 3.2
      vertex 93.73716042992704 2.459395354902829 3.2
    endloop
  endfacet
  facet normal 0 0 -1
    outer loop
      vertex 93.50000000000001 0 3.2
      vertex 93.4858840212668 0.21536821716308507 3.2
      vertex 93.4 2.68467875173176 3.2
    endloop
  endfacet
  facet normal 0 0 -1
    outer loop
      vertex 94.04203102167831 -2.1920310216782974 3.2
      vertex 93.73716042992704 2.459395354902829 3.2
      vertex 94.04203102167831 2.1920310216782974 3.2
    endloop
  endfacet
  facet normal 0 0 -1
    outer loop
      vertex 94.714026550785 -1.1863186403317783 3.2
      vertex 94.53467875173178 1.55 3.2
      vertex 94.714026550785 1.1863186403317783 3.2
    endloop
  endfacet
  facet normal 0 0 -1
    outer loop
      vertex 94.30939535490283 -1.8871604299270341 3.2
      vertex 94.04203102167831 2.1920310216782974 3.2
      vertex 94.30939535490283 1.8871604299270341 3.2
    endloop
  endfacet
  facet normal 0 0 -1
    outer loop
      vertex 94.53467875173178 -1.55 3.2
      vertex 94.30939535490283 1.8871604299270341 3.2
      vertex 94.53467875173178 1.55 3.2
    endloop
  endfacet
  facet normal 0 0 -1
    outer loop
      vertex 93.44377761337697 0.4270514244191592 3.2
      vertex 93.4 2.68467875173176 3.2
      vertex 93.4858840212668 0.21536821716308507 3.2
    endloop
  endfacet
  facet normal 0 0 -1
    outer loop
      vertex 93.44377761337697 0.4270514244191592 3.2
      vertex 93.37440122864363 0.6314276634023981 3.2
      vertex 93.4 2.68467875173176 3.2
    endloop
  endfacet
  facet normal 0 0 -1
    outer loop
      vertex 93.37440122864363 0.6314276634023981 3.2
      vertex 93.27894191624434 0.825 3.2
      vertex 93.4 2.68467875173176 3.2
    endloop
  endfacet
  facet normal 0 0 -1
    outer loop
      vertex 93.27894191624434 0.825 3.2
      vertex 93.15903301148055 1.004456357864389 3.2
      vertex 93.4 2.68467875173176 3.2
    endloop
  endfacet
  facet normal 0 0 -1
    outer loop
      vertex 91.63463178283692 1.6358840212667871 3.2
      vertex 91.85000000000001 3.1 3.2
      vertex 91.85000000000001 1.65 3.2
    endloop
  endfacet
  facet normal 0 0 -1
    outer loop
      vertex 91.85000000000001 1.65 3.2
      vertex 92.25463119588217 3.0734790702588124 3.2
      vertex 92.0653682171631 1.6358840212667871 3.2
    endloop
  endfacet
  facet normal 0 0 -1
    outer loop
      vertex 92.0653682171631 1.6358840212667871 3.2
      vertex 92.25463119588217 3.0734790702588124 3.2
      vertex 92.27705142441917 1.5937776133769626 3.2
    endloop
  endfacet
  facet normal 0 0 -1
    outer loop
      vertex 92.27705142441917 1.5937776133769626 3.2
      vertex 92.25463119588217 3.0734790702588124 3.2
      vertex 92.65233903981782 2.9943700614961117 3.2
    endloop
  endfacet
  facet normal 0 0 -1
    outer loop
      vertex 91.85000000000001 1.65 3.2
      vertex 91.85000000000001 3.1 3.2
      vertex 92.25463119588217 3.0734790702588124 3.2
    endloop
  endfacet
  facet normal 0 0 -1
    outer loop
      vertex 92.67500000000001 1.4289419162443235 3.2
      vertex 92.65233903981782 2.9943700614961117 3.2
      vertex 93.03631864033179 2.864026550784989 3.2
    endloop
  endfacet
  facet normal 0 0 -1
    outer loop
      vertex 93.01672618895782 1.1667261889578033 3.2
      vertex 93.03631864033179 2.864026550784989 3.2
      vertex 93.4 2.68467875173176 3.2
    endloop
  endfacet
  facet normal 0 0 -1
    outer loop
      vertex 94.92347907025882 -0.4046311958821599 3.2
      vertex 94.92347907025882 0.4046311958821599 3.2
      vertex 94.95 0 3.2
    endloop
  endfacet
  facet normal 0 0 -1
    outer loop
      vertex 94.92347907025882 -0.4046311958821599 3.2
      vertex 94.84437006149612 0.8023390398178143 3.2
      vertex 94.92347907025882 0.4046311958821599 3.2
    endloop
  endfacet
  facet normal 0 0 -1
    outer loop
      vertex 94.84437006149612 -0.8023390398178143 3.2
      vertex 94.714026550785 1.1863186403317783 3.2
      vertex 94.84437006149612 0.8023390398178143 3.2
    endloop
  endfacet
  facet normal 0.7518398074789882 0.6593458151000567 0
    outer loop
      vertex -94.30939535490283 -62.28716042992704 3.2
      vertex -94.04203102167831 -62.5920310216783 0
      vertex -94.30939535490283 -62.28716042992704 0
    endloop
  endfacet
  facet normal 0.4422886902190092 0.8968727415326844 0
    outer loop
      vertex -93.4 -63.084678751731765 3.2
      vertex -93.03631864033179 -63.264026550785 0
      vertex -93.4 -63.084678751731765 0
    endloop
  endfacet
  facet normal 0.5555702330195921 0.831469612302552 0
    outer loop
      vertex -93.73716042992704 -62.85939535490284 3.2
      vertex -93.4 -63.084678751731765 0
      vertex -93.73716042992704 -62.85939535490284 0
    endloop
  endfacet
  facet normal 0.659345815100068 0.7518398074789784 0
    outer loop
      vertex -94.04203102167831 -62.5920310216783 3.2
      vertex -93.73716042992704 -62.85939535490284 0
      vertex -94.04203102167831 -62.5920310216783 0
    endloop
  endfacet
  facet normal 0.32143946530315565 0.9469301294951077 0
    outer loop
      vertex -93.03631864033179 -63.264026550785 3.2
      vertex -92.65233903981782 -63.39437006149612 0
      vertex -93.03631864033179 -63.264026550785 0
    endloop
  endfacet
  facet normal 0.19509032201612891 0.9807852804032303 0
    outer loop
      vertex -92.65233903981782 -63.39437006149612 3.2
      vertex -92.25463119588217 -63.47347907025882 0
      vertex -92.65233903981782 -63.39437006149612 0
    endloop
  endfacet
  facet normal 0.06540312923014507 0.9978589232386033 0
    outer loop
      vertex -92.25463119588217 -63.47347907025882 3.2
      vertex -91.85000000000001 -63.50000000000001 0
      vertex -92.25463119588217 -63.47347907025882 0
    endloop
  endfacet
  facet normal 0.9469301294951005 0.32143946530317663 0
    outer loop
      vertex -94.84437006149612 -61.20233903981782 3.2
      vertex -94.714026550785 -61.58631864033178 0
      vertex -94.84437006149612 -61.20233903981782 0
    endloop
  endfacet
  facet normal 0.980785280403231 0.19509032201612556 0
    outer loop
      vertex -94.92347907025882 -60.804631195882166 3.2
      vertex -94.84437006149612 -61.20233903981782 0
      vertex -94.92347907025882 -60.804631195882166 0
    endloop
  endfacet
  facet normal 0.9978589232386045 0.06540312923012763 0
    outer loop
      vertex -94.95 -60.400000000000006 3.2
      vertex -94.92347907025882 -60.804631195882166 0
      vertex -94.95 -60.400000000000006 0
    endloop
  endfacet
  facet normal 0.9978589232386045 -0.06540312923012763 0
    outer loop
      vertex -94.92347907025882 -59.995368804117845 3.2
      vertex -94.95 -60.400000000000006 0
      vertex -94.92347907025882 -59.995368804117845 0
    endloop
  endfacet
  facet normal 0.980785280403231 -0.19509032201612556 0
    outer loop
      vertex -94.84437006149612 -59.59766096018219 3.2
      vertex -94.92347907025882 -59.995368804117845 0
      vertex -94.84437006149612 -59.59766096018219 0
    endloop
  endfacet
  facet normal 0.8314696123025358 0.5555702330196164 0
    outer loop
      vertex -94.53467875173178 -61.95 3.2
      vertex -94.30939535490283 -62.28716042992704 0
      vertex -94.53467875173178 -61.95 0
    endloop
  endfacet
  facet normal 0.8968727415326984 0.442288690218981 0
    outer loop
      vertex -94.714026550785 -61.58631864033178 3.2
      vertex -94.53467875173178 -61.95 0
      vertex -94.714026550785 -61.58631864033178 0
    endloop
  endfacet
  facet normal 0.9469301294951005 -0.32143946530317663 0
    outer loop
      vertex -94.714026550785 -59.21368135966823 3.2
      vertex -94.84437006149612 -59.59766096018219 0
      vertex -94.714026550785 -59.21368135966823 0
    endloop
  endfacet
  facet normal 0.8968727415326984 -0.442288690218981 0
    outer loop
      vertex -94.53467875173178 -58.85000000000001 3.2
      vertex -94.714026550785 -59.21368135966823 0
      vertex -94.53467875173178 -58.85000000000001 0
    endloop
  endfacet
  facet normal 0.8314696123025358 -0.5555702330196164 0
    outer loop
      vertex -94.30939535490283 -58.51283957007297 3.2
      vertex -94.53467875173178 -58.85000000000001 0
      vertex -94.30939535490283 -58.51283957007297 0
    endloop
  endfacet
  facet normal 0.7518398074789882 -0.6593458151000567 0
    outer loop
      vertex -94.04203102167831 -58.20796897832171 3.2
      vertex -94.30939535490283 -58.51283957007297 0
      vertex -94.04203102167831 -58.20796897832171 0
    endloop
  endfacet
  facet normal -0.06540312923014507 0.9978589232386033 0
    outer loop
      vertex -91.85000000000001 -63.50000000000001 3.2
      vertex -91.44536880411785 -63.47347907025882 0
      vertex -91.85000000000001 -63.50000000000001 0
    endloop
  endfacet
  facet normal -0.19509032201612891 0.9807852804032303 0
    outer loop
      vertex -91.44536880411785 -63.47347907025882 3.2
      vertex -91.0476609601822 -63.39437006149612 0
      vertex -91.44536880411785 -63.47347907025882 0
    endloop
  endfacet
  facet normal -0.32143946530315565 0.9469301294951077 0
    outer loop
      vertex -91.0476609601822 -63.39437006149612 3.2
      vertex -90.66368135966823 -63.264026550785 0
      vertex -91.0476609601822 -63.39437006149612 0
    endloop
  endfacet
  facet normal -0.4422886902190092 0.8968727415326844 0
    outer loop
      vertex -90.66368135966823 -63.264026550785 3.2
      vertex -90.30000000000001 -63.084678751731765 0
      vertex -90.66368135966823 -63.264026550785 0
    endloop
  endfacet
  facet normal -0.5555702330195921 0.831469612302552 0
    outer loop
      vertex -90.30000000000001 -63.084678751731765 3.2
      vertex -89.96283957007297 -62.85939535490284 0
      vertex -90.30000000000001 -63.084678751731765 0
    endloop
  endfacet
  facet normal -0.659345815100068 0.7518398074789784 0
    outer loop
      vertex -89.96283957007297 -62.85939535490284 3.2
      vertex -89.6579689783217 -62.5920310216783 0
      vertex -89.96283957007297 -62.85939535490284 0
    endloop
  endfacet
  facet normal -0.7518398074789882 0.6593458151000567 0
    outer loop
      vertex -89.6579689783217 -62.5920310216783 3.2
      vertex -89.39060464509718 -62.28716042992704 0
      vertex -89.6579689783217 -62.5920310216783 0
    endloop
  endfacet
  facet normal -0.8314696123025358 0.5555702330196164 0
    outer loop
      vertex -89.39060464509718 -62.28716042992704 3.2
      vertex -89.16532124826824 -61.95 0
      vertex -89.39060464509718 -62.28716042992704 0
    endloop
  endfacet
  facet normal -0.8968727415326984 0.442288690218981 0
    outer loop
      vertex -89.16532124826824 -61.95 3.2
      vertex -88.98597344921502 -61.58631864033178 0
      vertex -89.16532124826824 -61.95 0
    endloop
  endfacet
  facet normal -0.9469301294951005 0.32143946530317663 0
    outer loop
      vertex -88.98597344921502 -61.58631864033178 3.2
      vertex -88.8556299385039 -61.20233903981782 0
      vertex -88.98597344921502 -61.58631864033178 0
    endloop
  endfacet
  facet normal -0.980785280403231 0.19509032201612556 0
    outer loop
      vertex -88.8556299385039 -61.20233903981782 3.2
      vertex -88.7765209297412 -60.804631195882166 0
      vertex -88.8556299385039 -61.20233903981782 0
    endloop
  endfacet
  facet normal -0.9978589232386045 0.06540312923012763 0
    outer loop
      vertex -88.7765209297412 -60.804631195882166 3.2
      vertex -88.75000000000001 -60.400000000000006 0
      vertex -88.7765209297412 -60.804631195882166 0
    endloop
  endfacet
  facet normal -0.9978589232386045 -0.06540312923012763 0
    outer loop
      vertex -88.75000000000001 -60.400000000000006 3.2
      vertex -88.7765209297412 -59.995368804117845 0
      vertex -88.75000000000001 -60.400000000000006 0
    endloop
  endfacet
  facet normal -0.980785280403231 -0.19509032201612556 0
    outer loop
      vertex -88.7765209297412 -59.995368804117845 3.2
      vertex -88.8556299385039 -59.59766096018219 0
      vertex -88.7765209297412 -59.995368804117845 0
    endloop
  endfacet
  facet normal -0.9469301294951005 -0.32143946530317663 0
    outer loop
      vertex -88.8556299385039 -59.59766096018219 3.2
      vertex -88.98597344921502 -59.21368135966823 0
      vertex -88.8556299385039 -59.59766096018219 0
    endloop
  endfacet
  facet normal -0.7518398074789882 -0.6593458151000567 0
    outer loop
      vertex -89.39060464509718 -58.51283957007297 3.2
      vertex -89.6579689783217 -58.20796897832171 0
      vertex -89.39060464509718 -58.51283957007297 0
    endloop
  endfacet
  facet normal -0.659345815100068 -0.7518398074789784 0
    outer loop
      vertex -89.6579689783217 -58.20796897832171 3.2
      vertex -89.96283957007297 -57.940604645097174 0
      vertex -89.6579689783217 -58.20796897832171 0
    endloop
  endfacet
  facet normal -0.8314696123025358 -0.5555702330196164 0
    outer loop
      vertex -89.16532124826824 -58.85000000000001 3.2
      vertex -89.39060464509718 -58.51283957007297 0
      vertex -89.16532124826824 -58.85000000000001 0
    endloop
  endfacet
  facet normal -0.8968727415326984 -0.442288690218981 0
    outer loop
      vertex -88.98597344921502 -59.21368135966823 3.2
      vertex -89.16532124826824 -58.85000000000001 0
      vertex -88.98597344921502 -59.21368135966823 0
    endloop
  endfacet
  facet normal 0.659345815100068 -0.7518398074789784 0
    outer loop
      vertex -93.73716042992704 -57.940604645097174 3.2
      vertex -94.04203102167831 -58.20796897832171 0
      vertex -93.73716042992704 -57.940604645097174 0
    endloop
  endfacet
  facet normal 0.5555702330195921 -0.831469612302552 0
    outer loop
      vertex -93.4 -57.715321248268246 3.2
      vertex -93.73716042992704 -57.940604645097174 0
      vertex -93.4 -57.715321248268246 0
    endloop
  endfacet
  facet normal 0.4422886902190092 -0.8968727415326844 0
    outer loop
      vertex -93.03631864033179 -57.535973449215014 3.2
      vertex -93.4 -57.715321248268246 0
      vertex -93.03631864033179 -57.535973449215014 0
    endloop
  endfacet
  facet normal 0.32143946530315565 -0.9469301294951077 0
    outer loop
      vertex -92.65233903981782 -57.40562993850389 3.2
      vertex -93.03631864033179 -57.535973449215014 0
      vertex -92.65233903981782 -57.40562993850389 0
    endloop
  endfacet
  facet normal 0.19509032201612891 -0.9807852804032303 0
    outer loop
      vertex -92.25463119588217 -57.32652092974119 3.2
      vertex -92.65233903981782 -57.40562993850389 0
      vertex -92.25463119588217 -57.32652092974119 0
    endloop
  endfacet
  facet normal 0.06540312923014507 -0.9978589232386033 0
    outer loop
      vertex -91.85000000000001 -57.300000000000004 3.2
      vertex -92.25463119588217 -57.32652092974119 0
      vertex -91.85000000000001 -57.300000000000004 0
    endloop
  endfacet
  facet normal -0.06540312923014507 -0.9978589232386033 0
    outer loop
      vertex -91.44536880411785 -57.32652092974119 3.2
      vertex -91.85000000000001 -57.300000000000004 0
      vertex -91.44536880411785 -57.32652092974119 0
    endloop
  endfacet
  facet normal -0.19509032201612891 -0.9807852804032303 0
    outer loop
      vertex -91.0476609601822 -57.40562993850389 3.2
      vertex -91.44536880411785 -57.32652092974119 0
      vertex -91.0476609601822 -57.40562993850389 0
    endloop
  endfacet
  facet normal -0.4422886902190092 -0.8968727415326844 0
    outer loop
      vertex -90.30000000000001 -57.715321248268246 3.2
      vertex -90.66368135966823 -57.535973449215014 0
      vertex -90.30000000000001 -57.715321248268246 0
    endloop
  endfacet
  facet normal -0.32143946530315565 -0.9469301294951077 0
    outer loop
      vertex -90.66368135966823 -57.535973449215014 3.2
      vertex -91.0476609601822 -57.40562993850389 0
      vertex -90.66368135966823 -57.535973449215014 0
    endloop
  endfacet
  facet normal -0.5555702330195921 -0.831469612302552 0
    outer loop
      vertex -89.96283957007297 -57.940604645097174 3.2
      vertex -90.30000000000001 -57.715321248268246 0
      vertex -89.96283957007297 -57.940604645097174 0
    endloop
  endfacet
  facet normal 0.7518398074789882 0.6593458151000567 0
    outer loop
      vertex -94.04203102167831 -62.5920310216783 3.2
      vertex -94.04203102167831 -62.5920310216783 0
      vertex -94.30939535490283 -62.28716042992704 3.2
    endloop
  endfacet
  facet normal 0.659345815100068 0.7518398074789784 3.6943983401599065e-18
    outer loop
      vertex -94.04203102167831 -62.5920310216783 3.2
      vertex -93.73716042992704 -62.85939535490284 3.2
      vertex -93.73716042992704 -62.85939535490284 0
    endloop
  endfacet
  facet normal 0.5555702330195921 0.831469612302552 -3.3621631009589064e-18
    outer loop
      vertex -93.73716042992704 -62.85939535490284 3.2
      vertex -93.4 -63.084678751731765 3.2
      vertex -93.4 -63.084678751731765 0
    endloop
  endfacet
  facet normal 0.32143946530315565 0.9469301294951077 -8.040736729796391e-19
    outer loop
      vertex -93.03631864033179 -63.264026550785 3.2
      vertex -92.65233903981782 -63.39437006149612 3.2
      vertex -92.65233903981782 -63.39437006149612 0
    endloop
  endfacet
  facet normal 0.19509032201612891 0.9807852804032303 1.2063778106837747e-19
    outer loop
      vertex -92.65233903981782 -63.39437006149612 3.2
      vertex -92.25463119588217 -63.47347907025882 3.2
      vertex -92.25463119588217 -63.47347907025882 0
    endloop
  endfacet
  facet normal 0.06540312923014507 0.9978589232386033 1.1414141371658457e-19
    outer loop
      vertex -92.25463119588217 -63.47347907025882 3.2
      vertex -91.85000000000001 -63.50000000000001 3.2
      vertex -91.85000000000001 -63.50000000000001 0
    endloop
  endfacet
  facet normal 0.4422886902190092 0.8968727415326844 -1.1026976215789883e-18
    outer loop
      vertex -93.4 -63.084678751731765 3.2
      vertex -93.03631864033179 -63.264026550785 3.2
      vertex -93.03631864033179 -63.264026550785 0
    endloop
  endfacet
  facet normal 0.980785280403231 0.19509032201612556 0
    outer loop
      vertex -94.84437006149612 -61.20233903981782 3.2
      vertex -94.84437006149612 -61.20233903981782 0
      vertex -94.92347907025882 -60.804631195882166 3.2
    endloop
  endfacet
  facet normal 0.9978589232386045 0.06540312923012763 0
    outer loop
      vertex -94.92347907025882 -60.804631195882166 3.2
      vertex -94.92347907025882 -60.804631195882166 0
      vertex -94.95 -60.400000000000006 3.2
    endloop
  endfacet
  facet normal 0.9978589232386045 -0.06540312923012763 0
    outer loop
      vertex -94.95 -60.400000000000006 3.2
      vertex -94.95 -60.400000000000006 0
      vertex -94.92347907025882 -59.995368804117845 3.2
    endloop
  endfacet
  facet normal 0.980785280403231 -0.19509032201612556 0
    outer loop
      vertex -94.92347907025882 -59.995368804117845 3.2
      vertex -94.92347907025882 -59.995368804117845 0
      vertex -94.84437006149612 -59.59766096018219 3.2
    endloop
  endfacet
  facet normal 0.9469301294951005 -0.32143946530317663 0
    outer loop
      vertex -94.84437006149612 -59.59766096018219 3.2
      vertex -94.84437006149612 -59.59766096018219 0
      vertex -94.714026550785 -59.21368135966823 3.2
    endloop
  endfacet
  facet normal 0.8968727415326984 0.442288690218981 3.2791679465499194e-18
    outer loop
      vertex -94.714026550785 -61.58631864033178 3.2
      vertex -94.53467875173178 -61.95 3.2
      vertex -94.53467875173178 -61.95 0
    endloop
  endfacet
  facet normal 0.8314696123025358 0.5555702330196164 0
    outer loop
      vertex -94.30939535490283 -62.28716042992704 3.2
      vertex -94.30939535490283 -62.28716042992704 0
      vertex -94.53467875173178 -61.95 3.2
    endloop
  endfacet
  facet normal 0.9469301294951005 0.32143946530317663 0
    outer loop
      vertex -94.714026550785 -61.58631864033178 3.2
      vertex -94.714026550785 -61.58631864033178 0
      vertex -94.84437006149612 -61.20233903981782 3.2
    endloop
  endfacet
  facet normal 0.8968727415326984 -0.442288690218981 0
    outer loop
      vertex -94.714026550785 -59.21368135966823 3.2
      vertex -94.714026550785 -59.21368135966823 0
      vertex -94.53467875173178 -58.85000000000001 3.2
    endloop
  endfacet
  facet normal 0.8314696123025358 -0.5555702330196164 0
    outer loop
      vertex -94.53467875173178 -58.85000000000001 3.2
      vertex -94.53467875173178 -58.85000000000001 0
      vertex -94.30939535490283 -58.51283957007297 3.2
    endloop
  endfacet
  facet normal 0.7518398074789882 -0.6593458151000567 0
    outer loop
      vertex -94.30939535490283 -58.51283957007297 3.2
      vertex -94.30939535490283 -58.51283957007297 0
      vertex -94.04203102167831 -58.20796897832171 3.2
    endloop
  endfacet
  facet normal 0.659345815100068 -0.7518398074789784 0
    outer loop
      vertex -94.04203102167831 -58.20796897832171 3.2
      vertex -94.04203102167831 -58.20796897832171 0
      vertex -93.73716042992704 -57.940604645097174 3.2
    endloop
  endfacet
  facet normal -0.06540312923014507 0.9978589232386033 -1.1414141371658457e-19
    outer loop
      vertex -91.85000000000001 -63.50000000000001 3.2
      vertex -91.44536880411785 -63.47347907025882 3.2
      vertex -91.44536880411785 -63.47347907025882 0
    endloop
  endfacet
  facet normal -0.19509032201612891 0.9807852804032303 -1.2063778106837747e-19
    outer loop
      vertex -91.44536880411785 -63.47347907025882 3.2
      vertex -91.0476609601822 -63.39437006149612 3.2
      vertex -91.0476609601822 -63.39437006149612 0
    endloop
  endfacet
  facet normal -0.32143946530315565 0.9469301294951077 8.040736729796391e-19
    outer loop
      vertex -91.0476609601822 -63.39437006149612 3.2
      vertex -90.66368135966823 -63.264026550785 3.2
      vertex -90.66368135966823 -63.264026550785 0
    endloop
  endfacet
  facet normal -0.4422886902190092 0.8968727415326844 1.1026976215789883e-18
    outer loop
      vertex -90.66368135966823 -63.264026550785 3.2
      vertex -90.30000000000001 -63.084678751731765 3.2
      vertex -90.30000000000001 -63.084678751731765 0
    endloop
  endfacet
  facet normal -0.5555702330195921 0.831469612302552 3.3621631009589064e-18
    outer loop
      vertex -90.30000000000001 -63.084678751731765 3.2
      vertex -89.96283957007297 -62.85939535490284 3.2
      vertex -89.96283957007297 -62.85939535490284 0
    endloop
  endfacet
  facet normal -0.659345815100068 0.7518398074789784 -3.6943983401599065e-18
    outer loop
      vertex -89.96283957007297 -62.85939535490284 3.2
      vertex -89.6579689783217 -62.5920310216783 3.2
      vertex -89.6579689783217 -62.5920310216783 0
    endloop
  endfacet
  facet normal -0.7518398074789882 0.6593458151000567 -4.528869629775407e-18
    outer loop
      vertex -89.6579689783217 -62.5920310216783 3.2
      vertex -89.39060464509718 -62.28716042992704 3.2
      vertex -89.39060464509718 -62.28716042992704 0
    endloop
  endfacet
  facet normal -0.8314696123025358 0.5555702330196164 -4.634686019080136e-18
    outer loop
      vertex -89.39060464509718 -62.28716042992704 3.2
      vertex -89.16532124826824 -61.95 3.2
      vertex -89.16532124826824 -61.95 0
    endloop
  endfacet
  facet normal -0.8968727415326984 0.442288690218981 -3.2791679465499194e-18
    outer loop
      vertex -89.16532124826824 -61.95 3.2
      vertex -88.98597344921502 -61.58631864033178 3.2
      vertex -88.98597344921502 -61.58631864033178 0
    endloop
  endfacet
  facet normal -0.9469301294951005 0.32143946530317663 -6.752778146810682e-19
    outer loop
      vertex -88.98597344921502 -61.58631864033178 3.2
      vertex -88.8556299385039 -61.20233903981782 3.2
      vertex -88.8556299385039 -61.20233903981782 0
    endloop
  endfacet
  facet normal -0.980785280403231 0.19509032201612556 -7.986330755900658e-20
    outer loop
      vertex -88.8556299385039 -61.20233903981782 3.2
      vertex -88.7765209297412 -60.804631195882166 3.2
      vertex -88.7765209297412 -60.804631195882166 0
    endloop
  endfacet
  facet normal -0.9978589232386045 0.06540312923012763 -6.079532297795871e-19
    outer loop
      vertex -88.7765209297412 -60.804631195882166 3.2
      vertex -88.75000000000001 -60.400000000000006 3.2
      vertex -88.75000000000001 -60.400000000000006 0
    endloop
  endfacet
  facet normal -0.9978589232386045 -0.06540312923012763 6.079532297795871e-19
    outer loop
      vertex -88.75000000000001 -60.400000000000006 3.2
      vertex -88.7765209297412 -59.995368804117845 3.2
      vertex -88.7765209297412 -59.995368804117845 0
    endloop
  endfacet
  facet normal -0.980785280403231 -0.19509032201612556 7.986330755900658e-20
    outer loop
      vertex -88.7765209297412 -59.995368804117845 3.2
      vertex -88.8556299385039 -59.59766096018219 3.2
      vertex -88.8556299385039 -59.59766096018219 0
    endloop
  endfacet
  facet normal -0.9469301294951005 -0.32143946530317663 6.752778146810682e-19
    outer loop
      vertex -88.8556299385039 -59.59766096018219 3.2
      vertex -88.98597344921502 -59.21368135966823 3.2
      vertex -88.98597344921502 -59.21368135966823 0
    endloop
  endfacet
  facet normal -0.7518398074789882 -0.6593458151000567 4.528869629775407e-18
    outer loop
      vertex -89.39060464509718 -58.51283957007297 3.2
      vertex -89.6579689783217 -58.20796897832171 3.2
      vertex -89.6579689783217 -58.20796897832171 0
    endloop
  endfacet
  facet normal -0.8968727415326984 -0.442288690218981 0
    outer loop
      vertex -89.16532124826824 -58.85000000000001 3.2
      vertex -89.16532124826824 -58.85000000000001 0
      vertex -88.98597344921502 -59.21368135966823 3.2
    endloop
  endfacet
  facet normal -0.8314696123025358 -0.5555702330196164 4.634686019080136e-18
    outer loop
      vertex -89.16532124826824 -58.85000000000001 3.2
      vertex -89.39060464509718 -58.51283957007297 3.2
      vertex -89.39060464509718 -58.51283957007297 0
    endloop
  endfacet
  facet normal 0.5555702330195921 -0.831469612302552 0
    outer loop
      vertex -93.73716042992704 -57.940604645097174 3.2
      vertex -93.73716042992704 -57.940604645097174 0
      vertex -93.4 -57.715321248268246 3.2
    endloop
  endfacet
  facet normal 0.4422886902190092 -0.8968727415326844 0
    outer loop
      vertex -93.4 -57.715321248268246 3.2
      vertex -93.4 -57.715321248268246 0
      vertex -93.03631864033179 -57.535973449215014 3.2
    endloop
  endfacet
  facet normal 0.32143946530315565 -0.9469301294951077 0
    outer loop
      vertex -93.03631864033179 -57.535973449215014 3.2
      vertex -93.03631864033179 -57.535973449215014 0
      vertex -92.65233903981782 -57.40562993850389 3.2
    endloop
  endfacet
  facet normal 0.19509032201612891 -0.9807852804032303 0
    outer loop
      vertex -92.65233903981782 -57.40562993850389 3.2
      vertex -92.65233903981782 -57.40562993850389 0
      vertex -92.25463119588217 -57.32652092974119 3.2
    endloop
  endfacet
  facet normal 0.06540312923014507 -0.9978589232386033 0
    outer loop
      vertex -92.25463119588217 -57.32652092974119 3.2
      vertex -92.25463119588217 -57.32652092974119 0
      vertex -91.85000000000001 -57.300000000000004 3.2
    endloop
  endfacet
  facet normal -0.06540312923014507 -0.9978589232386033 0
    outer loop
      vertex -91.85000000000001 -57.300000000000004 3.2
      vertex -91.85000000000001 -57.300000000000004 0
      vertex -91.44536880411785 -57.32652092974119 3.2
    endloop
  endfacet
  facet normal -0.19509032201612891 -0.9807852804032303 0
    outer loop
      vertex -91.44536880411785 -57.32652092974119 3.2
      vertex -91.44536880411785 -57.32652092974119 0
      vertex -91.0476609601822 -57.40562993850389 3.2
    endloop
  endfacet
  facet normal -0.4422886902190092 -0.8968727415326844 -1.1026976215789883e-18
    outer loop
      vertex -90.30000000000001 -57.715321248268246 3.2
      vertex -90.66368135966823 -57.535973449215014 3.2
      vertex -90.66368135966823 -57.535973449215014 0
    endloop
  endfacet
  facet normal -0.32143946530315565 -0.9469301294951077 0
    outer loop
      vertex -91.0476609601822 -57.40562993850389 3.2
      vertex -91.0476609601822 -57.40562993850389 0
      vertex -90.66368135966823 -57.535973449215014 3.2
    endloop
  endfacet
  facet normal -0.659345815100068 -0.7518398074789784 0
    outer loop
      vertex -89.96283957007297 -57.940604645097174 3.2
      vertex -89.96283957007297 -57.940604645097174 0
      vertex -89.6579689783217 -58.20796897832171 3.2
    endloop
  endfacet
  facet normal -0.5555702330195921 -0.831469612302552 0
    outer loop
      vertex -90.30000000000001 -57.715321248268246 3.2
      vertex -90.30000000000001 -57.715321248268246 0
      vertex -89.96283957007297 -57.940604645097174 3.2
    endloop
  endfacet
  facet normal 0 0 -1
    outer loop
      vertex -93.03631864033179 -63.264026550785 3.2
      vertex -92.67500000000001 -61.82894191624433 3.2
      vertex -92.65233903981782 -63.39437006149612 3.2
    endloop
  endfacet
  facet normal 0 0 -1
    outer loop
      vertex -93.4 -63.084678751731765 3.2
      vertex -93.01672618895782 -61.56672618895781 3.2
      vertex -93.03631864033179 -63.264026550785 3.2
    endloop
  endfacet
  facet normal 0 0 -1
    outer loop
      vertex -93.03631864033179 -63.264026550785 3.2
      vertex -92.8544563578644 -61.70903301148054 3.2
      vertex -92.67500000000001 -61.82894191624433 3.2
    endloop
  endfacet
  facet normal 0 0 -1
    outer loop
      vertex -92.65233903981782 -63.39437006149612 3.2
      vertex -92.67500000000001 -61.82894191624433 3.2
      vertex -92.4814276634024 -61.92440122864363 3.2
    endloop
  endfacet
  facet normal 0 0 -1
    outer loop
      vertex -92.65233903981782 -63.39437006149612 3.2
      vertex -92.27705142441917 -61.99377761337697 3.2
      vertex -92.25463119588217 -63.47347907025882 3.2
    endloop
  endfacet
  facet normal 0 0 -1
    outer loop
      vertex -92.25463119588217 -63.47347907025882 3.2
      vertex -91.85000000000001 -62.050000000000004 3.2
      vertex -91.85000000000001 -63.50000000000001 3.2
    endloop
  endfacet
  facet normal 0 0 -1
    outer loop
      vertex -92.65233903981782 -63.39437006149612 3.2
      vertex -92.4814276634024 -61.92440122864363 3.2
      vertex -92.27705142441917 -61.99377761337697 3.2
    endloop
  endfacet
  facet normal 0 0 -1
    outer loop
      vertex -92.25463119588217 -63.47347907025882 3.2
      vertex -92.27705142441917 -61.99377761337697 3.2
      vertex -92.0653682171631 -62.035884021266796 3.2
    endloop
  endfacet
  facet normal 0 0 -1
    outer loop
      vertex -92.25463119588217 -63.47347907025882 3.2
      vertex -92.0653682171631 -62.035884021266796 3.2
      vertex -91.85000000000001 -62.050000000000004 3.2
    endloop
  endfacet
  facet normal 0 0 -1
    outer loop
      vertex -91.85000000000001 -63.50000000000001 3.2
      vertex -91.85000000000001 -62.050000000000004 3.2
      vertex -91.63463178283692 -62.035884021266796 3.2
    endloop
  endfacet
  facet normal 0 0 -1
    outer loop
      vertex -94.714026550785 -61.58631864033178 3.2
      vertex -94.84437006149612 -61.20233903981782 3.2
      vertex -94.84437006149612 -59.59766096018219 3.2
    endloop
  endfacet
  facet normal 0 0 -1
    outer loop
      vertex -94.84437006149612 -61.20233903981782 3.2
      vertex -94.92347907025882 -60.804631195882166 3.2
      vertex -94.92347907025882 -59.995368804117845 3.2
    endloop
  endfacet
  facet normal 0 0 -1
    outer loop
      vertex -94.92347907025882 -60.804631195882166 3.2
      vertex -94.95 -60.400000000000006 3.2
      vertex -94.92347907025882 -59.995368804117845 3.2
    endloop
  endfacet
  facet normal 0 0 -1
    outer loop
      vertex -94.84437006149612 -61.20233903981782 3.2
      vertex -94.92347907025882 -59.995368804117845 3.2
      vertex -94.84437006149612 -59.59766096018219 3.2
    endloop
  endfacet
  facet normal 0 0 -1
    outer loop
      vertex -93.4 -63.084678751731765 3.2
      vertex -93.27894191624434 -61.22500000000001 3.2
      vertex -93.15903301148055 -61.4044563578644 3.2
    endloop
  endfacet
  facet normal 0 0 -1
    outer loop
      vertex -93.4 -63.084678751731765 3.2
      vertex -93.37440122864363 -61.031427663402404 3.2
      vertex -93.27894191624434 -61.22500000000001 3.2
    endloop
  endfacet
  facet normal 0 0 -1
    outer loop
      vertex -94.04203102167831 -62.5920310216783 3.2
      vertex -94.04203102167831 -58.20796897832171 3.2
      vertex -93.73716042992704 -62.85939535490284 3.2
    endloop
  endfacet
  facet normal 0 0 -1
    outer loop
      vertex -93.4 -63.084678751731765 3.2
      vertex -93.44377761337697 -60.82705142441917 3.2
      vertex -93.37440122864363 -61.031427663402404 3.2
    endloop
  endfacet
  facet normal 0 0 -1
    outer loop
      vertex -93.4 -63.084678751731765 3.2
      vertex -93.4858840212668 -60.61536821716309 3.2
      vertex -93.44377761337697 -60.82705142441917 3.2
    endloop
  endfacet
  facet normal 0 0 -1
    outer loop
      vertex -93.4 -63.084678751731765 3.2
      vertex -93.50000000000001 -60.400000000000006 3.2
      vertex -93.4858840212668 -60.61536821716309 3.2
    endloop
  endfacet
  facet normal 0 0 -1
    outer loop
      vertex -93.73716042992704 -62.85939535490284 3.2
      vertex -93.73716042992704 -57.940604645097174 3.2
      vertex -93.4 -63.084678751731765 3.2
    endloop
  endfacet
  facet normal 0 0 -1
    outer loop
      vertex -94.30939535490283 -62.28716042992704 3.2
      vertex -94.53467875173178 -61.95 3.2
      vertex -94.53467875173178 -58.85000000000001 3.2
    endloop
  endfacet
  facet normal 0 0 -1
    outer loop
      vertex -94.714026550785 -61.58631864033178 3.2
      vertex -94.714026550785 -59.21368135966823 3.2
      vertex -94.53467875173178 -61.95 3.2
    endloop
  endfacet
  facet normal 0 0 -1
    outer loop
      vertex -94.04203102167831 -62.5920310216783 3.2
      vertex -94.30939535490283 -62.28716042992704 3.2
      vertex -94.30939535490283 -58.51283957007297 3.2
    endloop
  endfacet
  facet normal 0 0 -1
    outer loop
      vertex -93.4 -63.084678751731765 3.2
      vertex -93.73716042992704 -57.940604645097174 3.2
      vertex -93.50000000000001 -60.400000000000006 3.2
    endloop
  endfacet
  facet normal 0 0 -1
    outer loop
      vertex -93.4 -63.084678751731765 3.2
      vertex -93.15903301148055 -61.4044563578644 3.2
      vertex -93.01672618895782 -61.56672618895781 3.2
    endloop
  endfacet
  facet normal 0 0 -1
    outer loop
      vertex -93.03631864033179 -63.264026550785 3.2
      vertex -93.01672618895782 -61.56672618895781 3.2
      vertex -92.8544563578644 -61.70903301148054 3.2
    endloop
  endfacet
  facet normal 0 0 -1
    outer loop
      vertex -94.714026550785 -61.58631864033178 3.2
      vertex -94.84437006149612 -59.59766096018219 3.2
      vertex -94.714026550785 -59.21368135966823 3.2
    endloop
  endfacet
  facet normal 0 0 -1
    outer loop
      vertex -94.53467875173178 -61.95 3.2
      vertex -94.714026550785 -59.21368135966823 3.2
      vertex -94.53467875173178 -58.85000000000001 3.2
    endloop
  endfacet
  facet normal 0 0 -1
    outer loop
      vertex -94.30939535490283 -62.28716042992704 3.2
      vertex -94.53467875173178 -58.85000000000001 3.2
      vertex -94.30939535490283 -58.51283957007297 3.2
    endloop
  endfacet
  facet normal 0 0 -1
    outer loop
      vertex -94.04203102167831 -62.5920310216783 3.2
      vertex -94.30939535490283 -58.51283957007297 3.2
      vertex -94.04203102167831 -58.20796897832171 3.2
    endloop
  endfacet
  facet normal 0 0 -1
    outer loop
      vertex -93.73716042992704 -62.85939535490284 3.2
      vertex -94.04203102167831 -58.20796897832171 3.2
      vertex -93.73716042992704 -57.940604645097174 3.2
    endloop
  endfacet
  facet normal 0 0 -1
    outer loop
      vertex -93.50000000000001 -60.400000000000006 3.2
      vertex -93.73716042992704 -57.940604645097174 3.2
      vertex -93.4858840212668 -60.184631782836924 3.2
    endloop
  endfacet
  facet normal 0 0 -1
    outer loop
      vertex -93.4858840212668 -60.184631782836924 3.2
      vertex -93.73716042992704 -57.940604645097174 3.2
      vertex -93.44377761337697 -59.972948575580844 3.2
    endloop
  endfacet
  facet normal 0 0 -1
    outer loop
      vertex -93.44377761337697 -59.972948575580844 3.2
      vertex -93.4 -57.715321248268246 3.2
      vertex -93.37440122864363 -59.76857233659761 3.2
    endloop
  endfacet
  facet normal 0 0 -1
    outer loop
      vertex -93.37440122864363 -59.76857233659761 3.2
      vertex -93.4 -57.715321248268246 3.2
      vertex -93.27894191624434 -59.575 3.2
    endloop
  endfacet
  facet normal 0 0 -1
    outer loop
      vertex -93.27894191624434 -59.575 3.2
      vertex -93.4 -57.715321248268246 3.2
      vertex -93.15903301148055 -59.395543642135614 3.2
    endloop
  endfacet
  facet normal 0 0 -1
    outer loop
      vertex -93.44377761337697 -59.972948575580844 3.2
      vertex -93.73716042992704 -57.940604645097174 3.2
      vertex -93.4 -57.715321248268246 3.2
    endloop
  endfacet
  facet normal 0 0 -1
    outer loop
      vertex -93.15903301148055 -59.395543642135614 3.2
      vertex -93.03631864033179 -57.535973449215014 3.2
      vertex -93.01672618895782 -59.2332738110422 3.2
    endloop
  endfacet
  facet normal 0 0 -1
    outer loop
      vertex -93.01672618895782 -59.2332738110422 3.2
      vertex -93.03631864033179 -57.535973449215014 3.2
      vertex -92.8544563578644 -59.09096698851947 3.2
    endloop
  endfacet
  facet normal 0 0 -1
    outer loop
      vertex -93.15903301148055 -59.395543642135614 3.2
      vertex -93.4 -57.715321248268246 3.2
      vertex -93.03631864033179 -57.535973449215014 3.2
    endloop
  endfacet
  facet normal 0 0 -1
    outer loop
      vertex -92.8544563578644 -59.09096698851947 3.2
      vertex -93.03631864033179 -57.535973449215014 3.2
      vertex -92.67500000000001 -58.97105808375568 3.2
    endloop
  endfacet
  facet normal 0 0 -1
    outer loop
      vertex -92.67500000000001 -58.97105808375568 3.2
      vertex -92.65233903981782 -57.40562993850389 3.2
      vertex -92.4814276634024 -58.87559877135638 3.2
    endloop
  endfacet
  facet normal 0 0 -1
    outer loop
      vertex -92.4814276634024 -58.87559877135638 3.2
      vertex -92.65233903981782 -57.40562993850389 3.2
      vertex -92.27705142441917 -58.80622238662304 3.2
    endloop
  endfacet
  facet normal 0 0 -1
    outer loop
      vertex -92.27705142441917 -58.80622238662304 3.2
      vertex -92.25463119588217 -57.32652092974119 3.2
      vertex -92.0653682171631 -58.764115978733216 3.2
    endloop
  endfacet
  facet normal 0 0 -1
    outer loop
      vertex -92.0653682171631 -58.764115978733216 3.2
      vertex -91.85000000000001 -57.300000000000004 3.2
      vertex -91.85000000000001 -58.75000000000001 3.2
    endloop
  endfacet
  facet normal 0 0 -1
    outer loop
      vertex -91.85000000000001 -63.50000000000001 3.2
      vertex -91.63463178283692 -62.035884021266796 3.2
      vertex -91.44536880411785 -63.47347907025882 3.2
    endloop
  endfacet
  facet normal 0 0 -1
    outer loop
      vertex -91.44536880411785 -63.47347907025882 3.2
      vertex -91.42294857558085 -61.99377761337697 3.2
      vertex -91.0476609601822 -63.39437006149612 3.2
    endloop
  endfacet
  facet normal 0 0 -1
    outer loop
      vertex -91.44536880411785 -63.47347907025882 3.2
      vertex -91.63463178283692 -62.035884021266796 3.2
      vertex -91.42294857558085 -61.99377761337697 3.2
    endloop
  endfacet
  facet normal 0 0 -1
    outer loop
      vertex -91.0476609601822 -63.39437006149612 3.2
      vertex -91.42294857558085 -61.99377761337697 3.2
      vertex -91.21857233659762 -61.92440122864363 3.2
    endloop
  endfacet
  facet normal 0 0 -1
    outer loop
      vertex -91.0476609601822 -63.39437006149612 3.2
      vertex -91.21857233659762 -61.92440122864363 3.2
      vertex -91.025 -61.82894191624433 3.2
    endloop
  endfacet
  facet normal 0 0 -1
    outer loop
      vertex -91.0476609601822 -63.39437006149612 3.2
      vertex -91.025 -61.82894191624433 3.2
      vertex -90.66368135966823 -63.264026550785 3.2
    endloop
  endfacet
  facet normal 0 0 -1
    outer loop
      vertex -90.66368135966823 -63.264026550785 3.2
      vertex -91.025 -61.82894191624433 3.2
      vertex -90.84554364213562 -61.70903301148054 3.2
    endloop
  endfacet
  facet normal 0 0 -1
    outer loop
      vertex -90.66368135966823 -63.264026550785 3.2
      vertex -90.54096698851947 -61.4044563578644 3.2
      vertex -90.30000000000001 -63.084678751731765 3.2
    endloop
  endfacet
  facet normal 0 0 -1
    outer loop
      vertex -90.30000000000001 -63.084678751731765 3.2
      vertex -90.25622238662305 -60.82705142441917 3.2
      vertex -89.96283957007297 -62.85939535490284 3.2
    endloop
  endfacet
  facet normal 0 0 -1
    outer loop
      vertex -90.66368135966823 -63.264026550785 3.2
      vertex -90.84554364213562 -61.70903301148054 3.2
      vertex -90.6832738110422 -61.56672618895781 3.2
    endloop
  endfacet
  facet normal 0 0 -1
    outer loop
      vertex -90.66368135966823 -63.264026550785 3.2
      vertex -90.6832738110422 -61.56672618895781 3.2
      vertex -90.54096698851947 -61.4044563578644 3.2
    endloop
  endfacet
  facet normal 0 0 -1
    outer loop
      vertex -90.30000000000001 -63.084678751731765 3.2
      vertex -90.54096698851947 -61.4044563578644 3.2
      vertex -90.42105808375568 -61.22500000000001 3.2
    endloop
  endfacet
  facet normal 0 0 -1
    outer loop
      vertex -90.30000000000001 -63.084678751731765 3.2
      vertex -90.42105808375568 -61.22500000000001 3.2
      vertex -90.32559877135638 -61.031427663402404 3.2
    endloop
  endfacet
  facet normal 0 0 -1
    outer loop
      vertex -90.30000000000001 -63.084678751731765 3.2
      vertex -90.32559877135638 -61.031427663402404 3.2
      vertex -90.25622238662305 -60.82705142441917 3.2
    endloop
  endfacet
  facet normal 0 0 -1
    outer loop
      vertex -89.96283957007297 -62.85939535490284 3.2
      vertex -90.25622238662305 -60.82705142441917 3.2
      vertex -90.21411597873322 -60.61536821716309 3.2
    endloop
  endfacet
  facet normal 0 0 -1
    outer loop
      vertex -89.96283957007297 -62.85939535490284 3.2
      vertex -90.21411597873322 -60.61536821716309 3.2
      vertex -90.2 -60.400000000000006 3.2
    endloop
  endfacet
  facet normal 0 0 -1
    outer loop
      vertex -89.96283957007297 -62.85939535490284 3.2
      vertex -89.96283957007297 -57.940604645097174 3.2
      vertex -89.6579689783217 -62.5920310216783 3.2
    endloop
  endfacet
  facet normal 0 0 -1
    outer loop
      vertex -89.6579689783217 -62.5920310216783 3.2
      vertex -89.6579689783217 -58.20796897832171 3.2
      vertex -89.39060464509718 -62.28716042992704 3.2
    endloop
  endfacet
  facet normal 0 0 -1
    outer loop
      vertex -89.96283957007297 -62.85939535490284 3.2
      vertex -90.2 -60.400000000000006 3.2
      vertex -90.30000000000001 -57.715321248268246 3.2
    endloop
  endfacet
  facet normal 0 0 -1
    outer loop
      vertex -89.39060464509718 -62.28716042992704 3.2
      vertex -89.39060464509718 -58.51283957007297 3.2
      vertex -89.16532124826824 -61.95 3.2
    endloop
  endfacet
  facet normal 0 0 -1
    outer loop
      vertex -89.16532124826824 -61.95 3.2
      vertex -89.16532124826824 -58.85000000000001 3.2
      vertex -88.98597344921502 -61.58631864033178 3.2
    endloop
  endfacet
  facet normal 0 0 -1
    outer loop
      vertex -88.98597344921502 -61.58631864033178 3.2
      vertex -88.98597344921502 -59.21368135966823 3.2
      vertex -88.8556299385039 -61.20233903981782 3.2
    endloop
  endfacet
  facet normal 0 0 -1
    outer loop
      vertex -88.8556299385039 -61.20233903981782 3.2
      vertex -88.8556299385039 -59.59766096018219 3.2
      vertex -88.7765209297412 -60.804631195882166 3.2
    endloop
  endfacet
  facet normal 0 0 -1
    outer loop
      vertex -88.7765209297412 -60.804631195882166 3.2
      vertex -88.7765209297412 -59.995368804117845 3.2
      vertex -88.75000000000001 -60.400000000000006 3.2
    endloop
  endfacet
  facet normal 0 0 -1
    outer loop
      vertex -90.2 -60.400000000000006 3.2
      vertex -90.21411597873322 -60.184631782836924 3.2
      vertex -90.30000000000001 -57.715321248268246 3.2
    endloop
  endfacet
  facet normal 0 0 -1
    outer loop
      vertex -90.21411597873322 -60.184631782836924 3.2
      vertex -90.25622238662305 -59.972948575580844 3.2
      vertex -90.30000000000001 -57.715321248268246 3.2
    endloop
  endfacet
  facet normal 0 0 -1
    outer loop
      vertex -90.25622238662305 -59.972948575580844 3.2
      vertex -90.32559877135638 -59.76857233659761 3.2
      vertex -90.30000000000001 -57.715321248268246 3.2
    endloop
  endfacet
  facet normal 0 0 -1
    outer loop
      vertex -91.85000000000001 -58.75000000000001 3.2
      vertex -91.44536880411785 -57.32652092974119 3.2
      vertex -91.63463178283692 -58.764115978733216 3.2
    endloop
  endfacet
  facet normal 0 0 -1
    outer loop
      vertex -91.63463178283692 -58.764115978733216 3.2
      vertex -91.44536880411785 -57.32652092974119 3.2
      vertex -91.42294857558085 -58.80622238662304 3.2
    endloop
  endfacet
  facet normal 0 0 -1
    outer loop
      vertex -91.42294857558085 -58.80622238662304 3.2
      vertex -91.0476609601822 -57.40562993850389 3.2
      vertex -91.21857233659762 -58.87559877135638 3.2
    endloop
  endfacet
  facet normal 0 0 -1
    outer loop
      vertex -91.21857233659762 -58.87559877135638 3.2
      vertex -91.0476609601822 -57.40562993850389 3.2
      vertex -91.025 -58.97105808375568 3.2
    endloop
  endfacet
  facet normal 0 0 -1
    outer loop
      vertex -90.84554364213562 -59.09096698851947 3.2
      vertex -90.66368135966823 -57.535973449215014 3.2
      vertex -90.6832738110422 -59.2332738110422 3.2
    endloop
  endfacet
  facet normal 0 0 -1
    outer loop
      vertex -90.42105808375568 -59.575 3.2
      vertex -90.54096698851947 -59.395543642135614 3.2
      vertex -90.30000000000001 -57.715321248268246 3.2
    endloop
  endfacet
  facet normal 0 0 -1
    outer loop
      vertex -90.32559877135638 -59.76857233659761 3.2
      vertex -90.42105808375568 -59.575 3.2
      vertex -90.30000000000001 -57.715321248268246 3.2
    endloop
  endfacet
  facet normal 0 0 -1
    outer loop
      vertex -90.54096698851947 -59.395543642135614 3.2
      vertex -90.6832738110422 -59.2332738110422 3.2
      vertex -90.30000000000001 -57.715321248268246 3.2
    endloop
  endfacet
  facet normal 0 0 -1
    outer loop
      vertex -90.84554364213562 -59.09096698851947 3.2
      vertex -91.025 -58.97105808375568 3.2
      vertex -90.66368135966823 -57.535973449215014 3.2
    endloop
  endfacet
  facet normal 0 0 -1
    outer loop
      vertex -90.6832738110422 -59.2332738110422 3.2
      vertex -90.66368135966823 -57.535973449215014 3.2
      vertex -90.30000000000001 -57.715321248268246 3.2
    endloop
  endfacet
  facet normal 0 0 -1
    outer loop
      vertex -89.39060464509718 -62.28716042992704 3.2
      vertex -89.6579689783217 -58.20796897832171 3.2
      vertex -89.39060464509718 -58.51283957007297 3.2
    endloop
  endfacet
  facet normal 0 0 -1
    outer loop
      vertex -89.96283957007297 -62.85939535490284 3.2
      vertex -90.30000000000001 -57.715321248268246 3.2
      vertex -89.96283957007297 -57.940604645097174 3.2
    endloop
  endfacet
  facet normal 0 0 -1
    outer loop
      vertex -89.6579689783217 -62.5920310216783 3.2
      vertex -89.96283957007297 -57.940604645097174 3.2
      vertex -89.6579689783217 -58.20796897832171 3.2
    endloop
  endfacet
  facet normal 0 0 -1
    outer loop
      vertex -89.16532124826824 -61.95 3.2
      vertex -89.39060464509718 -58.51283957007297 3.2
      vertex -89.16532124826824 -58.85000000000001 3.2
    endloop
  endfacet
  facet normal 0 0 -1
    outer loop
      vertex -88.8556299385039 -61.20233903981782 3.2
      vertex -88.98597344921502 -59.21368135966823 3.2
      vertex -88.8556299385039 -59.59766096018219 3.2
    endloop
  endfacet
  facet normal 0 0 -1
    outer loop
      vertex -88.7765209297412 -60.804631195882166 3.2
      vertex -88.8556299385039 -59.59766096018219 3.2
      vertex -88.7765209297412 -59.995368804117845 3.2
    endloop
  endfacet
  facet normal 0 0 -1
    outer loop
      vertex -89.16532124826824 -58.85000000000001 3.2
      vertex -88.98597344921502 -59.21368135966823 3.2
      vertex -88.98597344921502 -61.58631864033178 3.2
    endloop
  endfacet
  facet normal 0 0 -1
    outer loop
      vertex -92.67500000000001 -58.97105808375568 3.2
      vertex -93.03631864033179 -57.535973449215014 3.2
      vertex -92.65233903981782 -57.40562993850389 3.2
    endloop
  endfacet
  facet normal 0 0 -1
    outer loop
      vertex -92.27705142441917 -58.80622238662304 3.2
      vertex -92.65233903981782 -57.40562993850389 3.2
      vertex -92.25463119588217 -57.32652092974119 3.2
    endloop
  endfacet
  facet normal 0 0 -1
    outer loop
      vertex -92.0653682171631 -58.764115978733216 3.2
      vertex -92.25463119588217 -57.32652092974119 3.2
      vertex -91.85000000000001 -57.300000000000004 3.2
    endloop
  endfacet
  facet normal 0 0 -1
    outer loop
      vertex -91.85000000000001 -58.75000000000001 3.2
      vertex -91.85000000000001 -57.300000000000004 3.2
      vertex -91.44536880411785 -57.32652092974119 3.2
    endloop
  endfacet
  facet normal 0 0 -1
    outer loop
      vertex -91.42294857558085 -58.80622238662304 3.2
      vertex -91.44536880411785 -57.32652092974119 3.2
      vertex -91.0476609601822 -57.40562993850389 3.2
    endloop
  endfacet
  facet normal 0 0 -1
    outer loop
      vertex -91.025 -58.97105808375568 3.2
      vertex -91.0476609601822 -57.40562993850389 3.2
      vertex -90.66368135966823 -57.535973449215014 3.2
    endloop
  endfacet
  facet normal 0.5555702330195921 0.831469612302552 0
    outer loop
      vertex 89.96283957007297 -62.85939535490284 3.2
      vertex 90.30000000000001 -63.084678751731765 0
      vertex 89.96283957007297 -62.85939535490284 0
    endloop
  endfacet
  facet normal 0.659345815100068 0.7518398074789784 0
    outer loop
      vertex 89.6579689783217 -62.5920310216783 3.2
      vertex 89.96283957007297 -62.85939535490284 0
      vertex 89.6579689783217 -62.5920310216783 0
    endloop
  endfacet
  facet normal 0.7518398074789882 0.6593458151000567 0
    outer loop
      vertex 89.39060464509718 -62.28716042992704 3.2
      vertex 89.6579689783217 -62.5920310216783 0
      vertex 89.39060464509718 -62.28716042992704 0
    endloop
  endfacet
  facet normal 0.32143946530315565 0.9469301294951077 0
    outer loop
      vertex 90.66368135966823 -63.264026550785 3.2
      vertex 91.0476609601822 -63.39437006149612 0
      vertex 90.66368135966823 -63.264026550785 0
    endloop
  endfacet
  facet normal 0.19509032201612891 0.9807852804032303 0
    outer loop
      vertex 91.0476609601822 -63.39437006149612 3.2
      vertex 91.44536880411785 -63.47347907025882 0
      vertex 91.0476609601822 -63.39437006149612 0
    endloop
  endfacet
  facet normal 0.06540312923014507 0.9978589232386033 0
    outer loop
      vertex 91.44536880411785 -63.47347907025882 3.2
      vertex 91.85000000000001 -63.50000000000001 0
      vertex 91.44536880411785 -63.47347907025882 0
    endloop
  endfacet
  facet normal 0.4422886902190092 0.8968727415326844 0
    outer loop
      vertex 90.30000000000001 -63.084678751731765 3.2
      vertex 90.66368135966823 -63.264026550785 0
      vertex 90.30000000000001 -63.084678751731765 0
    endloop
  endfacet
  facet normal 0.8314696123025358 0.5555702330196164 0
    outer loop
      vertex 89.16532124826824 -61.95 3.2
      vertex 89.39060464509718 -62.28716042992704 0
      vertex 89.16532124826824 -61.95 0
    endloop
  endfacet
  facet normal 0.8968727415326984 0.442288690218981 0
    outer loop
      vertex 88.98597344921502 -61.58631864033178 3.2
      vertex 89.16532124826824 -61.95 0
      vertex 88.98597344921502 -61.58631864033178 0
    endloop
  endfacet
  facet normal 0.9469301294951005 0.32143946530317663 0
    outer loop
      vertex 88.8556299385039 -61.20233903981782 3.2
      vertex 88.98597344921502 -61.58631864033178 0
      vertex 88.8556299385039 -61.20233903981782 0
    endloop
  endfacet
  facet normal 0.980785280403231 0.19509032201612556 0
    outer loop
      vertex 88.7765209297412 -60.804631195882166 3.2
      vertex 88.8556299385039 -61.20233903981782 0
      vertex 88.7765209297412 -60.804631195882166 0
    endloop
  endfacet
  facet normal 0.9978589232386045 0.06540312923012763 0
    outer loop
      vertex 88.75000000000001 -60.400000000000006 3.2
      vertex 88.7765209297412 -60.804631195882166 0
      vertex 88.75000000000001 -60.400000000000006 0
    endloop
  endfacet
  facet normal 0.9978589232386045 -0.06540312923012763 0
    outer loop
      vertex 88.7765209297412 -59.995368804117845 3.2
      vertex 88.75000000000001 -60.400000000000006 0
      vertex 88.7765209297412 -59.995368804117845 0
    endloop
  endfacet
  facet normal 0.980785280403231 -0.19509032201612556 0
    outer loop
      vertex 88.8556299385039 -59.59766096018219 3.2
      vertex 88.7765209297412 -59.995368804117845 0
      vertex 88.8556299385039 -59.59766096018219 0
    endloop
  endfacet
  facet normal 0.9469301294951005 -0.32143946530317663 0
    outer loop
      vertex 88.98597344921502 -59.21368135966823 3.2
      vertex 88.8556299385039 -59.59766096018219 0
      vertex 88.98597344921502 -59.21368135966823 0
    endloop
  endfacet
  facet normal 0.8968727415326984 -0.442288690218981 0
    outer loop
      vertex 89.16532124826824 -58.85000000000001 3.2
      vertex 88.98597344921502 -59.21368135966823 0
      vertex 89.16532124826824 -58.85000000000001 0
    endloop
  endfacet
  facet normal 0.8314696123025358 -0.5555702330196164 0
    outer loop
      vertex 89.39060464509718 -58.51283957007297 3.2
      vertex 89.16532124826824 -58.85000000000001 0
      vertex 89.39060464509718 -58.51283957007297 0
    endloop
  endfacet
  facet normal 0.7518398074789882 -0.6593458151000567 0
    outer loop
      vertex 89.6579689783217 -58.20796897832171 3.2
      vertex 89.39060464509718 -58.51283957007297 0
      vertex 89.6579689783217 -58.20796897832171 0
    endloop
  endfacet
  facet normal -0.06540312923014507 0.9978589232386033 0
    outer loop
      vertex 91.85000000000001 -63.50000000000001 3.2
      vertex 92.25463119588217 -63.47347907025882 0
      vertex 91.85000000000001 -63.50000000000001 0
    endloop
  endfacet
  facet normal -0.19509032201612891 0.9807852804032303 0
    outer loop
      vertex 92.25463119588217 -63.47347907025882 3.2
      vertex 92.65233903981782 -63.39437006149612 0
      vertex 92.25463119588217 -63.47347907025882 0
    endloop
  endfacet
  facet normal -0.32143946530315565 0.9469301294951077 0
    outer loop
      vertex 92.65233903981782 -63.39437006149612 3.2
      vertex 93.03631864033179 -63.264026550785 0
      vertex 92.65233903981782 -63.39437006149612 0
    endloop
  endfacet
  facet normal -0.4422886902190092 0.8968727415326844 0
    outer loop
      vertex 93.03631864033179 -63.264026550785 3.2
      vertex 93.4 -63.084678751731765 0
      vertex 93.03631864033179 -63.264026550785 0
    endloop
  endfacet
  facet normal -0.5555702330195921 0.831469612302552 0
    outer loop
      vertex 93.4 -63.084678751731765 3.2
      vertex 93.73716042992704 -62.85939535490284 0
      vertex 93.4 -63.084678751731765 0
    endloop
  endfacet
  facet normal -0.659345815100068 0.7518398074789784 0
    outer loop
      vertex 93.73716042992704 -62.85939535490284 3.2
      vertex 94.04203102167831 -62.5920310216783 0
      vertex 93.73716042992704 -62.85939535490284 0
    endloop
  endfacet
  facet normal -0.7518398074789882 0.6593458151000567 0
    outer loop
      vertex 94.04203102167831 -62.5920310216783 3.2
      vertex 94.30939535490283 -62.28716042992704 0
      vertex 94.04203102167831 -62.5920310216783 0
    endloop
  endfacet
  facet normal -0.8314696123025358 0.5555702330196164 0
    outer loop
      vertex 94.30939535490283 -62.28716042992704 3.2
      vertex 94.53467875173178 -61.95 0
      vertex 94.30939535490283 -62.28716042992704 0
    endloop
  endfacet
  facet normal -0.8968727415326984 0.442288690218981 0
    outer loop
      vertex 94.53467875173178 -61.95 3.2
      vertex 94.714026550785 -61.58631864033178 0
      vertex 94.53467875173178 -61.95 0
    endloop
  endfacet
  facet normal -0.9469301294951005 0.32143946530317663 0
    outer loop
      vertex 94.714026550785 -61.58631864033178 3.2
      vertex 94.84437006149612 -61.20233903981782 0
      vertex 94.714026550785 -61.58631864033178 0
    endloop
  endfacet
  facet normal -0.659345815100068 -0.7518398074789784 0
    outer loop
      vertex 94.04203102167831 -58.20796897832171 3.2
      vertex 93.73716042992704 -57.940604645097174 0
      vertex 94.04203102167831 -58.20796897832171 0
    endloop
  endfacet
  facet normal -0.8968727415326984 -0.442288690218981 0
    outer loop
      vertex 94.714026550785 -59.21368135966823 3.2
      vertex 94.53467875173178 -58.85000000000001 0
      vertex 94.714026550785 -59.21368135966823 0
    endloop
  endfacet
  facet normal -0.8314696123025358 -0.5555702330196164 0
    outer loop
      vertex 94.53467875173178 -58.85000000000001 3.2
      vertex 94.30939535490283 -58.51283957007297 0
      vertex 94.53467875173178 -58.85000000000001 0
    endloop
  endfacet
  facet normal -0.7518398074789882 -0.6593458151000567 0
    outer loop
      vertex 94.30939535490283 -58.51283957007297 3.2
      vertex 94.04203102167831 -58.20796897832171 0
      vertex 94.30939535490283 -58.51283957007297 0
    endloop
  endfacet
  facet normal -0.980785280403231 0.19509032201612556 0
    outer loop
      vertex 94.84437006149612 -61.20233903981782 3.2
      vertex 94.92347907025882 -60.804631195882166 0
      vertex 94.84437006149612 -61.20233903981782 0
    endloop
  endfacet
  facet normal -0.9978589232386045 0.06540312923012763 0
    outer loop
      vertex 94.92347907025882 -60.804631195882166 3.2
      vertex 94.95 -60.400000000000006 0
      vertex 94.92347907025882 -60.804631195882166 0
    endloop
  endfacet
  facet normal -0.9978589232386045 -0.06540312923012763 0
    outer loop
      vertex 94.95 -60.400000000000006 3.2
      vertex 94.92347907025882 -59.995368804117845 0
      vertex 94.95 -60.400000000000006 0
    endloop
  endfacet
  facet normal -0.980785280403231 -0.19509032201612556 0
    outer loop
      vertex 94.92347907025882 -59.995368804117845 3.2
      vertex 94.84437006149612 -59.59766096018219 0
      vertex 94.92347907025882 -59.995368804117845 0
    endloop
  endfacet
  facet normal -0.9469301294951005 -0.32143946530317663 0
    outer loop
      vertex 94.84437006149612 -59.59766096018219 3.2
      vertex 94.714026550785 -59.21368135966823 0
      vertex 94.84437006149612 -59.59766096018219 0
    endloop
  endfacet
  facet normal 0.659345815100068 -0.7518398074789784 0
    outer loop
      vertex 89.96283957007297 -57.940604645097174 3.2
      vertex 89.6579689783217 -58.20796897832171 0
      vertex 89.96283957007297 -57.940604645097174 0
    endloop
  endfacet
  facet normal 0.5555702330195921 -0.831469612302552 0
    outer loop
      vertex 90.30000000000001 -57.715321248268246 3.2
      vertex 89.96283957007297 -57.940604645097174 0
      vertex 90.30000000000001 -57.715321248268246 0
    endloop
  endfacet
  facet normal 0.4422886902190092 -0.8968727415326844 0
    outer loop
      vertex 90.66368135966823 -57.535973449215014 3.2
      vertex 90.30000000000001 -57.715321248268246 0
      vertex 90.66368135966823 -57.535973449215014 0
    endloop
  endfacet
  facet normal 0.32143946530315565 -0.9469301294951077 0
    outer loop
      vertex 91.0476609601822 -57.40562993850389 3.2
      vertex 90.66368135966823 -57.535973449215014 0
      vertex 91.0476609601822 -57.40562993850389 0
    endloop
  endfacet
  facet normal 0.19509032201612891 -0.9807852804032303 0
    outer loop
      vertex 91.44536880411785 -57.32652092974119 3.2
      vertex 91.0476609601822 -57.40562993850389 0
      vertex 91.44536880411785 -57.32652092974119 0
    endloop
  endfacet
  facet normal 0.06540312923014507 -0.9978589232386033 0
    outer loop
      vertex 91.85000000000001 -57.300000000000004 3.2
      vertex 91.44536880411785 -57.32652092974119 0
      vertex 91.85000000000001 -57.300000000000004 0
    endloop
  endfacet
  facet normal -0.06540312923014507 -0.9978589232386033 0
    outer loop
      vertex 92.25463119588217 -57.32652092974119 3.2
      vertex 91.85000000000001 -57.300000000000004 0
      vertex 92.25463119588217 -57.32652092974119 0
    endloop
  endfacet
  facet normal -0.19509032201612891 -0.9807852804032303 0
    outer loop
      vertex 92.65233903981782 -57.40562993850389 3.2
      vertex 92.25463119588217 -57.32652092974119 0
      vertex 92.65233903981782 -57.40562993850389 0
    endloop
  endfacet
  facet normal -0.32143946530315565 -0.9469301294951077 0
    outer loop
      vertex 93.03631864033179 -57.535973449215014 3.2
      vertex 92.65233903981782 -57.40562993850389 0
      vertex 93.03631864033179 -57.535973449215014 0
    endloop
  endfacet
  facet normal -0.5555702330195921 -0.831469612302552 0
    outer loop
      vertex 93.73716042992704 -57.940604645097174 3.2
      vertex 93.4 -57.715321248268246 0
      vertex 93.73716042992704 -57.940604645097174 0
    endloop
  endfacet
  facet normal -0.4422886902190092 -0.8968727415326844 0
    outer loop
      vertex 93.4 -57.715321248268246 3.2
      vertex 93.03631864033179 -57.535973449215014 0
      vertex 93.4 -57.715321248268246 0
    endloop
  endfacet
  facet normal 0.659345815100068 0.7518398074789784 3.6943983401599065e-18
    outer loop
      vertex 89.6579689783217 -62.5920310216783 3.2
      vertex 89.96283957007297 -62.85939535490284 3.2
      vertex 89.96283957007297 -62.85939535490284 0
    endloop
  endfacet
  facet normal 0.5555702330195921 0.831469612302552 0
    outer loop
      vertex 90.30000000000001 -63.084678751731765 3.2
      vertex 90.30000000000001 -63.084678751731765 0
      vertex 89.96283957007297 -62.85939535490284 3.2
    endloop
  endfacet
  facet normal 0.7518398074789882 0.6593458151000567 0
    outer loop
      vertex 89.6579689783217 -62.5920310216783 3.2
      vertex 89.6579689783217 -62.5920310216783 0
      vertex 89.39060464509718 -62.28716042992704 3.2
    endloop
  endfacet
  facet normal 0.32143946530315565 0.9469301294951077 -8.040736729796391e-19
    outer loop
      vertex 90.66368135966823 -63.264026550785 3.2
      vertex 91.0476609601822 -63.39437006149612 3.2
      vertex 91.0476609601822 -63.39437006149612 0
    endloop
  endfacet
  facet normal 0.19509032201612891 0.9807852804032303 1.2063778106837747e-19
    outer loop
      vertex 91.0476609601822 -63.39437006149612 3.2
      vertex 91.44536880411785 -63.47347907025882 3.2
      vertex 91.44536880411785 -63.47347907025882 0
    endloop
  endfacet
  facet normal 0.06540312923014507 0.9978589232386033 1.1414141371658457e-19
    outer loop
      vertex 91.44536880411785 -63.47347907025882 3.2
      vertex 91.85000000000001 -63.50000000000001 3.2
      vertex 91.85000000000001 -63.50000000000001 0
    endloop
  endfacet
  facet normal 0.4422886902190092 0.8968727415326844 -1.1026976215789883e-18
    outer loop
      vertex 90.30000000000001 -63.084678751731765 3.2
      vertex 90.66368135966823 -63.264026550785 3.2
      vertex 90.66368135966823 -63.264026550785 0
    endloop
  endfacet
  facet normal 0.8314696123025358 0.5555702330196164 0
    outer loop
      vertex 89.39060464509718 -62.28716042992704 3.2
      vertex 89.39060464509718 -62.28716042992704 0
      vertex 89.16532124826824 -61.95 3.2
    endloop
  endfacet
  facet normal 0.8968727415326984 0.442288690218981 3.2791679465499194e-18
    outer loop
      vertex 88.98597344921502 -61.58631864033178 3.2
      vertex 89.16532124826824 -61.95 3.2
      vertex 89.16532124826824 -61.95 0
    endloop
  endfacet
  facet normal 0.9469301294951005 0.32143946530317663 0
    outer loop
      vertex 88.98597344921502 -61.58631864033178 3.2
      vertex 88.98597344921502 -61.58631864033178 0
      vertex 88.8556299385039 -61.20233903981782 3.2
    endloop
  endfacet
  facet normal 0.980785280403231 0.19509032201612556 0
    outer loop
      vertex 88.8556299385039 -61.20233903981782 3.2
      vertex 88.8556299385039 -61.20233903981782 0
      vertex 88.7765209297412 -60.804631195882166 3.2
    endloop
  endfacet
  facet normal 0.9978589232386045 0.06540312923012763 0
    outer loop
      vertex 88.7765209297412 -60.804631195882166 3.2
      vertex 88.7765209297412 -60.804631195882166 0
      vertex 88.75000000000001 -60.400000000000006 3.2
    endloop
  endfacet
  facet normal 0.9978589232386045 -0.06540312923012763 0
    outer loop
      vertex 88.75000000000001 -60.400000000000006 3.2
      vertex 88.75000000000001 -60.400000000000006 0
      vertex 88.7765209297412 -59.995368804117845 3.2
    endloop
  endfacet
  facet normal 0.980785280403231 -0.19509032201612556 0
    outer loop
      vertex 88.7765209297412 -59.995368804117845 3.2
      vertex 88.7765209297412 -59.995368804117845 0
      vertex 88.8556299385039 -59.59766096018219 3.2
    endloop
  endfacet
  facet normal 0.9469301294951005 -0.32143946530317663 0
    outer loop
      vertex 88.8556299385039 -59.59766096018219 3.2
      vertex 88.8556299385039 -59.59766096018219 0
      vertex 88.98597344921502 -59.21368135966823 3.2
    endloop
  endfacet
  facet normal 0.8968727415326984 -0.442288690218981 0
    outer loop
      vertex 88.98597344921502 -59.21368135966823 3.2
      vertex 88.98597344921502 -59.21368135966823 0
      vertex 89.16532124826824 -58.85000000000001 3.2
    endloop
  endfacet
  facet normal 0.8314696123025358 -0.5555702330196164 0
    outer loop
      vertex 89.16532124826824 -58.85000000000001 3.2
      vertex 89.16532124826824 -58.85000000000001 0
      vertex 89.39060464509718 -58.51283957007297 3.2
    endloop
  endfacet
  facet normal 0.7518398074789882 -0.6593458151000567 0
    outer loop
      vertex 89.39060464509718 -58.51283957007297 3.2
      vertex 89.39060464509718 -58.51283957007297 0
      vertex 89.6579689783217 -58.20796897832171 3.2
    endloop
  endfacet
  facet normal 0.659345815100068 -0.7518398074789784 0
    outer loop
      vertex 89.6579689783217 -58.20796897832171 3.2
      vertex 89.6579689783217 -58.20796897832171 0
      vertex 89.96283957007297 -57.940604645097174 3.2
    endloop
  endfacet
  facet normal -0.06540312923014507 0.9978589232386033 -1.1414141371658457e-19
    outer loop
      vertex 91.85000000000001 -63.50000000000001 3.2
      vertex 92.25463119588217 -63.47347907025882 3.2
      vertex 92.25463119588217 -63.47347907025882 0
    endloop
  endfacet
  facet normal -0.19509032201612891 0.9807852804032303 -1.2063778106837747e-19
    outer loop
      vertex 92.25463119588217 -63.47347907025882 3.2
      vertex 92.65233903981782 -63.39437006149612 3.2
      vertex 92.65233903981782 -63.39437006149612 0
    endloop
  endfacet
  facet normal -0.32143946530315565 0.9469301294951077 8.040736729796391e-19
    outer loop
      vertex 92.65233903981782 -63.39437006149612 3.2
      vertex 93.03631864033179 -63.264026550785 3.2
      vertex 93.03631864033179 -63.264026550785 0
    endloop
  endfacet
  facet normal -0.4422886902190092 0.8968727415326844 1.1026976215789883e-18
    outer loop
      vertex 93.03631864033179 -63.264026550785 3.2
      vertex 93.4 -63.084678751731765 3.2
      vertex 93.4 -63.084678751731765 0
    endloop
  endfacet
  facet normal -0.5555702330195921 0.831469612302552 3.3621631009589064e-18
    outer loop
      vertex 93.4 -63.084678751731765 3.2
      vertex 93.73716042992704 -62.85939535490284 3.2
      vertex 93.73716042992704 -62.85939535490284 0
    endloop
  endfacet
  facet normal -0.659345815100068 0.7518398074789784 -3.6943983401599065e-18
    outer loop
      vertex 93.73716042992704 -62.85939535490284 3.2
      vertex 94.04203102167831 -62.5920310216783 3.2
      vertex 94.04203102167831 -62.5920310216783 0
    endloop
  endfacet
  facet normal -0.7518398074789882 0.6593458151000567 -4.528869629775407e-18
    outer loop
      vertex 94.04203102167831 -62.5920310216783 3.2
      vertex 94.30939535490283 -62.28716042992704 3.2
      vertex 94.30939535490283 -62.28716042992704 0
    endloop
  endfacet
  facet normal -0.8314696123025358 0.5555702330196164 -4.634686019080136e-18
    outer loop
      vertex 94.30939535490283 -62.28716042992704 3.2
      vertex 94.53467875173178 -61.95 3.2
      vertex 94.53467875173178 -61.95 0
    endloop
  endfacet
  facet normal -0.8968727415326984 0.442288690218981 -3.2791679465499194e-18
    outer loop
      vertex 94.53467875173178 -61.95 3.2
      vertex 94.714026550785 -61.58631864033178 3.2
      vertex 94.714026550785 -61.58631864033178 0
    endloop
  endfacet
  facet normal -0.9469301294951005 -0.32143946530317663 6.752778146810682e-19
    outer loop
      vertex 94.84437006149612 -59.59766096018219 3.2
      vertex 94.714026550785 -59.21368135966823 3.2
      vertex 94.714026550785 -59.21368135966823 0
    endloop
  endfacet
  facet normal -0.8314696123025358 -0.5555702330196164 4.634686019080136e-18
    outer loop
      vertex 94.53467875173178 -58.85000000000001 3.2
      vertex 94.30939535490283 -58.51283957007297 3.2
      vertex 94.30939535490283 -58.51283957007297 0
    endloop
  endfacet
  facet normal -0.8968727415326984 -0.442288690218981 3.2791679465499194e-18
    outer loop
      vertex 94.714026550785 -59.21368135966823 3.2
      vertex 94.53467875173178 -58.85000000000001 3.2
      vertex 94.53467875173178 -58.85000000000001 0
    endloop
  endfacet
  facet normal -0.7518398074789882 -0.6593458151000567 0
    outer loop
      vertex 94.04203102167831 -58.20796897832171 3.2
      vertex 94.04203102167831 -58.20796897832171 0
      vertex 94.30939535490283 -58.51283957007297 3.2
    endloop
  endfacet
  facet normal -0.9469301294951005 0.32143946530317663 -6.752778146810682e-19
    outer loop
      vertex 94.714026550785 -61.58631864033178 3.2
      vertex 94.84437006149612 -61.20233903981782 3.2
      vertex 94.84437006149612 -61.20233903981782 0
    endloop
  endfacet
  facet normal -0.980785280403231 0.19509032201612556 -7.986330755900658e-20
    outer loop
      vertex 94.84437006149612 -61.20233903981782 3.2
      vertex 94.92347907025882 -60.804631195882166 3.2
      vertex 94.92347907025882 -60.804631195882166 0
    endloop
  endfacet
  facet normal -0.9978589232386045 0.06540312923012763 -6.079532297795871e-19
    outer loop
      vertex 94.92347907025882 -60.804631195882166 3.2
      vertex 94.95 -60.400000000000006 3.2
      vertex 94.95 -60.400000000000006 0
    endloop
  endfacet
  facet normal -0.9978589232386045 -0.06540312923012763 6.079532297795871e-19
    outer loop
      vertex 94.95 -60.400000000000006 3.2
      vertex 94.92347907025882 -59.995368804117845 3.2
      vertex 94.92347907025882 -59.995368804117845 0
    endloop
  endfacet
  facet normal -0.980785280403231 -0.19509032201612556 7.986330755900658e-20
    outer loop
      vertex 94.92347907025882 -59.995368804117845 3.2
      vertex 94.84437006149612 -59.59766096018219 3.2
      vertex 94.84437006149612 -59.59766096018219 0
    endloop
  endfacet
  facet normal 0.5555702330195921 -0.831469612302552 0
    outer loop
      vertex 89.96283957007297 -57.940604645097174 3.2
      vertex 89.96283957007297 -57.940604645097174 0
      vertex 90.30000000000001 -57.715321248268246 3.2
    endloop
  endfacet
  facet normal 0.4422886902190092 -0.8968727415326844 0
    outer loop
      vertex 90.30000000000001 -57.715321248268246 3.2
      vertex 90.30000000000001 -57.715321248268246 0
      vertex 90.66368135966823 -57.535973449215014 3.2
    endloop
  endfacet
  facet normal 0.32143946530315565 -0.9469301294951077 0
    outer loop
      vertex 90.66368135966823 -57.535973449215014 3.2
      vertex 90.66368135966823 -57.535973449215014 0
      vertex 91.0476609601822 -57.40562993850389 3.2
    endloop
  endfacet
  facet normal 0.19509032201612891 -0.9807852804032303 0
    outer loop
      vertex 91.0476609601822 -57.40562993850389 3.2
      vertex 91.0476609601822 -57.40562993850389 0
      vertex 91.44536880411785 -57.32652092974119 3.2
    endloop
  endfacet
  facet normal 0.06540312923014507 -0.9978589232386033 0
    outer loop
      vertex 91.44536880411785 -57.32652092974119 3.2
      vertex 91.44536880411785 -57.32652092974119 0
      vertex 91.85000000000001 -57.300000000000004 3.2
    endloop
  endfacet
  facet normal -0.06540312923014507 -0.9978589232386033 0
    outer loop
      vertex 91.85000000000001 -57.300000000000004 3.2
      vertex 91.85000000000001 -57.300000000000004 0
      vertex 92.25463119588217 -57.32652092974119 3.2
    endloop
  endfacet
  facet normal -0.19509032201612891 -0.9807852804032303 0
    outer loop
      vertex 92.25463119588217 -57.32652092974119 3.2
      vertex 92.25463119588217 -57.32652092974119 0
      vertex 92.65233903981782 -57.40562993850389 3.2
    endloop
  endfacet
  facet normal -0.4422886902190092 -0.8968727415326844 -1.1026976215789883e-18
    outer loop
      vertex 93.4 -57.715321248268246 3.2
      vertex 93.03631864033179 -57.535973449215014 3.2
      vertex 93.03631864033179 -57.535973449215014 0
    endloop
  endfacet
  facet normal -0.32143946530315565 -0.9469301294951077 0
    outer loop
      vertex 92.65233903981782 -57.40562993850389 3.2
      vertex 92.65233903981782 -57.40562993850389 0
      vertex 93.03631864033179 -57.535973449215014 3.2
    endloop
  endfacet
  facet normal -0.5555702330195921 -0.831469612302552 0
    outer loop
      vertex 93.4 -57.715321248268246 3.2
      vertex 93.4 -57.715321248268246 0
      vertex 93.73716042992704 -57.940604645097174 3.2
    endloop
  endfacet
  facet normal -0.659345815100068 -0.7518398074789784 3.6943983401599065e-18
    outer loop
      vertex 94.04203102167831 -58.20796897832171 3.2
      vertex 93.73716042992704 -57.940604645097174 3.2
      vertex 93.73716042992704 -57.940604645097174 0
    endloop
  endfacet
  facet normal 0 0 -1
    outer loop
      vertex 90.66368135966823 -63.264026550785 3.2
      vertex 91.025 -61.82894191624433 3.2
      vertex 91.0476609601822 -63.39437006149612 3.2
    endloop
  endfacet
  facet normal 0 0 -1
    outer loop
      vertex 90.30000000000001 -63.084678751731765 3.2
      vertex 90.6832738110422 -61.56672618895781 3.2
      vertex 90.66368135966823 -63.264026550785 3.2
    endloop
  endfacet
  facet normal 0 0 -1
    outer loop
      vertex 90.66368135966823 -63.264026550785 3.2
      vertex 90.84554364213562 -61.70903301148054 3.2
      vertex 91.025 -61.82894191624433 3.2
    endloop
  endfacet
  facet normal 0 0 -1
    outer loop
      vertex 91.0476609601822 -63.39437006149612 3.2
      vertex 91.42294857558085 -61.99377761337697 3.2
      vertex 91.44536880411785 -63.47347907025882 3.2
    endloop
  endfacet
  facet normal 0 0 -1
    outer loop
      vertex 91.44536880411785 -63.47347907025882 3.2
      vertex 91.85000000000001 -62.050000000000004 3.2
      vertex 91.85000000000001 -63.50000000000001 3.2
    endloop
  endfacet
  facet normal 0 0 -1
    outer loop
      vertex 91.0476609601822 -63.39437006149612 3.2
      vertex 91.025 -61.82894191624433 3.2
      vertex 91.21857233659762 -61.92440122864363 3.2
    endloop
  endfacet
  facet normal 0 0 -1
    outer loop
      vertex 91.0476609601822 -63.39437006149612 3.2
      vertex 91.21857233659762 -61.92440122864363 3.2
      vertex 91.42294857558085 -61.99377761337697 3.2
    endloop
  endfacet
  facet normal 0 0 -1
    outer loop
      vertex 91.44536880411785 -63.47347907025882 3.2
      vertex 91.63463178283692 -62.035884021266796 3.2
      vertex 91.85000000000001 -62.050000000000004 3.2
    endloop
  endfacet
  facet normal 0 0 -1
    outer loop
      vertex 91.44536880411785 -63.47347907025882 3.2
      vertex 91.42294857558085 -61.99377761337697 3.2
      vertex 91.63463178283692 -62.035884021266796 3.2
    endloop
  endfacet
  facet normal 0 0 -1
    outer loop
      vertex 89.6579689783217 -62.5920310216783 3.2
      vertex 89.6579689783217 -58.20796897832171 3.2
      vertex 89.96283957007297 -62.85939535490284 3.2
    endloop
  endfacet
  facet normal 0 0 -1
    outer loop
      vertex 90.30000000000001 -63.084678751731765 3.2
      vertex 89.96283957007297 -62.85939535490284 3.2
      vertex 89.96283957007297 -57.940604645097174 3.2
    endloop
  endfacet
  facet normal 0 0 -1
    outer loop
      vertex 88.98597344921502 -61.58631864033178 3.2
      vertex 88.98597344921502 -59.21368135966823 3.2
      vertex 89.16532124826824 -61.95 3.2
    endloop
  endfacet
  facet normal 0 0 -1
    outer loop
      vertex 88.98597344921502 -61.58631864033178 3.2
      vertex 88.8556299385039 -61.20233903981782 3.2
      vertex 88.8556299385039 -59.59766096018219 3.2
    endloop
  endfacet
  facet normal 0 0 -1
    outer loop
      vertex 89.39060464509718 -62.28716042992704 3.2
      vertex 89.16532124826824 -61.95 3.2
      vertex 89.16532124826824 -58.85000000000001 3.2
    endloop
  endfacet
  facet normal 0 0 -1
    outer loop
      vertex 88.8556299385039 -61.20233903981782 3.2
      vertex 88.7765209297412 -60.804631195882166 3.2
      vertex 88.7765209297412 -59.995368804117845 3.2
    endloop
  endfacet
  facet normal 0 0 -1
    outer loop
      vertex 88.7765209297412 -60.804631195882166 3.2
      vertex 88.75000000000001 -60.400000000000006 3.2
      vertex 88.7765209297412 -59.995368804117845 3.2
    endloop
  endfacet
  facet normal 0 0 -1
    outer loop
      vertex 88.8556299385039 -61.20233903981782 3.2
      vertex 88.7765209297412 -59.995368804117845 3.2
      vertex 88.8556299385039 -59.59766096018219 3.2
    endloop
  endfacet
  facet normal 0 0 -1
    outer loop
      vertex 89.6579689783217 -62.5920310216783 3.2
      vertex 89.39060464509718 -62.28716042992704 3.2
      vertex 89.39060464509718 -58.51283957007297 3.2
    endloop
  endfacet
  facet normal 0 0 -1
    outer loop
      vertex 90.30000000000001 -63.084678751731765 3.2
      vertex 89.96283957007297 -57.940604645097174 3.2
      vertex 90.2 -60.400000000000006 3.2
    endloop
  endfacet
  facet normal 0 0 -1
    outer loop
      vertex 90.30000000000001 -63.084678751731765 3.2
      vertex 90.54096698851947 -61.4044563578644 3.2
      vertex 90.6832738110422 -61.56672618895781 3.2
    endloop
  endfacet
  facet normal 0 0 -1
    outer loop
      vertex 90.30000000000001 -63.084678751731765 3.2
      vertex 90.32559877135638 -61.031427663402404 3.2
      vertex 90.42105808375568 -61.22500000000001 3.2
    endloop
  endfacet
  facet normal 0 0 -1
    outer loop
      vertex 90.30000000000001 -63.084678751731765 3.2
      vertex 90.42105808375568 -61.22500000000001 3.2
      vertex 90.54096698851947 -61.4044563578644 3.2
    endloop
  endfacet
  facet normal 0 0 -1
    outer loop
      vertex 90.66368135966823 -63.264026550785 3.2
      vertex 90.6832738110422 -61.56672618895781 3.2
      vertex 90.84554364213562 -61.70903301148054 3.2
    endloop
  endfacet
  facet normal 0 0 -1
    outer loop
      vertex 90.30000000000001 -63.084678751731765 3.2
      vertex 90.25622238662305 -60.82705142441917 3.2
      vertex 90.32559877135638 -61.031427663402404 3.2
    endloop
  endfacet
  facet normal 0 0 -1
    outer loop
      vertex 90.30000000000001 -63.084678751731765 3.2
      vertex 90.21411597873322 -60.61536821716309 3.2
      vertex 90.25622238662305 -60.82705142441917 3.2
    endloop
  endfacet
  facet normal 0 0 -1
    outer loop
      vertex 90.30000000000001 -63.084678751731765 3.2
      vertex 90.2 -60.400000000000006 3.2
      vertex 90.21411597873322 -60.61536821716309 3.2
    endloop
  endfacet
  facet normal 0 0 -1
    outer loop
      vertex 88.98597344921502 -61.58631864033178 3.2
      vertex 88.8556299385039 -59.59766096018219 3.2
      vertex 88.98597344921502 -59.21368135966823 3.2
    endloop
  endfacet
  facet normal 0 0 -1
    outer loop
      vertex 88.98597344921502 -59.21368135966823 3.2
      vertex 89.16532124826824 -58.85000000000001 3.2
      vertex 89.16532124826824 -61.95 3.2
    endloop
  endfacet
  facet normal 0 0 -1
    outer loop
      vertex 89.39060464509718 -62.28716042992704 3.2
      vertex 89.16532124826824 -58.85000000000001 3.2
      vertex 89.39060464509718 -58.51283957007297 3.2
    endloop
  endfacet
  facet normal 0 0 -1
    outer loop
      vertex 89.6579689783217 -62.5920310216783 3.2
      vertex 89.39060464509718 -58.51283957007297 3.2
      vertex 89.6579689783217 -58.20796897832171 3.2
    endloop
  endfacet
  facet normal 0 0 -1
    outer loop
      vertex 89.96283957007297 -62.85939535490284 3.2
      vertex 89.6579689783217 -58.20796897832171 3.2
      vertex 89.96283957007297 -57.940604645097174 3.2
    endloop
  endfacet
  facet normal 0 0 -1
    outer loop
      vertex 90.2 -60.400000000000006 3.2
      vertex 89.96283957007297 -57.940604645097174 3.2
      vertex 90.21411597873322 -60.184631782836924 3.2
    endloop
  endfacet
  facet normal 0 0 -1
    outer loop
      vertex 90.21411597873322 -60.184631782836924 3.2
      vertex 89.96283957007297 -57.940604645097174 3.2
      vertex 90.25622238662305 -59.972948575580844 3.2
    endloop
  endfacet
  facet normal 0 0 -1
    outer loop
      vertex 90.25622238662305 -59.972948575580844 3.2
      vertex 89.96283957007297 -57.940604645097174 3.2
      vertex 90.30000000000001 -57.715321248268246 3.2
    endloop
  endfacet
  facet normal 0 0 -1
    outer loop
      vertex 90.25622238662305 -59.972948575580844 3.2
      vertex 90.30000000000001 -57.715321248268246 3.2
      vertex 90.32559877135638 -59.76857233659761 3.2
    endloop
  endfacet
  facet normal 0 0 -1
    outer loop
      vertex 90.32559877135638 -59.76857233659761 3.2
      vertex 90.30000000000001 -57.715321248268246 3.2
      vertex 90.42105808375568 -59.575 3.2
    endloop
  endfacet
  facet normal 0 0 -1
    outer loop
      vertex 90.42105808375568 -59.575 3.2
      vertex 90.30000000000001 -57.715321248268246 3.2
      vertex 90.54096698851947 -59.395543642135614 3.2
    endloop
  endfacet
  facet normal 0 0 -1
    outer loop
      vertex 90.54096698851947 -59.395543642135614 3.2
      vertex 90.66368135966823 -57.535973449215014 3.2
      vertex 90.6832738110422 -59.2332738110422 3.2
    endloop
  endfacet
  facet normal 0 0 -1
    outer loop
      vertex 90.6832738110422 -59.2332738110422 3.2
      vertex 90.66368135966823 -57.535973449215014 3.2
      vertex 90.84554364213562 -59.09096698851947 3.2
    endloop
  endfacet
  facet normal 0 0 -1
    outer loop
      vertex 90.30000000000001 -57.715321248268246 3.2
      vertex 90.66368135966823 -57.535973449215014 3.2
      vertex 90.54096698851947 -59.395543642135614 3.2
    endloop
  endfacet
  facet normal 0 0 -1
    outer loop
      vertex 90.84554364213562 -59.09096698851947 3.2
      vertex 90.66368135966823 -57.535973449215014 3.2
      vertex 91.025 -58.97105808375568 3.2
    endloop
  endfacet
  facet normal 0 0 -1
    outer loop
      vertex 91.025 -58.97105808375568 3.2
      vertex 91.0476609601822 -57.40562993850389 3.2
      vertex 91.21857233659762 -58.87559877135638 3.2
    endloop
  endfacet
  facet normal 0 0 -1
    outer loop
      vertex 91.21857233659762 -58.87559877135638 3.2
      vertex 91.0476609601822 -57.40562993850389 3.2
      vertex 91.42294857558085 -58.80622238662304 3.2
    endloop
  endfacet
  facet normal 0 0 -1
    outer loop
      vertex 91.42294857558085 -58.80622238662304 3.2
      vertex 91.44536880411785 -57.32652092974119 3.2
      vertex 91.63463178283692 -58.764115978733216 3.2
    endloop
  endfacet
  facet normal 0 0 -1
    outer loop
      vertex 91.85000000000001 -63.50000000000001 3.2
      vertex 92.0653682171631 -62.035884021266796 3.2
      vertex 92.25463119588217 -63.47347907025882 3.2
    endloop
  endfacet
  facet normal 0 0 -1
    outer loop
      vertex 92.25463119588217 -63.47347907025882 3.2
      vertex 92.27705142441917 -61.99377761337697 3.2
      vertex 92.65233903981782 -63.39437006149612 3.2
    endloop
  endfacet
  facet normal 0 0 -1
    outer loop
      vertex 91.85000000000001 -63.50000000000001 3.2
      vertex 91.85000000000001 -62.050000000000004 3.2
      vertex 92.0653682171631 -62.035884021266796 3.2
    endloop
  endfacet
  facet normal 0 0 -1
    outer loop
      vertex 92.25463119588217 -63.47347907025882 3.2
      vertex 92.0653682171631 -62.035884021266796 3.2
      vertex 92.27705142441917 -61.99377761337697 3.2
    endloop
  endfacet
  facet normal 0 0 -1
    outer loop
      vertex 92.65233903981782 -63.39437006149612 3.2
      vertex 92.27705142441917 -61.99377761337697 3.2
      vertex 92.4814276634024 -61.92440122864363 3.2
    endloop
  endfacet
  facet normal 0 0 -1
    outer loop
      vertex 92.65233903981782 -63.39437006149612 3.2
      vertex 92.67500000000001 -61.82894191624433 3.2
      vertex 93.03631864033179 -63.264026550785 3.2
    endloop
  endfacet
  facet normal 0 0 -1
    outer loop
      vertex 92.65233903981782 -63.39437006149612 3.2
      vertex 92.4814276634024 -61.92440122864363 3.2
      vertex 92.67500000000001 -61.82894191624433 3.2
    endloop
  endfacet
  facet normal 0 0 -1
    outer loop
      vertex 93.03631864033179 -63.264026550785 3.2
      vertex 92.67500000000001 -61.82894191624433 3.2
      vertex 92.8544563578644 -61.70903301148054 3.2
    endloop
  endfacet
  facet normal 0 0 -1
    outer loop
      vertex 93.03631864033179 -63.264026550785 3.2
      vertex 93.15903301148055 -61.4044563578644 3.2
      vertex 93.4 -63.084678751731765 3.2
    endloop
  endfacet
  facet normal 0 0 -1
    outer loop
      vertex 93.4 -63.084678751731765 3.2
      vertex 93.44377761337697 -60.82705142441917 3.2
      vertex 93.73716042992704 -62.85939535490284 3.2
    endloop
  endfacet
  facet normal 0 0 -1
    outer loop
      vertex 93.03631864033179 -63.264026550785 3.2
      vertex 92.8544563578644 -61.70903301148054 3.2
      vertex 93.01672618895782 -61.56672618895781 3.2
    endloop
  endfacet
  facet normal 0 0 -1
    outer loop
      vertex 93.03631864033179 -63.264026550785 3.2
      vertex 93.01672618895782 -61.56672618895781 3.2
      vertex 93.15903301148055 -61.4044563578644 3.2
    endloop
  endfacet
  facet normal 0 0 -1
    outer loop
      vertex 93.4 -63.084678751731765 3.2
      vertex 93.15903301148055 -61.4044563578644 3.2
      vertex 93.27894191624434 -61.22500000000001 3.2
    endloop
  endfacet
  facet normal 0 0 -1
    outer loop
      vertex 93.4 -63.084678751731765 3.2
      vertex 93.27894191624434 -61.22500000000001 3.2
      vertex 93.37440122864363 -61.031427663402404 3.2
    endloop
  endfacet
  facet normal 0 0 -1
    outer loop
      vertex 93.4 -63.084678751731765 3.2
      vertex 93.37440122864363 -61.031427663402404 3.2
      vertex 93.44377761337697 -60.82705142441917 3.2
    endloop
  endfacet
  facet normal 0 0 -1
    outer loop
      vertex 93.73716042992704 -62.85939535490284 3.2
      vertex 93.44377761337697 -60.82705142441917 3.2
      vertex 93.4858840212668 -60.61536821716309 3.2
    endloop
  endfacet
  facet normal 0 0 -1
    outer loop
      vertex 93.73716042992704 -62.85939535490284 3.2
      vertex 93.4858840212668 -60.61536821716309 3.2
      vertex 93.50000000000001 -60.400000000000006 3.2
    endloop
  endfacet
  facet normal 0 0 -1
    outer loop
      vertex 93.73716042992704 -62.85939535490284 3.2
      vertex 93.73716042992704 -57.940604645097174 3.2
      vertex 94.04203102167831 -62.5920310216783 3.2
    endloop
  endfacet
  facet normal 0 0 -1
    outer loop
      vertex 93.73716042992704 -62.85939535490284 3.2
      vertex 93.50000000000001 -60.400000000000006 3.2
      vertex 93.4 -57.715321248268246 3.2
    endloop
  endfacet
  facet normal 0 0 -1
    outer loop
      vertex 94.04203102167831 -62.5920310216783 3.2
      vertex 94.04203102167831 -58.20796897832171 3.2
      vertex 94.30939535490283 -62.28716042992704 3.2
    endloop
  endfacet
  facet normal 0 0 -1
    outer loop
      vertex 94.30939535490283 -62.28716042992704 3.2
      vertex 94.30939535490283 -58.51283957007297 3.2
      vertex 94.53467875173178 -61.95 3.2
    endloop
  endfacet
  facet normal 0 0 -1
    outer loop
      vertex 94.53467875173178 -61.95 3.2
      vertex 94.53467875173178 -58.85000000000001 3.2
      vertex 94.714026550785 -61.58631864033178 3.2
    endloop
  endfacet
  facet normal 0 0 -1
    outer loop
      vertex 94.714026550785 -61.58631864033178 3.2
      vertex 94.714026550785 -59.21368135966823 3.2
      vertex 94.84437006149612 -61.20233903981782 3.2
    endloop
  endfacet
  facet normal 0 0 -1
    outer loop
      vertex 91.63463178283692 -58.764115978733216 3.2
      vertex 91.85000000000001 -57.300000000000004 3.2
      vertex 91.85000000000001 -58.75000000000001 3.2
    endloop
  endfacet
  facet normal 0 0 -1
    outer loop
      vertex 91.85000000000001 -58.75000000000001 3.2
      vertex 92.25463119588217 -57.32652092974119 3.2
      vertex 92.0653682171631 -58.764115978733216 3.2
    endloop
  endfacet
  facet normal 0 0 -1
    outer loop
      vertex 92.27705142441917 -58.80622238662304 3.2
      vertex 92.65233903981782 -57.40562993850389 3.2
      vertex 92.4814276634024 -58.87559877135638 3.2
    endloop
  endfacet
  facet normal 0 0 -1
    outer loop
      vertex 92.27705142441917 -58.80622238662304 3.2
      vertex 92.0653682171631 -58.764115978733216 3.2
      vertex 92.25463119588217 -57.32652092974119 3.2
    endloop
  endfacet
  facet normal 0 0 -1
    outer loop
      vertex 92.8544563578644 -59.09096698851947 3.2
      vertex 93.03631864033179 -57.535973449215014 3.2
      vertex 93.01672618895782 -59.2332738110422 3.2
    endloop
  endfacet
  facet normal 0 0 -1
    outer loop
      vertex 93.01672618895782 -59.2332738110422 3.2
      vertex 93.4 -57.715321248268246 3.2
      vertex 93.15903301148055 -59.395543642135614 3.2
    endloop
  endfacet
  facet normal 0 0 -1
    outer loop
      vertex 92.4814276634024 -58.87559877135638 3.2
      vertex 92.65233903981782 -57.40562993850389 3.2
      vertex 92.67500000000001 -58.97105808375568 3.2
    endloop
  endfacet
  facet normal 0 0 -1
    outer loop
      vertex 92.67500000000001 -58.97105808375568 3.2
      vertex 93.03631864033179 -57.535973449215014 3.2
      vertex 92.8544563578644 -59.09096698851947 3.2
    endloop
  endfacet
  facet normal 0 0 -1
    outer loop
      vertex 93.01672618895782 -59.2332738110422 3.2
      vertex 93.03631864033179 -57.535973449215014 3.2
      vertex 93.4 -57.715321248268246 3.2
    endloop
  endfacet
  facet normal 0 0 -1
    outer loop
      vertex 93.50000000000001 -60.400000000000006 3.2
      vertex 93.4858840212668 -60.184631782836924 3.2
      vertex 93.4 -57.715321248268246 3.2
    endloop
  endfacet
  facet normal 0 0 -1
    outer loop
      vertex 93.73716042992704 -62.85939535490284 3.2
      vertex 93.4 -57.715321248268246 3.2
      vertex 93.73716042992704 -57.940604645097174 3.2
    endloop
  endfacet
  facet normal 0 0 -1
    outer loop
      vertex 93.44377761337697 -59.972948575580844 3.2
      vertex 93.4 -57.715321248268246 3.2
      vertex 93.4858840212668 -60.184631782836924 3.2
    endloop
  endfacet
  facet normal 0 0 -1
    outer loop
      vertex 93.44377761337697 -59.972948575580844 3.2
      vertex 93.37440122864363 -59.76857233659761 3.2
      vertex 93.4 -57.715321248268246 3.2
    endloop
  endfacet
  facet normal 0 0 -1
    outer loop
      vertex 94.04203102167831 -62.5920310216783 3.2
      vertex 93.73716042992704 -57.940604645097174 3.2
      vertex 94.04203102167831 -58.20796897832171 3.2
    endloop
  endfacet
  facet normal 0 0 -1
    outer loop
      vertex 94.30939535490283 -62.28716042992704 3.2
      vertex 94.04203102167831 -58.20796897832171 3.2
      vertex 94.30939535490283 -58.51283957007297 3.2
    endloop
  endfacet
  facet normal 0 0 -1
    outer loop
      vertex 94.53467875173178 -61.95 3.2
      vertex 94.30939535490283 -58.51283957007297 3.2
      vertex 94.53467875173178 -58.85000000000001 3.2
    endloop
  endfacet
  facet normal 0 0 -1
    outer loop
      vertex 94.714026550785 -61.58631864033178 3.2
      vertex 94.53467875173178 -58.85000000000001 3.2
      vertex 94.714026550785 -59.21368135966823 3.2
    endloop
  endfacet
  facet normal 0 0 -1
    outer loop
      vertex 93.27894191624434 -59.575 3.2
      vertex 93.4 -57.715321248268246 3.2
      vertex 93.37440122864363 -59.76857233659761 3.2
    endloop
  endfacet
  facet normal 0 0 -1
    outer loop
      vertex 93.27894191624434 -59.575 3.2
      vertex 93.15903301148055 -59.395543642135614 3.2
      vertex 93.4 -57.715321248268246 3.2
    endloop
  endfacet
  facet normal 0 0 -1
    outer loop
      vertex 94.84437006149612 -61.20233903981782 3.2
      vertex 94.84437006149612 -59.59766096018219 3.2
      vertex 94.92347907025882 -60.804631195882166 3.2
    endloop
  endfacet
  facet normal 0 0 -1
    outer loop
      vertex 94.92347907025882 -60.804631195882166 3.2
      vertex 94.92347907025882 -59.995368804117845 3.2
      vertex 94.95 -60.400000000000006 3.2
    endloop
  endfacet
  facet normal 0 0 -1
    outer loop
      vertex 94.92347907025882 -60.804631195882166 3.2
      vertex 94.84437006149612 -59.59766096018219 3.2
      vertex 94.92347907025882 -59.995368804117845 3.2
    endloop
  endfacet
  facet normal 0 0 -1
    outer loop
      vertex 94.84437006149612 -61.20233903981782 3.2
      vertex 94.714026550785 -59.21368135966823 3.2
      vertex 94.84437006149612 -59.59766096018219 3.2
    endloop
  endfacet
  facet normal 0 0 -1
    outer loop
      vertex 91.025 -58.97105808375568 3.2
      vertex 90.66368135966823 -57.535973449215014 3.2
      vertex 91.0476609601822 -57.40562993850389 3.2
    endloop
  endfacet
  facet normal 0 0 -1
    outer loop
      vertex 91.42294857558085 -58.80622238662304 3.2
      vertex 91.0476609601822 -57.40562993850389 3.2
      vertex 91.44536880411785 -57.32652092974119 3.2
    endloop
  endfacet
  facet normal 0 0 -1
    outer loop
      vertex 91.63463178283692 -58.764115978733216 3.2
      vertex 91.44536880411785 -57.32652092974119 3.2
      vertex 91.85000000000001 -57.300000000000004 3.2
    endloop
  endfacet
  facet normal 0 0 -1
    outer loop
      vertex 91.85000000000001 -58.75000000000001 3.2
      vertex 91.85000000000001 -57.300000000000004 3.2
      vertex 92.25463119588217 -57.32652092974119 3.2
    endloop
  endfacet
  facet normal 0 0 -1
    outer loop
      vertex 92.27705142441917 -58.80622238662304 3.2
      vertex 92.25463119588217 -57.32652092974119 3.2
      vertex 92.65233903981782 -57.40562993850389 3.2
    endloop
  endfacet
  facet normal 0 0 -1
    outer loop
      vertex 92.67500000000001 -58.97105808375568 3.2
      vertex 92.65233903981782 -57.40562993850389 3.2
      vertex 93.03631864033179 -57.535973449215014 3.2
    endloop
  endfacet
  facet normal 0.5555702330195921 0.831469612302552 0
    outer loop
      vertex 89.96283957007297 57.940604645097174 3.2
      vertex 90.30000000000001 57.715321248268246 0
      vertex 89.96283957007297 57.940604645097174 0
    endloop
  endfacet
  facet normal 0.32143946530315565 0.9469301294951077 0
    outer loop
      vertex 90.66368135966823 57.535973449215014 3.2
      vertex 91.0476609601822 57.40562993850389 0
      vertex 90.66368135966823 57.535973449215014 0
    endloop
  endfacet
  facet normal 0.4422886902190092 0.8968727415326844 0
    outer loop
      vertex 90.30000000000001 57.715321248268246 3.2
      vertex 90.66368135966823 57.535973449215014 0
      vertex 90.30000000000001 57.715321248268246 0
    endloop
  endfacet
  facet normal 0.19509032201612891 0.9807852804032303 0
    outer loop
      vertex 91.0476609601822 57.40562993850389 3.2
      vertex 91.44536880411785 57.32652092974119 0
      vertex 91.0476609601822 57.40562993850389 0
    endloop
  endfacet
  facet normal 0.06540312923014507 0.9978589232386033 0
    outer loop
      vertex 91.44536880411785 57.32652092974119 3.2
      vertex 91.85000000000001 57.300000000000004 0
      vertex 91.44536880411785 57.32652092974119 0
    endloop
  endfacet
  facet normal -0.06540312923014507 0.9978589232386033 0
    outer loop
      vertex 91.85000000000001 57.300000000000004 3.2
      vertex 92.25463119588217 57.32652092974119 0
      vertex 91.85000000000001 57.300000000000004 0
    endloop
  endfacet
  facet normal -0.19509032201612891 0.9807852804032303 0
    outer loop
      vertex 92.25463119588217 57.32652092974119 3.2
      vertex 92.65233903981782 57.40562993850389 0
      vertex 92.25463119588217 57.32652092974119 0
    endloop
  endfacet
  facet normal -0.32143946530315565 0.9469301294951077 0
    outer loop
      vertex 92.65233903981782 57.40562993850389 3.2
      vertex 93.03631864033179 57.535973449215014 0
      vertex 92.65233903981782 57.40562993850389 0
    endloop
  endfacet
  facet normal -0.4422886902190092 0.8968727415326844 0
    outer loop
      vertex 93.03631864033179 57.535973449215014 3.2
      vertex 93.4 57.715321248268246 0
      vertex 93.03631864033179 57.535973449215014 0
    endloop
  endfacet
  facet normal -0.5555702330195921 0.831469612302552 0
    outer loop
      vertex 93.4 57.715321248268246 3.2
      vertex 93.73716042992704 57.940604645097174 0
      vertex 93.4 57.715321248268246 0
    endloop
  endfacet
  facet normal -0.659345815100068 0.7518398074789784 0
    outer loop
      vertex 93.73716042992704 57.940604645097174 3.2
      vertex 94.04203102167831 58.20796897832171 0
      vertex 93.73716042992704 57.940604645097174 0
    endloop
  endfacet
  facet normal 0.8968727415326984 0.442288690218981 0
    outer loop
      vertex 88.98597344921502 59.21368135966823 3.2
      vertex 89.16532124826824 58.85000000000001 0
      vertex 88.98597344921502 59.21368135966823 0
    endloop
  endfacet
  facet normal 0.8314696123025358 0.5555702330196164 0
    outer loop
      vertex 89.16532124826824 58.85000000000001 3.2
      vertex 89.39060464509718 58.51283957007297 0
      vertex 89.16532124826824 58.85000000000001 0
    endloop
  endfacet
  facet normal 0.659345815100068 0.7518398074789784 0
    outer loop
      vertex 89.6579689783217 58.20796897832171 3.2
      vertex 89.96283957007297 57.940604645097174 0
      vertex 89.6579689783217 58.20796897832171 0
    endloop
  endfacet
  facet normal 0.7518398074789882 0.6593458151000567 0
    outer loop
      vertex 89.39060464509718 58.51283957007297 3.2
      vertex 89.6579689783217 58.20796897832171 0
      vertex 89.39060464509718 58.51283957007297 0
    endloop
  endfacet
  facet normal 0.9469301294951005 0.32143946530317663 0
    outer loop
      vertex 88.8556299385039 59.59766096018219 3.2
      vertex 88.98597344921502 59.21368135966823 0
      vertex 88.8556299385039 59.59766096018219 0
    endloop
  endfacet
  facet normal 0.980785280403231 0.19509032201612556 0
    outer loop
      vertex 88.7765209297412 59.995368804117845 3.2
      vertex 88.8556299385039 59.59766096018219 0
      vertex 88.7765209297412 59.995368804117845 0
    endloop
  endfacet
  facet normal 0.9978589232386045 0.06540312923012763 0
    outer loop
      vertex 88.75000000000001 60.400000000000006 3.2
      vertex 88.7765209297412 59.995368804117845 0
      vertex 88.75000000000001 60.400000000000006 0
    endloop
  endfacet
  facet normal 0.9978589232386045 -0.06540312923012763 0
    outer loop
      vertex 88.7765209297412 60.804631195882166 3.2
      vertex 88.75000000000001 60.400000000000006 0
      vertex 88.7765209297412 60.804631195882166 0
    endloop
  endfacet
  facet normal 0.980785280403231 -0.19509032201612556 0
    outer loop
      vertex 88.8556299385039 61.20233903981782 3.2
      vertex 88.7765209297412 60.804631195882166 0
      vertex 88.8556299385039 61.20233903981782 0
    endloop
  endfacet
  facet normal 0.9469301294951005 -0.32143946530317663 0
    outer loop
      vertex 88.98597344921502 61.58631864033178 3.2
      vertex 88.8556299385039 61.20233903981782 0
      vertex 88.98597344921502 61.58631864033178 0
    endloop
  endfacet
  facet normal 0.8968727415326984 -0.442288690218981 0
    outer loop
      vertex 89.16532124826824 61.95 3.2
      vertex 88.98597344921502 61.58631864033178 0
      vertex 89.16532124826824 61.95 0
    endloop
  endfacet
  facet normal 0.8314696123025358 -0.5555702330196164 0
    outer loop
      vertex 89.39060464509718 62.28716042992704 3.2
      vertex 89.16532124826824 61.95 0
      vertex 89.39060464509718 62.28716042992704 0
    endloop
  endfacet
  facet normal 0.7518398074789882 -0.6593458151000567 0
    outer loop
      vertex 89.6579689783217 62.5920310216783 3.2
      vertex 89.39060464509718 62.28716042992704 0
      vertex 89.6579689783217 62.5920310216783 0
    endloop
  endfacet
  facet normal 0.659345815100068 -0.7518398074789784 0
    outer loop
      vertex 89.96283957007297 62.85939535490284 3.2
      vertex 89.6579689783217 62.5920310216783 0
      vertex 89.96283957007297 62.85939535490284 0
    endloop
  endfacet
  facet normal 0.5555702330195921 -0.831469612302552 0
    outer loop
      vertex 90.30000000000001 63.084678751731765 3.2
      vertex 89.96283957007297 62.85939535490284 0
      vertex 90.30000000000001 63.084678751731765 0
    endloop
  endfacet
  facet normal 0.4422886902190092 -0.8968727415326844 0
    outer loop
      vertex 90.66368135966823 63.264026550785 3.2
      vertex 90.30000000000001 63.084678751731765 0
      vertex 90.66368135966823 63.264026550785 0
    endloop
  endfacet
  facet normal 0.32143946530315565 -0.9469301294951077 0
    outer loop
      vertex 91.0476609601822 63.39437006149612 3.2
      vertex 90.66368135966823 63.264026550785 0
      vertex 91.0476609601822 63.39437006149612 0
    endloop
  endfacet
  facet normal 0.19509032201612891 -0.9807852804032303 0
    outer loop
      vertex 91.44536880411785 63.47347907025882 3.2
      vertex 91.0476609601822 63.39437006149612 0
      vertex 91.44536880411785 63.47347907025882 0
    endloop
  endfacet
  facet normal 0.06540312923014507 -0.9978589232386033 0
    outer loop
      vertex 91.85000000000001 63.50000000000001 3.2
      vertex 91.44536880411785 63.47347907025882 0
      vertex 91.85000000000001 63.50000000000001 0
    endloop
  endfacet
  facet normal -0.7518398074789882 0.6593458151000567 0
    outer loop
      vertex 94.04203102167831 58.20796897832171 3.2
      vertex 94.30939535490283 58.51283957007297 0
      vertex 94.04203102167831 58.20796897832171 0
    endloop
  endfacet
  facet normal -0.8314696123025358 0.5555702330196164 0
    outer loop
      vertex 94.30939535490283 58.51283957007297 3.2
      vertex 94.53467875173178 58.85000000000001 0
      vertex 94.30939535490283 58.51283957007297 0
    endloop
  endfacet
  facet normal -0.8968727415326984 0.442288690218981 0
    outer loop
      vertex 94.53467875173178 58.85000000000001 3.2
      vertex 94.714026550785 59.21368135966823 0
      vertex 94.53467875173178 58.85000000000001 0
    endloop
  endfacet
  facet normal -0.9469301294951005 0.32143946530317663 0
    outer loop
      vertex 94.714026550785 59.21368135966823 3.2
      vertex 94.84437006149612 59.59766096018219 0
      vertex 94.714026550785 59.21368135966823 0
    endloop
  endfacet
  facet normal -0.8968727415326984 -0.442288690218981 0
    outer loop
      vertex 94.714026550785 61.58631864033178 3.2
      vertex 94.53467875173178 61.95 0
      vertex 94.714026550785 61.58631864033178 0
    endloop
  endfacet
  facet normal -0.8314696123025358 -0.5555702330196164 0
    outer loop
      vertex 94.53467875173178 61.95 3.2
      vertex 94.30939535490283 62.28716042992704 0
      vertex 94.53467875173178 61.95 0
    endloop
  endfacet
  facet normal -0.980785280403231 0.19509032201612556 0
    outer loop
      vertex 94.84437006149612 59.59766096018219 3.2
      vertex 94.92347907025882 59.995368804117845 0
      vertex 94.84437006149612 59.59766096018219 0
    endloop
  endfacet
  facet normal -0.9978589232386045 0.06540312923012763 0
    outer loop
      vertex 94.92347907025882 59.995368804117845 3.2
      vertex 94.95 60.400000000000006 0
      vertex 94.92347907025882 59.995368804117845 0
    endloop
  endfacet
  facet normal -0.9978589232386045 -0.06540312923012763 0
    outer loop
      vertex 94.95 60.400000000000006 3.2
      vertex 94.92347907025882 60.804631195882166 0
      vertex 94.95 60.400000000000006 0
    endloop
  endfacet
  facet normal -0.980785280403231 -0.19509032201612556 0
    outer loop
      vertex 94.92347907025882 60.804631195882166 3.2
      vertex 94.84437006149612 61.20233903981782 0
      vertex 94.92347907025882 60.804631195882166 0
    endloop
  endfacet
  facet normal -0.9469301294951005 -0.32143946530317663 0
    outer loop
      vertex 94.84437006149612 61.20233903981782 3.2
      vertex 94.714026550785 61.58631864033178 0
      vertex 94.84437006149612 61.20233903981782 0
    endloop
  endfacet
  facet normal -0.06540312923014507 -0.9978589232386033 0
    outer loop
      vertex 92.25463119588217 63.47347907025882 3.2
      vertex 91.85000000000001 63.50000000000001 0
      vertex 92.25463119588217 63.47347907025882 0
    endloop
  endfacet
  facet normal -0.19509032201612891 -0.9807852804032303 0
    outer loop
      vertex 92.65233903981782 63.39437006149612 3.2
      vertex 92.25463119588217 63.47347907025882 0
      vertex 92.65233903981782 63.39437006149612 0
    endloop
  endfacet
  facet normal -0.32143946530315565 -0.9469301294951077 0
    outer loop
      vertex 93.03631864033179 63.264026550785 3.2
      vertex 92.65233903981782 63.39437006149612 0
      vertex 93.03631864033179 63.264026550785 0
    endloop
  endfacet
  facet normal -0.659345815100068 -0.7518398074789784 0
    outer loop
      vertex 94.04203102167831 62.5920310216783 3.2
      vertex 93.73716042992704 62.85939535490284 0
      vertex 94.04203102167831 62.5920310216783 0
    endloop
  endfacet
  facet normal -0.5555702330195921 -0.831469612302552 0
    outer loop
      vertex 93.73716042992704 62.85939535490284 3.2
      vertex 93.4 63.084678751731765 0
      vertex 93.73716042992704 62.85939535490284 0
    endloop
  endfacet
  facet normal -0.4422886902190092 -0.8968727415326844 0
    outer loop
      vertex 93.4 63.084678751731765 3.2
      vertex 93.03631864033179 63.264026550785 0
      vertex 93.4 63.084678751731765 0
    endloop
  endfacet
  facet normal -0.7518398074789882 -0.6593458151000567 0
    outer loop
      vertex 94.30939535490283 62.28716042992704 3.2
      vertex 94.04203102167831 62.5920310216783 0
      vertex 94.30939535490283 62.28716042992704 0
    endloop
  endfacet
  facet normal 0.5555702330195921 0.831469612302552 -3.3621631009589064e-18
    outer loop
      vertex 89.96283957007297 57.940604645097174 3.2
      vertex 90.30000000000001 57.715321248268246 3.2
      vertex 90.30000000000001 57.715321248268246 0
    endloop
  endfacet
  facet normal 0.659345815100068 0.7518398074789784 3.6943983401599065e-18
    outer loop
      vertex 89.6579689783217 58.20796897832171 3.2
      vertex 89.96283957007297 57.940604645097174 3.2
      vertex 89.96283957007297 57.940604645097174 0
    endloop
  endfacet
  facet normal 0.32143946530315565 0.9469301294951077 -8.040736729796391e-19
    outer loop
      vertex 90.66368135966823 57.535973449215014 3.2
      vertex 91.0476609601822 57.40562993850389 3.2
      vertex 91.0476609601822 57.40562993850389 0
    endloop
  endfacet
  facet normal 0.4422886902190092 0.8968727415326844 0
    outer loop
      vertex 90.66368135966823 57.535973449215014 3.2
      vertex 90.66368135966823 57.535973449215014 0
      vertex 90.30000000000001 57.715321248268246 3.2
    endloop
  endfacet
  facet normal 0.19509032201612891 0.9807852804032303 1.2063778106837747e-19
    outer loop
      vertex 91.0476609601822 57.40562993850389 3.2
      vertex 91.44536880411785 57.32652092974119 3.2
      vertex 91.44536880411785 57.32652092974119 0
    endloop
  endfacet
  facet normal 0.06540312923014507 0.9978589232386033 1.1414141371658457e-19
    outer loop
      vertex 91.44536880411785 57.32652092974119 3.2
      vertex 91.85000000000001 57.300000000000004 3.2
      vertex 91.85000000000001 57.300000000000004 0
    endloop
  endfacet
  facet normal -0.06540312923014507 0.9978589232386033 -1.1414141371658457e-19
    outer loop
      vertex 91.85000000000001 57.300000000000004 3.2
      vertex 92.25463119588217 57.32652092974119 3.2
      vertex 92.25463119588217 57.32652092974119 0
    endloop
  endfacet
  facet normal -0.19509032201612891 0.9807852804032303 -1.2063778106837747e-19
    outer loop
      vertex 92.25463119588217 57.32652092974119 3.2
      vertex 92.65233903981782 57.40562993850389 3.2
      vertex 92.65233903981782 57.40562993850389 0
    endloop
  endfacet
  facet normal -0.32143946530315565 0.9469301294951077 8.040736729796391e-19
    outer loop
      vertex 92.65233903981782 57.40562993850389 3.2
      vertex 93.03631864033179 57.535973449215014 3.2
      vertex 93.03631864033179 57.535973449215014 0
    endloop
  endfacet
  facet normal -0.4422886902190092 0.8968727415326844 1.1026976215789883e-18
    outer loop
      vertex 93.03631864033179 57.535973449215014 3.2
      vertex 93.4 57.715321248268246 3.2
      vertex 93.4 57.715321248268246 0
    endloop
  endfacet
  facet normal -0.5555702330195921 0.831469612302552 3.3621631009589064e-18
    outer loop
      vertex 93.4 57.715321248268246 3.2
      vertex 93.73716042992704 57.940604645097174 3.2
      vertex 93.73716042992704 57.940604645097174 0
    endloop
  endfacet
  facet normal 0.8314696123025358 0.5555702330196164 0
    outer loop
      vertex 89.39060464509718 58.51283957007297 3.2
      vertex 89.39060464509718 58.51283957007297 0
      vertex 89.16532124826824 58.85000000000001 3.2
    endloop
  endfacet
  facet normal 0.8968727415326984 0.442288690218981 3.2791679465499194e-18
    outer loop
      vertex 88.98597344921502 59.21368135966823 3.2
      vertex 89.16532124826824 58.85000000000001 3.2
      vertex 89.16532124826824 58.85000000000001 0
    endloop
  endfacet
  facet normal 0.7518398074789882 0.6593458151000567 0
    outer loop
      vertex 89.6579689783217 58.20796897832171 3.2
      vertex 89.6579689783217 58.20796897832171 0
      vertex 89.39060464509718 58.51283957007297 3.2
    endloop
  endfacet
  facet normal 0.9469301294951005 0.32143946530317663 0
    outer loop
      vertex 88.98597344921502 59.21368135966823 3.2
      vertex 88.98597344921502 59.21368135966823 0
      vertex 88.8556299385039 59.59766096018219 3.2
    endloop
  endfacet
  facet normal 0.980785280403231 0.19509032201612556 0
    outer loop
      vertex 88.8556299385039 59.59766096018219 3.2
      vertex 88.8556299385039 59.59766096018219 0
      vertex 88.7765209297412 59.995368804117845 3.2
    endloop
  endfacet
  facet normal 0.9978589232386045 0.06540312923012763 0
    outer loop
      vertex 88.7765209297412 59.995368804117845 3.2
      vertex 88.7765209297412 59.995368804117845 0
      vertex 88.75000000000001 60.400000000000006 3.2
    endloop
  endfacet
  facet normal 0.9978589232386045 -0.06540312923012763 0
    outer loop
      vertex 88.75000000000001 60.400000000000006 3.2
      vertex 88.75000000000001 60.400000000000006 0
      vertex 88.7765209297412 60.804631195882166 3.2
    endloop
  endfacet
  facet normal 0.980785280403231 -0.19509032201612556 0
    outer loop
      vertex 88.7765209297412 60.804631195882166 3.2
      vertex 88.7765209297412 60.804631195882166 0
      vertex 88.8556299385039 61.20233903981782 3.2
    endloop
  endfacet
  facet normal 0.9469301294951005 -0.32143946530317663 0
    outer loop
      vertex 88.8556299385039 61.20233903981782 3.2
      vertex 88.8556299385039 61.20233903981782 0
      vertex 88.98597344921502 61.58631864033178 3.2
    endloop
  endfacet
  facet normal 0.8968727415326984 -0.442288690218981 0
    outer loop
      vertex 88.98597344921502 61.58631864033178 3.2
      vertex 88.98597344921502 61.58631864033178 0
      vertex 89.16532124826824 61.95 3.2
    endloop
  endfacet
  facet normal 0.8314696123025358 -0.5555702330196164 0
    outer loop
      vertex 89.16532124826824 61.95 3.2
      vertex 89.16532124826824 61.95 0
      vertex 89.39060464509718 62.28716042992704 3.2
    endloop
  endfacet
  facet normal 0.7518398074789882 -0.6593458151000567 0
    outer loop
      vertex 89.39060464509718 62.28716042992704 3.2
      vertex 89.39060464509718 62.28716042992704 0
      vertex 89.6579689783217 62.5920310216783 3.2
    endloop
  endfacet
  facet normal 0.659345815100068 -0.7518398074789784 0
    outer loop
      vertex 89.6579689783217 62.5920310216783 3.2
      vertex 89.6579689783217 62.5920310216783 0
      vertex 89.96283957007297 62.85939535490284 3.2
    endloop
  endfacet
  facet normal 0.5555702330195921 -0.831469612302552 0
    outer loop
      vertex 89.96283957007297 62.85939535490284 3.2
      vertex 89.96283957007297 62.85939535490284 0
      vertex 90.30000000000001 63.084678751731765 3.2
    endloop
  endfacet
  facet normal 0.4422886902190092 -0.8968727415326844 0
    outer loop
      vertex 90.30000000000001 63.084678751731765 3.2
      vertex 90.30000000000001 63.084678751731765 0
      vertex 90.66368135966823 63.264026550785 3.2
    endloop
  endfacet
  facet normal 0.32143946530315565 -0.9469301294951077 0
    outer loop
      vertex 90.66368135966823 63.264026550785 3.2
      vertex 90.66368135966823 63.264026550785 0
      vertex 91.0476609601822 63.39437006149612 3.2
    endloop
  endfacet
  facet normal 0.19509032201612891 -0.9807852804032303 0
    outer loop
      vertex 91.0476609601822 63.39437006149612 3.2
      vertex 91.0476609601822 63.39437006149612 0
      vertex 91.44536880411785 63.47347907025882 3.2
    endloop
  endfacet
  facet normal 0.06540312923014507 -0.9978589232386033 0
    outer loop
      vertex 91.44536880411785 63.47347907025882 3.2
      vertex 91.44536880411785 63.47347907025882 0
      vertex 91.85000000000001 63.50000000000001 3.2
    endloop
  endfacet
  facet normal -0.659345815100068 0.7518398074789784 -3.6943983401599065e-18
    outer loop
      vertex 93.73716042992704 57.940604645097174 3.2
      vertex 94.04203102167831 58.20796897832171 3.2
      vertex 94.04203102167831 58.20796897832171 0
    endloop
  endfacet
  facet normal -0.7518398074789882 0.6593458151000567 -4.528869629775407e-18
    outer loop
      vertex 94.04203102167831 58.20796897832171 3.2
      vertex 94.30939535490283 58.51283957007297 3.2
      vertex 94.30939535490283 58.51283957007297 0
    endloop
  endfacet
  facet normal -0.8314696123025358 0.5555702330196164 -4.634686019080136e-18
    outer loop
      vertex 94.30939535490283 58.51283957007297 3.2
      vertex 94.53467875173178 58.85000000000001 3.2
      vertex 94.53467875173178 58.85000000000001 0
    endloop
  endfacet
  facet normal -0.8968727415326984 0.442288690218981 -3.2791679465499194e-18
    outer loop
      vertex 94.53467875173178 58.85000000000001 3.2
      vertex 94.714026550785 59.21368135966823 3.2
      vertex 94.714026550785 59.21368135966823 0
    endloop
  endfacet
  facet normal -0.9469301294951005 -0.32143946530317663 6.752778146810682e-19
    outer loop
      vertex 94.84437006149612 61.20233903981782 3.2
      vertex 94.714026550785 61.58631864033178 3.2
      vertex 94.714026550785 61.58631864033178 0
    endloop
  endfacet
  facet normal -0.8314696123025358 -0.5555702330196164 4.634686019080136e-18
    outer loop
      vertex 94.53467875173178 61.95 3.2
      vertex 94.30939535490283 62.28716042992704 3.2
      vertex 94.30939535490283 62.28716042992704 0
    endloop
  endfacet
  facet normal -0.8968727415326984 -0.442288690218981 0
    outer loop
      vertex 94.53467875173178 61.95 3.2
      vertex 94.53467875173178 61.95 0
      vertex 94.714026550785 61.58631864033178 3.2
    endloop
  endfacet
  facet normal -0.9469301294951005 0.32143946530317663 -6.752778146810682e-19
    outer loop
      vertex 94.714026550785 59.21368135966823 3.2
      vertex 94.84437006149612 59.59766096018219 3.2
      vertex 94.84437006149612 59.59766096018219 0
    endloop
  endfacet
  facet normal -0.980785280403231 0.19509032201612556 -7.986330755900658e-20
    outer loop
      vertex 94.84437006149612 59.59766096018219 3.2
      vertex 94.92347907025882 59.995368804117845 3.2
      vertex 94.92347907025882 59.995368804117845 0
    endloop
  endfacet
  facet normal -0.9978589232386045 0.06540312923012763 -6.079532297795871e-19
    outer loop
      vertex 94.92347907025882 59.995368804117845 3.2
      vertex 94.95 60.400000000000006 3.2
      vertex 94.95 60.400000000000006 0
    endloop
  endfacet
  facet normal -0.9978589232386045 -0.06540312923012763 6.079532297795871e-19
    outer loop
      vertex 94.95 60.400000000000006 3.2
      vertex 94.92347907025882 60.804631195882166 3.2
      vertex 94.92347907025882 60.804631195882166 0
    endloop
  endfacet
  facet normal -0.980785280403231 -0.19509032201612556 7.986330755900658e-20
    outer loop
      vertex 94.92347907025882 60.804631195882166 3.2
      vertex 94.84437006149612 61.20233903981782 3.2
      vertex 94.84437006149612 61.20233903981782 0
    endloop
  endfacet
  facet normal -0.4422886902190092 -0.8968727415326844 0
    outer loop
      vertex 93.03631864033179 63.264026550785 3.2
      vertex 93.03631864033179 63.264026550785 0
      vertex 93.4 63.084678751731765 3.2
    endloop
  endfacet
  facet normal -0.06540312923014507 -0.9978589232386033 0
    outer loop
      vertex 91.85000000000001 63.50000000000001 3.2
      vertex 91.85000000000001 63.50000000000001 0
      vertex 92.25463119588217 63.47347907025882 3.2
    endloop
  endfacet
  facet normal -0.19509032201612891 -0.9807852804032303 0
    outer loop
      vertex 92.25463119588217 63.47347907025882 3.2
      vertex 92.25463119588217 63.47347907025882 0
      vertex 92.65233903981782 63.39437006149612 3.2
    endloop
  endfacet
  facet normal -0.32143946530315565 -0.9469301294951077 0
    outer loop
      vertex 92.65233903981782 63.39437006149612 3.2
      vertex 92.65233903981782 63.39437006149612 0
      vertex 93.03631864033179 63.264026550785 3.2
    endloop
  endfacet
  facet normal -0.5555702330195921 -0.831469612302552 0
    outer loop
      vertex 93.4 63.084678751731765 3.2
      vertex 93.4 63.084678751731765 0
      vertex 93.73716042992704 62.85939535490284 3.2
    endloop
  endfacet
  facet normal -0.659345815100068 -0.7518398074789784 0
    outer loop
      vertex 93.73716042992704 62.85939535490284 3.2
      vertex 93.73716042992704 62.85939535490284 0
      vertex 94.04203102167831 62.5920310216783 3.2
    endloop
  endfacet
  facet normal -0.7518398074789882 -0.6593458151000567 4.528869629775407e-18
    outer loop
      vertex 94.30939535490283 62.28716042992704 3.2
      vertex 94.04203102167831 62.5920310216783 3.2
      vertex 94.04203102167831 62.5920310216783 0
    endloop
  endfacet
  facet normal 0 0 -1
    outer loop
      vertex 90.66368135966823 57.535973449215014 3.2
      vertex 91.025 58.97105808375568 3.2
      vertex 91.0476609601822 57.40562993850389 3.2
    endloop
  endfacet
  facet normal 0 0 -1
    outer loop
      vertex 91.0476609601822 57.40562993850389 3.2
      vertex 91.42294857558085 58.80622238662304 3.2
      vertex 91.44536880411785 57.32652092974119 3.2
    endloop
  endfacet
  facet normal 0 0 -1
    outer loop
      vertex 91.44536880411785 57.32652092974119 3.2
      vertex 91.85000000000001 58.75000000000001 3.2
      vertex 91.85000000000001 57.300000000000004 3.2
    endloop
  endfacet
  facet normal 0 0 -1
    outer loop
      vertex 91.85000000000001 57.300000000000004 3.2
      vertex 92.0653682171631 58.764115978733216 3.2
      vertex 92.25463119588217 57.32652092974119 3.2
    endloop
  endfacet
  facet normal 0 0 -1
    outer loop
      vertex 92.25463119588217 57.32652092974119 3.2
      vertex 92.27705142441917 58.80622238662304 3.2
      vertex 92.65233903981782 57.40562993850389 3.2
    endloop
  endfacet
  facet normal 0 0 -1
    outer loop
      vertex 92.65233903981782 57.40562993850389 3.2
      vertex 92.67500000000001 58.97105808375568 3.2
      vertex 93.03631864033179 57.535973449215014 3.2
    endloop
  endfacet
  facet normal 0 0 -1
    outer loop
      vertex 88.98597344921502 59.21368135966823 3.2
      vertex 88.98597344921502 61.58631864033178 3.2
      vertex 89.16532124826824 58.85000000000001 3.2
    endloop
  endfacet
  facet normal 0 0 -1
    outer loop
      vertex 88.8556299385039 59.59766096018219 3.2
      vertex 88.7765209297412 59.995368804117845 3.2
      vertex 88.7765209297412 60.804631195882166 3.2
    endloop
  endfacet
  facet normal 0 0 -1
    outer loop
      vertex 88.98597344921502 59.21368135966823 3.2
      vertex 88.8556299385039 59.59766096018219 3.2
      vertex 88.8556299385039 61.20233903981782 3.2
    endloop
  endfacet
  facet normal 0 0 -1
    outer loop
      vertex 89.39060464509718 58.51283957007297 3.2
      vertex 89.16532124826824 58.85000000000001 3.2
      vertex 89.16532124826824 61.95 3.2
    endloop
  endfacet
  facet normal 0 0 -1
    outer loop
      vertex 89.6579689783217 58.20796897832171 3.2
      vertex 89.6579689783217 62.5920310216783 3.2
      vertex 89.96283957007297 57.940604645097174 3.2
    endloop
  endfacet
  facet normal 0 0 -1
    outer loop
      vertex 89.96283957007297 57.940604645097174 3.2
      vertex 89.96283957007297 62.85939535490284 3.2
      vertex 90.30000000000001 57.715321248268246 3.2
    endloop
  endfacet
  facet normal 0 0 -1
    outer loop
      vertex 89.6579689783217 58.20796897832171 3.2
      vertex 89.39060464509718 58.51283957007297 3.2
      vertex 89.39060464509718 62.28716042992704 3.2
    endloop
  endfacet
  facet normal 0 0 -1
    outer loop
      vertex 90.66368135966823 57.535973449215014 3.2
      vertex 90.30000000000001 57.715321248268246 3.2
      vertex 90.6832738110422 59.2332738110422 3.2
    endloop
  endfacet
  facet normal 0 0 -1
    outer loop
      vertex 90.66368135966823 57.535973449215014 3.2
      vertex 90.84554364213562 59.09096698851947 3.2
      vertex 91.025 58.97105808375568 3.2
    endloop
  endfacet
  facet normal 0 0 -1
    outer loop
      vertex 90.30000000000001 57.715321248268246 3.2
      vertex 90.54096698851947 59.395543642135614 3.2
      vertex 90.6832738110422 59.2332738110422 3.2
    endloop
  endfacet
  facet normal 0 0 -1
    outer loop
      vertex 90.30000000000001 57.715321248268246 3.2
      vertex 90.32559877135638 59.76857233659761 3.2
      vertex 90.42105808375568 59.575 3.2
    endloop
  endfacet
  facet normal 0 0 -1
    outer loop
      vertex 90.30000000000001 57.715321248268246 3.2
      vertex 90.42105808375568 59.575 3.2
      vertex 90.54096698851947 59.395543642135614 3.2
    endloop
  endfacet
  facet normal 0 0 -1
    outer loop
      vertex 90.66368135966823 57.535973449215014 3.2
      vertex 90.6832738110422 59.2332738110422 3.2
      vertex 90.84554364213562 59.09096698851947 3.2
    endloop
  endfacet
  facet normal 0 0 -1
    outer loop
      vertex 91.0476609601822 57.40562993850389 3.2
      vertex 91.025 58.97105808375568 3.2
      vertex 91.21857233659762 58.87559877135638 3.2
    endloop
  endfacet
  facet normal 0 0 -1
    outer loop
      vertex 91.0476609601822 57.40562993850389 3.2
      vertex 91.21857233659762 58.87559877135638 3.2
      vertex 91.42294857558085 58.80622238662304 3.2
    endloop
  endfacet
  facet normal 0 0 -1
    outer loop
      vertex 91.44536880411785 57.32652092974119 3.2
      vertex 91.42294857558085 58.80622238662304 3.2
      vertex 91.63463178283692 58.764115978733216 3.2
    endloop
  endfacet
  facet normal 0 0 -1
    outer loop
      vertex 91.44536880411785 57.32652092974119 3.2
      vertex 91.63463178283692 58.764115978733216 3.2
      vertex 91.85000000000001 58.75000000000001 3.2
    endloop
  endfacet
  facet normal 0 0 -1
    outer loop
      vertex 90.30000000000001 57.715321248268246 3.2
      vertex 90.25622238662305 59.972948575580844 3.2
      vertex 90.32559877135638 59.76857233659761 3.2
    endloop
  endfacet
  facet normal 0 0 -1
    outer loop
      vertex 90.30000000000001 57.715321248268246 3.2
      vertex 90.21411597873322 60.184631782836924 3.2
      vertex 90.25622238662305 59.972948575580844 3.2
    endloop
  endfacet
  facet normal 0 0 -1
    outer loop
      vertex 90.30000000000001 57.715321248268246 3.2
      vertex 90.2 60.400000000000006 3.2
      vertex 90.21411597873322 60.184631782836924 3.2
    endloop
  endfacet
  facet normal 0 0 -1
    outer loop
      vertex 88.7765209297412 59.995368804117845 3.2
      vertex 88.75000000000001 60.400000000000006 3.2
      vertex 88.7765209297412 60.804631195882166 3.2
    endloop
  endfacet
  facet normal 0 0 -1
    outer loop
      vertex 88.8556299385039 59.59766096018219 3.2
      vertex 88.7765209297412 60.804631195882166 3.2
      vertex 88.8556299385039 61.20233903981782 3.2
    endloop
  endfacet
  facet normal 0 0 -1
    outer loop
      vertex 88.98597344921502 59.21368135966823 3.2
      vertex 88.8556299385039 61.20233903981782 3.2
      vertex 88.98597344921502 61.58631864033178 3.2
    endloop
  endfacet
  facet normal 0 0 -1
    outer loop
      vertex 88.98597344921502 61.58631864033178 3.2
      vertex 89.16532124826824 61.95 3.2
      vertex 89.16532124826824 58.85000000000001 3.2
    endloop
  endfacet
  facet normal 0 0 -1
    outer loop
      vertex 89.39060464509718 58.51283957007297 3.2
      vertex 89.16532124826824 61.95 3.2
      vertex 89.39060464509718 62.28716042992704 3.2
    endloop
  endfacet
  facet normal 0 0 -1
    outer loop
      vertex 90.30000000000001 57.715321248268246 3.2
      vertex 89.96283957007297 62.85939535490284 3.2
      vertex 90.2 60.400000000000006 3.2
    endloop
  endfacet
  facet normal 0 0 -1
    outer loop
      vertex 89.6579689783217 58.20796897832171 3.2
      vertex 89.39060464509718 62.28716042992704 3.2
      vertex 89.6579689783217 62.5920310216783 3.2
    endloop
  endfacet
  facet normal 0 0 -1
    outer loop
      vertex 89.96283957007297 57.940604645097174 3.2
      vertex 89.6579689783217 62.5920310216783 3.2
      vertex 89.96283957007297 62.85939535490284 3.2
    endloop
  endfacet
  facet normal 0 0 -1
    outer loop
      vertex 90.2 60.400000000000006 3.2
      vertex 89.96283957007297 62.85939535490284 3.2
      vertex 90.21411597873322 60.61536821716309 3.2
    endloop
  endfacet
  facet normal 0 0 -1
    outer loop
      vertex 90.21411597873322 60.61536821716309 3.2
      vertex 89.96283957007297 62.85939535490284 3.2
      vertex 90.25622238662305 60.82705142441917 3.2
    endloop
  endfacet
  facet normal 0 0 -1
    outer loop
      vertex 90.25622238662305 60.82705142441917 3.2
      vertex 90.30000000000001 63.084678751731765 3.2
      vertex 90.32559877135638 61.031427663402404 3.2
    endloop
  endfacet
  facet normal 0 0 -1
    outer loop
      vertex 90.32559877135638 61.031427663402404 3.2
      vertex 90.30000000000001 63.084678751731765 3.2
      vertex 90.42105808375568 61.22500000000001 3.2
    endloop
  endfacet
  facet normal 0 0 -1
    outer loop
      vertex 90.42105808375568 61.22500000000001 3.2
      vertex 90.30000000000001 63.084678751731765 3.2
      vertex 90.54096698851947 61.4044563578644 3.2
    endloop
  endfacet
  facet normal 0 0 -1
    outer loop
      vertex 90.54096698851947 61.4044563578644 3.2
      vertex 90.66368135966823 63.264026550785 3.2
      vertex 90.6832738110422 61.56672618895781 3.2
    endloop
  endfacet
  facet normal 0 0 -1
    outer loop
      vertex 90.6832738110422 61.56672618895781 3.2
      vertex 90.66368135966823 63.264026550785 3.2
      vertex 90.84554364213562 61.70903301148054 3.2
    endloop
  endfacet
  facet normal 0 0 -1
    outer loop
      vertex 90.25622238662305 60.82705142441917 3.2
      vertex 89.96283957007297 62.85939535490284 3.2
      vertex 90.30000000000001 63.084678751731765 3.2
    endloop
  endfacet
  facet normal 0 0 -1
    outer loop
      vertex 90.54096698851947 61.4044563578644 3.2
      vertex 90.30000000000001 63.084678751731765 3.2
      vertex 90.66368135966823 63.264026550785 3.2
    endloop
  endfacet
  facet normal 0 0 -1
    outer loop
      vertex 90.84554364213562 61.70903301148054 3.2
      vertex 90.66368135966823 63.264026550785 3.2
      vertex 91.025 61.82894191624433 3.2
    endloop
  endfacet
  facet normal 0 0 -1
    outer loop
      vertex 91.025 61.82894191624433 3.2
      vertex 90.66368135966823 63.264026550785 3.2
      vertex 91.0476609601822 63.39437006149612 3.2
    endloop
  endfacet
  facet normal 0 0 -1
    outer loop
      vertex 91.025 61.82894191624433 3.2
      vertex 91.0476609601822 63.39437006149612 3.2
      vertex 91.21857233659762 61.92440122864363 3.2
    endloop
  endfacet
  facet normal 0 0 -1
    outer loop
      vertex 91.21857233659762 61.92440122864363 3.2
      vertex 91.0476609601822 63.39437006149612 3.2
      vertex 91.42294857558085 61.99377761337697 3.2
    endloop
  endfacet
  facet normal 0 0 -1
    outer loop
      vertex 91.42294857558085 61.99377761337697 3.2
      vertex 91.44536880411785 63.47347907025882 3.2
      vertex 91.63463178283692 62.035884021266796 3.2
    endloop
  endfacet
  facet normal 0 0 -1
    outer loop
      vertex 91.42294857558085 61.99377761337697 3.2
      vertex 91.0476609601822 63.39437006149612 3.2
      vertex 91.44536880411785 63.47347907025882 3.2
    endloop
  endfacet
  facet normal 0 0 -1
    outer loop
      vertex 91.63463178283692 62.035884021266796 3.2
      vertex 91.44536880411785 63.47347907025882 3.2
      vertex 91.85000000000001 63.50000000000001 3.2
    endloop
  endfacet
  facet normal 0 0 -1
    outer loop
      vertex 91.85000000000001 57.300000000000004 3.2
      vertex 91.85000000000001 58.75000000000001 3.2
      vertex 92.0653682171631 58.764115978733216 3.2
    endloop
  endfacet
  facet normal 0 0 -1
    outer loop
      vertex 92.25463119588217 57.32652092974119 3.2
      vertex 92.0653682171631 58.764115978733216 3.2
      vertex 92.27705142441917 58.80622238662304 3.2
    endloop
  endfacet
  facet normal 0 0 -1
    outer loop
      vertex 92.65233903981782 57.40562993850389 3.2
      vertex 92.27705142441917 58.80622238662304 3.2
      vertex 92.4814276634024 58.87559877135638 3.2
    endloop
  endfacet
  facet normal 0 0 -1
    outer loop
      vertex 92.65233903981782 57.40562993850389 3.2
      vertex 92.4814276634024 58.87559877135638 3.2
      vertex 92.67500000000001 58.97105808375568 3.2
    endloop
  endfacet
  facet normal 0 0 -1
    outer loop
      vertex 93.03631864033179 57.535973449215014 3.2
      vertex 92.67500000000001 58.97105808375568 3.2
      vertex 92.8544563578644 59.09096698851947 3.2
    endloop
  endfacet
  facet normal 0 0 -1
    outer loop
      vertex 93.03631864033179 57.535973449215014 3.2
      vertex 93.15903301148055 59.395543642135614 3.2
      vertex 93.4 57.715321248268246 3.2
    endloop
  endfacet
  facet normal 0 0 -1
    outer loop
      vertex 93.03631864033179 57.535973449215014 3.2
      vertex 92.8544563578644 59.09096698851947 3.2
      vertex 93.01672618895782 59.2332738110422 3.2
    endloop
  endfacet
  facet normal 0 0 -1
    outer loop
      vertex 93.03631864033179 57.535973449215014 3.2
      vertex 93.01672618895782 59.2332738110422 3.2
      vertex 93.15903301148055 59.395543642135614 3.2
    endloop
  endfacet
  facet normal 0 0 -1
    outer loop
      vertex 93.4 57.715321248268246 3.2
      vertex 93.44377761337697 59.972948575580844 3.2
      vertex 93.73716042992704 57.940604645097174 3.2
    endloop
  endfacet
  facet normal 0 0 -1
    outer loop
      vertex 93.4 57.715321248268246 3.2
      vertex 93.15903301148055 59.395543642135614 3.2
      vertex 93.27894191624434 59.575 3.2
    endloop
  endfacet
  facet normal 0 0 -1
    outer loop
      vertex 93.4 57.715321248268246 3.2
      vertex 93.27894191624434 59.575 3.2
      vertex 93.37440122864363 59.76857233659761 3.2
    endloop
  endfacet
  facet normal 0 0 -1
    outer loop
      vertex 93.4 57.715321248268246 3.2
      vertex 93.37440122864363 59.76857233659761 3.2
      vertex 93.44377761337697 59.972948575580844 3.2
    endloop
  endfacet
  facet normal 0 0 -1
    outer loop
      vertex 93.73716042992704 57.940604645097174 3.2
      vertex 93.44377761337697 59.972948575580844 3.2
      vertex 93.4858840212668 60.184631782836924 3.2
    endloop
  endfacet
  facet normal 0 0 -1
    outer loop
      vertex 93.73716042992704 57.940604645097174 3.2
      vertex 93.4858840212668 60.184631782836924 3.2
      vertex 93.50000000000001 60.400000000000006 3.2
    endloop
  endfacet
  facet normal 0 0 -1
    outer loop
      vertex 93.73716042992704 57.940604645097174 3.2
      vertex 93.73716042992704 62.85939535490284 3.2
      vertex 94.04203102167831 58.20796897832171 3.2
    endloop
  endfacet
  facet normal 0 0 -1
    outer loop
      vertex 94.04203102167831 58.20796897832171 3.2
      vertex 94.04203102167831 62.5920310216783 3.2
      vertex 94.30939535490283 58.51283957007297 3.2
    endloop
  endfacet
  facet normal 0 0 -1
    outer loop
      vertex 94.30939535490283 58.51283957007297 3.2
      vertex 94.30939535490283 62.28716042992704 3.2
      vertex 94.53467875173178 58.85000000000001 3.2
    endloop
  endfacet
  facet normal 0 0 -1
    outer loop
      vertex 94.53467875173178 58.85000000000001 3.2
      vertex 94.53467875173178 61.95 3.2
      vertex 94.714026550785 59.21368135966823 3.2
    endloop
  endfacet
  facet normal 0 0 -1
    outer loop
      vertex 94.714026550785 59.21368135966823 3.2
      vertex 94.714026550785 61.58631864033178 3.2
      vertex 94.84437006149612 59.59766096018219 3.2
    endloop
  endfacet
  facet normal 0 0 -1
    outer loop
      vertex 92.8544563578644 61.70903301148054 3.2
      vertex 93.03631864033179 63.264026550785 3.2
      vertex 93.01672618895782 61.56672618895781 3.2
    endloop
  endfacet
  facet normal 0 0 -1
    outer loop
      vertex 93.15903301148055 61.4044563578644 3.2
      vertex 93.01672618895782 61.56672618895781 3.2
      vertex 93.4 63.084678751731765 3.2
    endloop
  endfacet
  facet normal 0 0 -1
    outer loop
      vertex 93.73716042992704 57.940604645097174 3.2
      vertex 93.50000000000001 60.400000000000006 3.2
      vertex 93.4 63.084678751731765 3.2
    endloop
  endfacet
  facet normal 0 0 -1
    outer loop
      vertex 94.30939535490283 58.51283957007297 3.2
      vertex 94.04203102167831 62.5920310216783 3.2
      vertex 94.30939535490283 62.28716042992704 3.2
    endloop
  endfacet
  facet normal 0 0 -1
    outer loop
      vertex 94.714026550785 59.21368135966823 3.2
      vertex 94.53467875173178 61.95 3.2
      vertex 94.714026550785 61.58631864033178 3.2
    endloop
  endfacet
  facet normal 0 0 -1
    outer loop
      vertex 94.53467875173178 58.85000000000001 3.2
      vertex 94.30939535490283 62.28716042992704 3.2
      vertex 94.53467875173178 61.95 3.2
    endloop
  endfacet
  facet normal 0 0 -1
    outer loop
      vertex 93.73716042992704 57.940604645097174 3.2
      vertex 93.4 63.084678751731765 3.2
      vertex 93.73716042992704 62.85939535490284 3.2
    endloop
  endfacet
  facet normal 0 0 -1
    outer loop
      vertex 93.50000000000001 60.400000000000006 3.2
      vertex 93.4858840212668 60.61536821716309 3.2
      vertex 93.4 63.084678751731765 3.2
    endloop
  endfacet
  facet normal 0 0 -1
    outer loop
      vertex 93.44377761337697 60.82705142441917 3.2
      vertex 93.4 63.084678751731765 3.2
      vertex 93.4858840212668 60.61536821716309 3.2
    endloop
  endfacet
  facet normal 0 0 -1
    outer loop
      vertex 93.44377761337697 60.82705142441917 3.2
      vertex 93.37440122864363 61.031427663402404 3.2
      vertex 93.4 63.084678751731765 3.2
    endloop
  endfacet
  facet normal 0 0 -1
    outer loop
      vertex 94.04203102167831 58.20796897832171 3.2
      vertex 93.73716042992704 62.85939535490284 3.2
      vertex 94.04203102167831 62.5920310216783 3.2
    endloop
  endfacet
  facet normal 0 0 -1
    outer loop
      vertex 93.27894191624434 61.22500000000001 3.2
      vertex 93.4 63.084678751731765 3.2
      vertex 93.37440122864363 61.031427663402404 3.2
    endloop
  endfacet
  facet normal 0 0 -1
    outer loop
      vertex 93.27894191624434 61.22500000000001 3.2
      vertex 93.15903301148055 61.4044563578644 3.2
      vertex 93.4 63.084678751731765 3.2
    endloop
  endfacet
  facet normal 0 0 -1
    outer loop
      vertex 94.84437006149612 59.59766096018219 3.2
      vertex 94.84437006149612 61.20233903981782 3.2
      vertex 94.92347907025882 59.995368804117845 3.2
    endloop
  endfacet
  facet normal 0 0 -1
    outer loop
      vertex 94.92347907025882 59.995368804117845 3.2
      vertex 94.92347907025882 60.804631195882166 3.2
      vertex 94.95 60.400000000000006 3.2
    endloop
  endfacet
  facet normal 0 0 -1
    outer loop
      vertex 94.92347907025882 59.995368804117845 3.2
      vertex 94.84437006149612 61.20233903981782 3.2
      vertex 94.92347907025882 60.804631195882166 3.2
    endloop
  endfacet
  facet normal 0 0 -1
    outer loop
      vertex 94.84437006149612 59.59766096018219 3.2
      vertex 94.714026550785 61.58631864033178 3.2
      vertex 94.84437006149612 61.20233903981782 3.2
    endloop
  endfacet
  facet normal 0 0 -1
    outer loop
      vertex 91.63463178283692 62.035884021266796 3.2
      vertex 91.85000000000001 63.50000000000001 3.2
      vertex 91.85000000000001 62.050000000000004 3.2
    endloop
  endfacet
  facet normal 0 0 -1
    outer loop
      vertex 91.85000000000001 62.050000000000004 3.2
      vertex 92.25463119588217 63.47347907025882 3.2
      vertex 92.0653682171631 62.035884021266796 3.2
    endloop
  endfacet
  facet normal 0 0 -1
    outer loop
      vertex 92.27705142441917 61.99377761337697 3.2
      vertex 92.0653682171631 62.035884021266796 3.2
      vertex 92.25463119588217 63.47347907025882 3.2
    endloop
  endfacet
  facet normal 0 0 -1
    outer loop
      vertex 92.27705142441917 61.99377761337697 3.2
      vertex 92.65233903981782 63.39437006149612 3.2
      vertex 92.4814276634024 61.92440122864363 3.2
    endloop
  endfacet
  facet normal 0 0 -1
    outer loop
      vertex 91.85000000000001 62.050000000000004 3.2
      vertex 91.85000000000001 63.50000000000001 3.2
      vertex 92.25463119588217 63.47347907025882 3.2
    endloop
  endfacet
  facet normal 0 0 -1
    outer loop
      vertex 92.27705142441917 61.99377761337697 3.2
      vertex 92.25463119588217 63.47347907025882 3.2
      vertex 92.65233903981782 63.39437006149612 3.2
    endloop
  endfacet
  facet normal 0 0 -1
    outer loop
      vertex 92.4814276634024 61.92440122864363 3.2
      vertex 92.65233903981782 63.39437006149612 3.2
      vertex 92.67500000000001 61.82894191624433 3.2
    endloop
  endfacet
  facet normal 0 0 -1
    outer loop
      vertex 92.67500000000001 61.82894191624433 3.2
      vertex 93.03631864033179 63.264026550785 3.2
      vertex 92.8544563578644 61.70903301148054 3.2
    endloop
  endfacet
  facet normal 0 0 -1
    outer loop
      vertex 93.01672618895782 61.56672618895781 3.2
      vertex 93.03631864033179 63.264026550785 3.2
      vertex 93.4 63.084678751731765 3.2
    endloop
  endfacet
  facet normal 0 0 -1
    outer loop
      vertex 92.67500000000001 61.82894191624433 3.2
      vertex 92.65233903981782 63.39437006149612 3.2
      vertex 93.03631864033179 63.264026550785 3.2
    endloop
  endfacet
  facet normal 0.4422886902190092 0.8968727415326844 0
    outer loop
      vertex -93.4 57.715321248268246 3.2
      vertex -93.03631864033179 57.535973449215014 0
      vertex -93.4 57.715321248268246 0
    endloop
  endfacet
  facet normal 0.5555702330195921 0.831469612302552 0
    outer loop
      vertex -93.73716042992704 57.940604645097174 3.2
      vertex -93.4 57.715321248268246 0
      vertex -93.73716042992704 57.940604645097174 0
    endloop
  endfacet
  facet normal 0.32143946530315565 0.9469301294951077 0
    outer loop
      vertex -93.03631864033179 57.535973449215014 3.2
      vertex -92.65233903981782 57.40562993850389 0
      vertex -93.03631864033179 57.535973449215014 0
    endloop
  endfacet
  facet normal 0.19509032201612891 0.9807852804032303 0
    outer loop
      vertex -92.65233903981782 57.40562993850389 3.2
      vertex -92.25463119588217 57.32652092974119 0
      vertex -92.65233903981782 57.40562993850389 0
    endloop
  endfacet
  facet normal 0.06540312923014507 0.9978589232386033 0
    outer loop
      vertex -92.25463119588217 57.32652092974119 3.2
      vertex -91.85000000000001 57.300000000000004 0
      vertex -92.25463119588217 57.32652092974119 0
    endloop
  endfacet
  facet normal -0.06540312923014507 0.9978589232386033 0
    outer loop
      vertex -91.85000000000001 57.300000000000004 3.2
      vertex -91.44536880411785 57.32652092974119 0
      vertex -91.85000000000001 57.300000000000004 0
    endloop
  endfacet
  facet normal -0.19509032201612891 0.9807852804032303 0
    outer loop
      vertex -91.44536880411785 57.32652092974119 3.2
      vertex -91.0476609601822 57.40562993850389 0
      vertex -91.44536880411785 57.32652092974119 0
    endloop
  endfacet
  facet normal -0.32143946530315565 0.9469301294951077 0
    outer loop
      vertex -91.0476609601822 57.40562993850389 3.2
      vertex -90.66368135966823 57.535973449215014 0
      vertex -91.0476609601822 57.40562993850389 0
    endloop
  endfacet
  facet normal -0.4422886902190092 0.8968727415326844 0
    outer loop
      vertex -90.66368135966823 57.535973449215014 3.2
      vertex -90.30000000000001 57.715321248268246 0
      vertex -90.66368135966823 57.535973449215014 0
    endloop
  endfacet
  facet normal -0.5555702330195921 0.831469612302552 0
    outer loop
      vertex -90.30000000000001 57.715321248268246 3.2
      vertex -89.96283957007297 57.940604645097174 0
      vertex -90.30000000000001 57.715321248268246 0
    endloop
  endfacet
  facet normal -0.659345815100068 0.7518398074789784 0
    outer loop
      vertex -89.96283957007297 57.940604645097174 3.2
      vertex -89.6579689783217 58.20796897832171 0
      vertex -89.96283957007297 57.940604645097174 0
    endloop
  endfacet
  facet normal 0.9469301294951005 0.32143946530317663 0
    outer loop
      vertex -94.84437006149612 59.59766096018219 3.2
      vertex -94.714026550785 59.21368135966823 0
      vertex -94.84437006149612 59.59766096018219 0
    endloop
  endfacet
  facet normal 0.980785280403231 0.19509032201612556 0
    outer loop
      vertex -94.92347907025882 59.995368804117845 3.2
      vertex -94.84437006149612 59.59766096018219 0
      vertex -94.92347907025882 59.995368804117845 0
    endloop
  endfacet
  facet normal 0.9978589232386045 0.06540312923012763 0
    outer loop
      vertex -94.95 60.400000000000006 3.2
      vertex -94.92347907025882 59.995368804117845 0
      vertex -94.95 60.400000000000006 0
    endloop
  endfacet
  facet normal 0.9978589232386045 -0.06540312923012763 0
    outer loop
      vertex -94.92347907025882 60.804631195882166 3.2
      vertex -94.95 60.400000000000006 0
      vertex -94.92347907025882 60.804631195882166 0
    endloop
  endfacet
  facet normal 0.980785280403231 -0.19509032201612556 0
    outer loop
      vertex -94.84437006149612 61.20233903981782 3.2
      vertex -94.92347907025882 60.804631195882166 0
      vertex -94.84437006149612 61.20233903981782 0
    endloop
  endfacet
  facet normal 0.7518398074789882 0.6593458151000567 0
    outer loop
      vertex -94.30939535490283 58.51283957007297 3.2
      vertex -94.04203102167831 58.20796897832171 0
      vertex -94.30939535490283 58.51283957007297 0
    endloop
  endfacet
  facet normal 0.8314696123025358 0.5555702330196164 0
    outer loop
      vertex -94.53467875173178 58.85000000000001 3.2
      vertex -94.30939535490283 58.51283957007297 0
      vertex -94.53467875173178 58.85000000000001 0
    endloop
  endfacet
  facet normal 0.8968727415326984 0.442288690218981 0
    outer loop
      vertex -94.714026550785 59.21368135966823 3.2
      vertex -94.53467875173178 58.85000000000001 0
      vertex -94.714026550785 59.21368135966823 0
    endloop
  endfacet
  facet normal 0.659345815100068 0.7518398074789784 0
    outer loop
      vertex -94.04203102167831 58.20796897832171 3.2
      vertex -93.73716042992704 57.940604645097174 0
      vertex -94.04203102167831 58.20796897832171 0
    endloop
  endfacet
  facet normal 0.9469301294951005 -0.32143946530317663 0
    outer loop
      vertex -94.714026550785 61.58631864033178 3.2
      vertex -94.84437006149612 61.20233903981782 0
      vertex -94.714026550785 61.58631864033178 0
    endloop
  endfacet
  facet normal 0.8968727415326984 -0.442288690218981 0
    outer loop
      vertex -94.53467875173178 61.95 3.2
      vertex -94.714026550785 61.58631864033178 0
      vertex -94.53467875173178 61.95 0
    endloop
  endfacet
  facet normal 0.8314696123025358 -0.5555702330196164 0
    outer loop
      vertex -94.30939535490283 62.28716042992704 3.2
      vertex -94.53467875173178 61.95 0
      vertex -94.30939535490283 62.28716042992704 0
    endloop
  endfacet
  facet normal 0.7518398074789882 -0.6593458151000567 0
    outer loop
      vertex -94.04203102167831 62.5920310216783 3.2
      vertex -94.30939535490283 62.28716042992704 0
      vertex -94.04203102167831 62.5920310216783 0
    endloop
  endfacet
  facet normal 0.659345815100068 -0.7518398074789784 0
    outer loop
      vertex -93.73716042992704 62.85939535490284 3.2
      vertex -94.04203102167831 62.5920310216783 0
      vertex -93.73716042992704 62.85939535490284 0
    endloop
  endfacet
  facet normal 0.5555702330195921 -0.831469612302552 0
    outer loop
      vertex -93.4 63.084678751731765 3.2
      vertex -93.73716042992704 62.85939535490284 0
      vertex -93.4 63.084678751731765 0
    endloop
  endfacet
  facet normal 0.4422886902190092 -0.8968727415326844 0
    outer loop
      vertex -93.03631864033179 63.264026550785 3.2
      vertex -93.4 63.084678751731765 0
      vertex -93.03631864033179 63.264026550785 0
    endloop
  endfacet
  facet normal 0.32143946530315565 -0.9469301294951077 0
    outer loop
      vertex -92.65233903981782 63.39437006149612 3.2
      vertex -93.03631864033179 63.264026550785 0
      vertex -92.65233903981782 63.39437006149612 0
    endloop
  endfacet
  facet normal 0.19509032201612891 -0.9807852804032303 0
    outer loop
      vertex -92.25463119588217 63.47347907025882 3.2
      vertex -92.65233903981782 63.39437006149612 0
      vertex -92.25463119588217 63.47347907025882 0
    endloop
  endfacet
  facet normal 0.06540312923014507 -0.9978589232386033 0
    outer loop
      vertex -91.85000000000001 63.50000000000001 3.2
      vertex -92.25463119588217 63.47347907025882 0
      vertex -91.85000000000001 63.50000000000001 0
    endloop
  endfacet
  facet normal -0.7518398074789882 0.6593458151000567 0
    outer loop
      vertex -89.6579689783217 58.20796897832171 3.2
      vertex -89.39060464509718 58.51283957007297 0
      vertex -89.6579689783217 58.20796897832171 0
    endloop
  endfacet
  facet normal -0.8314696123025358 0.5555702330196164 0
    outer loop
      vertex -89.39060464509718 58.51283957007297 3.2
      vertex -89.16532124826824 58.85000000000001 0
      vertex -89.39060464509718 58.51283957007297 0
    endloop
  endfacet
  facet normal -0.8968727415326984 0.442288690218981 0
    outer loop
      vertex -89.16532124826824 58.85000000000001 3.2
      vertex -88.98597344921502 59.21368135966823 0
      vertex -89.16532124826824 58.85000000000001 0
    endloop
  endfacet
  facet normal -0.9469301294951005 0.32143946530317663 0
    outer loop
      vertex -88.98597344921502 59.21368135966823 3.2
      vertex -88.8556299385039 59.59766096018219 0
      vertex -88.98597344921502 59.21368135966823 0
    endloop
  endfacet
  facet normal -0.980785280403231 0.19509032201612556 0
    outer loop
      vertex -88.8556299385039 59.59766096018219 3.2
      vertex -88.7765209297412 59.995368804117845 0
      vertex -88.8556299385039 59.59766096018219 0
    endloop
  endfacet
  facet normal -0.9978589232386045 0.06540312923012763 0
    outer loop
      vertex -88.7765209297412 59.995368804117845 3.2
      vertex -88.75000000000001 60.400000000000006 0
      vertex -88.7765209297412 59.995368804117845 0
    endloop
  endfacet
  facet normal -0.9978589232386045 -0.06540312923012763 0
    outer loop
      vertex -88.75000000000001 60.400000000000006 3.2
      vertex -88.7765209297412 60.804631195882166 0
      vertex -88.75000000000001 60.400000000000006 0
    endloop
  endfacet
  facet normal -0.980785280403231 -0.19509032201612556 0
    outer loop
      vertex -88.7765209297412 60.804631195882166 3.2
      vertex -88.8556299385039 61.20233903981782 0
      vertex -88.7765209297412 60.804631195882166 0
    endloop
  endfacet
  facet normal -0.9469301294951005 -0.32143946530317663 0
    outer loop
      vertex -88.8556299385039 61.20233903981782 3.2
      vertex -88.98597344921502 61.58631864033178 0
      vertex -88.8556299385039 61.20233903981782 0
    endloop
  endfacet
  facet normal -0.8968727415326984 -0.442288690218981 0
    outer loop
      vertex -88.98597344921502 61.58631864033178 3.2
      vertex -89.16532124826824 61.95 0
      vertex -88.98597344921502 61.58631864033178 0
    endloop
  endfacet
  facet normal -0.8314696123025358 -0.5555702330196164 0
    outer loop
      vertex -89.16532124826824 61.95 3.2
      vertex -89.39060464509718 62.28716042992704 0
      vertex -89.16532124826824 61.95 0
    endloop
  endfacet
  facet normal -0.4422886902190092 -0.8968727415326844 0
    outer loop
      vertex -90.30000000000001 63.084678751731765 3.2
      vertex -90.66368135966823 63.264026550785 0
      vertex -90.30000000000001 63.084678751731765 0
    endloop
  endfacet
  facet normal -0.06540312923014507 -0.9978589232386033 0
    outer loop
      vertex -91.44536880411785 63.47347907025882 3.2
      vertex -91.85000000000001 63.50000000000001 0
      vertex -91.44536880411785 63.47347907025882 0
    endloop
  endfacet
  facet normal -0.19509032201612891 -0.9807852804032303 0
    outer loop
      vertex -91.0476609601822 63.39437006149612 3.2
      vertex -91.44536880411785 63.47347907025882 0
      vertex -91.0476609601822 63.39437006149612 0
    endloop
  endfacet
  facet normal -0.32143946530315565 -0.9469301294951077 0
    outer loop
      vertex -90.66368135966823 63.264026550785 3.2
      vertex -91.0476609601822 63.39437006149612 0
      vertex -90.66368135966823 63.264026550785 0
    endloop
  endfacet
  facet normal -0.7518398074789882 -0.6593458151000567 0
    outer loop
      vertex -89.39060464509718 62.28716042992704 3.2
      vertex -89.6579689783217 62.5920310216783 0
      vertex -89.39060464509718 62.28716042992704 0
    endloop
  endfacet
  facet normal -0.659345815100068 -0.7518398074789784 0
    outer loop
      vertex -89.6579689783217 62.5920310216783 3.2
      vertex -89.96283957007297 62.85939535490284 0
      vertex -89.6579689783217 62.5920310216783 0
    endloop
  endfacet
  facet normal -0.5555702330195921 -0.831469612302552 0
    outer loop
      vertex -89.96283957007297 62.85939535490284 3.2
      vertex -90.30000000000001 63.084678751731765 0
      vertex -89.96283957007297 62.85939535490284 0
    endloop
  endfacet
  facet normal 0.659345815100068 0.7518398074789784 0
    outer loop
      vertex -93.73716042992704 57.940604645097174 3.2
      vertex -93.73716042992704 57.940604645097174 0
      vertex -94.04203102167831 58.20796897832171 3.2
    endloop
  endfacet
  facet normal 0.5555702330195921 0.831469612302552 -3.3621631009589064e-18
    outer loop
      vertex -93.73716042992704 57.940604645097174 3.2
      vertex -93.4 57.715321248268246 3.2
      vertex -93.4 57.715321248268246 0
    endloop
  endfacet
  facet normal 0.32143946530315565 0.9469301294951077 -8.040736729796391e-19
    outer loop
      vertex -93.03631864033179 57.535973449215014 3.2
      vertex -92.65233903981782 57.40562993850389 3.2
      vertex -92.65233903981782 57.40562993850389 0
    endloop
  endfacet
  facet normal 0.4422886902190092 0.8968727415326844 0
    outer loop
      vertex -93.03631864033179 57.535973449215014 3.2
      vertex -93.03631864033179 57.535973449215014 0
      vertex -93.4 57.715321248268246 3.2
    endloop
  endfacet
  facet normal 0.19509032201612891 0.9807852804032303 1.2063778106837747e-19
    outer loop
      vertex -92.65233903981782 57.40562993850389 3.2
      vertex -92.25463119588217 57.32652092974119 3.2
      vertex -92.25463119588217 57.32652092974119 0
    endloop
  endfacet
  facet normal 0.06540312923014507 0.9978589232386033 1.1414141371658457e-19
    outer loop
      vertex -92.25463119588217 57.32652092974119 3.2
      vertex -91.85000000000001 57.300000000000004 3.2
      vertex -91.85000000000001 57.300000000000004 0
    endloop
  endfacet
  facet normal -0.06540312923014507 0.9978589232386033 -1.1414141371658457e-19
    outer loop
      vertex -91.85000000000001 57.300000000000004 3.2
      vertex -91.44536880411785 57.32652092974119 3.2
      vertex -91.44536880411785 57.32652092974119 0
    endloop
  endfacet
  facet normal -0.19509032201612891 0.9807852804032303 -1.2063778106837747e-19
    outer loop
      vertex -91.44536880411785 57.32652092974119 3.2
      vertex -91.0476609601822 57.40562993850389 3.2
      vertex -91.0476609601822 57.40562993850389 0
    endloop
  endfacet
  facet normal -0.32143946530315565 0.9469301294951077 8.040736729796391e-19
    outer loop
      vertex -91.0476609601822 57.40562993850389 3.2
      vertex -90.66368135966823 57.535973449215014 3.2
      vertex -90.66368135966823 57.535973449215014 0
    endloop
  endfacet
  facet normal -0.4422886902190092 0.8968727415326844 1.1026976215789883e-18
    outer loop
      vertex -90.66368135966823 57.535973449215014 3.2
      vertex -90.30000000000001 57.715321248268246 3.2
      vertex -90.30000000000001 57.715321248268246 0
    endloop
  endfacet
  facet normal -0.5555702330195921 0.831469612302552 3.3621631009589064e-18
    outer loop
      vertex -90.30000000000001 57.715321248268246 3.2
      vertex -89.96283957007297 57.940604645097174 3.2
      vertex -89.96283957007297 57.940604645097174 0
    endloop
  endfacet
  facet normal 0.980785280403231 0.19509032201612556 0
    outer loop
      vertex -94.84437006149612 59.59766096018219 3.2
      vertex -94.84437006149612 59.59766096018219 0
      vertex -94.92347907025882 59.995368804117845 3.2
    endloop
  endfacet
  facet normal 0.9978589232386045 0.06540312923012763 0
    outer loop
      vertex -94.92347907025882 59.995368804117845 3.2
      vertex -94.92347907025882 59.995368804117845 0
      vertex -94.95 60.400000000000006 3.2
    endloop
  endfacet
  facet normal 0.9978589232386045 -0.06540312923012763 0
    outer loop
      vertex -94.95 60.400000000000006 3.2
      vertex -94.95 60.400000000000006 0
      vertex -94.92347907025882 60.804631195882166 3.2
    endloop
  endfacet
  facet normal 0.980785280403231 -0.19509032201612556 0
    outer loop
      vertex -94.92347907025882 60.804631195882166 3.2
      vertex -94.92347907025882 60.804631195882166 0
      vertex -94.84437006149612 61.20233903981782 3.2
    endloop
  endfacet
  facet normal 0.9469301294951005 -0.32143946530317663 0
    outer loop
      vertex -94.84437006149612 61.20233903981782 3.2
      vertex -94.84437006149612 61.20233903981782 0
      vertex -94.714026550785 61.58631864033178 3.2
    endloop
  endfacet
  facet normal 0.7518398074789882 0.6593458151000567 4.528869629775407e-18
    outer loop
      vertex -94.30939535490283 58.51283957007297 3.2
      vertex -94.04203102167831 58.20796897832171 3.2
      vertex -94.04203102167831 58.20796897832171 0
    endloop
  endfacet
  facet normal 0.8968727415326984 0.442288690218981 0
    outer loop
      vertex -94.53467875173178 58.85000000000001 3.2
      vertex -94.53467875173178 58.85000000000001 0
      vertex -94.714026550785 59.21368135966823 3.2
    endloop
  endfacet
  facet normal 0.8314696123025358 0.5555702330196164 0
    outer loop
      vertex -94.30939535490283 58.51283957007297 3.2
      vertex -94.30939535490283 58.51283957007297 0
      vertex -94.53467875173178 58.85000000000001 3.2
    endloop
  endfacet
  facet normal 0.9469301294951005 0.32143946530317663 0
    outer loop
      vertex -94.714026550785 59.21368135966823 3.2
      vertex -94.714026550785 59.21368135966823 0
      vertex -94.84437006149612 59.59766096018219 3.2
    endloop
  endfacet
  facet normal 0.8968727415326984 -0.442288690218981 0
    outer loop
      vertex -94.714026550785 61.58631864033178 3.2
      vertex -94.714026550785 61.58631864033178 0
      vertex -94.53467875173178 61.95 3.2
    endloop
  endfacet
  facet normal 0.8314696123025358 -0.5555702330196164 0
    outer loop
      vertex -94.53467875173178 61.95 3.2
      vertex -94.53467875173178 61.95 0
      vertex -94.30939535490283 62.28716042992704 3.2
    endloop
  endfacet
  facet normal 0.7518398074789882 -0.6593458151000567 0
    outer loop
      vertex -94.30939535490283 62.28716042992704 3.2
      vertex -94.30939535490283 62.28716042992704 0
      vertex -94.04203102167831 62.5920310216783 3.2
    endloop
  endfacet
  facet normal 0.659345815100068 -0.7518398074789784 0
    outer loop
      vertex -94.04203102167831 62.5920310216783 3.2
      vertex -94.04203102167831 62.5920310216783 0
      vertex -93.73716042992704 62.85939535490284 3.2
    endloop
  endfacet
  facet normal 0.5555702330195921 -0.831469612302552 0
    outer loop
      vertex -93.73716042992704 62.85939535490284 3.2
      vertex -93.73716042992704 62.85939535490284 0
      vertex -93.4 63.084678751731765 3.2
    endloop
  endfacet
  facet normal 0.4422886902190092 -0.8968727415326844 0
    outer loop
      vertex -93.4 63.084678751731765 3.2
      vertex -93.4 63.084678751731765 0
      vertex -93.03631864033179 63.264026550785 3.2
    endloop
  endfacet
  facet normal 0.32143946530315565 -0.9469301294951077 0
    outer loop
      vertex -93.03631864033179 63.264026550785 3.2
      vertex -93.03631864033179 63.264026550785 0
      vertex -92.65233903981782 63.39437006149612 3.2
    endloop
  endfacet
  facet normal 0.19509032201612891 -0.9807852804032303 0
    outer loop
      vertex -92.65233903981782 63.39437006149612 3.2
      vertex -92.65233903981782 63.39437006149612 0
      vertex -92.25463119588217 63.47347907025882 3.2
    endloop
  endfacet
  facet normal 0.06540312923014507 -0.9978589232386033 0
    outer loop
      vertex -92.25463119588217 63.47347907025882 3.2
      vertex -92.25463119588217 63.47347907025882 0
      vertex -91.85000000000001 63.50000000000001 3.2
    endloop
  endfacet
  facet normal -0.659345815100068 0.7518398074789784 -3.6943983401599065e-18
    outer loop
      vertex -89.96283957007297 57.940604645097174 3.2
      vertex -89.6579689783217 58.20796897832171 3.2
      vertex -89.6579689783217 58.20796897832171 0
    endloop
  endfacet
  facet normal -0.7518398074789882 0.6593458151000567 -4.528869629775407e-18
    outer loop
      vertex -89.6579689783217 58.20796897832171 3.2
      vertex -89.39060464509718 58.51283957007297 3.2
      vertex -89.39060464509718 58.51283957007297 0
    endloop
  endfacet
  facet normal -0.8314696123025358 0.5555702330196164 -4.634686019080136e-18
    outer loop
      vertex -89.39060464509718 58.51283957007297 3.2
      vertex -89.16532124826824 58.85000000000001 3.2
      vertex -89.16532124826824 58.85000000000001 0
    endloop
  endfacet
  facet normal -0.8968727415326984 0.442288690218981 -3.2791679465499194e-18
    outer loop
      vertex -89.16532124826824 58.85000000000001 3.2
      vertex -88.98597344921502 59.21368135966823 3.2
      vertex -88.98597344921502 59.21368135966823 0
    endloop
  endfacet
  facet normal -0.9469301294951005 0.32143946530317663 -6.752778146810682e-19
    outer loop
      vertex -88.98597344921502 59.21368135966823 3.2
      vertex -88.8556299385039 59.59766096018219 3.2
      vertex -88.8556299385039 59.59766096018219 0
    endloop
  endfacet
  facet normal -0.980785280403231 0.19509032201612556 -7.986330755900658e-20
    outer loop
      vertex -88.8556299385039 59.59766096018219 3.2
      vertex -88.7765209297412 59.995368804117845 3.2
      vertex -88.7765209297412 59.995368804117845 0
    endloop
  endfacet
  facet normal -0.9978589232386045 0.06540312923012763 -6.079532297795871e-19
    outer loop
      vertex -88.7765209297412 59.995368804117845 3.2
      vertex -88.75000000000001 60.400000000000006 3.2
      vertex -88.75000000000001 60.400000000000006 0
    endloop
  endfacet
  facet normal -0.9978589232386045 -0.06540312923012763 6.079532297795871e-19
    outer loop
      vertex -88.75000000000001 60.400000000000006 3.2
      vertex -88.7765209297412 60.804631195882166 3.2
      vertex -88.7765209297412 60.804631195882166 0
    endloop
  endfacet
  facet normal -0.980785280403231 -0.19509032201612556 7.986330755900658e-20
    outer loop
      vertex -88.7765209297412 60.804631195882166 3.2
      vertex -88.8556299385039 61.20233903981782 3.2
      vertex -88.8556299385039 61.20233903981782 0
    endloop
  endfacet
  facet normal -0.9469301294951005 -0.32143946530317663 6.752778146810682e-19
    outer loop
      vertex -88.8556299385039 61.20233903981782 3.2
      vertex -88.98597344921502 61.58631864033178 3.2
      vertex -88.98597344921502 61.58631864033178 0
    endloop
  endfacet
  facet normal -0.8968727415326984 -0.442288690218981 0
    outer loop
      vertex -89.16532124826824 61.95 3.2
      vertex -89.16532124826824 61.95 0
      vertex -88.98597344921502 61.58631864033178 3.2
    endloop
  endfacet
  facet normal -0.8314696123025358 -0.5555702330196164 4.634686019080136e-18
    outer loop
      vertex -89.16532124826824 61.95 3.2
      vertex -89.39060464509718 62.28716042992704 3.2
      vertex -89.39060464509718 62.28716042992704 0
    endloop
  endfacet
  facet normal -0.4422886902190092 -0.8968727415326844 0
    outer loop
      vertex -90.66368135966823 63.264026550785 3.2
      vertex -90.66368135966823 63.264026550785 0
      vertex -90.30000000000001 63.084678751731765 3.2
    endloop
  endfacet
  facet normal -0.06540312923014507 -0.9978589232386033 0
    outer loop
      vertex -91.85000000000001 63.50000000000001 3.2
      vertex -91.85000000000001 63.50000000000001 0
      vertex -91.44536880411785 63.47347907025882 3.2
    endloop
  endfacet
  facet normal -0.19509032201612891 -0.9807852804032303 0
    outer loop
      vertex -91.44536880411785 63.47347907025882 3.2
      vertex -91.44536880411785 63.47347907025882 0
      vertex -91.0476609601822 63.39437006149612 3.2
    endloop
  endfacet
  facet normal -0.32143946530315565 -0.9469301294951077 0
    outer loop
      vertex -91.0476609601822 63.39437006149612 3.2
      vertex -91.0476609601822 63.39437006149612 0
      vertex -90.66368135966823 63.264026550785 3.2
    endloop
  endfacet
  facet normal -0.7518398074789882 -0.6593458151000567 4.528869629775407e-18
    outer loop
      vertex -89.39060464509718 62.28716042992704 3.2
      vertex -89.6579689783217 62.5920310216783 3.2
      vertex -89.6579689783217 62.5920310216783 0
    endloop
  endfacet
  facet normal -0.5555702330195921 -0.831469612302552 -3.3621631009589064e-18
    outer loop
      vertex -89.96283957007297 62.85939535490284 3.2
      vertex -90.30000000000001 63.084678751731765 3.2
      vertex -90.30000000000001 63.084678751731765 0
    endloop
  endfacet
  facet normal -0.659345815100068 -0.7518398074789784 0
    outer loop
      vertex -89.96283957007297 62.85939535490284 3.2
      vertex -89.96283957007297 62.85939535490284 0
      vertex -89.6579689783217 62.5920310216783 3.2
    endloop
  endfacet
  facet normal 0 0 -1
    outer loop
      vertex -93.03631864033179 57.535973449215014 3.2
      vertex -92.67500000000001 58.97105808375568 3.2
      vertex -92.65233903981782 57.40562993850389 3.2
    endloop
  endfacet
  facet normal 0 0 -1
    outer loop
      vertex -92.65233903981782 57.40562993850389 3.2
      vertex -92.27705142441917 58.80622238662304 3.2
      vertex -92.25463119588217 57.32652092974119 3.2
    endloop
  endfacet
  facet normal 0 0 -1
    outer loop
      vertex -92.25463119588217 57.32652092974119 3.2
      vertex -91.85000000000001 58.75000000000001 3.2
      vertex -91.85000000000001 57.300000000000004 3.2
    endloop
  endfacet
  facet normal 0 0 -1
    outer loop
      vertex -91.85000000000001 57.300000000000004 3.2
      vertex -91.63463178283692 58.764115978733216 3.2
      vertex -91.44536880411785 57.32652092974119 3.2
    endloop
  endfacet
  facet normal 0 0 -1
    outer loop
      vertex -91.44536880411785 57.32652092974119 3.2
      vertex -91.42294857558085 58.80622238662304 3.2
      vertex -91.0476609601822 57.40562993850389 3.2
    endloop
  endfacet
  facet normal 0 0 -1
    outer loop
      vertex -91.0476609601822 57.40562993850389 3.2
      vertex -91.025 58.97105808375568 3.2
      vertex -90.66368135966823 57.535973449215014 3.2
    endloop
  endfacet
  facet normal 0 0 -1
    outer loop
      vertex -94.714026550785 59.21368135966823 3.2
      vertex -94.84437006149612 59.59766096018219 3.2
      vertex -94.84437006149612 61.20233903981782 3.2
    endloop
  endfacet
  facet normal 0 0 -1
    outer loop
      vertex -94.84437006149612 59.59766096018219 3.2
      vertex -94.92347907025882 59.995368804117845 3.2
      vertex -94.92347907025882 60.804631195882166 3.2
    endloop
  endfacet
  facet normal 0 0 -1
    outer loop
      vertex -94.92347907025882 59.995368804117845 3.2
      vertex -94.95 60.400000000000006 3.2
      vertex -94.92347907025882 60.804631195882166 3.2
    endloop
  endfacet
  facet normal 0 0 -1
    outer loop
      vertex -94.84437006149612 59.59766096018219 3.2
      vertex -94.92347907025882 60.804631195882166 3.2
      vertex -94.84437006149612 61.20233903981782 3.2
    endloop
  endfacet
  facet normal 0 0 -1
    outer loop
      vertex -93.4 57.715321248268246 3.2
      vertex -93.27894191624434 59.575 3.2
      vertex -93.15903301148055 59.395543642135614 3.2
    endloop
  endfacet
  facet normal 0 0 -1
    outer loop
      vertex -93.4 57.715321248268246 3.2
      vertex -93.37440122864363 59.76857233659761 3.2
      vertex -93.27894191624434 59.575 3.2
    endloop
  endfacet
  facet normal 0 0 -1
    outer loop
      vertex -94.53467875173178 58.85000000000001 3.2
      vertex -94.714026550785 59.21368135966823 3.2
      vertex -94.714026550785 61.58631864033178 3.2
    endloop
  endfacet
  facet normal 0 0 -1
    outer loop
      vertex -94.30939535490283 58.51283957007297 3.2
      vertex -94.53467875173178 58.85000000000001 3.2
      vertex -94.53467875173178 61.95 3.2
    endloop
  endfacet
  facet normal 0 0 -1
    outer loop
      vertex -94.30939535490283 58.51283957007297 3.2
      vertex -94.30939535490283 62.28716042992704 3.2
      vertex -94.04203102167831 58.20796897832171 3.2
    endloop
  endfacet
  facet normal 0 0 -1
    outer loop
      vertex -93.73716042992704 57.940604645097174 3.2
      vertex -94.04203102167831 58.20796897832171 3.2
      vertex -94.04203102167831 62.5920310216783 3.2
    endloop
  endfacet
  facet normal 0 0 -1
    outer loop
      vertex -93.4 57.715321248268246 3.2
      vertex -93.44377761337697 59.972948575580844 3.2
      vertex -93.37440122864363 59.76857233659761 3.2
    endloop
  endfacet
  facet normal 0 0 -1
    outer loop
      vertex -93.4 57.715321248268246 3.2
      vertex -93.4858840212668 60.184631782836924 3.2
      vertex -93.44377761337697 59.972948575580844 3.2
    endloop
  endfacet
  facet normal 0 0 -1
    outer loop
      vertex -93.73716042992704 57.940604645097174 3.2
      vertex -93.73716042992704 62.85939535490284 3.2
      vertex -93.4 57.715321248268246 3.2
    endloop
  endfacet
  facet normal 0 0 -1
    outer loop
      vertex -93.4 57.715321248268246 3.2
      vertex -93.50000000000001 60.400000000000006 3.2
      vertex -93.4858840212668 60.184631782836924 3.2
    endloop
  endfacet
  facet normal 0 0 -1
    outer loop
      vertex -93.03631864033179 57.535973449215014 3.2
      vertex -93.4 57.715321248268246 3.2
      vertex -93.01672618895782 59.2332738110422 3.2
    endloop
  endfacet
  facet normal 0 0 -1
    outer loop
      vertex -93.03631864033179 57.535973449215014 3.2
      vertex -92.8544563578644 59.09096698851947 3.2
      vertex -92.67500000000001 58.97105808375568 3.2
    endloop
  endfacet
  facet normal 0 0 -1
    outer loop
      vertex -92.65233903981782 57.40562993850389 3.2
      vertex -92.67500000000001 58.97105808375568 3.2
      vertex -92.4814276634024 58.87559877135638 3.2
    endloop
  endfacet
  facet normal 0 0 -1
    outer loop
      vertex -93.4 57.715321248268246 3.2
      vertex -93.15903301148055 59.395543642135614 3.2
      vertex -93.01672618895782 59.2332738110422 3.2
    endloop
  endfacet
  facet normal 0 0 -1
    outer loop
      vertex -93.03631864033179 57.535973449215014 3.2
      vertex -93.01672618895782 59.2332738110422 3.2
      vertex -92.8544563578644 59.09096698851947 3.2
    endloop
  endfacet
  facet normal 0 0 -1
    outer loop
      vertex -92.25463119588217 57.32652092974119 3.2
      vertex -92.27705142441917 58.80622238662304 3.2
      vertex -92.0653682171631 58.764115978733216 3.2
    endloop
  endfacet
  facet normal 0 0 -1
    outer loop
      vertex -92.65233903981782 57.40562993850389 3.2
      vertex -92.4814276634024 58.87559877135638 3.2
      vertex -92.27705142441917 58.80622238662304 3.2
    endloop
  endfacet
  facet normal 0 0 -1
    outer loop
      vertex -92.25463119588217 57.32652092974119 3.2
      vertex -92.0653682171631 58.764115978733216 3.2
      vertex -91.85000000000001 58.75000000000001 3.2
    endloop
  endfacet
  facet normal 0 0 -1
    outer loop
      vertex -91.85000000000001 57.300000000000004 3.2
      vertex -91.85000000000001 58.75000000000001 3.2
      vertex -91.63463178283692 58.764115978733216 3.2
    endloop
  endfacet
  facet normal 0 0 -1
    outer loop
      vertex -94.714026550785 59.21368135966823 3.2
      vertex -94.84437006149612 61.20233903981782 3.2
      vertex -94.714026550785 61.58631864033178 3.2
    endloop
  endfacet
  facet normal 0 0 -1
    outer loop
      vertex -94.53467875173178 58.85000000000001 3.2
      vertex -94.714026550785 61.58631864033178 3.2
      vertex -94.53467875173178 61.95 3.2
    endloop
  endfacet
  facet normal 0 0 -1
    outer loop
      vertex -94.30939535490283 58.51283957007297 3.2
      vertex -94.53467875173178 61.95 3.2
      vertex -94.30939535490283 62.28716042992704 3.2
    endloop
  endfacet
  facet normal 0 0 -1
    outer loop
      vertex -94.04203102167831 58.20796897832171 3.2
      vertex -94.30939535490283 62.28716042992704 3.2
      vertex -94.04203102167831 62.5920310216783 3.2
    endloop
  endfacet
  facet normal 0 0 -1
    outer loop
      vertex -93.4 57.715321248268246 3.2
      vertex -93.73716042992704 62.85939535490284 3.2
      vertex -93.50000000000001 60.400000000000006 3.2
    endloop
  endfacet
  facet normal 0 0 -1
    outer loop
      vertex -93.73716042992704 57.940604645097174 3.2
      vertex -94.04203102167831 62.5920310216783 3.2
      vertex -93.73716042992704 62.85939535490284 3.2
    endloop
  endfacet
  facet normal 0 0 -1
    outer loop
      vertex -93.50000000000001 60.400000000000006 3.2
      vertex -93.73716042992704 62.85939535490284 3.2
      vertex -93.4858840212668 60.61536821716309 3.2
    endloop
  endfacet
  facet normal 0 0 -1
    outer loop
      vertex -93.4858840212668 60.61536821716309 3.2
      vertex -93.73716042992704 62.85939535490284 3.2
      vertex -93.44377761337697 60.82705142441917 3.2
    endloop
  endfacet
  facet normal 0 0 -1
    outer loop
      vertex -93.44377761337697 60.82705142441917 3.2
      vertex -93.4 63.084678751731765 3.2
      vertex -93.37440122864363 61.031427663402404 3.2
    endloop
  endfacet
  facet normal 0 0 -1
    outer loop
      vertex -93.37440122864363 61.031427663402404 3.2
      vertex -93.4 63.084678751731765 3.2
      vertex -93.27894191624434 61.22500000000001 3.2
    endloop
  endfacet
  facet normal 0 0 -1
    outer loop
      vertex -93.27894191624434 61.22500000000001 3.2
      vertex -93.4 63.084678751731765 3.2
      vertex -93.15903301148055 61.4044563578644 3.2
    endloop
  endfacet
  facet normal 0 0 -1
    outer loop
      vertex -93.15903301148055 61.4044563578644 3.2
      vertex -93.03631864033179 63.264026550785 3.2
      vertex -93.01672618895782 61.56672618895781 3.2
    endloop
  endfacet
  facet normal 0 0 -1
    outer loop
      vertex -93.01672618895782 61.56672618895781 3.2
      vertex -93.03631864033179 63.264026550785 3.2
      vertex -92.8544563578644 61.70903301148054 3.2
    endloop
  endfacet
  facet normal 0 0 -1
    outer loop
      vertex -93.44377761337697 60.82705142441917 3.2
      vertex -93.73716042992704 62.85939535490284 3.2
      vertex -93.4 63.084678751731765 3.2
    endloop
  endfacet
  facet normal 0 0 -1
    outer loop
      vertex -93.15903301148055 61.4044563578644 3.2
      vertex -93.4 63.084678751731765 3.2
      vertex -93.03631864033179 63.264026550785 3.2
    endloop
  endfacet
  facet normal 0 0 -1
    outer loop
      vertex -92.8544563578644 61.70903301148054 3.2
      vertex -93.03631864033179 63.264026550785 3.2
      vertex -92.67500000000001 61.82894191624433 3.2
    endloop
  endfacet
  facet normal 0 0 -1
    outer loop
      vertex -92.67500000000001 61.82894191624433 3.2
      vertex -92.65233903981782 63.39437006149612 3.2
      vertex -92.4814276634024 61.92440122864363 3.2
    endloop
  endfacet
  facet normal 0 0 -1
    outer loop
      vertex -92.67500000000001 61.82894191624433 3.2
      vertex -93.03631864033179 63.264026550785 3.2
      vertex -92.65233903981782 63.39437006149612 3.2
    endloop
  endfacet
  facet normal 0 0 -1
    outer loop
      vertex -92.4814276634024 61.92440122864363 3.2
      vertex -92.65233903981782 63.39437006149612 3.2
      vertex -92.27705142441917 61.99377761337697 3.2
    endloop
  endfacet
  facet normal 0 0 -1
    outer loop
      vertex -92.27705142441917 61.99377761337697 3.2
      vertex -92.25463119588217 63.47347907025882 3.2
      vertex -92.0653682171631 62.035884021266796 3.2
    endloop
  endfacet
  facet normal 0 0 -1
    outer loop
      vertex -92.0653682171631 62.035884021266796 3.2
      vertex -91.85000000000001 63.50000000000001 3.2
      vertex -91.85000000000001 62.050000000000004 3.2
    endloop
  endfacet
  facet normal 0 0 -1
    outer loop
      vertex -92.27705142441917 61.99377761337697 3.2
      vertex -92.65233903981782 63.39437006149612 3.2
      vertex -92.25463119588217 63.47347907025882 3.2
    endloop
  endfacet
  facet normal 0 0 -1
    outer loop
      vertex -92.0653682171631 62.035884021266796 3.2
      vertex -92.25463119588217 63.47347907025882 3.2
      vertex -91.85000000000001 63.50000000000001 3.2
    endloop
  endfacet
  facet normal 0 0 -1
    outer loop
      vertex -91.44536880411785 57.32652092974119 3.2
      vertex -91.63463178283692 58.764115978733216 3.2
      vertex -91.42294857558085 58.80622238662304 3.2
    endloop
  endfacet
  facet normal 0 0 -1
    outer loop
      vertex -91.0476609601822 57.40562993850389 3.2
      vertex -91.42294857558085 58.80622238662304 3.2
      vertex -91.21857233659762 58.87559877135638 3.2
    endloop
  endfacet
  facet normal 0 0 -1
    outer loop
      vertex -91.0476609601822 57.40562993850389 3.2
      vertex -91.21857233659762 58.87559877135638 3.2
      vertex -91.025 58.97105808375568 3.2
    endloop
  endfacet
  facet normal 0 0 -1
    outer loop
      vertex -90.66368135966823 57.535973449215014 3.2
      vertex -91.025 58.97105808375568 3.2
      vertex -90.84554364213562 59.09096698851947 3.2
    endloop
  endfacet
  facet normal 0 0 -1
    outer loop
      vertex -90.66368135966823 57.535973449215014 3.2
      vertex -90.54096698851947 59.395543642135614 3.2
      vertex -90.30000000000001 57.715321248268246 3.2
    endloop
  endfacet
  facet normal 0 0 -1
    outer loop
      vertex -90.66368135966823 57.535973449215014 3.2
      vertex -90.84554364213562 59.09096698851947 3.2
      vertex -90.6832738110422 59.2332738110422 3.2
    endloop
  endfacet
  facet normal 0 0 -1
    outer loop
      vertex -90.66368135966823 57.535973449215014 3.2
      vertex -90.6832738110422 59.2332738110422 3.2
      vertex -90.54096698851947 59.395543642135614 3.2
    endloop
  endfacet
  facet normal 0 0 -1
    outer loop
      vertex -90.54096698851947 59.395543642135614 3.2
      vertex -90.42105808375568 59.575 3.2
      vertex -90.30000000000001 57.715321248268246 3.2
    endloop
  endfacet
  facet normal 0 0 -1
    outer loop
      vertex -90.30000000000001 57.715321248268246 3.2
      vertex -90.42105808375568 59.575 3.2
      vertex -90.32559877135638 59.76857233659761 3.2
    endloop
  endfacet
  facet normal 0 0 -1
    outer loop
      vertex -90.30000000000001 57.715321248268246 3.2
      vertex -90.32559877135638 59.76857233659761 3.2
      vertex -90.25622238662305 59.972948575580844 3.2
    endloop
  endfacet
  facet normal 0 0 -1
    outer loop
      vertex -90.30000000000001 57.715321248268246 3.2
      vertex -90.25622238662305 59.972948575580844 3.2
      vertex -89.96283957007297 57.940604645097174 3.2
    endloop
  endfacet
  facet normal 0 0 -1
    outer loop
      vertex -89.96283957007297 57.940604645097174 3.2
      vertex -90.25622238662305 59.972948575580844 3.2
      vertex -90.21411597873322 60.184631782836924 3.2
    endloop
  endfacet
  facet normal 0 0 -1
    outer loop
      vertex -89.96283957007297 57.940604645097174 3.2
      vertex -90.21411597873322 60.184631782836924 3.2
      vertex -90.2 60.400000000000006 3.2
    endloop
  endfacet
  facet normal 0 0 -1
    outer loop
      vertex -89.96283957007297 57.940604645097174 3.2
      vertex -89.96283957007297 62.85939535490284 3.2
      vertex -89.6579689783217 58.20796897832171 3.2
    endloop
  endfacet
  facet normal 0 0 -1
    outer loop
      vertex -89.6579689783217 58.20796897832171 3.2
      vertex -89.6579689783217 62.5920310216783 3.2
      vertex -89.39060464509718 58.51283957007297 3.2
    endloop
  endfacet
  facet normal 0 0 -1
    outer loop
      vertex -89.39060464509718 58.51283957007297 3.2
      vertex -89.39060464509718 62.28716042992704 3.2
      vertex -89.16532124826824 58.85000000000001 3.2
    endloop
  endfacet
  facet normal 0 0 -1
    outer loop
      vertex -89.16532124826824 58.85000000000001 3.2
      vertex -89.16532124826824 61.95 3.2
      vertex -88.98597344921502 59.21368135966823 3.2
    endloop
  endfacet
  facet normal 0 0 -1
    outer loop
      vertex -88.98597344921502 59.21368135966823 3.2
      vertex -88.98597344921502 61.58631864033178 3.2
      vertex -88.8556299385039 59.59766096018219 3.2
    endloop
  endfacet
  facet normal 0 0 -1
    outer loop
      vertex -90.2 60.400000000000006 3.2
      vertex -90.21411597873322 60.61536821716309 3.2
      vertex -90.30000000000001 63.084678751731765 3.2
    endloop
  endfacet
  facet normal 0 0 -1
    outer loop
      vertex -90.21411597873322 60.61536821716309 3.2
      vertex -90.25622238662305 60.82705142441917 3.2
      vertex -90.30000000000001 63.084678751731765 3.2
    endloop
  endfacet
  facet normal 0 0 -1
    outer loop
      vertex -90.25622238662305 60.82705142441917 3.2
      vertex -90.32559877135638 61.031427663402404 3.2
      vertex -90.30000000000001 63.084678751731765 3.2
    endloop
  endfacet
  facet normal 0 0 -1
    outer loop
      vertex -90.84554364213562 61.70903301148054 3.2
      vertex -90.66368135966823 63.264026550785 3.2
      vertex -90.6832738110422 61.56672618895781 3.2
    endloop
  endfacet
  facet normal 0 0 -1
    outer loop
      vertex -90.54096698851947 61.4044563578644 3.2
      vertex -90.30000000000001 63.084678751731765 3.2
      vertex -90.42105808375568 61.22500000000001 3.2
    endloop
  endfacet
  facet normal 0 0 -1
    outer loop
      vertex -90.32559877135638 61.031427663402404 3.2
      vertex -90.42105808375568 61.22500000000001 3.2
      vertex -90.30000000000001 63.084678751731765 3.2
    endloop
  endfacet
  facet normal 0 0 -1
    outer loop
      vertex -90.54096698851947 61.4044563578644 3.2
      vertex -90.6832738110422 61.56672618895781 3.2
      vertex -90.30000000000001 63.084678751731765 3.2
    endloop
  endfacet
  facet normal 0 0 -1
    outer loop
      vertex -89.96283957007297 57.940604645097174 3.2
      vertex -90.2 60.400000000000006 3.2
      vertex -90.30000000000001 63.084678751731765 3.2
    endloop
  endfacet
  facet normal 0 0 -1
    outer loop
      vertex -89.39060464509718 58.51283957007297 3.2
      vertex -89.6579689783217 62.5920310216783 3.2
      vertex -89.39060464509718 62.28716042992704 3.2
    endloop
  endfacet
  facet normal 0 0 -1
    outer loop
      vertex -88.8556299385039 59.59766096018219 3.2
      vertex -88.8556299385039 61.20233903981782 3.2
      vertex -88.7765209297412 59.995368804117845 3.2
    endloop
  endfacet
  facet normal 0 0 -1
    outer loop
      vertex -88.7765209297412 59.995368804117845 3.2
      vertex -88.7765209297412 60.804631195882166 3.2
      vertex -88.75000000000001 60.400000000000006 3.2
    endloop
  endfacet
  facet normal 0 0 -1
    outer loop
      vertex -88.7765209297412 59.995368804117845 3.2
      vertex -88.8556299385039 61.20233903981782 3.2
      vertex -88.7765209297412 60.804631195882166 3.2
    endloop
  endfacet
  facet normal 0 0 -1
    outer loop
      vertex -89.16532124826824 58.85000000000001 3.2
      vertex -89.39060464509718 62.28716042992704 3.2
      vertex -89.16532124826824 61.95 3.2
    endloop
  endfacet
  facet normal 0 0 -1
    outer loop
      vertex -88.8556299385039 59.59766096018219 3.2
      vertex -88.98597344921502 61.58631864033178 3.2
      vertex -88.8556299385039 61.20233903981782 3.2
    endloop
  endfacet
  facet normal 0 0 -1
    outer loop
      vertex -89.16532124826824 61.95 3.2
      vertex -88.98597344921502 61.58631864033178 3.2
      vertex -88.98597344921502 59.21368135966823 3.2
    endloop
  endfacet
  facet normal 0 0 -1
    outer loop
      vertex -89.96283957007297 57.940604645097174 3.2
      vertex -90.30000000000001 63.084678751731765 3.2
      vertex -89.96283957007297 62.85939535490284 3.2
    endloop
  endfacet
  facet normal 0 0 -1
    outer loop
      vertex -89.6579689783217 58.20796897832171 3.2
      vertex -89.96283957007297 62.85939535490284 3.2
      vertex -89.6579689783217 62.5920310216783 3.2
    endloop
  endfacet
  facet normal 0 0 -1
    outer loop
      vertex -91.42294857558085 61.99377761337697 3.2
      vertex -91.63463178283692 62.035884021266796 3.2
      vertex -91.44536880411785 63.47347907025882 3.2
    endloop
  endfacet
  facet normal 0 0 -1
    outer loop
      vertex -91.85000000000001 62.050000000000004 3.2
      vertex -91.44536880411785 63.47347907025882 3.2
      vertex -91.63463178283692 62.035884021266796 3.2
    endloop
  endfacet
  facet normal 0 0 -1
    outer loop
      vertex -91.42294857558085 61.99377761337697 3.2
      vertex -91.0476609601822 63.39437006149612 3.2
      vertex -91.21857233659762 61.92440122864363 3.2
    endloop
  endfacet
  facet normal 0 0 -1
    outer loop
      vertex -91.21857233659762 61.92440122864363 3.2
      vertex -91.0476609601822 63.39437006149612 3.2
      vertex -91.025 61.82894191624433 3.2
    endloop
  endfacet
  facet normal 0 0 -1
    outer loop
      vertex -91.85000000000001 62.050000000000004 3.2
      vertex -91.85000000000001 63.50000000000001 3.2
      vertex -91.44536880411785 63.47347907025882 3.2
    endloop
  endfacet
  facet normal 0 0 -1
    outer loop
      vertex -91.42294857558085 61.99377761337697 3.2
      vertex -91.44536880411785 63.47347907025882 3.2
      vertex -91.0476609601822 63.39437006149612 3.2
    endloop
  endfacet
  facet normal 0 0 -1
    outer loop
      vertex -91.025 61.82894191624433 3.2
      vertex -90.66368135966823 63.264026550785 3.2
      vertex -90.84554364213562 61.70903301148054 3.2
    endloop
  endfacet
  facet normal 0 0 -1
    outer loop
      vertex -90.6832738110422 61.56672618895781 3.2
      vertex -90.66368135966823 63.264026550785 3.2
      vertex -90.30000000000001 63.084678751731765 3.2
    endloop
  endfacet
  facet normal 0 0 -1
    outer loop
      vertex -91.025 61.82894191624433 3.2
      vertex -91.0476609601822 63.39437006149612 3.2
      vertex -90.66368135966823 63.264026550785 3.2
    endloop
  endfacet
  facet normal 0 0 -1
    outer loop
      vertex -97.1801270172 -63.899999998509884 0
      vertex -97.46939766407013 -63.3134171590209 0
      vertex -92.65233903981782 -63.39437006149612 0
    endloop
  endfacet
  facet normal 0 0 -1
    outer loop
      vertex -97.46939766407013 -63.3134171590209 0
      vertex -97.6796291321516 -62.694095224142075 0
      vertex -93.73716042992704 -62.85939535490284 0
    endloop
  endfacet
  facet normal 0 0 -1
    outer loop
      vertex -97.46939766407013 -63.3134171590209 0
      vertex -93.73716042992704 -62.85939535490284 0
      vertex -93.4 -63.084678751731765 0
    endloop
  endfacet
  facet normal 0 0 -1
    outer loop
      vertex -97.6796291321516 -62.694095224142075 0
      vertex -94.30939535490283 -62.28716042992704 0
      vertex -94.04203102167831 -62.5920310216783 0
    endloop
  endfacet
  facet normal 0 0 -1
    outer loop
      vertex -97.6796291321516 -62.694095224142075 0
      vertex -94.53467875173178 -61.95 0
      vertex -94.30939535490283 -62.28716042992704 0
    endloop
  endfacet
  facet normal 0 0 -1
    outer loop
      vertex -97.6796291321516 -62.694095224142075 0
      vertex -94.04203102167831 -62.5920310216783 0
      vertex -93.73716042992704 -62.85939535490284 0
    endloop
  endfacet
  facet normal 0 0 -1
    outer loop
      vertex -97.1801270172 -63.899999998509884 0
      vertex -92.65233903981782 -63.39437006149612 0
      vertex -92.25463119588217 -63.47347907025882 0
    endloop
  endfacet
  facet normal 0 0 -1
    outer loop
      vertex -97.46939766407013 -63.3134171590209 0
      vertex -93.03631864033179 -63.264026550785 0
      vertex -92.65233903981782 -63.39437006149612 0
    endloop
  endfacet
  facet normal 0 0 -1
    outer loop
      vertex -97.1801270172 -63.899999998509884 0
      vertex -92.25463119588217 -63.47347907025882 0
      vertex -91.85000000000001 -63.50000000000001 0
    endloop
  endfacet
  facet normal 0 0 -1
    outer loop
      vertex -97.1801270172 -63.899999998509884 0
      vertex -91.85000000000001 -63.50000000000001 0
      vertex -91.44536880411785 -63.47347907025882 0
    endloop
  endfacet
  facet normal 0 0 -1
    outer loop
      vertex -97.46939766407013 -63.3134171590209 0
      vertex -93.4 -63.084678751731765 0
      vertex -93.03631864033179 -63.264026550785 0
    endloop
  endfacet
  facet normal 0 0 -1
    outer loop
      vertex -97.6796291321516 -62.694095224142075 0
      vertex -97.80722431093454 -62.052630960941315 0
      vertex -94.84437006149612 -61.20233903981782 0
    endloop
  endfacet
  facet normal 0 0 -1
    outer loop
      vertex -97.80722431093454 -62.052630960941315 0
      vertex -97.85000000149012 -61.399999998509884 0
      vertex -94.95 -60.400000000000006 0
    endloop
  endfacet
  facet normal 0 0 -1
    outer loop
      vertex -97.6796291321516 -62.694095224142075 0
      vertex -94.714026550785 -61.58631864033178 0
      vertex -94.53467875173178 -61.95 0
    endloop
  endfacet
  facet normal 0 0 -1
    outer loop
      vertex -97.6796291321516 -62.694095224142075 0
      vertex -94.84437006149612 -61.20233903981782 0
      vertex -94.714026550785 -61.58631864033178 0
    endloop
  endfacet
  facet normal 0 0 -1
    outer loop
      vertex -97.80722431093454 -62.052630960941315 0
      vertex -94.92347907025882 -60.804631195882166 0
      vertex -94.84437006149612 -61.20233903981782 0
    endloop
  endfacet
  facet normal 0 0 -1
    outer loop
      vertex -97.80722431093454 -62.052630960941315 0
      vertex -94.95 -60.400000000000006 0
      vertex -94.92347907025882 -60.804631195882166 0
    endloop
  endfacet
  facet normal 0 0 -1
    outer loop
      vertex -97.85000000149012 -61.399999998509884 0
      vertex -94.92347907025882 -59.995368804117845 0
      vertex -94.95 -60.400000000000006 0
    endloop
  endfacet
  facet normal 0 0 -1
    outer loop
      vertex -97.85000000149012 -61.399999998509884 0
      vertex -94.84437006149612 -59.59766096018219 0
      vertex -94.92347907025882 -59.995368804117845 0
    endloop
  endfacet
  facet normal 0 0 -1
    outer loop
      vertex -78.14000000059605 -47.50999999791384 0
      vertex -91.0476609601822 -57.40562993850389 0
      vertex -91.44536880411785 -57.32652092974119 0
    endloop
  endfacet
  facet normal 0 0 -1
    outer loop
      vertex -78.14000000059605 -47.50999999791384 0
      vertex -90.66368135966823 -57.535973449215014 0
      vertex -91.0476609601822 -57.40562993850389 0
    endloop
  endfacet
  facet normal 0 0 -1
    outer loop
      vertex -78.14000000059605 -47.50999999791384 0
      vertex -89.39060464509718 -58.51283957007297 0
      vertex -89.6579689783217 -58.20796897832171 0
    endloop
  endfacet
  facet normal 0 0 -1
    outer loop
      vertex -78.14000000059605 -47.50999999791384 0
      vertex -89.6579689783217 -58.20796897832171 0
      vertex -89.96283957007297 -57.940604645097174 0
    endloop
  endfacet
  facet normal 0 0 -1
    outer loop
      vertex -78.14000000059605 -47.50999999791384 0
      vertex -90.30000000000001 -57.715321248268246 0
      vertex -90.66368135966823 -57.535973449215014 0
    endloop
  endfacet
  facet normal 0 0 -1
    outer loop
      vertex -78.14000000059605 -47.50999999791384 0
      vertex -89.96283957007297 -57.940604645097174 0
      vertex -90.30000000000001 -57.715321248268246 0
    endloop
  endfacet
  facet normal 0 0 -1
    outer loop
      vertex -91.44536880411785 -57.32652092974119 0
      vertex -91.85000000000001 -57.300000000000004 0
      vertex -81.23096264153719 -45.13822093605995 0
    endloop
  endfacet
  facet normal 0 0 -1
    outer loop
      vertex -78.14000000059605 -47.50999999791384 0
      vertex -88.7765209297412 -59.995368804117845 0
      vertex -88.8556299385039 -59.59766096018219 0
    endloop
  endfacet
  facet normal 0 0 -1
    outer loop
      vertex -78.14000000059605 -47.50999999791384 0
      vertex -88.8556299385039 -59.59766096018219 0
      vertex -88.98597344921502 -59.21368135966823 0
    endloop
  endfacet
  facet normal 0 0 -1
    outer loop
      vertex -78.14000000059605 -47.50999999791384 0
      vertex -88.98597344921502 -59.21368135966823 0
      vertex -89.16532124826824 -58.85000000000001 0
    endloop
  endfacet
  facet normal 0 0 -1
    outer loop
      vertex -78.14000000059605 -47.50999999791384 0
      vertex -89.16532124826824 -58.85000000000001 0
      vertex -89.39060464509718 -58.51283957007297 0
    endloop
  endfacet
  facet normal 0 0 -1
    outer loop
      vertex -91.44536880411785 -57.32652092974119 0
      vertex -80.91128129512072 -45.90999999642372 0
      vertex -80.67873068898916 -46.25803656876087 0
    endloop
  endfacet
  facet normal 0 0 -1
    outer loop
      vertex -91.44536880411785 -57.32652092974119 0
      vertex -80.67873068898916 -46.25803656876087 0
      vertex -80.40274170041084 -46.5727416947484 0
    endloop
  endfacet
  facet normal 0 0 -1
    outer loop
      vertex -91.44536880411785 -57.32652092974119 0
      vertex -80.08803657442331 -46.84873068332672 0
      vertex -79.74000000208616 -47.081281289458275 0
    endloop
  endfacet
  facet normal 0 0 -1
    outer loop
      vertex -91.44536880411785 -57.32652092974119 0
      vertex -79.74000000208616 -47.081281289458275 0
      vertex -79.36458698660135 -47.26641450077295 0
    endloop
  endfacet
  facet normal 0 0 -1
    outer loop
      vertex -91.44536880411785 -57.32652092974119 0
      vertex -80.40274170041084 -46.5727416947484 0
      vertex -80.08803657442331 -46.84873068332672 0
    endloop
  endfacet
  facet normal 0 0 -1
    outer loop
      vertex -91.44536880411785 -57.32652092974119 0
      vertex -79.36458698660135 -47.26641450077295 0
      vertex -78.9682209417224 -47.40096263587475 0
    endloop
  endfacet
  facet normal 0 0 -1
    outer loop
      vertex -91.44536880411785 -57.32652092974119 0
      vertex -78.9682209417224 -47.40096263587475 0
      vertex -78.55768381804228 -47.48262355476618 0
    endloop
  endfacet
  facet normal 0 0 -1
    outer loop
      vertex -91.44536880411785 -57.32652092974119 0
      vertex -78.55768381804228 -47.48262355476618 0
      vertex -78.14000000059605 -47.50999999791384 0
    endloop
  endfacet
  facet normal 0 0 -1
    outer loop
      vertex -97.85000000149012 -61.399999998509884 0
      vertex -94.95 0 0
      vertex -94.84437006149612 -59.59766096018219 0
    endloop
  endfacet
  facet normal 0 0 -1
    outer loop
      vertex -94.84437006149612 -59.59766096018219 0
      vertex -94.95 0 0
      vertex -94.714026550785 -59.21368135966823 0
    endloop
  endfacet
  facet normal 0 0 -1
    outer loop
      vertex -94.714026550785 -59.21368135966823 0
      vertex -94.95 0 0
      vertex -94.53467875173178 -58.85000000000001 0
    endloop
  endfacet
  facet normal 0 0 -1
    outer loop
      vertex -94.53467875173178 -58.85000000000001 0
      vertex -94.95 0 0
      vertex -94.30939535490283 -58.51283957007297 0
    endloop
  endfacet
  facet normal 0 0 -1
    outer loop
      vertex -94.30939535490283 -58.51283957007297 0
      vertex -94.95 0 0
      vertex -94.04203102167831 -58.20796897832171 0
    endloop
  endfacet
  facet normal 0 0 -1
    outer loop
      vertex -93.73716042992704 -57.940604645097174 0
      vertex -94.04203102167831 -58.20796897832171 0
      vertex -94.95 0 0
    endloop
  endfacet
  facet normal 0 0 -1
    outer loop
      vertex -93.4 -57.715321248268246 0
      vertex -93.73716042992704 -57.940604645097174 0
      vertex -94.95 0 0
    endloop
  endfacet
  facet normal 0 0 -1
    outer loop
      vertex -93.03631864033179 -57.535973449215014 0
      vertex -93.4 -57.715321248268246 0
      vertex -94.95 0 0
    endloop
  endfacet
  facet normal 0 0 -1
    outer loop
      vertex -92.65233903981782 -57.40562993850389 0
      vertex -93.03631864033179 -57.535973449215014 0
      vertex -94.84437006149612 -0.8023390398178143 0
    endloop
  endfacet
  facet normal 0 0 -1
    outer loop
      vertex -91.85000000000001 -57.300000000000004 0
      vertex -92.25463119588217 -57.32652092974119 0
      vertex -93.4 -2.68467875173176 0
    endloop
  endfacet
  facet normal 0 0 -1
    outer loop
      vertex -92.25463119588217 -57.32652092974119 0
      vertex -92.65233903981782 -57.40562993850389 0
      vertex -94.30939535490283 -1.8871604299270341 0
    endloop
  endfacet
  facet normal 0 0 -1
    outer loop
      vertex -91.85000000000001 -57.300000000000004 0
      vertex -93.4 -2.68467875173176 0
      vertex -81.31262356042862 -44.72768381237984 0
    endloop
  endfacet
  facet normal 0 0 -1
    outer loop
      vertex -91.44536880411785 -57.32652092974119 0
      vertex -81.0964145064354 -45.53458698093891 0
      vertex -80.91128129512072 -45.90999999642372 0
    endloop
  endfacet
  facet normal 0 0 -1
    outer loop
      vertex -91.44536880411785 -57.32652092974119 0
      vertex -81.23096264153719 -45.13822093605995 0
      vertex -81.0964145064354 -45.53458698093891 0
    endloop
  endfacet
  facet normal 0 0 -1
    outer loop
      vertex -91.85000000000001 -57.300000000000004 0
      vertex -81.31262356042862 -44.72768381237984 0
      vertex -81.23096264153719 -45.13822093605995 0
    endloop
  endfacet
  facet normal 0 0 -1
    outer loop
      vertex -96.8167667016387 -64.44380713999271 0
      vertex -97.1801270172 -63.899999998509884 0
      vertex -0.8023390398178143 -63.39437006149612 0
    endloop
  endfacet
  facet normal 0 0 -1
    outer loop
      vertex -97.1801270172 -63.899999998509884 0
      vertex -91.44536880411785 -63.47347907025882 0
      vertex -1.8871604299270341 -62.85939535490284 0
    endloop
  endfacet
  facet normal 0 0 -1
    outer loop
      vertex -1.8871604299270341 -62.85939535490284 0
      vertex -91.44536880411785 -63.47347907025882 0
      vertex -91.0476609601822 -63.39437006149612 0
    endloop
  endfacet
  facet normal 0 0 -1
    outer loop
      vertex -1.8871604299270341 -62.85939535490284 0
      vertex -91.0476609601822 -63.39437006149612 0
      vertex -90.66368135966823 -63.264026550785 0
    endloop
  endfacet
  facet normal 0 0 -1
    outer loop
      vertex -2.1920310216782974 -62.5920310216783 0
      vertex -90.66368135966823 -63.264026550785 0
      vertex -90.30000000000001 -63.084678751731765 0
    endloop
  endfacet
  facet normal 0 0 -1
    outer loop
      vertex -2.1920310216782974 -62.5920310216783 0
      vertex -90.30000000000001 -63.084678751731765 0
      vertex -89.96283957007297 -62.85939535490284 0
    endloop
  endfacet
  facet normal 0 0 -1
    outer loop
      vertex -2.1920310216782974 -62.5920310216783 0
      vertex -89.96283957007297 -62.85939535490284 0
      vertex -89.6579689783217 -62.5920310216783 0
    endloop
  endfacet
  facet normal 0 0 -1
    outer loop
      vertex -2.459395354902829 -62.28716042992704 0
      vertex -89.6579689783217 -62.5920310216783 0
      vertex -89.39060464509718 -62.28716042992704 0
    endloop
  endfacet
  facet normal 0 0 -1
    outer loop
      vertex -2.459395354902829 -62.28716042992704 0
      vertex -89.39060464509718 -62.28716042992704 0
      vertex -89.16532124826824 -61.95 0
    endloop
  endfacet
  facet normal 0 0 -1
    outer loop
      vertex -2.459395354902829 -62.28716042992704 0
      vertex -89.16532124826824 -61.95 0
      vertex -88.98597344921502 -61.58631864033178 0
    endloop
  endfacet
  facet normal 0 0 -1
    outer loop
      vertex -2.459395354902829 -62.28716042992704 0
      vertex -88.98597344921502 -61.58631864033178 0
      vertex -88.8556299385039 -61.20233903981782 0
    endloop
  endfacet
  facet normal 0 0 -1
    outer loop
      vertex -2.459395354902829 -62.28716042992704 0
      vertex -88.8556299385039 -61.20233903981782 0
      vertex -88.7765209297412 -60.804631195882166 0
    endloop
  endfacet
  facet normal 0 0 -1
    outer loop
      vertex -88.75000000000001 -60.400000000000006 0
      vertex -2.68467875173176 -61.95 0
      vertex -88.7765209297412 -60.804631195882166 0
    endloop
  endfacet
  facet normal 0 0 -1
    outer loop
      vertex -88.7765209297412 -59.995368804117845 0
      vertex -2.68467875173176 -58.85000000000001 0
      vertex -88.75000000000001 -60.400000000000006 0
    endloop
  endfacet
  facet normal 0 0 -1
    outer loop
      vertex -78.14000000059605 -47.50999999791384 0
      vertex -2.68467875173176 -58.85000000000001 0
      vertex -88.7765209297412 -59.995368804117845 0
    endloop
  endfacet
  facet normal -0.7518398095516428 -0.659345812736647 0
    outer loop
      vertex -96.38553390651941 -64.93553390353918 0
      vertex -96.8167667016387 -64.44380713999271 5
      vertex -96.8167667016387 -64.44380713999271 0
    endloop
  endfacet
  facet normal -0.5555702335211812 -0.8314696119674009 0
    outer loop
      vertex -95.89380714297295 -65.36676669865847 0
      vertex -95.35000000149012 -65.73012701421976 0
      vertex -95.89380714297295 -65.36676669865847 5
    endloop
  endfacet
  facet normal -0.44228869340155175 -0.8968727399632281 0
    outer loop
      vertex -95.35000000149012 -65.73012701421976 0
      vertex -94.76341716200113 -66.0193976610899 0
      vertex -95.35000000149012 -65.73012701421976 5
    endloop
  endfacet
  facet normal -0.659345812736647 -0.7518398095516428 0
    outer loop
      vertex -96.38553390651941 -64.93553390353918 0
      vertex -95.89380714297295 -65.36676669865847 0
      vertex -96.38553390651941 -64.93553390353918 5
    endloop
  endfacet
  facet normal -0.8968727399632281 -0.44228869340155175 0
    outer loop
      vertex -97.1801270172 -63.899999998509884 0
      vertex -97.46939766407013 -63.3134171590209 5
      vertex -97.46939766407013 -63.3134171590209 0
    endloop
  endfacet
  facet normal -0.8314696119674009 -0.5555702335211812 0
    outer loop
      vertex -96.8167667016387 -64.44380713999271 0
      vertex -97.1801270172 -63.899999998509884 5
      vertex -97.1801270172 -63.899999998509884 0
    endloop
  endfacet
  facet normal -0.9469301296443332 -0.3214394648635512 0
    outer loop
      vertex -97.46939766407013 -63.3134171590209 0
      vertex -97.6796291321516 -62.694095224142075 5
      vertex -97.6796291321516 -62.694095224142075 0
    endloop
  endfacet
  facet normal -0.9807852793499569 -0.1950903273112926 0
    outer loop
      vertex -97.6796291321516 -62.694095224142075 0
      vertex -97.80722431093454 -62.052630960941315 5
      vertex -97.80722431093454 -62.052630960941315 0
    endloop
  endfacet
  facet normal -0.3214394648635512 -0.9469301296443332 0
    outer loop
      vertex -94.76341716200113 -66.0193976610899 0
      vertex -94.1440952271223 -66.22962912917137 0
      vertex -94.76341716200113 -66.0193976610899 5
    endloop
  endfacet
  facet normal -0.1950903273112926 -0.9807852793499569 0
    outer loop
      vertex -94.1440952271223 -66.22962912917137 0
      vertex -93.50263096392155 -66.35722430795431 0
      vertex -94.1440952271223 -66.22962912917137 5
    endloop
  endfacet
  facet normal -0.06540312517646005 -0.997858923504296 0
    outer loop
      vertex -93.50263096392155 -66.35722430795431 0
      vertex -92.85000000149012 -66.39999999850988 0
      vertex -93.50263096392155 -66.35722430795431 5
    endloop
  endfacet
  facet normal -0.997858923504296 -0.06540312517646005 0
    outer loop
      vertex -97.80722431093454 -62.052630960941315 0
      vertex -97.85000000149012 -61.399999998509884 5
      vertex -97.85000000149012 -61.399999998509884 0
    endloop
  endfacet
  facet normal 0 0 -1
    outer loop
      vertex -92.25463119588217 -57.32652092974119 0
      vertex -93.73716042992704 -2.459395354902829 0
      vertex -93.4 -2.68467875173176 0
    endloop
  endfacet
  facet normal 0 0 -1
    outer loop
      vertex -92.65233903981782 -57.40562993850389 0
      vertex -94.84437006149612 -0.8023390398178143 0
      vertex -94.714026550785 -1.1863186403317783 0
    endloop
  endfacet
  facet normal 0 0 -1
    outer loop
      vertex -92.65233903981782 -57.40562993850389 0
      vertex -94.53467875173178 -1.55 0
      vertex -94.30939535490283 -1.8871604299270341 0
    endloop
  endfacet
  facet normal 0 0 -1
    outer loop
      vertex -92.25463119588217 -57.32652092974119 0
      vertex -94.04203102167831 -2.1920310216782974 0
      vertex -93.73716042992704 -2.459395354902829 0
    endloop
  endfacet
  facet normal 0 0 -1
    outer loop
      vertex -92.25463119588217 -57.32652092974119 0
      vertex -94.30939535490283 -1.8871604299270341 0
      vertex -94.04203102167831 -2.1920310216782974 0
    endloop
  endfacet
  facet normal 0 0 -1
    outer loop
      vertex -92.65233903981782 -57.40562993850389 0
      vertex -94.714026550785 -1.1863186403317783 0
      vertex -94.53467875173178 -1.55 0
    endloop
  endfacet
  facet normal 0 0 -1
    outer loop
      vertex -93.03631864033179 -57.535973449215014 0
      vertex -94.92347907025882 -0.4046311958821599 0
      vertex -94.84437006149612 -0.8023390398178143 0
    endloop
  endfacet
  facet normal 0 0 -1
    outer loop
      vertex -93.03631864033179 -57.535973449215014 0
      vertex -94.95 0 0
      vertex -94.92347907025882 -0.4046311958821599 0
    endloop
  endfacet
  facet normal 0 0 -1
    outer loop
      vertex -93.4 -2.68467875173176 0
      vertex -93.03631864033179 -2.864026550784989 0
      vertex -81.34000000357628 -44.309999994933605 0
    endloop
  endfacet
  facet normal 0 0 -1
    outer loop
      vertex -93.03631864033179 -2.864026550784989 0
      vertex -92.65233903981782 -2.9943700614961117 0
      vertex -81.34000000357628 -44.309999994933605 0
    endloop
  endfacet
  facet normal 0 0 -1
    outer loop
      vertex -92.65233903981782 -2.9943700614961117 0
      vertex -92.25463119588217 -3.0734790702588124 0
      vertex -81.34000000357628 -44.309999994933605 0
    endloop
  endfacet
  facet normal 0 0 -1
    outer loop
      vertex -92.25463119588217 -3.0734790702588124 0
      vertex -91.85000000000001 -3.1 0
      vertex -81.34000000357628 -44.309999994933605 0
    endloop
  endfacet
  facet normal 0 0 -1
    outer loop
      vertex -91.85000000000001 -3.1 0
      vertex -91.44536880411785 -3.0734790702588124 0
      vertex -81.34000000357628 -44.309999994933605 0
    endloop
  endfacet
  facet normal 0 0 -1
    outer loop
      vertex -91.44536880411785 -3.0734790702588124 0
      vertex -91.0476609601822 -2.9943700614961117 0
      vertex -81.34000000357628 -44.309999994933605 0
    endloop
  endfacet
  facet normal 0 0 -1
    outer loop
      vertex -91.0476609601822 -2.9943700614961117 0
      vertex -90.66368135966823 -2.864026550784989 0
      vertex -81.34000000357628 -44.309999994933605 0
    endloop
  endfacet
  facet normal 0 0 -1
    outer loop
      vertex -90.66368135966823 -2.864026550784989 0
      vertex -90.30000000000001 -2.68467875173176 0
      vertex -81.34000000357628 -44.309999994933605 0
    endloop
  endfacet
  facet normal 0 0 -1
    outer loop
      vertex -81.31262356042862 -44.72768381237984 0
      vertex -93.4 -2.68467875173176 0
      vertex -81.34000000357628 -44.309999994933605 0
    endloop
  endfacet
  facet normal 0 0 -1
    outer loop
      vertex -90.30000000000001 -2.68467875173176 0
      vertex -89.96283957007297 -2.459395354902829 0
      vertex -81.34000000357628 -44.309999994933605 0
    endloop
  endfacet
  facet normal 0 0 -1
    outer loop
      vertex -89.96283957007297 -2.459395354902829 0
      vertex -89.6579689783217 -2.1920310216782974 0
      vertex -81.34000000357628 -44.309999994933605 0
    endloop
  endfacet
  facet normal 0 0 -1
    outer loop
      vertex -89.6579689783217 -2.1920310216782974 0
      vertex -89.39060464509718 -1.8871604299270341 0
      vertex -81.34000000357628 -44.309999994933605 0
    endloop
  endfacet
  facet normal 0 0 -1
    outer loop
      vertex -89.16532124826824 -1.55 0
      vertex -81.34000000357628 -44.309999994933605 0
      vertex -89.39060464509718 -1.8871604299270341 0
    endloop
  endfacet
  facet normal 0 0 -1
    outer loop
      vertex -88.98597344921502 -1.1863186403317783 0
      vertex -81.34000000357628 -44.309999994933605 0
      vertex -89.16532124826824 -1.55 0
    endloop
  endfacet
  facet normal 0 0 -1
    outer loop
      vertex -88.8556299385039 -0.8023390398178143 0
      vertex -81.34000000357628 -44.309999994933605 0
      vertex -88.98597344921502 -1.1863186403317783 0
    endloop
  endfacet
  facet normal 0 0 -1
    outer loop
      vertex -88.7765209297412 -0.4046311958821599 0
      vertex -81.34000000357628 -44.309999994933605 0
      vertex -88.8556299385039 -0.8023390398178143 0
    endloop
  endfacet
  facet normal 0 0 -1
    outer loop
      vertex -88.7765209297412 -0.4046311958821599 0
      vertex -81.34000000357628 44.309999994933605 0
      vertex -81.34000000357628 -44.309999994933605 0
    endloop
  endfacet
  facet normal 0 0 -1
    outer loop
      vertex -96.38553390651941 -64.93553390353918 0
      vertex -96.8167667016387 -64.44380713999271 0
      vertex 91.0476609601822 -63.39437006149612 0
    endloop
  endfacet
  facet normal 0 0 -1
    outer loop
      vertex -94.1440952271223 -66.22962912917137 0
      vertex 95.35000000149012 -65.73012701421976 0
      vertex -93.50263096392155 -66.35722430795431 0
    endloop
  endfacet
  facet normal 0 0 -1
    outer loop
      vertex -94.76341716200113 -66.0193976610899 0
      vertex 95.89380714297295 -65.36676669865847 0
      vertex -94.1440952271223 -66.22962912917137 0
    endloop
  endfacet
  facet normal 0 0 -1
    outer loop
      vertex -95.35000000149012 -65.73012701421976 0
      vertex 96.38553390651941 -64.93553390353918 0
      vertex -94.76341716200113 -66.0193976610899 0
    endloop
  endfacet
  facet normal 0 0 -1
    outer loop
      vertex -95.89380714297295 -65.36676669865847 0
      vertex 96.8167667016387 -64.44380713999271 0
      vertex -95.35000000149012 -65.73012701421976 0
    endloop
  endfacet
  facet normal 0 0 -1
    outer loop
      vertex -96.38553390651941 -64.93553390353918 0
      vertex 97.1801270172 -63.899999998509884 0
      vertex -95.89380714297295 -65.36676669865847 0
    endloop
  endfacet
  facet normal 0 0 -1
    outer loop
      vertex -97.1801270172 -63.899999998509884 0
      vertex -1.55 -63.084678751731765 0
      vertex -1.1863186403317783 -63.264026550785 0
    endloop
  endfacet
  facet normal 0 0 -1
    outer loop
      vertex -97.1801270172 -63.899999998509884 0
      vertex -1.1863186403317783 -63.264026550785 0
      vertex -0.8023390398178143 -63.39437006149612 0
    endloop
  endfacet
  facet normal 0 0 -1
    outer loop
      vertex -96.8167667016387 -64.44380713999271 0
      vertex -0.8023390398178143 -63.39437006149612 0
      vertex -0.4046311958821599 -63.47347907025882 0
    endloop
  endfacet
  facet normal 0 0 -1
    outer loop
      vertex -96.8167667016387 -64.44380713999271 0
      vertex -0.4046311958821599 -63.47347907025882 0
      vertex 0 -63.50000000000001 0
    endloop
  endfacet
  facet normal 0 0 -1
    outer loop
      vertex -97.1801270172 -63.899999998509884 0
      vertex -1.8871604299270341 -62.85939535490284 0
      vertex -1.55 -63.084678751731765 0
    endloop
  endfacet
  facet normal 0 0 -1
    outer loop
      vertex -90.66368135966823 -63.264026550785 0
      vertex -2.1920310216782974 -62.5920310216783 0
      vertex -1.8871604299270341 -62.85939535490284 0
    endloop
  endfacet
  facet normal 0 0 -1
    outer loop
      vertex -89.6579689783217 -62.5920310216783 0
      vertex -2.459395354902829 -62.28716042992704 0
      vertex -2.1920310216782974 -62.5920310216783 0
    endloop
  endfacet
  facet normal 0 0 -1
    outer loop
      vertex -88.75000000000001 -60.400000000000006 0
      vertex -2.864026550784989 -61.58631864033178 0
      vertex -2.68467875173176 -61.95 0
    endloop
  endfacet
  facet normal 0 0 -1
    outer loop
      vertex -2.459395354902829 -62.28716042992704 0
      vertex -88.7765209297412 -60.804631195882166 0
      vertex -2.68467875173176 -61.95 0
    endloop
  endfacet
  facet normal 0 0 -1
    outer loop
      vertex -88.75000000000001 -60.400000000000006 0
      vertex -2.9943700614961117 -61.20233903981782 0
      vertex -2.864026550784989 -61.58631864033178 0
    endloop
  endfacet
  facet normal 0 0 -1
    outer loop
      vertex -88.75000000000001 -60.400000000000006 0
      vertex -3.0734790702588124 -60.804631195882166 0
      vertex -2.9943700614961117 -61.20233903981782 0
    endloop
  endfacet
  facet normal 0 0 -1
    outer loop
      vertex -88.75000000000001 -60.400000000000006 0
      vertex -3.1 -60.400000000000006 0
      vertex -3.0734790702588124 -60.804631195882166 0
    endloop
  endfacet
  facet normal 0 0 -1
    outer loop
      vertex -88.75000000000001 -60.400000000000006 0
      vertex -3.0734790702588124 -59.995368804117845 0
      vertex -3.1 -60.400000000000006 0
    endloop
  endfacet
  facet normal 0 0 -1
    outer loop
      vertex -88.75000000000001 -60.400000000000006 0
      vertex -2.9943700614961117 -59.59766096018219 0
      vertex -3.0734790702588124 -59.995368804117845 0
    endloop
  endfacet
  facet normal 0 0 -1
    outer loop
      vertex -88.75000000000001 -60.400000000000006 0
      vertex -2.864026550784989 -59.21368135966823 0
      vertex -2.9943700614961117 -59.59766096018219 0
    endloop
  endfacet
  facet normal 0 0 -1
    outer loop
      vertex -88.75000000000001 -60.400000000000006 0
      vertex -2.68467875173176 -58.85000000000001 0
      vertex -2.864026550784989 -59.21368135966823 0
    endloop
  endfacet
  facet normal 0 0 -1
    outer loop
      vertex -93.50263096392155 -66.35722430795431 0
      vertex 94.76341716200113 -66.0193976610899 0
      vertex -92.85000000149012 -66.39999999850988 0
    endloop
  endfacet
  facet normal 0 0 -1
    outer loop
      vertex -78.14000000059605 -47.50999999791384 0
      vertex -2.459395354902829 -58.51283957007297 0
      vertex -2.68467875173176 -58.85000000000001 0
    endloop
  endfacet
  facet normal 0 0 -1
    outer loop
      vertex -78.14000000059605 -47.50999999791384 0
      vertex -2.1920310216782974 -58.20796897832171 0
      vertex -2.459395354902829 -58.51283957007297 0
    endloop
  endfacet
  facet normal 0 0 -1
    outer loop
      vertex -78.14000000059605 -47.50999999791384 0
      vertex -1.8871604299270341 -57.940604645097174 0
      vertex -2.1920310216782974 -58.20796897832171 0
    endloop
  endfacet
  facet normal 0 0 -1
    outer loop
      vertex -78.14000000059605 -47.50999999791384 0
      vertex -1.55 -57.715321248268246 0
      vertex -1.8871604299270341 -57.940604645097174 0
    endloop
  endfacet
  facet normal 0 0 -1
    outer loop
      vertex -78.14000000059605 -47.50999999791384 0
      vertex -1.1863186403317783 -57.535973449215014 0
      vertex -1.55 -57.715321248268246 0
    endloop
  endfacet
  facet normal 0 0 -1
    outer loop
      vertex -78.14000000059605 -47.50999999791384 0
      vertex -0.8023390398178143 -57.40562993850389 0
      vertex -1.1863186403317783 -57.535973449215014 0
    endloop
  endfacet
  facet normal 0 0 -1
    outer loop
      vertex -78.14000000059605 -47.50999999791384 0
      vertex -0.4046311958821599 -57.32652092974119 0
      vertex -0.8023390398178143 -57.40562993850389 0
    endloop
  endfacet
  facet normal 0 0 -1
    outer loop
      vertex -96.8167667016387 -64.44380713999271 0
      vertex 0 -63.50000000000001 0
      vertex 89.96283957007297 -62.85939535490284 0
    endloop
  endfacet
  facet normal 0 0 -1
    outer loop
      vertex -78.14000000059605 -47.50999999791384 0
      vertex 78.14000000059605 -47.50999999791384 0
      vertex -0.4046311958821599 -57.32652092974119 0
    endloop
  endfacet
  facet normal 0 -1 0
    outer loop
      vertex -92.85000000149012 -66.39999999850988 0
      vertex 92.85000000149012 -66.39999999850988 0
      vertex -92.85000000149012 -66.39999999850988 5
    endloop
  endfacet
  facet normal -0.7518398095516428 -0.659345812736647 0
    outer loop
      vertex -96.38553390651941 -64.93553390353918 0
      vertex -96.38553390651941 -64.93553390353918 5
      vertex -96.8167667016387 -64.44380713999271 5
    endloop
  endfacet
  facet normal -0.44228869340155175 -0.8968727399632281 0
    outer loop
      vertex -94.76341716200113 -66.0193976610899 0
      vertex -94.76341716200113 -66.0193976610899 5
      vertex -95.35000000149012 -65.73012701421976 5
    endloop
  endfacet
  facet normal -0.5555702335211812 -0.8314696119674009 0
    outer loop
      vertex -95.35000000149012 -65.73012701421976 0
      vertex -95.35000000149012 -65.73012701421976 5
      vertex -95.89380714297295 -65.36676669865847 5
    endloop
  endfacet
  facet normal -0.659345812736647 -0.7518398095516428 0
    outer loop
      vertex -95.89380714297295 -65.36676669865847 0
      vertex -95.89380714297295 -65.36676669865847 5
      vertex -96.38553390651941 -64.93553390353918 5
    endloop
  endfacet
  facet normal -0.8968727399632281 -0.44228869340155175 0
    outer loop
      vertex -97.1801270172 -63.899999998509884 0
      vertex -97.1801270172 -63.899999998509884 5
      vertex -97.46939766407013 -63.3134171590209 5
    endloop
  endfacet
  facet normal -0.8314696119674009 -0.5555702335211812 0
    outer loop
      vertex -96.8167667016387 -64.44380713999271 0
      vertex -96.8167667016387 -64.44380713999271 5
      vertex -97.1801270172 -63.899999998509884 5
    endloop
  endfacet
  facet normal -0.9469301296443332 -0.3214394648635512 0
    outer loop
      vertex -97.46939766407013 -63.3134171590209 0
      vertex -97.46939766407013 -63.3134171590209 5
      vertex -97.6796291321516 -62.694095224142075 5
    endloop
  endfacet
  facet normal -0.9807852793499569 -0.1950903273112926 0
    outer loop
      vertex -97.6796291321516 -62.694095224142075 0
      vertex -97.6796291321516 -62.694095224142075 5
      vertex -97.80722431093454 -62.052630960941315 5
    endloop
  endfacet
  facet normal -0.3214394648635512 -0.9469301296443332 0
    outer loop
      vertex -94.1440952271223 -66.22962912917137 0
      vertex -94.1440952271223 -66.22962912917137 5
      vertex -94.76341716200113 -66.0193976610899 5
    endloop
  endfacet
  facet normal -0.1950903273112926 -0.9807852793499569 0
    outer loop
      vertex -93.50263096392155 -66.35722430795431 0
      vertex -93.50263096392155 -66.35722430795431 5
      vertex -94.1440952271223 -66.22962912917137 5
    endloop
  endfacet
  facet normal -0.06540312517646005 -0.997858923504296 0
    outer loop
      vertex -92.85000000149012 -66.39999999850988 0
      vertex -92.85000000149012 -66.39999999850988 5
      vertex -93.50263096392155 -66.35722430795431 5
    endloop
  endfacet
  facet normal -0.997858923504296 -0.06540312517646005 0
    outer loop
      vertex -97.80722431093454 -62.052630960941315 0
      vertex -97.80722431093454 -62.052630960941315 5
      vertex -97.85000000149012 -61.399999998509884 5
    endloop
  endfacet
  facet normal 0 0 1
    outer loop
      vertex -97.6796291321516 -62.694095224142075 5
      vertex -91.85000000000001 -62.050000000000004 5
      vertex -92.0653682171631 -62.035884021266796 5
    endloop
  endfacet
  facet normal 0 0 1
    outer loop
      vertex -97.6796291321516 -62.694095224142075 5
      vertex -93.44377761337697 -59.972948575580844 5
      vertex -97.80722431093454 -62.052630960941315 5
    endloop
  endfacet
  facet normal 0 0 1
    outer loop
      vertex -97.6796291321516 -62.694095224142075 5
      vertex -93.37440122864363 -61.031427663402404 5
      vertex -93.44377761337697 -60.82705142441917 5
    endloop
  endfacet
  facet normal 0 0 1
    outer loop
      vertex -97.6796291321516 -62.694095224142075 5
      vertex -93.44377761337697 -60.82705142441917 5
      vertex -93.4858840212668 -60.61536821716309 5
    endloop
  endfacet
  facet normal 0 0 1
    outer loop
      vertex -97.6796291321516 -62.694095224142075 5
      vertex -93.4858840212668 -60.61536821716309 5
      vertex -93.50000000000001 -60.400000000000006 5
    endloop
  endfacet
  facet normal 0 0 1
    outer loop
      vertex -97.6796291321516 -62.694095224142075 5
      vertex -93.50000000000001 -60.400000000000006 5
      vertex -93.4858840212668 -60.184631782836924 5
    endloop
  endfacet
  facet normal 0 0 1
    outer loop
      vertex -97.6796291321516 -62.694095224142075 5
      vertex -93.4858840212668 -60.184631782836924 5
      vertex -93.44377761337697 -59.972948575580844 5
    endloop
  endfacet
  facet normal 0 0 1
    outer loop
      vertex -97.80722431093454 -62.052630960941315 5
      vertex -93.44377761337697 -59.972948575580844 5
      vertex -93.37440122864363 -59.76857233659761 5
    endloop
  endfacet
  facet normal 0 0 1
    outer loop
      vertex -97.80722431093454 -62.052630960941315 5
      vertex -93.37440122864363 -59.76857233659761 5
      vertex -93.27894191624434 -59.575 5
    endloop
  endfacet
  facet normal 0 0 1
    outer loop
      vertex -97.6796291321516 -62.694095224142075 5
      vertex -93.01672618895782 -61.56672618895781 5
      vertex -93.15903301148055 -61.4044563578644 5
    endloop
  endfacet
  facet normal 0 0 1
    outer loop
      vertex -97.6796291321516 -62.694095224142075 5
      vertex -93.15903301148055 -61.4044563578644 5
      vertex -93.27894191624434 -61.22500000000001 5
    endloop
  endfacet
  facet normal 0 0 1
    outer loop
      vertex -97.6796291321516 -62.694095224142075 5
      vertex -92.8544563578644 -61.70903301148054 5
      vertex -93.01672618895782 -61.56672618895781 5
    endloop
  endfacet
  facet normal 0 0 1
    outer loop
      vertex -97.6796291321516 -62.694095224142075 5
      vertex -92.4814276634024 -61.92440122864363 5
      vertex -92.67500000000001 -61.82894191624433 5
    endloop
  endfacet
  facet normal 0 0 1
    outer loop
      vertex -97.6796291321516 -62.694095224142075 5
      vertex -92.67500000000001 -61.82894191624433 5
      vertex -92.8544563578644 -61.70903301148054 5
    endloop
  endfacet
  facet normal 0 0 1
    outer loop
      vertex -97.6796291321516 -62.694095224142075 5
      vertex -92.27705142441917 -61.99377761337697 5
      vertex -92.4814276634024 -61.92440122864363 5
    endloop
  endfacet
  facet normal 0 0 1
    outer loop
      vertex -97.6796291321516 -62.694095224142075 5
      vertex -93.27894191624434 -61.22500000000001 5
      vertex -93.37440122864363 -61.031427663402404 5
    endloop
  endfacet
  facet normal 0 0 1
    outer loop
      vertex -97.6796291321516 -62.694095224142075 5
      vertex -92.0653682171631 -62.035884021266796 5
      vertex -92.27705142441917 -61.99377761337697 5
    endloop
  endfacet
  facet normal 0 0 1
    outer loop
      vertex -97.80722431093454 -62.052630960941315 5
      vertex -93.27894191624434 -59.575 5
      vertex -93.15903301148055 -59.395543642135614 5
    endloop
  endfacet
  facet normal 0 0 1
    outer loop
      vertex -97.80722431093454 -62.052630960941315 5
      vertex -93.15903301148055 -59.395543642135614 5
      vertex -93.01672618895782 -59.2332738110422 5
    endloop
  endfacet
  facet normal 0 0 1
    outer loop
      vertex -97.80722431093454 -62.052630960941315 5
      vertex -93.01672618895782 -59.2332738110422 5
      vertex -92.8544563578644 -59.09096698851947 5
    endloop
  endfacet
  facet normal 0 0 1
    outer loop
      vertex -97.80722431093454 -62.052630960941315 5
      vertex -92.8544563578644 -59.09096698851947 5
      vertex -92.67500000000001 -58.97105808375568 5
    endloop
  endfacet
  facet normal 0 0 1
    outer loop
      vertex -97.80722431093454 -62.052630960941315 5
      vertex -79.4400000050664 -47.00999999791384 5
      vertex -97.85000000149012 -61.399999998509884 5
    endloop
  endfacet
  facet normal 0 0 1
    outer loop
      vertex -97.80722431093454 -62.052630960941315 5
      vertex -92.67500000000001 -58.97105808375568 5
      vertex -79.4400000050664 -47.00999999791384 5
    endloop
  endfacet
  facet normal 0 0 1
    outer loop
      vertex -90.54096698851947 -61.4044563578644 5
      vertex -79.4400000050664 -47.00999999791384 5
      vertex -90.42105808375568 -61.22500000000001 5
    endloop
  endfacet
  facet normal 0 0 1
    outer loop
      vertex -90.42105808375568 -61.22500000000001 5
      vertex -79.4400000050664 -47.00999999791384 5
      vertex -90.32559877135638 -61.031427663402404 5
    endloop
  endfacet
  facet normal 0 0 1
    outer loop
      vertex -90.32559877135638 -61.031427663402404 5
      vertex -79.4400000050664 -47.00999999791384 5
      vertex -90.25622238662305 -60.82705142441917 5
    endloop
  endfacet
  facet normal 0 0 1
    outer loop
      vertex -79.4400000050664 -47.00999999791384 5
      vertex -90.21411597873322 -60.61536821716309 5
      vertex -90.25622238662305 -60.82705142441917 5
    endloop
  endfacet
  facet normal 0 0 1
    outer loop
      vertex -79.4400000050664 -47.00999999791384 5
      vertex -92.67500000000001 -58.97105808375568 5
      vertex -92.4814276634024 -58.87559877135638 5
    endloop
  endfacet
  facet normal 0 0 1
    outer loop
      vertex -79.4400000050664 -47.00999999791384 5
      vertex -92.27705142441917 -58.80622238662304 5
      vertex -92.0653682171631 -58.764115978733216 5
    endloop
  endfacet
  facet normal 0 0 1
    outer loop
      vertex -79.4400000050664 -47.00999999791384 5
      vertex -92.4814276634024 -58.87559877135638 5
      vertex -92.27705142441917 -58.80622238662304 5
    endloop
  endfacet
  facet normal 0 0 1
    outer loop
      vertex -79.4400000050664 -47.00999999791384 5
      vertex -92.0653682171631 -58.764115978733216 5
      vertex -91.85000000000001 -58.75000000000001 5
    endloop
  endfacet
  facet normal 0 0 1
    outer loop
      vertex -79.4400000050664 -47.00999999791384 5
      vertex -91.85000000000001 -58.75000000000001 5
      vertex -91.63463178283692 -58.764115978733216 5
    endloop
  endfacet
  facet normal 0 0 1
    outer loop
      vertex -91.42294857558085 -58.80622238662304 5
      vertex -79.4400000050664 -47.00999999791384 5
      vertex -91.63463178283692 -58.764115978733216 5
    endloop
  endfacet
  facet normal 0 0 1
    outer loop
      vertex -79.4400000050664 -47.00999999791384 5
      vertex -91.42294857558085 -58.80622238662304 5
      vertex -91.21857233659762 -58.87559877135638 5
    endloop
  endfacet
  facet normal 0 0 1
    outer loop
      vertex -79.4400000050664 -47.00999999791384 5
      vertex -91.21857233659762 -58.87559877135638 5
      vertex -91.025 -58.97105808375568 5
    endloop
  endfacet
  facet normal 0 0 1
    outer loop
      vertex -79.4400000050664 -47.00999999791384 5
      vertex -90.2 -60.400000000000006 5
      vertex -90.21411597873322 -60.61536821716309 5
    endloop
  endfacet
  facet normal 0 0 1
    outer loop
      vertex -79.4400000050664 -47.00999999791384 5
      vertex -90.21411597873322 -60.184631782836924 5
      vertex -90.2 -60.400000000000006 5
    endloop
  endfacet
  facet normal 0 0 1
    outer loop
      vertex -79.4400000050664 -47.00999999791384 5
      vertex -90.25622238662305 -59.972948575580844 5
      vertex -90.21411597873322 -60.184631782836924 5
    endloop
  endfacet
  facet normal 0 0 1
    outer loop
      vertex -79.4400000050664 -47.00999999791384 5
      vertex -90.32559877135638 -59.76857233659761 5
      vertex -90.25622238662305 -59.972948575580844 5
    endloop
  endfacet
  facet normal 0 0 1
    outer loop
      vertex -79.4400000050664 -47.00999999791384 5
      vertex -90.54096698851947 -59.395543642135614 5
      vertex -90.42105808375568 -59.575 5
    endloop
  endfacet
  facet normal 0 0 1
    outer loop
      vertex -79.4400000050664 -47.00999999791384 5
      vertex -91.025 -58.97105808375568 5
      vertex -90.84554364213562 -59.09096698851947 5
    endloop
  endfacet
  facet normal 0 0 1
    outer loop
      vertex -79.4400000050664 -47.00999999791384 5
      vertex -90.84554364213562 -59.09096698851947 5
      vertex -90.6832738110422 -59.2332738110422 5
    endloop
  endfacet
  facet normal 0 0 1
    outer loop
      vertex -79.4400000050664 -47.00999999791384 5
      vertex -90.6832738110422 -59.2332738110422 5
      vertex -90.54096698851947 -59.395543642135614 5
    endloop
  endfacet
  facet normal 0 0 1
    outer loop
      vertex -79.4400000050664 -47.00999999791384 5
      vertex -90.42105808375568 -59.575 5
      vertex -90.32559877135638 -59.76857233659761 5
    endloop
  endfacet
  facet normal 0 0 1
    outer loop
      vertex -97.85000000149012 -61.399999998509884 5
      vertex -80.65243557095528 -46.310000002384186 5
      vertex -80.73343135416508 -46.14575680345297 5
    endloop
  endfacet
  facet normal 0 0 1
    outer loop
      vertex -97.85000000149012 -61.399999998509884 5
      vertex -80.73343135416508 -46.14575680345297 5
      vertex -80.79229616373777 -45.97234666347504 5
    endloop
  endfacet
  facet normal 0 0 1
    outer loop
      vertex -97.85000000149012 -61.399999998509884 5
      vertex -80.79229616373777 -45.97234666347504 5
      vertex -80.82802280783653 -45.792736671864986 5
    endloop
  endfacet
  facet normal 0 0 1
    outer loop
      vertex -97.85000000149012 -61.399999998509884 5
      vertex -80.82802280783653 -45.792736671864986 5
      vertex -80.84000000357628 -45.60999999940395 5
    endloop
  endfacet
  facet normal 0 0 1
    outer loop
      vertex -97.85000000149012 -61.399999998509884 5
      vertex -80.14000000804663 -46.822435565292835 5
      vertex -80.29226600378752 -46.7206946760416 5
    endloop
  endfacet
  facet normal 0 0 1
    outer loop
      vertex -97.85000000149012 -61.399999998509884 5
      vertex -80.42994949966669 -46.59994949400425 5
      vertex -80.55069468170404 -46.462265998125076 5
    endloop
  endfacet
  facet normal 0 0 1
    outer loop
      vertex -97.85000000149012 -61.399999998509884 5
      vertex -80.55069468170404 -46.462265998125076 5
      vertex -80.65243557095528 -46.310000002384186 5
    endloop
  endfacet
  facet normal 0 0 1
    outer loop
      vertex -97.85000000149012 -61.399999998509884 5
      vertex -80.29226600378752 -46.7206946760416 5
      vertex -80.42994949966669 -46.59994949400425 5
    endloop
  endfacet
  facet normal 0 0 1
    outer loop
      vertex -97.85000000149012 -61.399999998509884 5
      vertex -79.80234666913748 -46.96229615807533 5
      vertex -79.97575680911541 -46.903431348502636 5
    endloop
  endfacet
  facet normal 0 0 1
    outer loop
      vertex -97.85000000149012 -61.399999998509884 5
      vertex -79.97575680911541 -46.903431348502636 5
      vertex -80.14000000804663 -46.822435565292835 5
    endloop
  endfacet
  facet normal 0 0 1
    outer loop
      vertex -97.85000000149012 -61.399999998509884 5
      vertex -79.4400000050664 -47.00999999791384 5
      vertex -79.62273667752743 -46.99802280217409 5
    endloop
  endfacet
  facet normal 0 0 1
    outer loop
      vertex -97.85000000149012 -61.399999998509884 5
      vertex -79.62273667752743 -46.99802280217409 5
      vertex -79.80234666913748 -46.96229615807533 5
    endloop
  endfacet
  facet normal 0 0 1
    outer loop
      vertex -97.85000000149012 -61.399999998509884 5
      vertex -80.84000000357628 -45.60999999940395 5
      vertex -92.4814276634024 -1.524401228643623 5
    endloop
  endfacet
  facet normal 0 0 1
    outer loop
      vertex -77.17923048883677 -42.90999999642372 5
      vertex -78.38641016185284 -44.4100000038743 5
      vertex -78.35734133422375 -44.45350456982851 5
    endloop
  endfacet
  facet normal 0 0 1
    outer loop
      vertex -77.17923048883677 -42.90999999642372 5
      vertex -78.4095518141985 -44.363073371350765 5
      vertex -78.38641016185284 -44.4100000038743 5
    endloop
  endfacet
  facet normal 0 0 1
    outer loop
      vertex -77.17923048883677 -42.90999999642372 5
      vertex -78.4263703301549 -44.31352762132883 5
      vertex -78.4095518141985 -44.363073371350765 5
    endloop
  endfacet
  facet normal 0 0 1
    outer loop
      vertex -77.17923048883677 -42.90999999642372 5
      vertex -78.43657794594765 -44.262210480868816 5
      vertex -78.4263703301549 -44.31352762132883 5
    endloop
  endfacet
  facet normal 0 0 1
    outer loop
      vertex -77.17923048883677 -42.90999999642372 5
      vertex -78.43999999761581 -44.21000000089407 5
      vertex -78.43657794594765 -44.262210480868816 5
    endloop
  endfacet
  facet normal 0 0 1
    outer loop
      vertex -77.17923048883677 -42.90999999642372 5
      vertex -78.14352761954069 -44.596370331943035 5
      vertex -78.09221047908068 -44.606577947735786 5
    endloop
  endfacet
  facet normal 0 0 1
    outer loop
      vertex -77.17923048883677 -42.90999999642372 5
      vertex -78.19307336956263 -44.57955181598663 5
      vertex -78.14352761954069 -44.596370331943035 5
    endloop
  endfacet
  facet normal 0 0 1
    outer loop
      vertex -77.17923048883677 -42.90999999642372 5
      vertex -78.24000000208616 -44.556410163640976 5
      vertex -78.19307336956263 -44.57955181598663 5
    endloop
  endfacet
  facet normal 0 0 1
    outer loop
      vertex -77.17923048883677 -42.90999999642372 5
      vertex -78.28350456804037 -44.52734133601189 5
      vertex -78.24000000208616 -44.556410163640976 5
    endloop
  endfacet
  facet normal 0 0 1
    outer loop
      vertex -77.17923048883677 -42.90999999642372 5
      vertex -78.32284270972013 -44.492842711508274 5
      vertex -78.28350456804037 -44.52734133601189 5
    endloop
  endfacet
  facet normal 0 0 1
    outer loop
      vertex -77.17923048883677 -42.90999999642372 5
      vertex -78.35734133422375 -44.45350456982851 5
      vertex -78.32284270972013 -44.492842711508274 5
    endloop
  endfacet
  facet normal 0 0 1
    outer loop
      vertex -77.17923048883677 -42.90999999642372 5
      vertex -78.09221047908068 -44.606577947735786 5
      vertex -78.03999999910593 -44.60999999940395 5
    endloop
  endfacet
  facet normal 0 0 1
    outer loop
      vertex -76.74000000208616 -43.349230483174324 5
      vertex -76.87051371484995 -43.262024000287056 5
      vertex -78.03999999910593 -44.60999999940395 5
    endloop
  endfacet
  facet normal 0 0 1
    outer loop
      vertex -76.87051371484995 -43.262024000287056 5
      vertex -76.98852813988924 -43.1585281342268 5
      vertex -78.03999999910593 -44.60999999940395 5
    endloop
  endfacet
  facet normal 0 0 1
    outer loop
      vertex -76.98852813988924 -43.1585281342268 5
      vertex -77.0920240059495 -43.04051370918751 5
      vertex -78.03999999910593 -44.60999999940395 5
    endloop
  endfacet
  facet normal 0 0 1
    outer loop
      vertex -76.2966314330697 -43.499733828008175 5
      vertex -76.45058285444975 -43.4691109880805 5
      vertex -78.03999999910593 -44.60999999940395 5
    endloop
  endfacet
  facet normal 0 0 1
    outer loop
      vertex -76.45058285444975 -43.4691109880805 5
      vertex -76.59922011941671 -43.418655432760715 5
      vertex -78.03999999910593 -44.60999999940395 5
    endloop
  endfacet
  facet normal 0 0 1
    outer loop
      vertex -76.59922011941671 -43.418655432760715 5
      vertex -76.74000000208616 -43.349230483174324 5
      vertex -78.03999999910593 -44.60999999940395 5
    endloop
  endfacet
  facet normal 0 0 1
    outer loop
      vertex -76.14000000059605 -43.50999999791384 5
      vertex -76.2966314330697 -43.499733828008175 5
      vertex -78.03999999910593 -44.60999999940395 5
    endloop
  endfacet
  facet normal 0 0 1
    outer loop
      vertex -77.17923048883677 -42.90999999642372 5
      vertex -77.24865543842316 -42.76922011375427 5
      vertex -78.43999999761581 -44.21000000089407 5
    endloop
  endfacet
  facet normal 0 0 1
    outer loop
      vertex -77.24865543842316 -42.76922011375427 5
      vertex -77.29911099374294 -42.62058284878731 5
      vertex -78.43999999761581 -44.21000000089407 5
    endloop
  endfacet
  facet normal 0 0 1
    outer loop
      vertex -77.29911099374294 -42.62058284878731 5
      vertex -77.32973383367062 -42.466631427407265 5
      vertex -78.43999999761581 -44.21000000089407 5
    endloop
  endfacet
  facet normal 0 0 1
    outer loop
      vertex -77.0920240059495 -43.04051370918751 5
      vertex -77.17923048883677 -42.90999999642372 5
      vertex -78.03999999910593 -44.60999999940395 5
    endloop
  endfacet
  facet normal 0 0 1
    outer loop
      vertex -77.32973383367062 -42.466631427407265 5
      vertex -77.34000000357628 -42.309999994933605 5
      vertex -78.43999999761581 -44.21000000089407 5
    endloop
  endfacet
  facet normal 0 0 1
    outer loop
      vertex -97.46939766407013 -63.3134171590209 5
      vertex -0.21536821716308507 -62.035884021266796 5
      vertex -97.6796291321516 -62.694095224142075 5
    endloop
  endfacet
  facet normal 0 0 1
    outer loop
      vertex -97.6796291321516 -62.694095224142075 5
      vertex -0.6314276634023981 -58.87559877135638 5
      vertex -91.85000000000001 -62.050000000000004 5
    endloop
  endfacet
  facet normal 0 0 1
    outer loop
      vertex -91.85000000000001 -62.050000000000004 5
      vertex -0.6314276634023981 -58.87559877135638 5
      vertex -91.63463178283692 -62.035884021266796 5
    endloop
  endfacet
  facet normal 0 0 1
    outer loop
      vertex -91.63463178283692 -62.035884021266796 5
      vertex -0.6314276634023981 -58.87559877135638 5
      vertex -91.42294857558085 -61.99377761337697 5
    endloop
  endfacet
  facet normal 0 0 1
    outer loop
      vertex -91.42294857558085 -61.99377761337697 5
      vertex -0.6314276634023981 -58.87559877135638 5
      vertex -91.21857233659762 -61.92440122864363 5
    endloop
  endfacet
  facet normal 0 0 1
    outer loop
      vertex -91.21857233659762 -61.92440122864363 5
      vertex -0.6314276634023981 -58.87559877135638 5
      vertex -91.025 -61.82894191624433 5
    endloop
  endfacet
  facet normal 0 0 1
    outer loop
      vertex -91.025 -61.82894191624433 5
      vertex -0.6314276634023981 -58.87559877135638 5
      vertex -90.84554364213562 -61.70903301148054 5
    endloop
  endfacet
  facet normal 0 0 1
    outer loop
      vertex -90.84554364213562 -61.70903301148054 5
      vertex -0.6314276634023981 -58.87559877135638 5
      vertex -90.6832738110422 -61.56672618895781 5
    endloop
  endfacet
  facet normal 0 0 1
    outer loop
      vertex -90.6832738110422 -61.56672618895781 5
      vertex -0.6314276634023981 -58.87559877135638 5
      vertex -90.54096698851947 -61.4044563578644 5
    endloop
  endfacet
  facet normal 0 0 1
    outer loop
      vertex -90.54096698851947 -61.4044563578644 5
      vertex -0.6314276634023981 -58.87559877135638 5
      vertex -79.4400000050664 -47.00999999791384 5
    endloop
  endfacet
  facet normal -1 0 0
    outer loop
      vertex -97.85000000149012 -61.399999998509884 0
      vertex -97.85000000149012 -61.399999998509884 5
      vertex -97.85000000149012 61.399999998509884 5
    endloop
  endfacet
  facet normal 0 0 1
    outer loop
      vertex -97.85000000149012 -61.399999998509884 5
      vertex -93.27894191624434 -0.825 5
      vertex -93.37440122864363 -0.6314276634023981 5
    endloop
  endfacet
  facet normal 0 0 1
    outer loop
      vertex -97.85000000149012 -61.399999998509884 5
      vertex -93.37440122864363 -0.6314276634023981 5
      vertex -93.44377761337697 -0.4270514244191592 5
    endloop
  endfacet
  facet normal 0 0 1
    outer loop
      vertex -97.85000000149012 -61.399999998509884 5
      vertex -92.67500000000001 -1.4289419162443235 5
      vertex -92.8544563578644 -1.309033011480538 5
    endloop
  endfacet
  facet normal 0 0 1
    outer loop
      vertex -97.85000000149012 -61.399999998509884 5
      vertex -92.8544563578644 -1.309033011480538 5
      vertex -93.01672618895782 -1.1667261889578033 5
    endloop
  endfacet
  facet normal 0 0 1
    outer loop
      vertex -97.85000000149012 -61.399999998509884 5
      vertex -92.4814276634024 -1.524401228643623 5
      vertex -92.67500000000001 -1.4289419162443235 5
    endloop
  endfacet
  facet normal 0 0 1
    outer loop
      vertex -97.85000000149012 -61.399999998509884 5
      vertex -93.01672618895782 -1.1667261889578033 5
      vertex -93.15903301148055 -1.004456357864389 5
    endloop
  endfacet
  facet normal 0 0 1
    outer loop
      vertex -97.85000000149012 -61.399999998509884 5
      vertex -93.15903301148055 -1.004456357864389 5
      vertex -93.27894191624434 -0.825 5
    endloop
  endfacet
  facet normal 0 0 1
    outer loop
      vertex -97.85000000149012 -61.399999998509884 5
      vertex -93.44377761337697 -0.4270514244191592 5
      vertex -93.4858840212668 -0.21536821716308507 5
    endloop
  endfacet
  facet normal 0 0 1
    outer loop
      vertex -92.4814276634024 -1.524401228643623 5
      vertex -80.84000000357628 -45.60999999940395 5
      vertex -92.27705142441917 -1.5937776133769626 5
    endloop
  endfacet
  facet normal 0 0 1
    outer loop
      vertex -92.27705142441917 -1.5937776133769626 5
      vertex -80.84000000357628 -45.60999999940395 5
      vertex -92.0653682171631 -1.6358840212667871 5
    endloop
  endfacet
  facet normal 0 0 1
    outer loop
      vertex -91.85000000000001 -1.65 5
      vertex -80.84000000357628 -45.60999999940395 5
      vertex -91.63463178283692 -1.6358840212667871 5
    endloop
  endfacet
  facet normal 0 0 1
    outer loop
      vertex -92.0653682171631 -1.6358840212667871 5
      vertex -80.84000000357628 -45.60999999940395 5
      vertex -91.85000000000001 -1.65 5
    endloop
  endfacet
  facet normal 0 0 1
    outer loop
      vertex -91.63463178283692 -1.6358840212667871 5
      vertex -80.84000000357628 -45.60999999940395 5
      vertex -91.42294857558085 -1.5937776133769626 5
    endloop
  endfacet
  facet normal 0 0 1
    outer loop
      vertex -91.42294857558085 -1.5937776133769626 5
      vertex -80.84000000357628 -45.60999999940395 5
      vertex -91.21857233659762 -1.524401228643623 5
    endloop
  endfacet
  facet normal 0 0 1
    outer loop
      vertex -91.025 -1.4289419162443235 5
      vertex -80.84000000357628 -45.60999999940395 5
      vertex -90.84554364213562 -1.309033011480538 5
    endloop
  endfacet
  facet normal 0 0 1
    outer loop
      vertex -91.21857233659762 -1.524401228643623 5
      vertex -80.84000000357628 -45.60999999940395 5
      vertex -91.025 -1.4289419162443235 5
    endloop
  endfacet
  facet normal 0 0 1
    outer loop
      vertex -90.84554364213562 -1.309033011480538 5
      vertex -80.84000000357628 -45.60999999940395 5
      vertex -90.6832738110422 -1.1667261889578033 5
    endloop
  endfacet
  facet normal 0 0 1
    outer loop
      vertex -90.6832738110422 -1.1667261889578033 5
      vertex -80.84000000357628 -45.60999999940395 5
      vertex -90.54096698851947 -1.004456357864389 5
    endloop
  endfacet
  facet normal 0 0 1
    outer loop
      vertex -90.54096698851947 -1.004456357864389 5
      vertex -80.84000000357628 -45.60999999940395 5
      vertex -90.42105808375568 -0.825 5
    endloop
  endfacet
  facet normal 0 0 1
    outer loop
      vertex -90.42105808375568 -0.825 5
      vertex -80.84000000357628 -45.60999999940395 5
      vertex -90.32559877135638 -0.6314276634023981 5
    endloop
  endfacet
  facet normal 0 0 1
    outer loop
      vertex -90.32559877135638 -0.6314276634023981 5
      vertex -80.84000000357628 -45.60999999940395 5
      vertex -90.25622238662305 -0.4270514244191592 5
    endloop
  endfacet
  facet normal 0 0 1
    outer loop
      vertex -90.25622238662305 -0.4270514244191592 5
      vertex -80.84000000357628 -45.60999999940395 5
      vertex -90.21411597873322 -0.21536821716308507 5
    endloop
  endfacet
  facet normal 0 0 1
    outer loop
      vertex -90.21411597873322 -0.21536821716308507 5
      vertex -80.84000000357628 -45.60999999940395 5
      vertex -90.2 0 5
    endloop
  endfacet
  facet normal 0 0 1
    outer loop
      vertex -97.85000000149012 -61.399999998509884 5
      vertex -93.4858840212668 -0.21536821716308507 5
      vertex -97.85000000149012 61.399999998509884 5
    endloop
  endfacet
  facet normal 0 0 1
    outer loop
      vertex -77.34000000357628 42.309999994933605 5
      vertex -78.43999999761581 -44.21000000089407 5
      vertex -77.34000000357628 -42.309999994933605 5
    endloop
  endfacet
  facet normal 0 0 1
    outer loop
      vertex -94.1440952271223 -66.22962912917137 5
      vertex -93.50263096392155 -66.35722430795431 5
      vertex 95.35000000149012 -65.73012701421976 5
    endloop
  endfacet
  facet normal 0 0 1
    outer loop
      vertex -94.76341716200113 -66.0193976610899 5
      vertex -94.1440952271223 -66.22962912917137 5
      vertex 95.89380714297295 -65.36676669865847 5
    endloop
  endfacet
  facet normal 0 0 1
    outer loop
      vertex -95.35000000149012 -65.73012701421976 5
      vertex -94.76341716200113 -66.0193976610899 5
      vertex 96.38553390651941 -64.93553390353918 5
    endloop
  endfacet
  facet normal 0 0 1
    outer loop
      vertex -95.89380714297295 -65.36676669865847 5
      vertex -95.35000000149012 -65.73012701421976 5
      vertex 96.8167667016387 -64.44380713999271 5
    endloop
  endfacet
  facet normal 0 0 1
    outer loop
      vertex -96.38553390651941 -64.93553390353918 5
      vertex -95.89380714297295 -65.36676669865847 5
      vertex 97.1801270172 -63.899999998509884 5
    endloop
  endfacet
  facet normal 0 0 1
    outer loop
      vertex -97.1801270172 -63.899999998509884 5
      vertex 97.80722431093454 -62.052630960941315 5
      vertex -97.46939766407013 -63.3134171590209 5
    endloop
  endfacet
  facet normal 0 0 1
    outer loop
      vertex -97.46939766407013 -63.3134171590209 5
      vertex 0 -62.050000000000004 5
      vertex -0.21536821716308507 -62.035884021266796 5
    endloop
  endfacet
  facet normal 0 0 1
    outer loop
      vertex -96.38553390651941 -64.93553390353918 5
      vertex 97.46939766407013 -63.3134171590209 5
      vertex -96.8167667016387 -64.44380713999271 5
    endloop
  endfacet
  facet normal 0 0 1
    outer loop
      vertex -96.8167667016387 -64.44380713999271 5
      vertex 97.6796291321516 -62.694095224142075 5
      vertex -97.1801270172 -63.899999998509884 5
    endloop
  endfacet
  facet normal 0 0 1
    outer loop
      vertex -97.6796291321516 -62.694095224142075 5
      vertex -1.5937776133769626 -60.82705142441917 5
      vertex -1.6358840212667871 -60.61536821716309 5
    endloop
  endfacet
  facet normal 0 0 1
    outer loop
      vertex -97.6796291321516 -62.694095224142075 5
      vertex -1.6358840212667871 -60.61536821716309 5
      vertex -1.65 -60.400000000000006 5
    endloop
  endfacet
  facet normal 0 0 1
    outer loop
      vertex -97.6796291321516 -62.694095224142075 5
      vertex -1.65 -60.400000000000006 5
      vertex -1.6358840212667871 -60.184631782836924 5
    endloop
  endfacet
  facet normal 0 0 1
    outer loop
      vertex -97.6796291321516 -62.694095224142075 5
      vertex -1.6358840212667871 -60.184631782836924 5
      vertex -1.5937776133769626 -59.972948575580844 5
    endloop
  endfacet
  facet normal 0 0 1
    outer loop
      vertex -97.6796291321516 -62.694095224142075 5
      vertex -1.309033011480538 -61.4044563578644 5
      vertex -1.4289419162443235 -61.22500000000001 5
    endloop
  endfacet
  facet normal 0 0 1
    outer loop
      vertex -97.6796291321516 -62.694095224142075 5
      vertex -1.004456357864389 -61.70903301148054 5
      vertex -1.1667261889578033 -61.56672618895781 5
    endloop
  endfacet
  facet normal 0 0 1
    outer loop
      vertex -97.6796291321516 -62.694095224142075 5
      vertex -1.1667261889578033 -61.56672618895781 5
      vertex -1.309033011480538 -61.4044563578644 5
    endloop
  endfacet
  facet normal 0 0 1
    outer loop
      vertex -97.6796291321516 -62.694095224142075 5
      vertex -0.825 -61.82894191624433 5
      vertex -1.004456357864389 -61.70903301148054 5
    endloop
  endfacet
  facet normal 0 0 1
    outer loop
      vertex -97.6796291321516 -62.694095224142075 5
      vertex -0.4270514244191592 -61.99377761337697 5
      vertex -0.6314276634023981 -61.92440122864363 5
    endloop
  endfacet
  facet normal 0 0 1
    outer loop
      vertex -97.6796291321516 -62.694095224142075 5
      vertex -0.6314276634023981 -61.92440122864363 5
      vertex -0.825 -61.82894191624433 5
    endloop
  endfacet
  facet normal 0 0 1
    outer loop
      vertex -97.6796291321516 -62.694095224142075 5
      vertex -1.4289419162443235 -61.22500000000001 5
      vertex -1.524401228643623 -61.031427663402404 5
    endloop
  endfacet
  facet normal 0 0 1
    outer loop
      vertex -97.6796291321516 -62.694095224142075 5
      vertex -1.524401228643623 -61.031427663402404 5
      vertex -1.5937776133769626 -60.82705142441917 5
    endloop
  endfacet
  facet normal 0 0 1
    outer loop
      vertex -97.6796291321516 -62.694095224142075 5
      vertex -0.21536821716308507 -62.035884021266796 5
      vertex -0.4270514244191592 -61.99377761337697 5
    endloop
  endfacet
  facet normal 0 0 1
    outer loop
      vertex -97.6796291321516 -62.694095224142075 5
      vertex -1.5937776133769626 -59.972948575580844 5
      vertex -1.524401228643623 -59.76857233659761 5
    endloop
  endfacet
  facet normal 0 0 1
    outer loop
      vertex -97.6796291321516 -62.694095224142075 5
      vertex -1.524401228643623 -59.76857233659761 5
      vertex -1.4289419162443235 -59.575 5
    endloop
  endfacet
  facet normal 0 0 1
    outer loop
      vertex -97.6796291321516 -62.694095224142075 5
      vertex -1.4289419162443235 -59.575 5
      vertex -1.309033011480538 -59.395543642135614 5
    endloop
  endfacet
  facet normal 0 0 1
    outer loop
      vertex -97.6796291321516 -62.694095224142075 5
      vertex -1.309033011480538 -59.395543642135614 5
      vertex -1.1667261889578033 -59.2332738110422 5
    endloop
  endfacet
  facet normal 0 0 1
    outer loop
      vertex -97.6796291321516 -62.694095224142075 5
      vertex -1.1667261889578033 -59.2332738110422 5
      vertex -1.004456357864389 -59.09096698851947 5
    endloop
  endfacet
  facet normal 0 0 1
    outer loop
      vertex -97.6796291321516 -62.694095224142075 5
      vertex -1.004456357864389 -59.09096698851947 5
      vertex -0.825 -58.97105808375568 5
    endloop
  endfacet
  facet normal 0 0 1
    outer loop
      vertex -97.6796291321516 -62.694095224142075 5
      vertex -0.825 -58.97105808375568 5
      vertex -0.6314276634023981 -58.87559877135638 5
    endloop
  endfacet
  facet normal 0 0 1
    outer loop
      vertex -93.50263096392155 -66.35722430795431 5
      vertex -92.85000000149012 -66.39999999850988 5
      vertex 94.76341716200113 -66.0193976610899 5
    endloop
  endfacet
  facet normal 0 0 1
    outer loop
      vertex -0.4270514244191592 -58.80622238662304 5
      vertex -79.4400000050664 -47.00999999791384 5
      vertex -0.6314276634023981 -58.87559877135638 5
    endloop
  endfacet
  facet normal 0 0 1
    outer loop
      vertex -0.21536821716308507 -58.764115978733216 5
      vertex -79.4400000050664 -47.00999999791384 5
      vertex -0.4270514244191592 -58.80622238662304 5
    endloop
  endfacet
  facet normal 0 0 1
    outer loop
      vertex 0.21536821716308507 -58.764115978733216 5
      vertex -79.4400000050664 -47.00999999791384 5
      vertex 0 -58.75000000000001 5
    endloop
  endfacet
  facet normal 0 0 1
    outer loop
      vertex 0 -58.75000000000001 5
      vertex -79.4400000050664 -47.00999999791384 5
      vertex -0.21536821716308507 -58.764115978733216 5
    endloop
  endfacet
  facet normal 0 0 1
    outer loop
      vertex 78.03999999910593 -44.60999999940395 5
      vertex -76.14000000059605 -43.50999999791384 5
      vertex -78.03999999910593 -44.60999999940395 5
    endloop
  endfacet
  facet normal 0 0 1
    outer loop
      vertex -97.46939766407013 -63.3134171590209 5
      vertex 90.54096698851947 -61.4044563578644 5
      vertex 0 -62.050000000000004 5
    endloop
  endfacet
  facet normal 0 0 -1
    outer loop
      vertex -97.85000000149012 -61.399999998509884 0
      vertex -97.85000000149012 61.399999998509884 0
      vertex -94.95 0 0
    endloop
  endfacet
  facet normal 0 0 -1
    outer loop
      vertex -88.98597344921502 1.1863186403317783 0
      vertex -81.34000000357628 44.309999994933605 0
      vertex -88.8556299385039 0.8023390398178143 0
    endloop
  endfacet
  facet normal 0 0 -1
    outer loop
      vertex -88.7765209297412 -0.4046311958821599 0
      vertex -88.75000000000001 0 0
      vertex -81.34000000357628 44.309999994933605 0
    endloop
  endfacet
  facet normal 0 0 -1
    outer loop
      vertex -88.75000000000001 0 0
      vertex -88.7765209297412 0.4046311958821599 0
      vertex -81.34000000357628 44.309999994933605 0
    endloop
  endfacet
  facet normal 0 0 -1
    outer loop
      vertex -88.8556299385039 0.8023390398178143 0
      vertex -81.34000000357628 44.309999994933605 0
      vertex -88.7765209297412 0.4046311958821599 0
    endloop
  endfacet
  facet normal 0 0 -1
    outer loop
      vertex -97.85000000149012 61.399999998509884 0
      vertex -94.92347907025882 0.4046311958821599 0
      vertex -94.95 0 0
    endloop
  endfacet
  facet normal 0 0 -1
    outer loop
      vertex -93.73716042992704 2.459395354902829 0
      vertex -94.04203102167831 2.1920310216782974 0
      vertex -91.85000000000001 57.300000000000004 0
    endloop
  endfacet
  facet normal 0 0 -1
    outer loop
      vertex -97.85000000149012 61.399999998509884 0
      vertex -94.84437006149612 0.8023390398178143 0
      vertex -94.92347907025882 0.4046311958821599 0
    endloop
  endfacet
  facet normal 0 0 -1
    outer loop
      vertex -97.85000000149012 61.399999998509884 0
      vertex -94.714026550785 1.1863186403317783 0
      vertex -94.84437006149612 0.8023390398178143 0
    endloop
  endfacet
  facet normal 0 0 -1
    outer loop
      vertex -97.85000000149012 61.399999998509884 0
      vertex -94.53467875173178 1.55 0
      vertex -94.714026550785 1.1863186403317783 0
    endloop
  endfacet
  facet normal 0 0 -1
    outer loop
      vertex -97.85000000149012 61.399999998509884 0
      vertex -94.30939535490283 1.8871604299270341 0
      vertex -94.53467875173178 1.55 0
    endloop
  endfacet
  facet normal 0 0 -1
    outer loop
      vertex -97.85000000149012 61.399999998509884 0
      vertex -94.04203102167831 2.1920310216782974 0
      vertex -94.30939535490283 1.8871604299270341 0
    endloop
  endfacet
  facet normal 0 0 -1
    outer loop
      vertex -93.4 2.68467875173176 0
      vertex -93.73716042992704 2.459395354902829 0
      vertex -91.44536880411785 57.32652092974119 0
    endloop
  endfacet
  facet normal 0 0 -1
    outer loop
      vertex -93.03631864033179 2.864026550784989 0
      vertex -93.4 2.68467875173176 0
      vertex -91.44536880411785 57.32652092974119 0
    endloop
  endfacet
  facet normal 0 0 -1
    outer loop
      vertex -92.65233903981782 2.9943700614961117 0
      vertex -93.03631864033179 2.864026550784989 0
      vertex -91.44536880411785 57.32652092974119 0
    endloop
  endfacet
  facet normal 0 0 -1
    outer loop
      vertex -92.25463119588217 3.0734790702588124 0
      vertex -92.65233903981782 2.9943700614961117 0
      vertex -91.44536880411785 57.32652092974119 0
    endloop
  endfacet
  facet normal 0 0 -1
    outer loop
      vertex -91.85000000000001 3.1 0
      vertex -92.25463119588217 3.0734790702588124 0
      vertex -91.44536880411785 57.32652092974119 0
    endloop
  endfacet
  facet normal 0 0 -1
    outer loop
      vertex -89.16532124826824 1.55 0
      vertex -89.6579689783217 58.20796897832171 0
      vertex -88.98597344921502 1.1863186403317783 0
    endloop
  endfacet
  facet normal 0 0 -1
    outer loop
      vertex -89.39060464509718 1.8871604299270341 0
      vertex -89.6579689783217 58.20796897832171 0
      vertex -89.16532124826824 1.55 0
    endloop
  endfacet
  facet normal 0 0 -1
    outer loop
      vertex -91.44536880411785 3.0734790702588124 0
      vertex -91.85000000000001 3.1 0
      vertex -91.44536880411785 57.32652092974119 0
    endloop
  endfacet
  facet normal 0 0 -1
    outer loop
      vertex -91.0476609601822 2.9943700614961117 0
      vertex -91.44536880411785 3.0734790702588124 0
      vertex -91.44536880411785 57.32652092974119 0
    endloop
  endfacet
  facet normal 0 0 -1
    outer loop
      vertex -90.66368135966823 2.864026550784989 0
      vertex -91.0476609601822 2.9943700614961117 0
      vertex -91.44536880411785 57.32652092974119 0
    endloop
  endfacet
  facet normal 0 0 -1
    outer loop
      vertex -90.30000000000001 2.68467875173176 0
      vertex -90.66368135966823 2.864026550784989 0
      vertex -91.44536880411785 57.32652092974119 0
    endloop
  endfacet
  facet normal 0 0 -1
    outer loop
      vertex -89.96283957007297 2.459395354902829 0
      vertex -90.30000000000001 2.68467875173176 0
      vertex -91.44536880411785 57.32652092974119 0
    endloop
  endfacet
  facet normal 0 0 -1
    outer loop
      vertex -89.96283957007297 2.459395354902829 0
      vertex -89.6579689783217 58.20796897832171 0
      vertex -89.6579689783217 2.1920310216782974 0
    endloop
  endfacet
  facet normal 0 0 -1
    outer loop
      vertex -89.6579689783217 2.1920310216782974 0
      vertex -89.6579689783217 58.20796897832171 0
      vertex -89.39060464509718 1.8871604299270341 0
    endloop
  endfacet
  facet normal -1 0 0
    outer loop
      vertex -97.85000000149012 -61.399999998509884 0
      vertex -97.85000000149012 61.399999998509884 5
      vertex -97.85000000149012 61.399999998509884 0
    endloop
  endfacet
  facet normal 0 0 -1
    outer loop
      vertex -97.85000000149012 61.399999998509884 0
      vertex -94.92347907025882 59.995368804117845 0
      vertex -94.04203102167831 2.1920310216782974 0
    endloop
  endfacet
  facet normal 0 0 -1
    outer loop
      vertex -94.04203102167831 2.1920310216782974 0
      vertex -93.73716042992704 57.940604645097174 0
      vertex -93.4 57.715321248268246 0
    endloop
  endfacet
  facet normal 0 0 -1
    outer loop
      vertex -94.04203102167831 2.1920310216782974 0
      vertex -93.4 57.715321248268246 0
      vertex -93.03631864033179 57.535973449215014 0
    endloop
  endfacet
  facet normal 0 0 -1
    outer loop
      vertex -94.04203102167831 2.1920310216782974 0
      vertex -93.03631864033179 57.535973449215014 0
      vertex -92.65233903981782 57.40562993850389 0
    endloop
  endfacet
  facet normal 0 0 -1
    outer loop
      vertex -94.04203102167831 2.1920310216782974 0
      vertex -92.65233903981782 57.40562993850389 0
      vertex -92.25463119588217 57.32652092974119 0
    endloop
  endfacet
  facet normal 0 0 -1
    outer loop
      vertex -94.04203102167831 2.1920310216782974 0
      vertex -92.25463119588217 57.32652092974119 0
      vertex -91.85000000000001 57.300000000000004 0
    endloop
  endfacet
  facet normal 0 0 -1
    outer loop
      vertex -93.73716042992704 2.459395354902829 0
      vertex -91.85000000000001 57.300000000000004 0
      vertex -91.44536880411785 57.32652092974119 0
    endloop
  endfacet
  facet normal 0 0 -1
    outer loop
      vertex -94.04203102167831 2.1920310216782974 0
      vertex -94.30939535490283 58.51283957007297 0
      vertex -94.04203102167831 58.20796897832171 0
    endloop
  endfacet
  facet normal 0 0 -1
    outer loop
      vertex -94.04203102167831 2.1920310216782974 0
      vertex -94.53467875173178 58.85000000000001 0
      vertex -94.30939535490283 58.51283957007297 0
    endloop
  endfacet
  facet normal 0 0 -1
    outer loop
      vertex -94.04203102167831 2.1920310216782974 0
      vertex -94.714026550785 59.21368135966823 0
      vertex -94.53467875173178 58.85000000000001 0
    endloop
  endfacet
  facet normal 0 0 -1
    outer loop
      vertex -94.04203102167831 2.1920310216782974 0
      vertex -94.84437006149612 59.59766096018219 0
      vertex -94.714026550785 59.21368135966823 0
    endloop
  endfacet
  facet normal 0 0 -1
    outer loop
      vertex -94.04203102167831 2.1920310216782974 0
      vertex -94.04203102167831 58.20796897832171 0
      vertex -93.73716042992704 57.940604645097174 0
    endloop
  endfacet
  facet normal 0 0 -1
    outer loop
      vertex -94.04203102167831 2.1920310216782974 0
      vertex -94.92347907025882 59.995368804117845 0
      vertex -94.84437006149612 59.59766096018219 0
    endloop
  endfacet
  facet normal 0 0 -1
    outer loop
      vertex -88.98597344921502 1.1863186403317783 0
      vertex -89.6579689783217 58.20796897832171 0
      vertex -81.34000000357628 44.309999994933605 0
    endloop
  endfacet
  facet normal 0 0 -1
    outer loop
      vertex -89.96283957007297 2.459395354902829 0
      vertex -91.44536880411785 57.32652092974119 0
      vertex -91.0476609601822 57.40562993850389 0
    endloop
  endfacet
  facet normal 0 0 -1
    outer loop
      vertex -89.96283957007297 2.459395354902829 0
      vertex -91.0476609601822 57.40562993850389 0
      vertex -90.66368135966823 57.535973449215014 0
    endloop
  endfacet
  facet normal 0 0 -1
    outer loop
      vertex -89.96283957007297 2.459395354902829 0
      vertex -90.66368135966823 57.535973449215014 0
      vertex -90.30000000000001 57.715321248268246 0
    endloop
  endfacet
  facet normal 0 0 -1
    outer loop
      vertex -89.96283957007297 2.459395354902829 0
      vertex -90.30000000000001 57.715321248268246 0
      vertex -89.96283957007297 57.940604645097174 0
    endloop
  endfacet
  facet normal 0 0 -1
    outer loop
      vertex -89.96283957007297 2.459395354902829 0
      vertex -89.96283957007297 57.940604645097174 0
      vertex -89.6579689783217 58.20796897832171 0
    endloop
  endfacet
  facet normal 0 0 -1
    outer loop
      vertex -81.34000000357628 44.309999994933605 0
      vertex -89.6579689783217 58.20796897832171 0
      vertex -81.31262356042862 44.72768381237984 0
    endloop
  endfacet
  facet normal 0 0 -1
    outer loop
      vertex -81.31262356042862 44.72768381237984 0
      vertex -89.6579689783217 58.20796897832171 0
      vertex -81.23096264153719 45.13822093605995 0
    endloop
  endfacet
  facet normal 0 0 -1
    outer loop
      vertex -81.23096264153719 45.13822093605995 0
      vertex -89.6579689783217 58.20796897832171 0
      vertex -81.0964145064354 45.53458698093891 0
    endloop
  endfacet
  facet normal 0 0 -1
    outer loop
      vertex -97.85000000149012 61.399999998509884 0
      vertex -97.80722431093454 62.052630960941315 0
      vertex -94.84437006149612 61.20233903981782 0
    endloop
  endfacet
  facet normal 0 0 -1
    outer loop
      vertex -97.80722431093454 62.052630960941315 0
      vertex -97.6796291321516 62.694095224142075 0
      vertex -94.53467875173178 61.95 0
    endloop
  endfacet
  facet normal 0 0 -1
    outer loop
      vertex -97.85000000149012 61.399999998509884 0
      vertex -94.95 60.400000000000006 0
      vertex -94.92347907025882 59.995368804117845 0
    endloop
  endfacet
  facet normal 0 0 -1
    outer loop
      vertex -97.85000000149012 61.399999998509884 0
      vertex -94.92347907025882 60.804631195882166 0
      vertex -94.95 60.400000000000006 0
    endloop
  endfacet
  facet normal 0 0 -1
    outer loop
      vertex -97.85000000149012 61.399999998509884 0
      vertex -94.84437006149612 61.20233903981782 0
      vertex -94.92347907025882 60.804631195882166 0
    endloop
  endfacet
  facet normal 0 0 -1
    outer loop
      vertex -97.80722431093454 62.052630960941315 0
      vertex -94.714026550785 61.58631864033178 0
      vertex -94.84437006149612 61.20233903981782 0
    endloop
  endfacet
  facet normal 0 0 -1
    outer loop
      vertex -97.80722431093454 62.052630960941315 0
      vertex -94.53467875173178 61.95 0
      vertex -94.714026550785 61.58631864033178 0
    endloop
  endfacet
  facet normal 0 0 -1
    outer loop
      vertex -97.6796291321516 62.694095224142075 0
      vertex -97.46939766407013 63.3134171590209 0
      vertex -94.04203102167831 62.5920310216783 0
    endloop
  endfacet
  facet normal 0 0 -1
    outer loop
      vertex -97.6796291321516 62.694095224142075 0
      vertex -94.30939535490283 62.28716042992704 0
      vertex -94.53467875173178 61.95 0
    endloop
  endfacet
  facet normal 0 0 -1
    outer loop
      vertex -97.6796291321516 62.694095224142075 0
      vertex -94.04203102167831 62.5920310216783 0
      vertex -94.30939535490283 62.28716042992704 0
    endloop
  endfacet
  facet normal 0 0 -1
    outer loop
      vertex -97.46939766407013 63.3134171590209 0
      vertex -93.73716042992704 62.85939535490284 0
      vertex -94.04203102167831 62.5920310216783 0
    endloop
  endfacet
  facet normal 0 0 -1
    outer loop
      vertex -97.46939766407013 63.3134171590209 0
      vertex -93.4 63.084678751731765 0
      vertex -93.73716042992704 62.85939535490284 0
    endloop
  endfacet
  facet normal 0 0 -1
    outer loop
      vertex -97.46939766407013 63.3134171590209 0
      vertex -97.1801270172 63.899999998509884 0
      vertex -93.03631864033179 63.264026550785 0
    endloop
  endfacet
  facet normal 0 0 -1
    outer loop
      vertex -97.46939766407013 63.3134171590209 0
      vertex -93.03631864033179 63.264026550785 0
      vertex -93.4 63.084678751731765 0
    endloop
  endfacet
  facet normal 0 0 -1
    outer loop
      vertex -97.1801270172 63.899999998509884 0
      vertex -92.65233903981782 63.39437006149612 0
      vertex -93.03631864033179 63.264026550785 0
    endloop
  endfacet
  facet normal 0 0 -1
    outer loop
      vertex -97.1801270172 63.899999998509884 0
      vertex -92.25463119588217 63.47347907025882 0
      vertex -92.65233903981782 63.39437006149612 0
    endloop
  endfacet
  facet normal 0 0 -1
    outer loop
      vertex -97.1801270172 63.899999998509884 0
      vertex -91.85000000000001 63.50000000000001 0
      vertex -92.25463119588217 63.47347907025882 0
    endloop
  endfacet
  facet normal 0 0 -1
    outer loop
      vertex -97.1801270172 63.899999998509884 0
      vertex -91.44536880411785 63.47347907025882 0
      vertex -91.85000000000001 63.50000000000001 0
    endloop
  endfacet
  facet normal 0 0 -1
    outer loop
      vertex -94.1440952271223 66.22962912917137 0
      vertex -93.50263096392155 66.35722430795431 0
      vertex -92.85000000149012 66.39999999850988 0
    endloop
  endfacet
  facet normal 0 0 -1
    outer loop
      vertex -81.0964145064354 45.53458698093891 0
      vertex -89.6579689783217 58.20796897832171 0
      vertex -80.91128129512072 45.90999999642372 0
    endloop
  endfacet
  facet normal 0 0 -1
    outer loop
      vertex -80.91128129512072 45.90999999642372 0
      vertex -89.6579689783217 58.20796897832171 0
      vertex -80.67873068898916 46.25803656876087 0
    endloop
  endfacet
  facet normal 0 0 -1
    outer loop
      vertex -80.67873068898916 46.25803656876087 0
      vertex -89.6579689783217 58.20796897832171 0
      vertex -80.40274170041084 46.5727416947484 0
    endloop
  endfacet
  facet normal 0 0 -1
    outer loop
      vertex -80.40274170041084 46.5727416947484 0
      vertex -89.6579689783217 58.20796897832171 0
      vertex -80.08803657442331 46.84873068332672 0
    endloop
  endfacet
  facet normal 0 0 -1
    outer loop
      vertex -80.08803657442331 46.84873068332672 0
      vertex -89.6579689783217 58.20796897832171 0
      vertex -79.74000000208616 47.081281289458275 0
    endloop
  endfacet
  facet normal 0 0 -1
    outer loop
      vertex -79.74000000208616 47.081281289458275 0
      vertex -89.6579689783217 58.20796897832171 0
      vertex -79.36458698660135 47.26641450077295 0
    endloop
  endfacet
  facet normal 0 0 -1
    outer loop
      vertex -79.36458698660135 47.26641450077295 0
      vertex -89.6579689783217 58.20796897832171 0
      vertex -78.9682209417224 47.40096263587475 0
    endloop
  endfacet
  facet normal 0 0 -1
    outer loop
      vertex -78.9682209417224 47.40096263587475 0
      vertex -89.6579689783217 58.20796897832171 0
      vertex -78.55768381804228 47.48262355476618 0
    endloop
  endfacet
  facet normal 0 0 -1
    outer loop
      vertex -89.6579689783217 58.20796897832171 0
      vertex -1.1863186403317783 57.535973449215014 0
      vertex -78.55768381804228 47.48262355476618 0
    endloop
  endfacet
  facet normal 0 0 -1
    outer loop
      vertex -78.55768381804228 47.48262355476618 0
      vertex -1.1863186403317783 57.535973449215014 0
      vertex -78.14000000059605 47.50999999791384 0
    endloop
  endfacet
  facet normal 0 0 -1
    outer loop
      vertex -89.6579689783217 58.20796897832171 0
      vertex -89.39060464509718 58.51283957007297 0
      vertex -2.1920310216782974 58.20796897832171 0
    endloop
  endfacet
  facet normal 0 0 -1
    outer loop
      vertex -89.16532124826824 58.85000000000001 0
      vertex -2.459395354902829 58.51283957007297 0
      vertex -89.39060464509718 58.51283957007297 0
    endloop
  endfacet
  facet normal 0 0 -1
    outer loop
      vertex -88.98597344921502 59.21368135966823 0
      vertex -2.68467875173176 58.85000000000001 0
      vertex -89.16532124826824 58.85000000000001 0
    endloop
  endfacet
  facet normal 0 0 -1
    outer loop
      vertex -88.8556299385039 59.59766096018219 0
      vertex -2.68467875173176 58.85000000000001 0
      vertex -88.98597344921502 59.21368135966823 0
    endloop
  endfacet
  facet normal 0 0 -1
    outer loop
      vertex -88.7765209297412 59.995368804117845 0
      vertex -2.68467875173176 58.85000000000001 0
      vertex -88.8556299385039 59.59766096018219 0
    endloop
  endfacet
  facet normal 0 0 -1
    outer loop
      vertex -88.75000000000001 60.400000000000006 0
      vertex -2.68467875173176 58.85000000000001 0
      vertex -88.7765209297412 59.995368804117845 0
    endloop
  endfacet
  facet normal 0 0 -1
    outer loop
      vertex -88.7765209297412 60.804631195882166 0
      vertex -2.68467875173176 61.95 0
      vertex -88.75000000000001 60.400000000000006 0
    endloop
  endfacet
  facet normal 0 0 -1
    outer loop
      vertex -88.8556299385039 61.20233903981782 0
      vertex -2.68467875173176 61.95 0
      vertex -88.7765209297412 60.804631195882166 0
    endloop
  endfacet
  facet normal 0 0 -1
    outer loop
      vertex -88.98597344921502 61.58631864033178 0
      vertex -2.68467875173176 61.95 0
      vertex -88.8556299385039 61.20233903981782 0
    endloop
  endfacet
  facet normal 0 0 -1
    outer loop
      vertex -2.459395354902829 62.28716042992704 0
      vertex -88.98597344921502 61.58631864033178 0
      vertex -89.16532124826824 61.95 0
    endloop
  endfacet
  facet normal 0 0 -1
    outer loop
      vertex -89.39060464509718 62.28716042992704 0
      vertex -2.1920310216782974 62.5920310216783 0
      vertex -89.16532124826824 61.95 0
    endloop
  endfacet
  facet normal 0 0 -1
    outer loop
      vertex -89.6579689783217 62.5920310216783 0
      vertex -1.55 63.084678751731765 0
      vertex -89.39060464509718 62.28716042992704 0
    endloop
  endfacet
  facet normal 0 0 -1
    outer loop
      vertex -89.6579689783217 62.5920310216783 0
      vertex -89.96283957007297 62.85939535490284 0
      vertex -1.55 63.084678751731765 0
    endloop
  endfacet
  facet normal -0.997858923504296 0.06540312517646005 0
    outer loop
      vertex -97.85000000149012 61.399999998509884 0
      vertex -97.80722431093454 62.052630960941315 5
      vertex -97.80722431093454 62.052630960941315 0
    endloop
  endfacet
  facet normal -0.9807852793499569 0.1950903273112926 0
    outer loop
      vertex -97.80722431093454 62.052630960941315 0
      vertex -97.6796291321516 62.694095224142075 5
      vertex -97.6796291321516 62.694095224142075 0
    endloop
  endfacet
  facet normal -0.9469301296443332 0.3214394648635512 0
    outer loop
      vertex -97.6796291321516 62.694095224142075 0
      vertex -97.46939766407013 63.3134171590209 5
      vertex -97.46939766407013 63.3134171590209 0
    endloop
  endfacet
  facet normal -0.8968727399632281 0.44228869340155175 0
    outer loop
      vertex -97.46939766407013 63.3134171590209 0
      vertex -97.1801270172 63.899999998509884 5
      vertex -97.1801270172 63.899999998509884 0
    endloop
  endfacet
  facet normal -0.8314696119674009 0.5555702335211812 0
    outer loop
      vertex -97.1801270172 63.899999998509884 0
      vertex -96.8167667016387 64.44380713999271 5
      vertex -96.8167667016387 64.44380713999271 0
    endloop
  endfacet
  facet normal -0.7518398095516428 0.659345812736647 0
    outer loop
      vertex -96.8167667016387 64.44380713999271 0
      vertex -96.38553390651941 64.93553390353918 5
      vertex -96.38553390651941 64.93553390353918 0
    endloop
  endfacet
  facet normal -0.659345812736647 0.7518398095516428 0
    outer loop
      vertex -96.38553390651941 64.93553390353918 0
      vertex -95.89380714297295 65.36676669865847 5
      vertex -95.89380714297295 65.36676669865847 0
    endloop
  endfacet
  facet normal -0.5555702335211812 0.8314696119674009 0
    outer loop
      vertex -95.89380714297295 65.36676669865847 0
      vertex -95.35000000149012 65.73012701421976 5
      vertex -95.35000000149012 65.73012701421976 0
    endloop
  endfacet
  facet normal -0.44228869340155175 0.8968727399632281 0
    outer loop
      vertex -95.35000000149012 65.73012701421976 0
      vertex -94.76341716200113 66.0193976610899 5
      vertex -94.76341716200113 66.0193976610899 0
    endloop
  endfacet
  facet normal -0.3214394648635512 0.9469301296443332 0
    outer loop
      vertex -94.76341716200113 66.0193976610899 0
      vertex -94.1440952271223 66.22962912917137 5
      vertex -94.1440952271223 66.22962912917137 0
    endloop
  endfacet
  facet normal -0.1950903273112926 0.9807852793499569 0
    outer loop
      vertex -94.1440952271223 66.22962912917137 0
      vertex -93.50263096392155 66.35722430795431 5
      vertex -93.50263096392155 66.35722430795431 0
    endloop
  endfacet
  facet normal -0.06540312517646005 0.997858923504296 0
    outer loop
      vertex -93.50263096392155 66.35722430795431 0
      vertex -92.85000000149012 66.39999999850988 5
      vertex -92.85000000149012 66.39999999850988 0
    endloop
  endfacet
  facet normal 0 0 -1
    outer loop
      vertex -89.6579689783217 58.20796897832171 0
      vertex -1.8871604299270341 57.940604645097174 0
      vertex -1.55 57.715321248268246 0
    endloop
  endfacet
  facet normal 0 0 -1
    outer loop
      vertex -89.6579689783217 58.20796897832171 0
      vertex -1.55 57.715321248268246 0
      vertex -1.1863186403317783 57.535973449215014 0
    endloop
  endfacet
  facet normal 0 0 -1
    outer loop
      vertex -1.1863186403317783 57.535973449215014 0
      vertex -0.8023390398178143 57.40562993850389 0
      vertex -78.14000000059605 47.50999999791384 0
    endloop
  endfacet
  facet normal 0 0 -1
    outer loop
      vertex -0.8023390398178143 57.40562993850389 0
      vertex -0.4046311958821599 57.32652092974119 0
      vertex -78.14000000059605 47.50999999791384 0
    endloop
  endfacet
  facet normal 0 0 -1
    outer loop
      vertex -89.39060464509718 58.51283957007297 0
      vertex -2.459395354902829 58.51283957007297 0
      vertex -2.1920310216782974 58.20796897832171 0
    endloop
  endfacet
  facet normal 0 0 -1
    outer loop
      vertex -89.16532124826824 58.85000000000001 0
      vertex -2.68467875173176 58.85000000000001 0
      vertex -2.459395354902829 58.51283957007297 0
    endloop
  endfacet
  facet normal 0 0 -1
    outer loop
      vertex -89.6579689783217 58.20796897832171 0
      vertex -2.1920310216782974 58.20796897832171 0
      vertex -1.8871604299270341 57.940604645097174 0
    endloop
  endfacet
  facet normal 0 0 -1
    outer loop
      vertex -88.75000000000001 60.400000000000006 0
      vertex -2.864026550784989 59.21368135966823 0
      vertex -2.68467875173176 58.85000000000001 0
    endloop
  endfacet
  facet normal 0 0 -1
    outer loop
      vertex -88.75000000000001 60.400000000000006 0
      vertex -2.9943700614961117 59.59766096018219 0
      vertex -2.864026550784989 59.21368135966823 0
    endloop
  endfacet
  facet normal 0 0 -1
    outer loop
      vertex -88.75000000000001 60.400000000000006 0
      vertex -3.0734790702588124 59.995368804117845 0
      vertex -2.9943700614961117 59.59766096018219 0
    endloop
  endfacet
  facet normal 0 0 -1
    outer loop
      vertex -88.75000000000001 60.400000000000006 0
      vertex -3.1 60.400000000000006 0
      vertex -3.0734790702588124 59.995368804117845 0
    endloop
  endfacet
  facet normal 0 0 -1
    outer loop
      vertex -88.75000000000001 60.400000000000006 0
      vertex -3.0734790702588124 60.804631195882166 0
      vertex -3.1 60.400000000000006 0
    endloop
  endfacet
  facet normal 0 0 -1
    outer loop
      vertex -88.75000000000001 60.400000000000006 0
      vertex -2.9943700614961117 61.20233903981782 0
      vertex -3.0734790702588124 60.804631195882166 0
    endloop
  endfacet
  facet normal 0 0 -1
    outer loop
      vertex -88.75000000000001 60.400000000000006 0
      vertex -2.864026550784989 61.58631864033178 0
      vertex -2.9943700614961117 61.20233903981782 0
    endloop
  endfacet
  facet normal 0 0 -1
    outer loop
      vertex -88.75000000000001 60.400000000000006 0
      vertex -2.68467875173176 61.95 0
      vertex -2.864026550784989 61.58631864033178 0
    endloop
  endfacet
  facet normal 0 0 -1
    outer loop
      vertex -2.68467875173176 61.95 0
      vertex -88.98597344921502 61.58631864033178 0
      vertex -2.459395354902829 62.28716042992704 0
    endloop
  endfacet
  facet normal 0 0 -1
    outer loop
      vertex -2.459395354902829 62.28716042992704 0
      vertex -89.16532124826824 61.95 0
      vertex -2.1920310216782974 62.5920310216783 0
    endloop
  endfacet
  facet normal 0 0 -1
    outer loop
      vertex -89.39060464509718 62.28716042992704 0
      vertex -1.8871604299270341 62.85939535490284 0
      vertex -2.1920310216782974 62.5920310216783 0
    endloop
  endfacet
  facet normal 0 0 -1
    outer loop
      vertex -89.39060464509718 62.28716042992704 0
      vertex -1.55 63.084678751731765 0
      vertex -1.8871604299270341 62.85939535490284 0
    endloop
  endfacet
  facet normal 0 0 -1
    outer loop
      vertex -89.96283957007297 62.85939535490284 0
      vertex -1.1863186403317783 63.264026550785 0
      vertex -1.55 63.084678751731765 0
    endloop
  endfacet
  facet normal 0 0 -1
    outer loop
      vertex -89.96283957007297 62.85939535490284 0
      vertex -0.8023390398178143 63.39437006149612 0
      vertex -1.1863186403317783 63.264026550785 0
    endloop
  endfacet
  facet normal 0 0 -1
    outer loop
      vertex -97.1801270172 63.899999998509884 0
      vertex 96.38553390651941 64.93553390353918 0
      vertex -91.44536880411785 63.47347907025882 0
    endloop
  endfacet
  facet normal 0 0 -1
    outer loop
      vertex -97.1801270172 63.899999998509884 0
      vertex -96.8167667016387 64.44380713999271 0
      vertex 95.89380714297295 65.36676669865847 0
    endloop
  endfacet
  facet normal 0 0 -1
    outer loop
      vertex -96.8167667016387 64.44380713999271 0
      vertex -96.38553390651941 64.93553390353918 0
      vertex 95.35000000149012 65.73012701421976 0
    endloop
  endfacet
  facet normal 0 0 -1
    outer loop
      vertex -96.38553390651941 64.93553390353918 0
      vertex -95.89380714297295 65.36676669865847 0
      vertex 94.76341716200113 66.0193976610899 0
    endloop
  endfacet
  facet normal 0 0 -1
    outer loop
      vertex -95.89380714297295 65.36676669865847 0
      vertex -95.35000000149012 65.73012701421976 0
      vertex 94.1440952271223 66.22962912917137 0
    endloop
  endfacet
  facet normal 0 0 -1
    outer loop
      vertex -95.35000000149012 65.73012701421976 0
      vertex -94.76341716200113 66.0193976610899 0
      vertex 93.50263096392155 66.35722430795431 0
    endloop
  endfacet
  facet normal 0 0 -1
    outer loop
      vertex -94.76341716200113 66.0193976610899 0
      vertex -94.1440952271223 66.22962912917137 0
      vertex 92.85000000149012 66.39999999850988 0
    endloop
  endfacet
  facet normal 0 0 -1
    outer loop
      vertex -94.1440952271223 66.22962912917137 0
      vertex -92.85000000149012 66.39999999850988 0
      vertex 92.85000000149012 66.39999999850988 0
    endloop
  endfacet
  facet normal 0 0 -1
    outer loop
      vertex -89.96283957007297 62.85939535490284 0
      vertex -0.4046311958821599 63.47347907025882 0
      vertex -0.8023390398178143 63.39437006149612 0
    endloop
  endfacet
  facet normal 0 0 -1
    outer loop
      vertex -89.96283957007297 62.85939535490284 0
      vertex 0 63.50000000000001 0
      vertex -0.4046311958821599 63.47347907025882 0
    endloop
  endfacet
  facet normal 0 0 -1
    outer loop
      vertex 96.8167667016387 64.44380713999271 0
      vertex -90.66368135966823 63.264026550785 0
      vertex -91.0476609601822 63.39437006149612 0
    endloop
  endfacet
  facet normal 0 0 -1
    outer loop
      vertex 96.38553390651941 64.93553390353918 0
      vertex -91.0476609601822 63.39437006149612 0
      vertex -91.44536880411785 63.47347907025882 0
    endloop
  endfacet
  facet normal 0 0 -1
    outer loop
      vertex 96.8167667016387 64.44380713999271 0
      vertex -90.30000000000001 63.084678751731765 0
      vertex -90.66368135966823 63.264026550785 0
    endloop
  endfacet
  facet normal 0 0 -1
    outer loop
      vertex 96.8167667016387 64.44380713999271 0
      vertex -89.96283957007297 62.85939535490284 0
      vertex -90.30000000000001 63.084678751731765 0
    endloop
  endfacet
  facet normal 0 0 -1
    outer loop
      vertex 78.14000000059605 47.50999999791384 0
      vertex -78.14000000059605 47.50999999791384 0
      vertex -0.4046311958821599 57.32652092974119 0
    endloop
  endfacet
  facet normal 0 0 1
    outer loop
      vertex -93.15903301148055 1.004456357864389 5
      vertex -80.84000000357628 45.60999999940395 5
      vertex -93.27894191624434 0.825 5
    endloop
  endfacet
  facet normal 0 0 1
    outer loop
      vertex -93.01672618895782 1.1667261889578033 5
      vertex -80.84000000357628 45.60999999940395 5
      vertex -93.15903301148055 1.004456357864389 5
    endloop
  endfacet
  facet normal 0 0 1
    outer loop
      vertex -92.8544563578644 1.309033011480538 5
      vertex -80.84000000357628 45.60999999940395 5
      vertex -93.01672618895782 1.1667261889578033 5
    endloop
  endfacet
  facet normal 0 0 1
    outer loop
      vertex -92.67500000000001 1.4289419162443235 5
      vertex -80.84000000357628 45.60999999940395 5
      vertex -92.8544563578644 1.309033011480538 5
    endloop
  endfacet
  facet normal 0 0 1
    outer loop
      vertex -92.4814276634024 1.524401228643623 5
      vertex -80.84000000357628 45.60999999940395 5
      vertex -92.67500000000001 1.4289419162443235 5
    endloop
  endfacet
  facet normal 0 0 1
    outer loop
      vertex -92.27705142441917 1.5937776133769626 5
      vertex -80.84000000357628 45.60999999940395 5
      vertex -92.4814276634024 1.524401228643623 5
    endloop
  endfacet
  facet normal 0 0 1
    outer loop
      vertex -92.0653682171631 1.6358840212667871 5
      vertex -80.84000000357628 45.60999999940395 5
      vertex -92.27705142441917 1.5937776133769626 5
    endloop
  endfacet
  facet normal 0 0 1
    outer loop
      vertex -91.63463178283692 1.6358840212667871 5
      vertex -80.84000000357628 45.60999999940395 5
      vertex -91.85000000000001 1.65 5
    endloop
  endfacet
  facet normal 0 0 1
    outer loop
      vertex -91.85000000000001 1.65 5
      vertex -80.84000000357628 45.60999999940395 5
      vertex -92.0653682171631 1.6358840212667871 5
    endloop
  endfacet
  facet normal 0 0 1
    outer loop
      vertex -91.42294857558085 1.5937776133769626 5
      vertex -80.84000000357628 45.60999999940395 5
      vertex -91.63463178283692 1.6358840212667871 5
    endloop
  endfacet
  facet normal 0 0 1
    outer loop
      vertex -90.32559877135638 0.6314276634023981 5
      vertex -80.84000000357628 45.60999999940395 5
      vertex -90.42105808375568 0.825 5
    endloop
  endfacet
  facet normal 0 0 1
    outer loop
      vertex -90.42105808375568 0.825 5
      vertex -80.84000000357628 45.60999999940395 5
      vertex -90.54096698851947 1.004456357864389 5
    endloop
  endfacet
  facet normal 0 0 1
    outer loop
      vertex -90.54096698851947 1.004456357864389 5
      vertex -80.84000000357628 45.60999999940395 5
      vertex -90.6832738110422 1.1667261889578033 5
    endloop
  endfacet
  facet normal 0 0 1
    outer loop
      vertex -90.6832738110422 1.1667261889578033 5
      vertex -80.84000000357628 45.60999999940395 5
      vertex -90.84554364213562 1.309033011480538 5
    endloop
  endfacet
  facet normal 0 0 1
    outer loop
      vertex -91.21857233659762 1.524401228643623 5
      vertex -80.84000000357628 45.60999999940395 5
      vertex -91.42294857558085 1.5937776133769626 5
    endloop
  endfacet
  facet normal 0 0 1
    outer loop
      vertex -90.84554364213562 1.309033011480538 5
      vertex -80.84000000357628 45.60999999940395 5
      vertex -91.025 1.4289419162443235 5
    endloop
  endfacet
  facet normal 0 0 1
    outer loop
      vertex -91.025 1.4289419162443235 5
      vertex -80.84000000357628 45.60999999940395 5
      vertex -91.21857233659762 1.524401228643623 5
    endloop
  endfacet
  facet normal 0 0 1
    outer loop
      vertex -90.2 0 5
      vertex -80.84000000357628 45.60999999940395 5
      vertex -90.21411597873322 0.21536821716308507 5
    endloop
  endfacet
  facet normal 0 0 1
    outer loop
      vertex -90.21411597873322 0.21536821716308507 5
      vertex -80.84000000357628 45.60999999940395 5
      vertex -90.25622238662305 0.4270514244191592 5
    endloop
  endfacet
  facet normal 0 0 1
    outer loop
      vertex -90.25622238662305 0.4270514244191592 5
      vertex -80.84000000357628 45.60999999940395 5
      vertex -90.32559877135638 0.6314276634023981 5
    endloop
  endfacet
  facet normal 0 0 1
    outer loop
      vertex -90.2 0 5
      vertex -80.84000000357628 -45.60999999940395 5
      vertex -80.84000000357628 45.60999999940395 5
    endloop
  endfacet
  facet normal 0 0 1
    outer loop
      vertex -78.43999999761581 -44.21000000089407 5
      vertex -77.34000000357628 42.309999994933605 5
      vertex -78.43999999761581 44.21000000089407 5
    endloop
  endfacet
  facet normal 0 0 1
    outer loop
      vertex -97.85000000149012 61.399999998509884 5
      vertex -93.4858840212668 -0.21536821716308507 5
      vertex -93.50000000000001 0 5
    endloop
  endfacet
  facet normal 0 0 1
    outer loop
      vertex -93.4858840212668 0.21536821716308507 5
      vertex -92.27705142441917 58.80622238662304 5
      vertex -93.50000000000001 0 5
    endloop
  endfacet
  facet normal 0 0 1
    outer loop
      vertex -93.44377761337697 0.4270514244191592 5
      vertex -92.27705142441917 58.80622238662304 5
      vertex -93.4858840212668 0.21536821716308507 5
    endloop
  endfacet
  facet normal 0 0 1
    outer loop
      vertex -93.37440122864363 0.6314276634023981 5
      vertex -92.27705142441917 58.80622238662304 5
      vertex -93.44377761337697 0.4270514244191592 5
    endloop
  endfacet
  facet normal 0 0 1
    outer loop
      vertex -93.27894191624434 0.825 5
      vertex -92.0653682171631 58.764115978733216 5
      vertex -93.37440122864363 0.6314276634023981 5
    endloop
  endfacet
  facet normal -0.997858923504296 0.06540312517646005 0
    outer loop
      vertex -97.85000000149012 61.399999998509884 0
      vertex -97.85000000149012 61.399999998509884 5
      vertex -97.80722431093454 62.052630960941315 5
    endloop
  endfacet
  facet normal -0.9807852793499569 0.1950903273112926 0
    outer loop
      vertex -97.80722431093454 62.052630960941315 0
      vertex -97.80722431093454 62.052630960941315 5
      vertex -97.6796291321516 62.694095224142075 5
    endloop
  endfacet
  facet normal -0.9469301296443332 0.3214394648635512 0
    outer loop
      vertex -97.6796291321516 62.694095224142075 0
      vertex -97.6796291321516 62.694095224142075 5
      vertex -97.46939766407013 63.3134171590209 5
    endloop
  endfacet
  facet normal -0.8968727399632281 0.44228869340155175 0
    outer loop
      vertex -97.46939766407013 63.3134171590209 0
      vertex -97.46939766407013 63.3134171590209 5
      vertex -97.1801270172 63.899999998509884 5
    endloop
  endfacet
  facet normal -0.8314696119674009 0.5555702335211812 0
    outer loop
      vertex -97.1801270172 63.899999998509884 0
      vertex -97.1801270172 63.899999998509884 5
      vertex -96.8167667016387 64.44380713999271 5
    endloop
  endfacet
  facet normal -0.7518398095516428 0.659345812736647 0
    outer loop
      vertex -96.8167667016387 64.44380713999271 0
      vertex -96.8167667016387 64.44380713999271 5
      vertex -96.38553390651941 64.93553390353918 5
    endloop
  endfacet
  facet normal -0.659345812736647 0.7518398095516428 0
    outer loop
      vertex -96.38553390651941 64.93553390353918 0
      vertex -96.38553390651941 64.93553390353918 5
      vertex -95.89380714297295 65.36676669865847 5
    endloop
  endfacet
  facet normal -0.5555702335211812 0.8314696119674009 0
    outer loop
      vertex -95.89380714297295 65.36676669865847 0
      vertex -95.89380714297295 65.36676669865847 5
      vertex -95.35000000149012 65.73012701421976 5
    endloop
  endfacet
  facet normal -0.44228869340155175 0.8968727399632281 0
    outer loop
      vertex -95.35000000149012 65.73012701421976 0
      vertex -95.35000000149012 65.73012701421976 5
      vertex -94.76341716200113 66.0193976610899 5
    endloop
  endfacet
  facet normal -0.3214394648635512 0.9469301296443332 0
    outer loop
      vertex -94.76341716200113 66.0193976610899 0
      vertex -94.76341716200113 66.0193976610899 5
      vertex -94.1440952271223 66.22962912917137 5
    endloop
  endfacet
  facet normal -0.1950903273112926 0.9807852793499569 0
    outer loop
      vertex -94.1440952271223 66.22962912917137 0
      vertex -94.1440952271223 66.22962912917137 5
      vertex -93.50263096392155 66.35722430795431 5
    endloop
  endfacet
  facet normal -0.06540312517646005 0.997858923504296 0
    outer loop
      vertex -93.50263096392155 66.35722430795431 0
      vertex -93.50263096392155 66.35722430795431 5
      vertex -92.85000000149012 66.39999999850988 5
    endloop
  endfacet
  facet normal 0 0 1
    outer loop
      vertex -93.50000000000001 0 5
      vertex -92.4814276634024 58.87559877135638 5
      vertex -92.67500000000001 58.97105808375568 5
    endloop
  endfacet
  facet normal 0 0 1
    outer loop
      vertex -93.50000000000001 0 5
      vertex -92.67500000000001 58.97105808375568 5
      vertex -92.8544563578644 59.09096698851947 5
    endloop
  endfacet
  facet normal 0 0 1
    outer loop
      vertex -93.50000000000001 0 5
      vertex -92.27705142441917 58.80622238662304 5
      vertex -92.4814276634024 58.87559877135638 5
    endloop
  endfacet
  facet normal 0 0 1
    outer loop
      vertex -93.37440122864363 0.6314276634023981 5
      vertex -92.0653682171631 58.764115978733216 5
      vertex -92.27705142441917 58.80622238662304 5
    endloop
  endfacet
  facet normal 0 0 1
    outer loop
      vertex -97.85000000149012 61.399999998509884 5
      vertex -93.50000000000001 0 5
      vertex -92.8544563578644 59.09096698851947 5
    endloop
  endfacet
  facet normal 0 0 1
    outer loop
      vertex -93.27894191624434 0.825 5
      vertex -80.84000000357628 45.60999999940395 5
      vertex -92.0653682171631 58.764115978733216 5
    endloop
  endfacet
  facet normal 0 0 1
    outer loop
      vertex -78.43999999761581 44.21000000089407 5
      vertex -77.34000000357628 42.309999994933605 5
      vertex -77.32973383367062 42.466631427407265 5
    endloop
  endfacet
  facet normal 0 0 1
    outer loop
      vertex -78.43999999761581 44.21000000089407 5
      vertex -77.32973383367062 42.466631427407265 5
      vertex -77.29911099374294 42.62058284878731 5
    endloop
  endfacet
  facet normal 0 0 1
    outer loop
      vertex -78.43999999761581 44.21000000089407 5
      vertex -77.29911099374294 42.62058284878731 5
      vertex -77.24865543842316 42.76922011375427 5
    endloop
  endfacet
  facet normal 0 0 1
    outer loop
      vertex -78.43999999761581 44.21000000089407 5
      vertex -77.24865543842316 42.76922011375427 5
      vertex -77.17923048883677 42.90999999642372 5
    endloop
  endfacet
  facet normal 0 0 1
    outer loop
      vertex -78.43999999761581 44.21000000089407 5
      vertex -77.17923048883677 42.90999999642372 5
      vertex -77.0920240059495 43.04051370918751 5
    endloop
  endfacet
  facet normal 0 0 1
    outer loop
      vertex -78.43999999761581 44.21000000089407 5
      vertex -77.0920240059495 43.04051370918751 5
      vertex -76.98852813988924 43.1585281342268 5
    endloop
  endfacet
  facet normal 0 0 1
    outer loop
      vertex -78.43999999761581 44.21000000089407 5
      vertex -76.98852813988924 43.1585281342268 5
      vertex -76.87051371484995 43.262024000287056 5
    endloop
  endfacet
  facet normal 0 0 1
    outer loop
      vertex -76.74000000208616 43.349230483174324 5
      vertex -78.43657794594765 44.262210480868816 5
      vertex -78.43999999761581 44.21000000089407 5
    endloop
  endfacet
  facet normal 0 0 1
    outer loop
      vertex -76.74000000208616 43.349230483174324 5
      vertex -78.4263703301549 44.31352762132883 5
      vertex -78.43657794594765 44.262210480868816 5
    endloop
  endfacet
  facet normal 0 0 1
    outer loop
      vertex -76.74000000208616 43.349230483174324 5
      vertex -78.4095518141985 44.363073371350765 5
      vertex -78.4263703301549 44.31352762132883 5
    endloop
  endfacet
  facet normal 0 0 1
    outer loop
      vertex -76.74000000208616 43.349230483174324 5
      vertex -78.38641016185284 44.4100000038743 5
      vertex -78.4095518141985 44.363073371350765 5
    endloop
  endfacet
  facet normal 0 0 1
    outer loop
      vertex -76.74000000208616 43.349230483174324 5
      vertex -78.35734133422375 44.45350456982851 5
      vertex -78.38641016185284 44.4100000038743 5
    endloop
  endfacet
  facet normal 0 0 1
    outer loop
      vertex -78.43999999761581 44.21000000089407 5
      vertex -76.87051371484995 43.262024000287056 5
      vertex -76.74000000208616 43.349230483174324 5
    endloop
  endfacet
  facet normal 0 0 1
    outer loop
      vertex -76.74000000208616 43.349230483174324 5
      vertex -78.32284270972013 44.492842711508274 5
      vertex -78.35734133422375 44.45350456982851 5
    endloop
  endfacet
  facet normal 0 0 1
    outer loop
      vertex -76.74000000208616 43.349230483174324 5
      vertex -78.28350456804037 44.52734133601189 5
      vertex -78.32284270972013 44.492842711508274 5
    endloop
  endfacet
  facet normal 0 0 1
    outer loop
      vertex -76.74000000208616 43.349230483174324 5
      vertex -78.24000000208616 44.556410163640976 5
      vertex -78.28350456804037 44.52734133601189 5
    endloop
  endfacet
  facet normal 0 0 1
    outer loop
      vertex -76.74000000208616 43.349230483174324 5
      vertex -78.19307336956263 44.57955181598663 5
      vertex -78.24000000208616 44.556410163640976 5
    endloop
  endfacet
  facet normal 0 0 1
    outer loop
      vertex -76.74000000208616 43.349230483174324 5
      vertex -78.14352761954069 44.596370331943035 5
      vertex -78.19307336956263 44.57955181598663 5
    endloop
  endfacet
  facet normal 0 0 1
    outer loop
      vertex -76.74000000208616 43.349230483174324 5
      vertex -78.09221047908068 44.606577947735786 5
      vertex -78.14352761954069 44.596370331943035 5
    endloop
  endfacet
  facet normal 0 0 1
    outer loop
      vertex -76.74000000208616 43.349230483174324 5
      vertex -78.03999999910593 44.60999999940395 5
      vertex -78.09221047908068 44.606577947735786 5
    endloop
  endfacet
  facet normal 0 0 1
    outer loop
      vertex -76.74000000208616 43.349230483174324 5
      vertex -76.59922011941671 43.418655432760715 5
      vertex -78.03999999910593 44.60999999940395 5
    endloop
  endfacet
  facet normal 0 0 1
    outer loop
      vertex -76.59922011941671 43.418655432760715 5
      vertex -76.45058285444975 43.4691109880805 5
      vertex -78.03999999910593 44.60999999940395 5
    endloop
  endfacet
  facet normal 0 0 1
    outer loop
      vertex -76.45058285444975 43.4691109880805 5
      vertex -76.2966314330697 43.499733828008175 5
      vertex -78.03999999910593 44.60999999940395 5
    endloop
  endfacet
  facet normal 0 0 1
    outer loop
      vertex -76.2966314330697 43.499733828008175 5
      vertex -76.14000000059605 43.50999999791384 5
      vertex -78.03999999910593 44.60999999940395 5
    endloop
  endfacet
  facet normal 0 0 1
    outer loop
      vertex -80.82802280783653 45.792736671864986 5
      vertex -91.85000000000001 58.75000000000001 5
      vertex -92.0653682171631 58.764115978733216 5
    endloop
  endfacet
  facet normal 0 0 1
    outer loop
      vertex -80.79229616373777 45.97234666347504 5
      vertex -91.63463178283692 58.764115978733216 5
      vertex -91.85000000000001 58.75000000000001 5
    endloop
  endfacet
  facet normal 0 0 1
    outer loop
      vertex -80.65243557095528 46.310000002384186 5
      vertex -91.42294857558085 58.80622238662304 5
      vertex -91.63463178283692 58.764115978733216 5
    endloop
  endfacet
  facet normal 0 0 1
    outer loop
      vertex -97.85000000149012 61.399999998509884 5
      vertex -93.27894191624434 59.575 5
      vertex -93.37440122864363 59.76857233659761 5
    endloop
  endfacet
  facet normal 0 0 1
    outer loop
      vertex -97.85000000149012 61.399999998509884 5
      vertex -93.37440122864363 59.76857233659761 5
      vertex -93.44377761337697 59.972948575580844 5
    endloop
  endfacet
  facet normal 0 0 1
    outer loop
      vertex -97.85000000149012 61.399999998509884 5
      vertex -93.44377761337697 59.972948575580844 5
      vertex -93.4858840212668 60.184631782836924 5
    endloop
  endfacet
  facet normal 0 0 1
    outer loop
      vertex -97.85000000149012 61.399999998509884 5
      vertex -93.4858840212668 60.184631782836924 5
      vertex -93.50000000000001 60.400000000000006 5
    endloop
  endfacet
  facet normal 0 0 1
    outer loop
      vertex -97.85000000149012 61.399999998509884 5
      vertex -93.50000000000001 60.400000000000006 5
      vertex -93.4858840212668 60.61536821716309 5
    endloop
  endfacet
  facet normal 0 0 1
    outer loop
      vertex -97.85000000149012 61.399999998509884 5
      vertex -93.4858840212668 60.61536821716309 5
      vertex -93.44377761337697 60.82705142441917 5
    endloop
  endfacet
  facet normal 0 0 1
    outer loop
      vertex -97.85000000149012 61.399999998509884 5
      vertex -93.44377761337697 60.82705142441917 5
      vertex -93.37440122864363 61.031427663402404 5
    endloop
  endfacet
  facet normal 0 0 1
    outer loop
      vertex -97.85000000149012 61.399999998509884 5
      vertex -93.01672618895782 61.56672618895781 5
      vertex -97.80722431093454 62.052630960941315 5
    endloop
  endfacet
  facet normal 0 0 1
    outer loop
      vertex -97.85000000149012 61.399999998509884 5
      vertex -93.37440122864363 61.031427663402404 5
      vertex -93.27894191624434 61.22500000000001 5
    endloop
  endfacet
  facet normal 0 0 1
    outer loop
      vertex -97.85000000149012 61.399999998509884 5
      vertex -92.8544563578644 59.09096698851947 5
      vertex -93.01672618895782 59.2332738110422 5
    endloop
  endfacet
  facet normal 0 0 1
    outer loop
      vertex -97.85000000149012 61.399999998509884 5
      vertex -93.01672618895782 59.2332738110422 5
      vertex -93.15903301148055 59.395543642135614 5
    endloop
  endfacet
  facet normal 0 0 1
    outer loop
      vertex -97.85000000149012 61.399999998509884 5
      vertex -93.15903301148055 59.395543642135614 5
      vertex -93.27894191624434 59.575 5
    endloop
  endfacet
  facet normal 0 0 1
    outer loop
      vertex -97.85000000149012 61.399999998509884 5
      vertex -93.15903301148055 61.4044563578644 5
      vertex -93.01672618895782 61.56672618895781 5
    endloop
  endfacet
  facet normal 0 0 1
    outer loop
      vertex -97.85000000149012 61.399999998509884 5
      vertex -93.27894191624434 61.22500000000001 5
      vertex -93.15903301148055 61.4044563578644 5
    endloop
  endfacet
  facet normal 0 0 1
    outer loop
      vertex -97.80722431093454 62.052630960941315 5
      vertex -93.01672618895782 61.56672618895781 5
      vertex -92.8544563578644 61.70903301148054 5
    endloop
  endfacet
  facet normal 0 0 1
    outer loop
      vertex -97.80722431093454 62.052630960941315 5
      vertex -92.8544563578644 61.70903301148054 5
      vertex -92.67500000000001 61.82894191624433 5
    endloop
  endfacet
  facet normal 0 0 1
    outer loop
      vertex -97.80722431093454 62.052630960941315 5
      vertex -92.67500000000001 61.82894191624433 5
      vertex -92.4814276634024 61.92440122864363 5
    endloop
  endfacet
  facet normal 0 0 1
    outer loop
      vertex -97.80722431093454 62.052630960941315 5
      vertex -92.4814276634024 61.92440122864363 5
      vertex -92.27705142441917 61.99377761337697 5
    endloop
  endfacet
  facet normal 0 0 1
    outer loop
      vertex -97.80722431093454 62.052630960941315 5
      vertex -92.27705142441917 61.99377761337697 5
      vertex -92.0653682171631 62.035884021266796 5
    endloop
  endfacet
  facet normal 0 0 1
    outer loop
      vertex -97.80722431093454 62.052630960941315 5
      vertex -92.0653682171631 62.035884021266796 5
      vertex -91.85000000000001 62.050000000000004 5
    endloop
  endfacet
  facet normal 0 0 1
    outer loop
      vertex -94.1440952271223 66.22962912917137 5
      vertex -92.85000000149012 66.39999999850988 5
      vertex -93.50263096392155 66.35722430795431 5
    endloop
  endfacet
  facet normal 0 0 1
    outer loop
      vertex -80.82802280783653 45.792736671864986 5
      vertex -92.0653682171631 58.764115978733216 5
      vertex -80.84000000357628 45.60999999940395 5
    endloop
  endfacet
  facet normal 0 0 1
    outer loop
      vertex -80.79229616373777 45.97234666347504 5
      vertex -91.85000000000001 58.75000000000001 5
      vertex -80.82802280783653 45.792736671864986 5
    endloop
  endfacet
  facet normal 0 0 1
    outer loop
      vertex -80.73343135416508 46.14575680345297 5
      vertex -91.63463178283692 58.764115978733216 5
      vertex -80.79229616373777 45.97234666347504 5
    endloop
  endfacet
  facet normal 0 0 1
    outer loop
      vertex -80.65243557095528 46.310000002384186 5
      vertex -91.63463178283692 58.764115978733216 5
      vertex -80.73343135416508 46.14575680345297 5
    endloop
  endfacet
  facet normal 0 0 1
    outer loop
      vertex -80.55069468170404 46.462265998125076 5
      vertex -91.42294857558085 58.80622238662304 5
      vertex -80.65243557095528 46.310000002384186 5
    endloop
  endfacet
  facet normal 0 0 1
    outer loop
      vertex -80.42994949966669 46.59994949400425 5
      vertex -91.42294857558085 58.80622238662304 5
      vertex -80.55069468170404 46.462265998125076 5
    endloop
  endfacet
  facet normal 0 0 1
    outer loop
      vertex -80.29226600378752 46.7206946760416 5
      vertex -91.42294857558085 58.80622238662304 5
      vertex -80.42994949966669 46.59994949400425 5
    endloop
  endfacet
  facet normal 0 0 1
    outer loop
      vertex -80.14000000804663 46.822435565292835 5
      vertex -91.42294857558085 58.80622238662304 5
      vertex -80.29226600378752 46.7206946760416 5
    endloop
  endfacet
  facet normal 0 0 1
    outer loop
      vertex -79.97575680911541 46.903431348502636 5
      vertex -91.42294857558085 58.80622238662304 5
      vertex -80.14000000804663 46.822435565292835 5
    endloop
  endfacet
  facet normal 0 0 1
    outer loop
      vertex -79.80234666913748 46.96229615807533 5
      vertex -91.42294857558085 58.80622238662304 5
      vertex -79.97575680911541 46.903431348502636 5
    endloop
  endfacet
  facet normal 0 0 1
    outer loop
      vertex -79.62273667752743 46.99802280217409 5
      vertex -91.42294857558085 58.80622238662304 5
      vertex -79.80234666913748 46.96229615807533 5
    endloop
  endfacet
  facet normal 0 0 1
    outer loop
      vertex -79.62273667752743 46.99802280217409 5
      vertex -0.4270514244191592 58.80622238662304 5
      vertex -91.42294857558085 58.80622238662304 5
    endloop
  endfacet
  facet normal 0 0 1
    outer loop
      vertex -79.4400000050664 47.00999999791384 5
      vertex -0.4270514244191592 58.80622238662304 5
      vertex -79.62273667752743 46.99802280217409 5
    endloop
  endfacet
  facet normal 0 0 1
    outer loop
      vertex -91.42294857558085 58.80622238662304 5
      vertex -0.6314276634023981 58.87559877135638 5
      vertex -91.21857233659762 58.87559877135638 5
    endloop
  endfacet
  facet normal 0 0 1
    outer loop
      vertex -91.21857233659762 58.87559877135638 5
      vertex -0.825 58.97105808375568 5
      vertex -91.025 58.97105808375568 5
    endloop
  endfacet
  facet normal 0 0 1
    outer loop
      vertex -91.025 58.97105808375568 5
      vertex -1.004456357864389 59.09096698851947 5
      vertex -90.84554364213562 59.09096698851947 5
    endloop
  endfacet
  facet normal 0 0 1
    outer loop
      vertex -90.84554364213562 59.09096698851947 5
      vertex -1.1667261889578033 59.2332738110422 5
      vertex -90.6832738110422 59.2332738110422 5
    endloop
  endfacet
  facet normal 0 0 1
    outer loop
      vertex -90.6832738110422 59.2332738110422 5
      vertex -1.309033011480538 59.395543642135614 5
      vertex -90.54096698851947 59.395543642135614 5
    endloop
  endfacet
  facet normal 0 0 1
    outer loop
      vertex -90.54096698851947 59.395543642135614 5
      vertex -1.4289419162443235 59.575 5
      vertex -90.42105808375568 59.575 5
    endloop
  endfacet
  facet normal 0 0 1
    outer loop
      vertex -90.42105808375568 59.575 5
      vertex -1.524401228643623 59.76857233659761 5
      vertex -90.32559877135638 59.76857233659761 5
    endloop
  endfacet
  facet normal 0 0 1
    outer loop
      vertex -90.32559877135638 59.76857233659761 5
      vertex -1.524401228643623 59.76857233659761 5
      vertex -90.25622238662305 59.972948575580844 5
    endloop
  endfacet
  facet normal 0 0 1
    outer loop
      vertex -90.25622238662305 59.972948575580844 5
      vertex -1.524401228643623 59.76857233659761 5
      vertex -90.21411597873322 60.184631782836924 5
    endloop
  endfacet
  facet normal 0 0 1
    outer loop
      vertex -90.21411597873322 60.184631782836924 5
      vertex -1.524401228643623 59.76857233659761 5
      vertex -90.2 60.400000000000006 5
    endloop
  endfacet
  facet normal 0 0 1
    outer loop
      vertex -90.2 60.400000000000006 5
      vertex -0.825 61.82894191624433 5
      vertex -90.21411597873322 60.61536821716309 5
    endloop
  endfacet
  facet normal 0 0 1
    outer loop
      vertex 0 62.050000000000004 5
      vertex -90.25622238662305 60.82705142441917 5
      vertex -90.21411597873322 60.61536821716309 5
    endloop
  endfacet
  facet normal 0 0 1
    outer loop
      vertex 0 62.050000000000004 5
      vertex -90.42105808375568 61.22500000000001 5
      vertex -90.32559877135638 61.031427663402404 5
    endloop
  endfacet
  facet normal 0 0 1
    outer loop
      vertex 0 62.050000000000004 5
      vertex -90.32559877135638 61.031427663402404 5
      vertex -90.25622238662305 60.82705142441917 5
    endloop
  endfacet
  facet normal 0 0 1
    outer loop
      vertex 0 62.050000000000004 5
      vertex -90.54096698851947 61.4044563578644 5
      vertex -90.42105808375568 61.22500000000001 5
    endloop
  endfacet
  facet normal 0 1 0
    outer loop
      vertex -92.85000000149012 66.39999999850988 0
      vertex -92.85000000149012 66.39999999850988 5
      vertex 92.85000000149012 66.39999999850988 5
    endloop
  endfacet
  facet normal 0 0 1
    outer loop
      vertex -78.03999999910593 44.60999999940395 5
      vertex -76.14000000059605 43.50999999791384 5
      vertex 76.14000000059605 43.50999999791384 5
    endloop
  endfacet
  facet normal 0 0 1
    outer loop
      vertex -79.4400000050664 47.00999999791384 5
      vertex -0.21536821716308507 58.764115978733216 5
      vertex -0.4270514244191592 58.80622238662304 5
    endloop
  endfacet
  facet normal 0 0 1
    outer loop
      vertex -91.42294857558085 58.80622238662304 5
      vertex -0.4270514244191592 58.80622238662304 5
      vertex -0.6314276634023981 58.87559877135638 5
    endloop
  endfacet
  facet normal 0 0 1
    outer loop
      vertex -91.21857233659762 58.87559877135638 5
      vertex -0.6314276634023981 58.87559877135638 5
      vertex -0.825 58.97105808375568 5
    endloop
  endfacet
  facet normal 0 0 1
    outer loop
      vertex -91.025 58.97105808375568 5
      vertex -0.825 58.97105808375568 5
      vertex -1.004456357864389 59.09096698851947 5
    endloop
  endfacet
  facet normal 0 0 1
    outer loop
      vertex -90.84554364213562 59.09096698851947 5
      vertex -1.004456357864389 59.09096698851947 5
      vertex -1.1667261889578033 59.2332738110422 5
    endloop
  endfacet
  facet normal 0 0 1
    outer loop
      vertex -90.6832738110422 59.2332738110422 5
      vertex -1.1667261889578033 59.2332738110422 5
      vertex -1.309033011480538 59.395543642135614 5
    endloop
  endfacet
  facet normal 0 0 1
    outer loop
      vertex -90.54096698851947 59.395543642135614 5
      vertex -1.309033011480538 59.395543642135614 5
      vertex -1.4289419162443235 59.575 5
    endloop
  endfacet
  facet normal 0 0 1
    outer loop
      vertex -90.42105808375568 59.575 5
      vertex -1.4289419162443235 59.575 5
      vertex -1.524401228643623 59.76857233659761 5
    endloop
  endfacet
  facet normal 0 0 1
    outer loop
      vertex -90.2 60.400000000000006 5
      vertex -1.524401228643623 59.76857233659761 5
      vertex -1.5937776133769626 59.972948575580844 5
    endloop
  endfacet
  facet normal 0 0 1
    outer loop
      vertex -90.2 60.400000000000006 5
      vertex -1.6358840212667871 60.184631782836924 5
      vertex -1.65 60.400000000000006 5
    endloop
  endfacet
  facet normal 0 0 1
    outer loop
      vertex -90.2 60.400000000000006 5
      vertex -1.5937776133769626 59.972948575580844 5
      vertex -1.6358840212667871 60.184631782836924 5
    endloop
  endfacet
  facet normal 0 0 1
    outer loop
      vertex -90.2 60.400000000000006 5
      vertex -1.65 60.400000000000006 5
      vertex -1.6358840212667871 60.61536821716309 5
    endloop
  endfacet
  facet normal 0 0 1
    outer loop
      vertex -90.2 60.400000000000006 5
      vertex -1.6358840212667871 60.61536821716309 5
      vertex -1.5937776133769626 60.82705142441917 5
    endloop
  endfacet
  facet normal 0 0 1
    outer loop
      vertex -90.2 60.400000000000006 5
      vertex -1.5937776133769626 60.82705142441917 5
      vertex -1.524401228643623 61.031427663402404 5
    endloop
  endfacet
  facet normal 0 0 1
    outer loop
      vertex -90.2 60.400000000000006 5
      vertex -1.524401228643623 61.031427663402404 5
      vertex -1.4289419162443235 61.22500000000001 5
    endloop
  endfacet
  facet normal 0 0 1
    outer loop
      vertex -90.2 60.400000000000006 5
      vertex -1.4289419162443235 61.22500000000001 5
      vertex -1.309033011480538 61.4044563578644 5
    endloop
  endfacet
  facet normal 0 0 1
    outer loop
      vertex -90.2 60.400000000000006 5
      vertex -1.309033011480538 61.4044563578644 5
      vertex -1.1667261889578033 61.56672618895781 5
    endloop
  endfacet
  facet normal 0 0 1
    outer loop
      vertex -90.2 60.400000000000006 5
      vertex -1.1667261889578033 61.56672618895781 5
      vertex -1.004456357864389 61.70903301148054 5
    endloop
  endfacet
  facet normal 0 0 1
    outer loop
      vertex -90.2 60.400000000000006 5
      vertex -1.004456357864389 61.70903301148054 5
      vertex -0.825 61.82894191624433 5
    endloop
  endfacet
  facet normal 0 0 1
    outer loop
      vertex -97.80722431093454 62.052630960941315 5
      vertex 97.1801270172 63.899999998509884 5
      vertex -97.6796291321516 62.694095224142075 5
    endloop
  endfacet
  facet normal 0 0 1
    outer loop
      vertex -97.6796291321516 62.694095224142075 5
      vertex 96.8167667016387 64.44380713999271 5
      vertex -97.46939766407013 63.3134171590209 5
    endloop
  endfacet
  facet normal 0 0 1
    outer loop
      vertex -97.46939766407013 63.3134171590209 5
      vertex 96.38553390651941 64.93553390353918 5
      vertex -97.1801270172 63.899999998509884 5
    endloop
  endfacet
  facet normal 0 0 1
    outer loop
      vertex -97.80722431093454 62.052630960941315 5
      vertex -91.85000000000001 62.050000000000004 5
      vertex 97.46939766407013 63.3134171590209 5
    endloop
  endfacet
  facet normal 0 0 1
    outer loop
      vertex -97.1801270172 63.899999998509884 5
      vertex 95.89380714297295 65.36676669865847 5
      vertex -96.8167667016387 64.44380713999271 5
    endloop
  endfacet
  facet normal 0 0 1
    outer loop
      vertex -96.8167667016387 64.44380713999271 5
      vertex 95.35000000149012 65.73012701421976 5
      vertex -96.38553390651941 64.93553390353918 5
    endloop
  endfacet
  facet normal 0 0 1
    outer loop
      vertex -96.38553390651941 64.93553390353918 5
      vertex 94.76341716200113 66.0193976610899 5
      vertex -95.89380714297295 65.36676669865847 5
    endloop
  endfacet
  facet normal 0 0 1
    outer loop
      vertex -95.89380714297295 65.36676669865847 5
      vertex 94.1440952271223 66.22962912917137 5
      vertex -95.35000000149012 65.73012701421976 5
    endloop
  endfacet
  facet normal 0 0 1
    outer loop
      vertex -95.35000000149012 65.73012701421976 5
      vertex 93.50263096392155 66.35722430795431 5
      vertex -94.76341716200113 66.0193976610899 5
    endloop
  endfacet
  facet normal 0 0 1
    outer loop
      vertex -94.76341716200113 66.0193976610899 5
      vertex 92.85000000149012 66.39999999850988 5
      vertex -94.1440952271223 66.22962912917137 5
    endloop
  endfacet
  facet normal 0 0 1
    outer loop
      vertex -94.1440952271223 66.22962912917137 5
      vertex 92.85000000149012 66.39999999850988 5
      vertex -92.85000000149012 66.39999999850988 5
    endloop
  endfacet
  facet normal 0 0 1
    outer loop
      vertex -90.21411597873322 60.61536821716309 5
      vertex -0.825 61.82894191624433 5
      vertex -0.6314276634023981 61.92440122864363 5
    endloop
  endfacet
  facet normal 0 0 1
    outer loop
      vertex -90.21411597873322 60.61536821716309 5
      vertex -0.6314276634023981 61.92440122864363 5
      vertex -0.4270514244191592 61.99377761337697 5
    endloop
  endfacet
  facet normal 0 0 1
    outer loop
      vertex -90.21411597873322 60.61536821716309 5
      vertex -0.4270514244191592 61.99377761337697 5
      vertex -0.21536821716308507 62.035884021266796 5
    endloop
  endfacet
  facet normal 0 0 1
    outer loop
      vertex 0 62.050000000000004 5
      vertex -90.21411597873322 60.61536821716309 5
      vertex -0.21536821716308507 62.035884021266796 5
    endloop
  endfacet
  facet normal 0 0 1
    outer loop
      vertex 97.46939766407013 63.3134171590209 5
      vertex -90.6832738110422 61.56672618895781 5
      vertex -90.54096698851947 61.4044563578644 5
    endloop
  endfacet
  facet normal 0 0 1
    outer loop
      vertex 97.46939766407013 63.3134171590209 5
      vertex -90.84554364213562 61.70903301148054 5
      vertex -90.6832738110422 61.56672618895781 5
    endloop
  endfacet
  facet normal 0 0 1
    outer loop
      vertex 97.46939766407013 63.3134171590209 5
      vertex -91.85000000000001 62.050000000000004 5
      vertex -91.63463178283692 62.035884021266796 5
    endloop
  endfacet
  facet normal 0 0 1
    outer loop
      vertex 97.46939766407013 63.3134171590209 5
      vertex -91.63463178283692 62.035884021266796 5
      vertex -91.42294857558085 61.99377761337697 5
    endloop
  endfacet
  facet normal 0 0 1
    outer loop
      vertex 97.46939766407013 63.3134171590209 5
      vertex -91.42294857558085 61.99377761337697 5
      vertex -91.21857233659762 61.92440122864363 5
    endloop
  endfacet
  facet normal 0 0 1
    outer loop
      vertex 97.46939766407013 63.3134171590209 5
      vertex -91.025 61.82894191624433 5
      vertex -90.84554364213562 61.70903301148054 5
    endloop
  endfacet
  facet normal 0 0 1
    outer loop
      vertex 97.46939766407013 63.3134171590209 5
      vertex -91.21857233659762 61.92440122864363 5
      vertex -91.025 61.82894191624433 5
    endloop
  endfacet
  facet normal 0 0 1
    outer loop
      vertex -79.4400000050664 47.00999999791384 5
      vertex 79.4400000050664 47.00999999791384 5
      vertex -0.21536821716308507 58.764115978733216 5
    endloop
  endfacet
  facet normal 0 0 -1
    outer loop
      vertex -96.8167667016387 -64.44380713999271 0
      vertex 89.96283957007297 -62.85939535490284 0
      vertex 90.30000000000001 -63.084678751731765 0
    endloop
  endfacet
  facet normal 0 0 -1
    outer loop
      vertex -96.8167667016387 -64.44380713999271 0
      vertex 90.30000000000001 -63.084678751731765 0
      vertex 90.66368135966823 -63.264026550785 0
    endloop
  endfacet
  facet normal 0 0 -1
    outer loop
      vertex -96.38553390651941 -64.93553390353918 0
      vertex 91.0476609601822 -63.39437006149612 0
      vertex 91.44536880411785 -63.47347907025882 0
    endloop
  endfacet
  facet normal 0 0 -1
    outer loop
      vertex -96.8167667016387 -64.44380713999271 0
      vertex 90.66368135966823 -63.264026550785 0
      vertex 91.0476609601822 -63.39437006149612 0
    endloop
  endfacet
  facet normal 0 0 -1
    outer loop
      vertex 89.96283957007297 -62.85939535490284 0
      vertex 0 -63.50000000000001 0
      vertex 0.4046311958821599 -63.47347907025882 0
    endloop
  endfacet
  facet normal 0 0 -1
    outer loop
      vertex 89.96283957007297 -62.85939535490284 0
      vertex 0.4046311958821599 -63.47347907025882 0
      vertex 0.8023390398178143 -63.39437006149612 0
    endloop
  endfacet
  facet normal 0 0 -1
    outer loop
      vertex -92.85000000149012 -66.39999999850988 0
      vertex 94.1440952271223 -66.22962912917137 0
      vertex 92.85000000149012 -66.39999999850988 0
    endloop
  endfacet
  facet normal 0 0 -1
    outer loop
      vertex -92.85000000149012 -66.39999999850988 0
      vertex 94.76341716200113 -66.0193976610899 0
      vertex 94.1440952271223 -66.22962912917137 0
    endloop
  endfacet
  facet normal 0 0 -1
    outer loop
      vertex -93.50263096392155 -66.35722430795431 0
      vertex 95.35000000149012 -65.73012701421976 0
      vertex 94.76341716200113 -66.0193976610899 0
    endloop
  endfacet
  facet normal 0 0 -1
    outer loop
      vertex -94.1440952271223 -66.22962912917137 0
      vertex 95.89380714297295 -65.36676669865847 0
      vertex 95.35000000149012 -65.73012701421976 0
    endloop
  endfacet
  facet normal 0 0 -1
    outer loop
      vertex -94.76341716200113 -66.0193976610899 0
      vertex 96.38553390651941 -64.93553390353918 0
      vertex 95.89380714297295 -65.36676669865847 0
    endloop
  endfacet
  facet normal 0 0 -1
    outer loop
      vertex -95.35000000149012 -65.73012701421976 0
      vertex 96.8167667016387 -64.44380713999271 0
      vertex 96.38553390651941 -64.93553390353918 0
    endloop
  endfacet
  facet normal 0 0 -1
    outer loop
      vertex -95.89380714297295 -65.36676669865847 0
      vertex 97.1801270172 -63.899999998509884 0
      vertex 96.8167667016387 -64.44380713999271 0
    endloop
  endfacet
  facet normal 0 0 -1
    outer loop
      vertex -96.38553390651941 -64.93553390353918 0
      vertex 91.44536880411785 -63.47347907025882 0
      vertex 97.1801270172 -63.899999998509884 0
    endloop
  endfacet
  facet normal 0 0 -1
    outer loop
      vertex 89.96283957007297 -62.85939535490284 0
      vertex 0.8023390398178143 -63.39437006149612 0
      vertex 1.1863186403317783 -63.264026550785 0
    endloop
  endfacet
  facet normal 0 0 -1
    outer loop
      vertex 89.96283957007297 -62.85939535490284 0
      vertex 1.1863186403317783 -63.264026550785 0
      vertex 1.55 -63.084678751731765 0
    endloop
  endfacet
  facet normal 0 0 -1
    outer loop
      vertex 1.55 -63.084678751731765 0
      vertex 1.8871604299270341 -62.85939535490284 0
      vertex 89.39060464509718 -62.28716042992704 0
    endloop
  endfacet
  facet normal 0 0 -1
    outer loop
      vertex 89.39060464509718 -62.28716042992704 0
      vertex 1.8871604299270341 -62.85939535490284 0
      vertex 2.1920310216782974 -62.5920310216783 0
    endloop
  endfacet
  facet normal 0 0 -1
    outer loop
      vertex 2.459395354902829 -62.28716042992704 0
      vertex 89.16532124826824 -61.95 0
      vertex 2.1920310216782974 -62.5920310216783 0
    endloop
  endfacet
  facet normal 0 0 -1
    outer loop
      vertex 2.68467875173176 -61.95 0
      vertex 88.98597344921502 -61.58631864033178 0
      vertex 2.459395354902829 -62.28716042992704 0
    endloop
  endfacet
  facet normal 0 0 -1
    outer loop
      vertex 2.864026550784989 -61.58631864033178 0
      vertex 88.75000000000001 -60.400000000000006 0
      vertex 2.68467875173176 -61.95 0
    endloop
  endfacet
  facet normal 0 0 -1
    outer loop
      vertex 2.9943700614961117 -61.20233903981782 0
      vertex 88.75000000000001 -60.400000000000006 0
      vertex 2.864026550784989 -61.58631864033178 0
    endloop
  endfacet
  facet normal 0 0 -1
    outer loop
      vertex 3.0734790702588124 -60.804631195882166 0
      vertex 88.75000000000001 -60.400000000000006 0
      vertex 2.9943700614961117 -61.20233903981782 0
    endloop
  endfacet
  facet normal 0 0 -1
    outer loop
      vertex 3.1 -60.400000000000006 0
      vertex 88.75000000000001 -60.400000000000006 0
      vertex 3.0734790702588124 -60.804631195882166 0
    endloop
  endfacet
  facet normal 0 0 -1
    outer loop
      vertex 3.0734790702588124 -59.995368804117845 0
      vertex 88.75000000000001 -60.400000000000006 0
      vertex 3.1 -60.400000000000006 0
    endloop
  endfacet
  facet normal 0 0 -1
    outer loop
      vertex 2.9943700614961117 -59.59766096018219 0
      vertex 88.75000000000001 -60.400000000000006 0
      vertex 3.0734790702588124 -59.995368804117845 0
    endloop
  endfacet
  facet normal 0 0 -1
    outer loop
      vertex 2.864026550784989 -59.21368135966823 0
      vertex 88.75000000000001 -60.400000000000006 0
      vertex 2.9943700614961117 -59.59766096018219 0
    endloop
  endfacet
  facet normal 0 0 -1
    outer loop
      vertex 2.68467875173176 -58.85000000000001 0
      vertex 88.75000000000001 -60.400000000000006 0
      vertex 2.864026550784989 -59.21368135966823 0
    endloop
  endfacet
  facet normal 0 0 -1
    outer loop
      vertex 1.8871604299270341 -57.940604645097174 0
      vertex 89.6579689783217 -58.20796897832171 0
      vertex 2.1920310216782974 -58.20796897832171 0
    endloop
  endfacet
  facet normal 0 0 -1
    outer loop
      vertex 2.459395354902829 -58.51283957007297 0
      vertex 89.16532124826824 -58.85000000000001 0
      vertex 2.68467875173176 -58.85000000000001 0
    endloop
  endfacet
  facet normal 0 0 -1
    outer loop
      vertex 2.1920310216782974 -58.20796897832171 0
      vertex 89.39060464509718 -58.51283957007297 0
      vertex 2.459395354902829 -58.51283957007297 0
    endloop
  endfacet
  facet normal 0 0 -1
    outer loop
      vertex -0.4046311958821599 -57.32652092974119 0
      vertex 78.14000000059605 -47.50999999791384 0
      vertex 0 -57.300000000000004 0
    endloop
  endfacet
  facet normal 0 0 -1
    outer loop
      vertex 0.4046311958821599 -57.32652092974119 0
      vertex 0 -57.300000000000004 0
      vertex 78.14000000059605 -47.50999999791384 0
    endloop
  endfacet
  facet normal 0 0 -1
    outer loop
      vertex 0.8023390398178143 -57.40562993850389 0
      vertex 0.4046311958821599 -57.32652092974119 0
      vertex 78.14000000059605 -47.50999999791384 0
    endloop
  endfacet
  facet normal 0 0 -1
    outer loop
      vertex 1.1863186403317783 -57.535973449215014 0
      vertex 0.8023390398178143 -57.40562993850389 0
      vertex 78.14000000059605 -47.50999999791384 0
    endloop
  endfacet
  facet normal 0 0 -1
    outer loop
      vertex 1.8871604299270341 -57.940604645097174 0
      vertex 1.55 -57.715321248268246 0
      vertex 89.96283957007297 -57.940604645097174 0
    endloop
  endfacet
  facet normal 0 0 -1
    outer loop
      vertex 1.55 -57.715321248268246 0
      vertex 1.1863186403317783 -57.535973449215014 0
      vertex 90.30000000000001 -57.715321248268246 0
    endloop
  endfacet
  facet normal 0 0 -1
    outer loop
      vertex 1.55 -63.084678751731765 0
      vertex 89.6579689783217 -62.5920310216783 0
      vertex 89.96283957007297 -62.85939535490284 0
    endloop
  endfacet
  facet normal 0 0 -1
    outer loop
      vertex 1.55 -63.084678751731765 0
      vertex 89.39060464509718 -62.28716042992704 0
      vertex 89.6579689783217 -62.5920310216783 0
    endloop
  endfacet
  facet normal 0 0 -1
    outer loop
      vertex 89.39060464509718 -62.28716042992704 0
      vertex 2.1920310216782974 -62.5920310216783 0
      vertex 89.16532124826824 -61.95 0
    endloop
  endfacet
  facet normal 0 0 -1
    outer loop
      vertex 2.459395354902829 -62.28716042992704 0
      vertex 88.98597344921502 -61.58631864033178 0
      vertex 89.16532124826824 -61.95 0
    endloop
  endfacet
  facet normal 0 0 -1
    outer loop
      vertex 2.68467875173176 -61.95 0
      vertex 88.8556299385039 -61.20233903981782 0
      vertex 88.98597344921502 -61.58631864033178 0
    endloop
  endfacet
  facet normal 0 0 -1
    outer loop
      vertex 2.68467875173176 -61.95 0
      vertex 88.7765209297412 -60.804631195882166 0
      vertex 88.8556299385039 -61.20233903981782 0
    endloop
  endfacet
  facet normal 0 0 -1
    outer loop
      vertex 2.68467875173176 -61.95 0
      vertex 88.75000000000001 -60.400000000000006 0
      vertex 88.7765209297412 -60.804631195882166 0
    endloop
  endfacet
  facet normal 0 0 -1
    outer loop
      vertex 2.68467875173176 -58.85000000000001 0
      vertex 88.7765209297412 -59.995368804117845 0
      vertex 88.75000000000001 -60.400000000000006 0
    endloop
  endfacet
  facet normal 0 0 -1
    outer loop
      vertex 2.68467875173176 -58.85000000000001 0
      vertex 88.8556299385039 -59.59766096018219 0
      vertex 88.7765209297412 -59.995368804117845 0
    endloop
  endfacet
  facet normal 0 0 -1
    outer loop
      vertex 2.68467875173176 -58.85000000000001 0
      vertex 88.98597344921502 -59.21368135966823 0
      vertex 88.8556299385039 -59.59766096018219 0
    endloop
  endfacet
  facet normal 0 0 -1
    outer loop
      vertex 2.68467875173176 -58.85000000000001 0
      vertex 89.16532124826824 -58.85000000000001 0
      vertex 88.98597344921502 -59.21368135966823 0
    endloop
  endfacet
  facet normal 0 0 -1
    outer loop
      vertex 2.459395354902829 -58.51283957007297 0
      vertex 89.39060464509718 -58.51283957007297 0
      vertex 89.16532124826824 -58.85000000000001 0
    endloop
  endfacet
  facet normal 0 0 -1
    outer loop
      vertex 2.1920310216782974 -58.20796897832171 0
      vertex 89.6579689783217 -58.20796897832171 0
      vertex 89.39060464509718 -58.51283957007297 0
    endloop
  endfacet
  facet normal 0 0 -1
    outer loop
      vertex 1.1863186403317783 -57.535973449215014 0
      vertex 78.14000000059605 -47.50999999791384 0
      vertex 90.66368135966823 -57.535973449215014 0
    endloop
  endfacet
  facet normal 0 0 -1
    outer loop
      vertex 1.8871604299270341 -57.940604645097174 0
      vertex 89.96283957007297 -57.940604645097174 0
      vertex 89.6579689783217 -58.20796897832171 0
    endloop
  endfacet
  facet normal 0 0 -1
    outer loop
      vertex 1.55 -57.715321248268246 0
      vertex 90.30000000000001 -57.715321248268246 0
      vertex 89.96283957007297 -57.940604645097174 0
    endloop
  endfacet
  facet normal 0 0 -1
    outer loop
      vertex 1.1863186403317783 -57.535973449215014 0
      vertex 90.66368135966823 -57.535973449215014 0
      vertex 90.30000000000001 -57.715321248268246 0
    endloop
  endfacet
  facet normal 0 0 -1
    outer loop
      vertex 78.14000000059605 -47.50999999791384 0
      vertex 78.55768381804228 -47.48262355476618 0
      vertex 90.66368135966823 -57.535973449215014 0
    endloop
  endfacet
  facet normal 0 0 -1
    outer loop
      vertex 90.66368135966823 -57.535973449215014 0
      vertex 78.55768381804228 -47.48262355476618 0
      vertex 78.9682209417224 -47.40096263587475 0
    endloop
  endfacet
  facet normal 0 0 -1
    outer loop
      vertex 90.66368135966823 -57.535973449215014 0
      vertex 78.9682209417224 -47.40096263587475 0
      vertex 79.36458698660135 -47.26641450077295 0
    endloop
  endfacet
  facet normal 0 0 -1
    outer loop
      vertex 90.66368135966823 -57.535973449215014 0
      vertex 79.36458698660135 -47.26641450077295 0
      vertex 79.74000000208616 -47.081281289458275 0
    endloop
  endfacet
  facet normal 0 0 -1
    outer loop
      vertex 90.66368135966823 -57.535973449215014 0
      vertex 79.74000000208616 -47.081281289458275 0
      vertex 80.08803657442331 -46.84873068332672 0
    endloop
  endfacet
  facet normal 0 0 -1
    outer loop
      vertex 90.66368135966823 -57.535973449215014 0
      vertex 80.08803657442331 -46.84873068332672 0
      vertex 80.40274170041084 -46.5727416947484 0
    endloop
  endfacet
  facet normal 0 0 -1
    outer loop
      vertex 90.66368135966823 -57.535973449215014 0
      vertex 80.40274170041084 -46.5727416947484 0
      vertex 80.67873068898916 -46.25803656876087 0
    endloop
  endfacet
  facet normal 0 0 -1
    outer loop
      vertex 90.66368135966823 -57.535973449215014 0
      vertex 80.67873068898916 -46.25803656876087 0
      vertex 80.91128129512072 -45.90999999642372 0
    endloop
  endfacet
  facet normal 0 0 -1
    outer loop
      vertex 92.85000000149012 -66.39999999850988 0
      vertex 94.1440952271223 -66.22962912917137 0
      vertex 93.50263096392155 -66.35722430795431 0
    endloop
  endfacet
  facet normal 0 0 -1
    outer loop
      vertex 97.1801270172 -63.899999998509884 0
      vertex 91.44536880411785 -63.47347907025882 0
      vertex 91.85000000000001 -63.50000000000001 0
    endloop
  endfacet
  facet normal 0 0 -1
    outer loop
      vertex 97.1801270172 -63.899999998509884 0
      vertex 91.85000000000001 -63.50000000000001 0
      vertex 92.25463119588217 -63.47347907025882 0
    endloop
  endfacet
  facet normal 0 0 -1
    outer loop
      vertex 97.1801270172 -63.899999998509884 0
      vertex 92.25463119588217 -63.47347907025882 0
      vertex 92.65233903981782 -63.39437006149612 0
    endloop
  endfacet
  facet normal 0 0 -1
    outer loop
      vertex 97.1801270172 -63.899999998509884 0
      vertex 92.65233903981782 -63.39437006149612 0
      vertex 93.03631864033179 -63.264026550785 0
    endloop
  endfacet
  facet normal 0 0 -1
    outer loop
      vertex 97.46939766407013 -63.3134171590209 0
      vertex 93.03631864033179 -63.264026550785 0
      vertex 93.4 -63.084678751731765 0
    endloop
  endfacet
  facet normal 0 0 -1
    outer loop
      vertex 97.1801270172 -63.899999998509884 0
      vertex 93.03631864033179 -63.264026550785 0
      vertex 97.46939766407013 -63.3134171590209 0
    endloop
  endfacet
  facet normal 0 0 -1
    outer loop
      vertex 97.46939766407013 -63.3134171590209 0
      vertex 93.4 -63.084678751731765 0
      vertex 93.73716042992704 -62.85939535490284 0
    endloop
  endfacet
  facet normal 0 0 -1
    outer loop
      vertex 97.46939766407013 -63.3134171590209 0
      vertex 93.73716042992704 -62.85939535490284 0
      vertex 94.04203102167831 -62.5920310216783 0
    endloop
  endfacet
  facet normal 0 0 -1
    outer loop
      vertex 97.6796291321516 -62.694095224142075 0
      vertex 94.04203102167831 -62.5920310216783 0
      vertex 94.30939535490283 -62.28716042992704 0
    endloop
  endfacet
  facet normal 0 0 -1
    outer loop
      vertex 97.6796291321516 -62.694095224142075 0
      vertex 94.30939535490283 -62.28716042992704 0
      vertex 94.53467875173178 -61.95 0
    endloop
  endfacet
  facet normal 0 0 -1
    outer loop
      vertex 97.46939766407013 -63.3134171590209 0
      vertex 94.04203102167831 -62.5920310216783 0
      vertex 97.6796291321516 -62.694095224142075 0
    endloop
  endfacet
  facet normal 0 0 -1
    outer loop
      vertex 97.80722431093454 -62.052630960941315 0
      vertex 94.53467875173178 -61.95 0
      vertex 94.714026550785 -61.58631864033178 0
    endloop
  endfacet
  facet normal 0 0 -1
    outer loop
      vertex 97.80722431093454 -62.052630960941315 0
      vertex 94.714026550785 -61.58631864033178 0
      vertex 94.84437006149612 -61.20233903981782 0
    endloop
  endfacet
  facet normal 0 0 -1
    outer loop
      vertex 97.85000000149012 -61.399999998509884 0
      vertex 94.84437006149612 -61.20233903981782 0
      vertex 94.92347907025882 -60.804631195882166 0
    endloop
  endfacet
  facet normal 0 0 -1
    outer loop
      vertex 97.85000000149012 -61.399999998509884 0
      vertex 94.92347907025882 -60.804631195882166 0
      vertex 94.95 -60.400000000000006 0
    endloop
  endfacet
  facet normal 0 0 -1
    outer loop
      vertex 97.85000000149012 -61.399999998509884 0
      vertex 94.95 -60.400000000000006 0
      vertex 94.92347907025882 -59.995368804117845 0
    endloop
  endfacet
  facet normal 0 0 -1
    outer loop
      vertex 97.85000000149012 -61.399999998509884 0
      vertex 94.92347907025882 -59.995368804117845 0
      vertex 94.84437006149612 -59.59766096018219 0
    endloop
  endfacet
  facet normal 0 0 -1
    outer loop
      vertex 97.6796291321516 -62.694095224142075 0
      vertex 94.53467875173178 -61.95 0
      vertex 97.80722431093454 -62.052630960941315 0
    endloop
  endfacet
  facet normal 0 0 -1
    outer loop
      vertex 97.80722431093454 -62.052630960941315 0
      vertex 94.84437006149612 -61.20233903981782 0
      vertex 97.85000000149012 -61.399999998509884 0
    endloop
  endfacet
  facet normal 0 0 -1
    outer loop
      vertex 97.85000000149012 -61.399999998509884 0
      vertex 94.84437006149612 -59.59766096018219 0
      vertex 94.714026550785 -59.21368135966823 0
    endloop
  endfacet
  facet normal 0 0 -1
    outer loop
      vertex 97.85000000149012 -61.399999998509884 0
      vertex 94.714026550785 -59.21368135966823 0
      vertex 94.53467875173178 -58.85000000000001 0
    endloop
  endfacet
  facet normal 0 0 -1
    outer loop
      vertex 91.0476609601822 -57.40562993850389 0
      vertex 90.66368135966823 -57.535973449215014 0
      vertex 81.0964145064354 -45.53458698093891 0
    endloop
  endfacet
  facet normal 0 0 -1
    outer loop
      vertex 91.44536880411785 -57.32652092974119 0
      vertex 91.0476609601822 -57.40562993850389 0
      vertex 81.0964145064354 -45.53458698093891 0
    endloop
  endfacet
  facet normal 0 0 -1
    outer loop
      vertex 91.85000000000001 -57.300000000000004 0
      vertex 91.44536880411785 -57.32652092974119 0
      vertex 81.23096264153719 -45.13822093605995 0
    endloop
  endfacet
  facet normal 0 0 -1
    outer loop
      vertex 92.25463119588217 -57.32652092974119 0
      vertex 91.85000000000001 -57.300000000000004 0
      vertex 81.31262356042862 -44.72768381237984 0
    endloop
  endfacet
  facet normal 0 0 -1
    outer loop
      vertex 81.0964145064354 -45.53458698093891 0
      vertex 90.66368135966823 -57.535973449215014 0
      vertex 80.91128129512072 -45.90999999642372 0
    endloop
  endfacet
  facet normal 0 0 -1
    outer loop
      vertex 91.44536880411785 -57.32652092974119 0
      vertex 81.0964145064354 -45.53458698093891 0
      vertex 81.23096264153719 -45.13822093605995 0
    endloop
  endfacet
  facet normal 0 0 -1
    outer loop
      vertex 91.85000000000001 -57.300000000000004 0
      vertex 81.23096264153719 -45.13822093605995 0
      vertex 81.31262356042862 -44.72768381237984 0
    endloop
  endfacet
  facet normal 0 0 -1
    outer loop
      vertex 92.25463119588217 -57.32652092974119 0
      vertex 81.31262356042862 -44.72768381237984 0
      vertex 81.34000000357628 -44.309999994933605 0
    endloop
  endfacet
  facet normal 0 0 -1
    outer loop
      vertex 92.25463119588217 -57.32652092974119 0
      vertex 81.34000000357628 -44.309999994933605 0
      vertex 94.30939535490283 -1.8871604299270341 0
    endloop
  endfacet
  facet normal 0 0 -1
    outer loop
      vertex 94.04203102167831 -58.20796897832171 0
      vertex 94.30939535490283 -1.8871604299270341 0
      vertex 94.30939535490283 -58.51283957007297 0
    endloop
  endfacet
  facet normal 0 0 -1
    outer loop
      vertex 94.30939535490283 -58.51283957007297 0
      vertex 94.53467875173178 -1.55 0
      vertex 94.53467875173178 -58.85000000000001 0
    endloop
  endfacet
  facet normal 0 0 -1
    outer loop
      vertex 92.65233903981782 -57.40562993850389 0
      vertex 92.25463119588217 -57.32652092974119 0
      vertex 94.30939535490283 -1.8871604299270341 0
    endloop
  endfacet
  facet normal 0 0 -1
    outer loop
      vertex 93.03631864033179 -57.535973449215014 0
      vertex 92.65233903981782 -57.40562993850389 0
      vertex 94.30939535490283 -1.8871604299270341 0
    endloop
  endfacet
  facet normal 0 0 -1
    outer loop
      vertex 93.4 -57.715321248268246 0
      vertex 93.03631864033179 -57.535973449215014 0
      vertex 94.30939535490283 -1.8871604299270341 0
    endloop
  endfacet
  facet normal 0 0 -1
    outer loop
      vertex 93.73716042992704 -57.940604645097174 0
      vertex 93.4 -57.715321248268246 0
      vertex 94.30939535490283 -1.8871604299270341 0
    endloop
  endfacet
  facet normal 0 0 -1
    outer loop
      vertex 94.04203102167831 -58.20796897832171 0
      vertex 93.73716042992704 -57.940604645097174 0
      vertex 94.30939535490283 -1.8871604299270341 0
    endloop
  endfacet
  facet normal 0 0 -1
    outer loop
      vertex 97.85000000149012 -61.399999998509884 0
      vertex 94.53467875173178 -58.85000000000001 0
      vertex 94.53467875173178 -1.55 0
    endloop
  endfacet
  facet normal 0.06540312517646005 -0.997858923504296 0
    outer loop
      vertex 92.85000000149012 -66.39999999850988 0
      vertex 93.50263096392155 -66.35722430795431 0
      vertex 92.85000000149012 -66.39999999850988 5
    endloop
  endfacet
  facet normal 0.1950903273112926 -0.9807852793499569 0
    outer loop
      vertex 93.50263096392155 -66.35722430795431 0
      vertex 94.1440952271223 -66.22962912917137 0
      vertex 93.50263096392155 -66.35722430795431 5
    endloop
  endfacet
  facet normal 0.3214394648635512 -0.9469301296443332 0
    outer loop
      vertex 94.1440952271223 -66.22962912917137 0
      vertex 94.76341716200113 -66.0193976610899 0
      vertex 94.1440952271223 -66.22962912917137 5
    endloop
  endfacet
  facet normal 0.44228869340155175 -0.8968727399632281 0
    outer loop
      vertex 94.76341716200113 -66.0193976610899 0
      vertex 95.35000000149012 -65.73012701421976 0
      vertex 94.76341716200113 -66.0193976610899 5
    endloop
  endfacet
  facet normal 0.5555702335211812 -0.8314696119674009 0
    outer loop
      vertex 95.35000000149012 -65.73012701421976 0
      vertex 95.89380714297295 -65.36676669865847 0
      vertex 95.35000000149012 -65.73012701421976 5
    endloop
  endfacet
  facet normal 0.659345812736647 -0.7518398095516428 0
    outer loop
      vertex 95.89380714297295 -65.36676669865847 0
      vertex 96.38553390651941 -64.93553390353918 0
      vertex 95.89380714297295 -65.36676669865847 5
    endloop
  endfacet
  facet normal 0.7518398095516428 -0.659345812736647 0
    outer loop
      vertex 96.38553390651941 -64.93553390353918 0
      vertex 96.8167667016387 -64.44380713999271 0
      vertex 96.38553390651941 -64.93553390353918 5
    endloop
  endfacet
  facet normal 0.8314696119674009 -0.5555702335211812 0
    outer loop
      vertex 96.8167667016387 -64.44380713999271 0
      vertex 97.1801270172 -63.899999998509884 0
      vertex 96.8167667016387 -64.44380713999271 5
    endloop
  endfacet
  facet normal 0.8968727399632281 -0.44228869340155175 0
    outer loop
      vertex 97.1801270172 -63.899999998509884 0
      vertex 97.46939766407013 -63.3134171590209 0
      vertex 97.1801270172 -63.899999998509884 5
    endloop
  endfacet
  facet normal 0.9469301296443332 -0.3214394648635512 0
    outer loop
      vertex 97.46939766407013 -63.3134171590209 0
      vertex 97.6796291321516 -62.694095224142075 0
      vertex 97.46939766407013 -63.3134171590209 5
    endloop
  endfacet
  facet normal 0.9807852793499569 -0.1950903273112926 0
    outer loop
      vertex 97.6796291321516 -62.694095224142075 0
      vertex 97.80722431093454 -62.052630960941315 0
      vertex 97.6796291321516 -62.694095224142075 5
    endloop
  endfacet
  facet normal 0.997858923504296 -0.06540312517646005 0
    outer loop
      vertex 97.80722431093454 -62.052630960941315 0
      vertex 97.85000000149012 -61.399999998509884 0
      vertex 97.80722431093454 -62.052630960941315 5
    endloop
  endfacet
  facet normal 0 0 -1
    outer loop
      vertex 81.34000000357628 -44.309999994933605 0
      vertex 90.30000000000001 -2.68467875173176 0
      vertex 90.66368135966823 -2.864026550784989 0
    endloop
  endfacet
  facet normal 0 0 -1
    outer loop
      vertex 81.34000000357628 -44.309999994933605 0
      vertex 90.66368135966823 -2.864026550784989 0
      vertex 91.0476609601822 -2.9943700614961117 0
    endloop
  endfacet
  facet normal 0 0 -1
    outer loop
      vertex 81.34000000357628 -44.309999994933605 0
      vertex 91.0476609601822 -2.9943700614961117 0
      vertex 91.44536880411785 -3.0734790702588124 0
    endloop
  endfacet
  facet normal 0 0 -1
    outer loop
      vertex 81.34000000357628 -44.309999994933605 0
      vertex 91.44536880411785 -3.0734790702588124 0
      vertex 91.85000000000001 -3.1 0
    endloop
  endfacet
  facet normal 0 0 -1
    outer loop
      vertex 81.34000000357628 -44.309999994933605 0
      vertex 91.85000000000001 -3.1 0
      vertex 92.25463119588217 -3.0734790702588124 0
    endloop
  endfacet
  facet normal 0 0 -1
    outer loop
      vertex 81.34000000357628 -44.309999994933605 0
      vertex 92.25463119588217 -3.0734790702588124 0
      vertex 92.65233903981782 -2.9943700614961117 0
    endloop
  endfacet
  facet normal 0 0 -1
    outer loop
      vertex 81.34000000357628 -44.309999994933605 0
      vertex 92.65233903981782 -2.9943700614961117 0
      vertex 93.03631864033179 -2.864026550784989 0
    endloop
  endfacet
  facet normal 0 0 -1
    outer loop
      vertex 81.34000000357628 -44.309999994933605 0
      vertex 93.03631864033179 -2.864026550784989 0
      vertex 93.4 -2.68467875173176 0
    endloop
  endfacet
  facet normal 0 0 -1
    outer loop
      vertex 97.85000000149012 -61.399999998509884 0
      vertex 94.53467875173178 -1.55 0
      vertex 94.714026550785 -1.1863186403317783 0
    endloop
  endfacet
  facet normal 0 0 -1
    outer loop
      vertex 97.85000000149012 -61.399999998509884 0
      vertex 94.714026550785 -1.1863186403317783 0
      vertex 94.84437006149612 -0.8023390398178143 0
    endloop
  endfacet
  facet normal 0 0 -1
    outer loop
      vertex 97.85000000149012 -61.399999998509884 0
      vertex 94.84437006149612 -0.8023390398178143 0
      vertex 94.92347907025882 -0.4046311958821599 0
    endloop
  endfacet
  facet normal 0 0 -1
    outer loop
      vertex 94.30939535490283 -58.51283957007297 0
      vertex 94.30939535490283 -1.8871604299270341 0
      vertex 94.53467875173178 -1.55 0
    endloop
  endfacet
  facet normal 0 0 -1
    outer loop
      vertex 97.85000000149012 -61.399999998509884 0
      vertex 94.92347907025882 -0.4046311958821599 0
      vertex 94.95 0 0
    endloop
  endfacet
  facet normal 0 0 -1
    outer loop
      vertex 81.34000000357628 -44.309999994933605 0
      vertex 89.39060464509718 -1.8871604299270341 0
      vertex 89.6579689783217 -2.1920310216782974 0
    endloop
  endfacet
  facet normal 0 0 -1
    outer loop
      vertex 81.34000000357628 -44.309999994933605 0
      vertex 89.6579689783217 -2.1920310216782974 0
      vertex 89.96283957007297 -2.459395354902829 0
    endloop
  endfacet
  facet normal 0 0 -1
    outer loop
      vertex 81.34000000357628 -44.309999994933605 0
      vertex 89.16532124826824 -1.55 0
      vertex 89.39060464509718 -1.8871604299270341 0
    endloop
  endfacet
  facet normal 0 0 -1
    outer loop
      vertex 81.34000000357628 -44.309999994933605 0
      vertex 88.98597344921502 -1.1863186403317783 0
      vertex 89.16532124826824 -1.55 0
    endloop
  endfacet
  facet normal 0 0 -1
    outer loop
      vertex 81.34000000357628 -44.309999994933605 0
      vertex 88.7765209297412 -0.4046311958821599 0
      vertex 88.8556299385039 -0.8023390398178143 0
    endloop
  endfacet
  facet normal 0 0 -1
    outer loop
      vertex 81.34000000357628 -44.309999994933605 0
      vertex 88.75000000000001 0 0
      vertex 88.7765209297412 -0.4046311958821599 0
    endloop
  endfacet
  facet normal 0 0 -1
    outer loop
      vertex 81.34000000357628 -44.309999994933605 0
      vertex 88.8556299385039 -0.8023390398178143 0
      vertex 88.98597344921502 -1.1863186403317783 0
    endloop
  endfacet
  facet normal 0 0 -1
    outer loop
      vertex 81.34000000357628 -44.309999994933605 0
      vertex 89.96283957007297 -2.459395354902829 0
      vertex 90.30000000000001 -2.68467875173176 0
    endloop
  endfacet
  facet normal 0 0 -1
    outer loop
      vertex 81.34000000357628 -44.309999994933605 0
      vertex 93.4 -2.68467875173176 0
      vertex 93.73716042992704 -2.459395354902829 0
    endloop
  endfacet
  facet normal 0 0 -1
    outer loop
      vertex 81.34000000357628 -44.309999994933605 0
      vertex 93.73716042992704 -2.459395354902829 0
      vertex 94.04203102167831 -2.1920310216782974 0
    endloop
  endfacet
  facet normal 0 0 -1
    outer loop
      vertex 81.34000000357628 -44.309999994933605 0
      vertex 94.04203102167831 -2.1920310216782974 0
      vertex 94.30939535490283 -1.8871604299270341 0
    endloop
  endfacet
  facet normal 1 0 0
    outer loop
      vertex 97.85000000149012 -61.399999998509884 0
      vertex 97.85000000149012 61.399999998509884 0
      vertex 97.85000000149012 -61.399999998509884 5
    endloop
  endfacet
  facet normal 0 -1 0
    outer loop
      vertex -92.85000000149012 -66.39999999850988 5
      vertex 92.85000000149012 -66.39999999850988 0
      vertex 92.85000000149012 -66.39999999850988 5
    endloop
  endfacet
  facet normal 0 0 1
    outer loop
      vertex 0.21536821716308507 -58.764115978733216 5
      vertex 79.4400000050664 -47.00999999791384 5
      vertex -79.4400000050664 -47.00999999791384 5
    endloop
  endfacet
  facet normal 0 0 1
    outer loop
      vertex -97.46939766407013 -63.3134171590209 5
      vertex 91.025 -61.82894191624433 5
      vertex 90.84554364213562 -61.70903301148054 5
    endloop
  endfacet
  facet normal 0 0 1
    outer loop
      vertex -97.46939766407013 -63.3134171590209 5
      vertex 91.21857233659762 -61.92440122864363 5
      vertex 91.025 -61.82894191624433 5
    endloop
  endfacet
  facet normal 0 0 1
    outer loop
      vertex -97.46939766407013 -63.3134171590209 5
      vertex 91.42294857558085 -61.99377761337697 5
      vertex 91.21857233659762 -61.92440122864363 5
    endloop
  endfacet
  facet normal 0 0 1
    outer loop
      vertex -97.46939766407013 -63.3134171590209 5
      vertex 91.63463178283692 -62.035884021266796 5
      vertex 91.42294857558085 -61.99377761337697 5
    endloop
  endfacet
  facet normal 0 0 1
    outer loop
      vertex -97.46939766407013 -63.3134171590209 5
      vertex 91.85000000000001 -62.050000000000004 5
      vertex 91.63463178283692 -62.035884021266796 5
    endloop
  endfacet
  facet normal 0 0 1
    outer loop
      vertex -97.46939766407013 -63.3134171590209 5
      vertex 90.84554364213562 -61.70903301148054 5
      vertex 90.6832738110422 -61.56672618895781 5
    endloop
  endfacet
  facet normal 0 0 1
    outer loop
      vertex -97.46939766407013 -63.3134171590209 5
      vertex 90.6832738110422 -61.56672618895781 5
      vertex 90.54096698851947 -61.4044563578644 5
    endloop
  endfacet
  facet normal 0 0 1
    outer loop
      vertex 0 -62.050000000000004 5
      vertex 90.21411597873322 -60.61536821716309 5
      vertex 0.21536821716308507 -62.035884021266796 5
    endloop
  endfacet
  facet normal 0 0 1
    outer loop
      vertex 0.21536821716308507 -62.035884021266796 5
      vertex 90.21411597873322 -60.61536821716309 5
      vertex 0.4270514244191592 -61.99377761337697 5
    endloop
  endfacet
  facet normal 0 0 1
    outer loop
      vertex 0.4270514244191592 -61.99377761337697 5
      vertex 90.21411597873322 -60.61536821716309 5
      vertex 0.6314276634023981 -61.92440122864363 5
    endloop
  endfacet
  facet normal 0 0 1
    outer loop
      vertex 0.6314276634023981 -61.92440122864363 5
      vertex 90.21411597873322 -60.61536821716309 5
      vertex 0.825 -61.82894191624433 5
    endloop
  endfacet
  facet normal 0 0 1
    outer loop
      vertex -92.85000000149012 -66.39999999850988 5
      vertex 92.85000000149012 -66.39999999850988 5
      vertex 94.1440952271223 -66.22962912917137 5
    endloop
  endfacet
  facet normal 0 0 1
    outer loop
      vertex -92.85000000149012 -66.39999999850988 5
      vertex 94.1440952271223 -66.22962912917137 5
      vertex 94.76341716200113 -66.0193976610899 5
    endloop
  endfacet
  facet normal 0 0 1
    outer loop
      vertex -93.50263096392155 -66.35722430795431 5
      vertex 94.76341716200113 -66.0193976610899 5
      vertex 95.35000000149012 -65.73012701421976 5
    endloop
  endfacet
  facet normal 0 0 1
    outer loop
      vertex -94.1440952271223 -66.22962912917137 5
      vertex 95.35000000149012 -65.73012701421976 5
      vertex 95.89380714297295 -65.36676669865847 5
    endloop
  endfacet
  facet normal 0 0 1
    outer loop
      vertex -94.76341716200113 -66.0193976610899 5
      vertex 95.89380714297295 -65.36676669865847 5
      vertex 96.38553390651941 -64.93553390353918 5
    endloop
  endfacet
  facet normal 0 0 1
    outer loop
      vertex -95.35000000149012 -65.73012701421976 5
      vertex 96.38553390651941 -64.93553390353918 5
      vertex 96.8167667016387 -64.44380713999271 5
    endloop
  endfacet
  facet normal 0 0 1
    outer loop
      vertex -95.89380714297295 -65.36676669865847 5
      vertex 96.8167667016387 -64.44380713999271 5
      vertex 97.1801270172 -63.899999998509884 5
    endloop
  endfacet
  facet normal 0 0 1
    outer loop
      vertex -97.46939766407013 -63.3134171590209 5
      vertex 97.80722431093454 -62.052630960941315 5
      vertex 91.85000000000001 -62.050000000000004 5
    endloop
  endfacet
  facet normal 0 0 1
    outer loop
      vertex -96.38553390651941 -64.93553390353918 5
      vertex 97.1801270172 -63.899999998509884 5
      vertex 97.46939766407013 -63.3134171590209 5
    endloop
  endfacet
  facet normal 0 0 1
    outer loop
      vertex -96.8167667016387 -64.44380713999271 5
      vertex 97.46939766407013 -63.3134171590209 5
      vertex 97.6796291321516 -62.694095224142075 5
    endloop
  endfacet
  facet normal 0 0 1
    outer loop
      vertex -97.1801270172 -63.899999998509884 5
      vertex 97.6796291321516 -62.694095224142075 5
      vertex 97.80722431093454 -62.052630960941315 5
    endloop
  endfacet
  facet normal 0 0 1
    outer loop
      vertex 0.825 -61.82894191624433 5
      vertex 90.2 -60.400000000000006 5
      vertex 1.004456357864389 -61.70903301148054 5
    endloop
  endfacet
  facet normal 0 0 1
    outer loop
      vertex 1.004456357864389 -61.70903301148054 5
      vertex 90.2 -60.400000000000006 5
      vertex 1.1667261889578033 -61.56672618895781 5
    endloop
  endfacet
  facet normal 0 0 1
    outer loop
      vertex 1.1667261889578033 -61.56672618895781 5
      vertex 90.2 -60.400000000000006 5
      vertex 1.309033011480538 -61.4044563578644 5
    endloop
  endfacet
  facet normal 0 0 1
    outer loop
      vertex 1.309033011480538 -61.4044563578644 5
      vertex 90.2 -60.400000000000006 5
      vertex 1.4289419162443235 -61.22500000000001 5
    endloop
  endfacet
  facet normal 0 0 1
    outer loop
      vertex 1.4289419162443235 -61.22500000000001 5
      vertex 90.2 -60.400000000000006 5
      vertex 1.524401228643623 -61.031427663402404 5
    endloop
  endfacet
  facet normal 0 0 1
    outer loop
      vertex 1.524401228643623 -61.031427663402404 5
      vertex 90.2 -60.400000000000006 5
      vertex 1.5937776133769626 -60.82705142441917 5
    endloop
  endfacet
  facet normal 0 0 1
    outer loop
      vertex 1.5937776133769626 -60.82705142441917 5
      vertex 90.2 -60.400000000000006 5
      vertex 1.6358840212667871 -60.61536821716309 5
    endloop
  endfacet
  facet normal 0 0 1
    outer loop
      vertex 1.6358840212667871 -60.61536821716309 5
      vertex 90.2 -60.400000000000006 5
      vertex 1.65 -60.400000000000006 5
    endloop
  endfacet
  facet normal 0 0 1
    outer loop
      vertex 1.6358840212667871 -60.184631782836924 5
      vertex 90.2 -60.400000000000006 5
      vertex 1.5937776133769626 -59.972948575580844 5
    endloop
  endfacet
  facet normal 0 0 1
    outer loop
      vertex 1.65 -60.400000000000006 5
      vertex 90.2 -60.400000000000006 5
      vertex 1.6358840212667871 -60.184631782836924 5
    endloop
  endfacet
  facet normal 0 0 1
    outer loop
      vertex 1.5937776133769626 -59.972948575580844 5
      vertex 90.2 -60.400000000000006 5
      vertex 1.524401228643623 -59.76857233659761 5
    endloop
  endfacet
  facet normal 0 0 1
    outer loop
      vertex 1.1667261889578033 -59.2332738110422 5
      vertex 90.6832738110422 -59.2332738110422 5
      vertex 1.004456357864389 -59.09096698851947 5
    endloop
  endfacet
  facet normal 0 0 1
    outer loop
      vertex 1.524401228643623 -59.76857233659761 5
      vertex 90.42105808375568 -59.575 5
      vertex 1.4289419162443235 -59.575 5
    endloop
  endfacet
  facet normal 0 0 1
    outer loop
      vertex 1.4289419162443235 -59.575 5
      vertex 90.54096698851947 -59.395543642135614 5
      vertex 1.309033011480538 -59.395543642135614 5
    endloop
  endfacet
  facet normal 0 0 1
    outer loop
      vertex 1.309033011480538 -59.395543642135614 5
      vertex 90.6832738110422 -59.2332738110422 5
      vertex 1.1667261889578033 -59.2332738110422 5
    endloop
  endfacet
  facet normal 0 0 1
    outer loop
      vertex 1.004456357864389 -59.09096698851947 5
      vertex 90.6832738110422 -59.2332738110422 5
      vertex 0.825 -58.97105808375568 5
    endloop
  endfacet
  facet normal 0 0 1
    outer loop
      vertex 0.4270514244191592 -58.80622238662304 5
      vertex 79.4400000050664 -47.00999999791384 5
      vertex 0.21536821716308507 -58.764115978733216 5
    endloop
  endfacet
  facet normal 0 0 1
    outer loop
      vertex 0.6314276634023981 -58.87559877135638 5
      vertex 79.4400000050664 -47.00999999791384 5
      vertex 0.4270514244191592 -58.80622238662304 5
    endloop
  endfacet
  facet normal 0 0 1
    outer loop
      vertex 0.825 -58.97105808375568 5
      vertex 79.4400000050664 -47.00999999791384 5
      vertex 0.6314276634023981 -58.87559877135638 5
    endloop
  endfacet
  facet normal 0 0 1
    outer loop
      vertex -76.14000000059605 -43.50999999791384 5
      vertex 78.03999999910593 -44.60999999940395 5
      vertex 76.14000000059605 -43.50999999791384 5
    endloop
  endfacet
  facet normal 0.06540312517646005 -0.997858923504296 0
    outer loop
      vertex 93.50263096392155 -66.35722430795431 0
      vertex 93.50263096392155 -66.35722430795431 5
      vertex 92.85000000149012 -66.39999999850988 5
    endloop
  endfacet
  facet normal 0.1950903273112926 -0.9807852793499569 0
    outer loop
      vertex 94.1440952271223 -66.22962912917137 0
      vertex 94.1440952271223 -66.22962912917137 5
      vertex 93.50263096392155 -66.35722430795431 5
    endloop
  endfacet
  facet normal 0.3214394648635512 -0.9469301296443332 0
    outer loop
      vertex 94.76341716200113 -66.0193976610899 0
      vertex 94.76341716200113 -66.0193976610899 5
      vertex 94.1440952271223 -66.22962912917137 5
    endloop
  endfacet
  facet normal 0.44228869340155175 -0.8968727399632281 0
    outer loop
      vertex 95.35000000149012 -65.73012701421976 0
      vertex 95.35000000149012 -65.73012701421976 5
      vertex 94.76341716200113 -66.0193976610899 5
    endloop
  endfacet
  facet normal 0.5555702335211812 -0.8314696119674009 0
    outer loop
      vertex 95.89380714297295 -65.36676669865847 0
      vertex 95.89380714297295 -65.36676669865847 5
      vertex 95.35000000149012 -65.73012701421976 5
    endloop
  endfacet
  facet normal 0.659345812736647 -0.7518398095516428 0
    outer loop
      vertex 96.38553390651941 -64.93553390353918 0
      vertex 96.38553390651941 -64.93553390353918 5
      vertex 95.89380714297295 -65.36676669865847 5
    endloop
  endfacet
  facet normal 0.7518398095516428 -0.659345812736647 0
    outer loop
      vertex 96.8167667016387 -64.44380713999271 0
      vertex 96.8167667016387 -64.44380713999271 5
      vertex 96.38553390651941 -64.93553390353918 5
    endloop
  endfacet
  facet normal 0.8314696119674009 -0.5555702335211812 0
    outer loop
      vertex 97.1801270172 -63.899999998509884 0
      vertex 97.1801270172 -63.899999998509884 5
      vertex 96.8167667016387 -64.44380713999271 5
    endloop
  endfacet
  facet normal 0.8968727399632281 -0.44228869340155175 0
    outer loop
      vertex 97.46939766407013 -63.3134171590209 0
      vertex 97.46939766407013 -63.3134171590209 5
      vertex 97.1801270172 -63.899999998509884 5
    endloop
  endfacet
  facet normal 0.9469301296443332 -0.3214394648635512 0
    outer loop
      vertex 97.6796291321516 -62.694095224142075 0
      vertex 97.6796291321516 -62.694095224142075 5
      vertex 97.46939766407013 -63.3134171590209 5
    endloop
  endfacet
  facet normal 0.9807852793499569 -0.1950903273112926 0
    outer loop
      vertex 97.80722431093454 -62.052630960941315 0
      vertex 97.80722431093454 -62.052630960941315 5
      vertex 97.6796291321516 -62.694095224142075 5
    endloop
  endfacet
  facet normal 0.997858923504296 -0.06540312517646005 0
    outer loop
      vertex 97.85000000149012 -61.399999998509884 0
      vertex 97.85000000149012 -61.399999998509884 5
      vertex 97.80722431093454 -62.052630960941315 5
    endloop
  endfacet
  facet normal 0 0 1
    outer loop
      vertex 0 -62.050000000000004 5
      vertex 90.54096698851947 -61.4044563578644 5
      vertex 90.42105808375568 -61.22500000000001 5
    endloop
  endfacet
  facet normal 0 0 1
    outer loop
      vertex 0 -62.050000000000004 5
      vertex 90.32559877135638 -61.031427663402404 5
      vertex 90.25622238662305 -60.82705142441917 5
    endloop
  endfacet
  facet normal 0 0 1
    outer loop
      vertex 0 -62.050000000000004 5
      vertex 90.42105808375568 -61.22500000000001 5
      vertex 90.32559877135638 -61.031427663402404 5
    endloop
  endfacet
  facet normal 0 0 1
    outer loop
      vertex 0 -62.050000000000004 5
      vertex 90.25622238662305 -60.82705142441917 5
      vertex 90.21411597873322 -60.61536821716309 5
    endloop
  endfacet
  facet normal 0 0 1
    outer loop
      vertex 0.825 -61.82894191624433 5
      vertex 90.21411597873322 -60.61536821716309 5
      vertex 90.2 -60.400000000000006 5
    endloop
  endfacet
  facet normal 0 0 1
    outer loop
      vertex 1.524401228643623 -59.76857233659761 5
      vertex 90.2 -60.400000000000006 5
      vertex 90.21411597873322 -60.184631782836924 5
    endloop
  endfacet
  facet normal 0 0 1
    outer loop
      vertex 1.524401228643623 -59.76857233659761 5
      vertex 90.21411597873322 -60.184631782836924 5
      vertex 90.25622238662305 -59.972948575580844 5
    endloop
  endfacet
  facet normal 0 0 1
    outer loop
      vertex 1.524401228643623 -59.76857233659761 5
      vertex 90.25622238662305 -59.972948575580844 5
      vertex 90.32559877135638 -59.76857233659761 5
    endloop
  endfacet
  facet normal 0 0 1
    outer loop
      vertex 1.524401228643623 -59.76857233659761 5
      vertex 90.32559877135638 -59.76857233659761 5
      vertex 90.42105808375568 -59.575 5
    endloop
  endfacet
  facet normal 0 0 1
    outer loop
      vertex 1.4289419162443235 -59.575 5
      vertex 90.42105808375568 -59.575 5
      vertex 90.54096698851947 -59.395543642135614 5
    endloop
  endfacet
  facet normal 0 0 1
    outer loop
      vertex 1.309033011480538 -59.395543642135614 5
      vertex 90.54096698851947 -59.395543642135614 5
      vertex 90.6832738110422 -59.2332738110422 5
    endloop
  endfacet
  facet normal 0 0 1
    outer loop
      vertex 0.825 -58.97105808375568 5
      vertex 79.62273667752743 -46.99802280217409 5
      vertex 79.4400000050664 -47.00999999791384 5
    endloop
  endfacet
  facet normal 0 0 1
    outer loop
      vertex 0.825 -58.97105808375568 5
      vertex 90.6832738110422 -59.2332738110422 5
      vertex 79.62273667752743 -46.99802280217409 5
    endloop
  endfacet
  facet normal 0 0 1
    outer loop
      vertex 90.6832738110422 -59.2332738110422 5
      vertex 79.97575680911541 -46.903431348502636 5
      vertex 79.80234666913748 -46.96229615807533 5
    endloop
  endfacet
  facet normal 0 0 1
    outer loop
      vertex 90.6832738110422 -59.2332738110422 5
      vertex 79.80234666913748 -46.96229615807533 5
      vertex 79.62273667752743 -46.99802280217409 5
    endloop
  endfacet
  facet normal 0 0 1
    outer loop
      vertex 90.6832738110422 -59.2332738110422 5
      vertex 80.14000000804663 -46.822435565292835 5
      vertex 79.97575680911541 -46.903431348502636 5
    endloop
  endfacet
  facet normal 0 0 1
    outer loop
      vertex 90.6832738110422 -59.2332738110422 5
      vertex 80.29226600378752 -46.7206946760416 5
      vertex 80.14000000804663 -46.822435565292835 5
    endloop
  endfacet
  facet normal 0 0 1
    outer loop
      vertex 90.6832738110422 -59.2332738110422 5
      vertex 80.42994949966669 -46.59994949400425 5
      vertex 80.29226600378752 -46.7206946760416 5
    endloop
  endfacet
  facet normal 0 0 1
    outer loop
      vertex 90.6832738110422 -59.2332738110422 5
      vertex 80.55069468170404 -46.462265998125076 5
      vertex 80.42994949966669 -46.59994949400425 5
    endloop
  endfacet
  facet normal 0 0 1
    outer loop
      vertex 90.6832738110422 -59.2332738110422 5
      vertex 80.65243557095528 -46.310000002384186 5
      vertex 80.55069468170404 -46.462265998125076 5
    endloop
  endfacet
  facet normal 0 0 1
    outer loop
      vertex 90.6832738110422 -59.2332738110422 5
      vertex 80.79229616373777 -45.97234666347504 5
      vertex 80.73343135416508 -46.14575680345297 5
    endloop
  endfacet
  facet normal 0 0 1
    outer loop
      vertex 90.6832738110422 -59.2332738110422 5
      vertex 80.73343135416508 -46.14575680345297 5
      vertex 80.65243557095528 -46.310000002384186 5
    endloop
  endfacet
  facet normal 0 0 1
    outer loop
      vertex 90.6832738110422 -59.2332738110422 5
      vertex 80.82802280783653 -45.792736671864986 5
      vertex 80.79229616373777 -45.97234666347504 5
    endloop
  endfacet
  facet normal 0 0 1
    outer loop
      vertex 90.6832738110422 -59.2332738110422 5
      vertex 80.84000000357628 -45.60999999940395 5
      vertex 80.82802280783653 -45.792736671864986 5
    endloop
  endfacet
  facet normal 0 0 1
    outer loop
      vertex 92.85000000149012 -66.39999999850988 5
      vertex 93.50263096392155 -66.35722430795431 5
      vertex 94.1440952271223 -66.22962912917137 5
    endloop
  endfacet
  facet normal 0 0 1
    outer loop
      vertex 97.80722431093454 -62.052630960941315 5
      vertex 92.0653682171631 -62.035884021266796 5
      vertex 91.85000000000001 -62.050000000000004 5
    endloop
  endfacet
  facet normal 0 0 1
    outer loop
      vertex 97.80722431093454 -62.052630960941315 5
      vertex 92.27705142441917 -61.99377761337697 5
      vertex 92.0653682171631 -62.035884021266796 5
    endloop
  endfacet
  facet normal 0 0 1
    outer loop
      vertex 97.80722431093454 -62.052630960941315 5
      vertex 92.4814276634024 -61.92440122864363 5
      vertex 92.27705142441917 -61.99377761337697 5
    endloop
  endfacet
  facet normal 0 0 1
    outer loop
      vertex 97.80722431093454 -62.052630960941315 5
      vertex 92.67500000000001 -61.82894191624433 5
      vertex 92.4814276634024 -61.92440122864363 5
    endloop
  endfacet
  facet normal 0 0 1
    outer loop
      vertex 97.80722431093454 -62.052630960941315 5
      vertex 92.8544563578644 -61.70903301148054 5
      vertex 92.67500000000001 -61.82894191624433 5
    endloop
  endfacet
  facet normal 0 0 1
    outer loop
      vertex 97.80722431093454 -62.052630960941315 5
      vertex 93.01672618895782 -61.56672618895781 5
      vertex 92.8544563578644 -61.70903301148054 5
    endloop
  endfacet
  facet normal 0 0 1
    outer loop
      vertex 97.85000000149012 -61.399999998509884 5
      vertex 93.15903301148055 -61.4044563578644 5
      vertex 93.01672618895782 -61.56672618895781 5
    endloop
  endfacet
  facet normal 0 0 1
    outer loop
      vertex 97.85000000149012 -61.399999998509884 5
      vertex 93.27894191624434 -61.22500000000001 5
      vertex 93.15903301148055 -61.4044563578644 5
    endloop
  endfacet
  facet normal 0 0 1
    outer loop
      vertex 97.85000000149012 -61.399999998509884 5
      vertex 93.37440122864363 -61.031427663402404 5
      vertex 93.27894191624434 -61.22500000000001 5
    endloop
  endfacet
  facet normal 0 0 1
    outer loop
      vertex 97.80722431093454 -62.052630960941315 5
      vertex 97.85000000149012 -61.399999998509884 5
      vertex 93.01672618895782 -61.56672618895781 5
    endloop
  endfacet
  facet normal 0 0 1
    outer loop
      vertex 97.85000000149012 -61.399999998509884 5
      vertex 93.44377761337697 -60.82705142441917 5
      vertex 93.37440122864363 -61.031427663402404 5
    endloop
  endfacet
  facet normal 0 0 1
    outer loop
      vertex 97.85000000149012 -61.399999998509884 5
      vertex 93.4858840212668 -60.61536821716309 5
      vertex 93.44377761337697 -60.82705142441917 5
    endloop
  endfacet
  facet normal 0 0 1
    outer loop
      vertex 97.85000000149012 -61.399999998509884 5
      vertex 93.50000000000001 -60.400000000000006 5
      vertex 93.4858840212668 -60.61536821716309 5
    endloop
  endfacet
  facet normal 0 0 1
    outer loop
      vertex 97.85000000149012 -61.399999998509884 5
      vertex 93.4858840212668 -60.184631782836924 5
      vertex 93.50000000000001 -60.400000000000006 5
    endloop
  endfacet
  facet normal 0 0 1
    outer loop
      vertex 97.85000000149012 -61.399999998509884 5
      vertex 93.44377761337697 -59.972948575580844 5
      vertex 93.4858840212668 -60.184631782836924 5
    endloop
  endfacet
  facet normal 0 0 1
    outer loop
      vertex 97.85000000149012 -61.399999998509884 5
      vertex 93.37440122864363 -59.76857233659761 5
      vertex 93.44377761337697 -59.972948575580844 5
    endloop
  endfacet
  facet normal 0 0 1
    outer loop
      vertex 97.85000000149012 -61.399999998509884 5
      vertex 93.27894191624434 -59.575 5
      vertex 93.37440122864363 -59.76857233659761 5
    endloop
  endfacet
  facet normal 0 0 1
    outer loop
      vertex 76.2966314330697 -43.499733828008175 5
      vertex 76.14000000059605 -43.50999999791384 5
      vertex 78.03999999910593 -44.60999999940395 5
    endloop
  endfacet
  facet normal 0 0 1
    outer loop
      vertex 76.45058285444975 -43.4691109880805 5
      vertex 76.2966314330697 -43.499733828008175 5
      vertex 78.03999999910593 -44.60999999940395 5
    endloop
  endfacet
  facet normal 0 0 1
    outer loop
      vertex 76.74000000208616 -43.349230483174324 5
      vertex 76.59922011941671 -43.418655432760715 5
      vertex 78.03999999910593 -44.60999999940395 5
    endloop
  endfacet
  facet normal 0 0 1
    outer loop
      vertex 76.59922011941671 -43.418655432760715 5
      vertex 76.45058285444975 -43.4691109880805 5
      vertex 78.03999999910593 -44.60999999940395 5
    endloop
  endfacet
  facet normal 0 0 1
    outer loop
      vertex 76.74000000208616 -43.349230483174324 5
      vertex 78.28350456804037 -44.52734133601189 5
      vertex 78.32284270972013 -44.492842711508274 5
    endloop
  endfacet
  facet normal 0 0 1
    outer loop
      vertex 76.74000000208616 -43.349230483174324 5
      vertex 78.24000000208616 -44.556410163640976 5
      vertex 78.28350456804037 -44.52734133601189 5
    endloop
  endfacet
  facet normal 0 0 1
    outer loop
      vertex 76.74000000208616 -43.349230483174324 5
      vertex 78.19307336956263 -44.57955181598663 5
      vertex 78.24000000208616 -44.556410163640976 5
    endloop
  endfacet
  facet normal 0 0 1
    outer loop
      vertex 76.74000000208616 -43.349230483174324 5
      vertex 78.14352761954069 -44.596370331943035 5
      vertex 78.19307336956263 -44.57955181598663 5
    endloop
  endfacet
  facet normal 0 0 1
    outer loop
      vertex 76.74000000208616 -43.349230483174324 5
      vertex 78.09221047908068 -44.606577947735786 5
      vertex 78.14352761954069 -44.596370331943035 5
    endloop
  endfacet
  facet normal 0 0 1
    outer loop
      vertex 76.74000000208616 -43.349230483174324 5
      vertex 78.03999999910593 -44.60999999940395 5
      vertex 78.09221047908068 -44.606577947735786 5
    endloop
  endfacet
  facet normal 0 0 1
    outer loop
      vertex 76.74000000208616 -43.349230483174324 5
      vertex 78.32284270972013 -44.492842711508274 5
      vertex 78.35734133422375 -44.45350456982851 5
    endloop
  endfacet
  facet normal 0 0 1
    outer loop
      vertex 76.87051371484995 -43.262024000287056 5
      vertex 76.74000000208616 -43.349230483174324 5
      vertex 78.43999999761581 -44.21000000089407 5
    endloop
  endfacet
  facet normal 0 0 1
    outer loop
      vertex 76.74000000208616 -43.349230483174324 5
      vertex 78.4263703301549 -44.31352762132883 5
      vertex 78.43657794594765 -44.262210480868816 5
    endloop
  endfacet
  facet normal 0 0 1
    outer loop
      vertex 76.74000000208616 -43.349230483174324 5
      vertex 78.4095518141985 -44.363073371350765 5
      vertex 78.4263703301549 -44.31352762132883 5
    endloop
  endfacet
  facet normal 0 0 1
    outer loop
      vertex 76.74000000208616 -43.349230483174324 5
      vertex 78.38641016185284 -44.4100000038743 5
      vertex 78.4095518141985 -44.363073371350765 5
    endloop
  endfacet
  facet normal 0 0 1
    outer loop
      vertex 76.74000000208616 -43.349230483174324 5
      vertex 78.35734133422375 -44.45350456982851 5
      vertex 78.38641016185284 -44.4100000038743 5
    endloop
  endfacet
  facet normal 0 0 1
    outer loop
      vertex 76.74000000208616 -43.349230483174324 5
      vertex 78.43657794594765 -44.262210480868816 5
      vertex 78.43999999761581 -44.21000000089407 5
    endloop
  endfacet
  facet normal 0 0 1
    outer loop
      vertex 77.0920240059495 -43.04051370918751 5
      vertex 76.98852813988924 -43.1585281342268 5
      vertex 78.43999999761581 -44.21000000089407 5
    endloop
  endfacet
  facet normal 0 0 1
    outer loop
      vertex 76.98852813988924 -43.1585281342268 5
      vertex 76.87051371484995 -43.262024000287056 5
      vertex 78.43999999761581 -44.21000000089407 5
    endloop
  endfacet
  facet normal 0 0 1
    outer loop
      vertex 77.17923048883677 -42.90999999642372 5
      vertex 77.0920240059495 -43.04051370918751 5
      vertex 78.43999999761581 -44.21000000089407 5
    endloop
  endfacet
  facet normal 0 0 1
    outer loop
      vertex 77.29911099374294 -42.62058284878731 5
      vertex 77.24865543842316 -42.76922011375427 5
      vertex 78.43999999761581 -44.21000000089407 5
    endloop
  endfacet
  facet normal 0 0 1
    outer loop
      vertex 77.24865543842316 -42.76922011375427 5
      vertex 77.17923048883677 -42.90999999642372 5
      vertex 78.43999999761581 -44.21000000089407 5
    endloop
  endfacet
  facet normal 0 0 1
    outer loop
      vertex 77.32973383367062 -42.466631427407265 5
      vertex 77.29911099374294 -42.62058284878731 5
      vertex 78.43999999761581 -44.21000000089407 5
    endloop
  endfacet
  facet normal 0 0 1
    outer loop
      vertex 77.34000000357628 -42.309999994933605 5
      vertex 77.32973383367062 -42.466631427407265 5
      vertex 78.43999999761581 -44.21000000089407 5
    endloop
  endfacet
  facet normal 0 0 1
    outer loop
      vertex 90.84554364213562 -59.09096698851947 5
      vertex 90.6832738110422 -1.1667261889578033 5
      vertex 90.6832738110422 -59.2332738110422 5
    endloop
  endfacet
  facet normal 0 0 1
    outer loop
      vertex 91.025 -58.97105808375568 5
      vertex 90.6832738110422 -1.1667261889578033 5
      vertex 90.84554364213562 -59.09096698851947 5
    endloop
  endfacet
  facet normal 0 0 1
    outer loop
      vertex 91.42294857558085 -58.80622238662304 5
      vertex 90.6832738110422 -1.1667261889578033 5
      vertex 91.21857233659762 -58.87559877135638 5
    endloop
  endfacet
  facet normal 0 0 1
    outer loop
      vertex 91.21857233659762 -58.87559877135638 5
      vertex 90.6832738110422 -1.1667261889578033 5
      vertex 91.025 -58.97105808375568 5
    endloop
  endfacet
  facet normal 0 0 1
    outer loop
      vertex 91.63463178283692 -58.764115978733216 5
      vertex 90.6832738110422 -1.1667261889578033 5
      vertex 91.42294857558085 -58.80622238662304 5
    endloop
  endfacet
  facet normal 0 0 1
    outer loop
      vertex 92.0653682171631 -58.764115978733216 5
      vertex 90.6832738110422 -1.1667261889578033 5
      vertex 91.85000000000001 -58.75000000000001 5
    endloop
  endfacet
  facet normal 0 0 1
    outer loop
      vertex 91.85000000000001 -58.75000000000001 5
      vertex 90.6832738110422 -1.1667261889578033 5
      vertex 91.63463178283692 -58.764115978733216 5
    endloop
  endfacet
  facet normal 0 0 1
    outer loop
      vertex 92.27705142441917 -58.80622238662304 5
      vertex 90.6832738110422 -1.1667261889578033 5
      vertex 92.0653682171631 -58.764115978733216 5
    endloop
  endfacet
  facet normal 0 0 1
    outer loop
      vertex 90.6832738110422 -59.2332738110422 5
      vertex 90.42105808375568 -0.825 5
      vertex 80.84000000357628 -45.60999999940395 5
    endloop
  endfacet
  facet normal 0 0 1
    outer loop
      vertex 93.27894191624434 -59.575 5
      vertex 90.84554364213562 -1.309033011480538 5
      vertex 93.15903301148055 -59.395543642135614 5
    endloop
  endfacet
  facet normal 0 0 1
    outer loop
      vertex 93.15903301148055 -59.395543642135614 5
      vertex 90.84554364213562 -1.309033011480538 5
      vertex 93.01672618895782 -59.2332738110422 5
    endloop
  endfacet
  facet normal 0 0 1
    outer loop
      vertex 92.67500000000001 -58.97105808375568 5
      vertex 90.84554364213562 -1.309033011480538 5
      vertex 92.4814276634024 -58.87559877135638 5
    endloop
  endfacet
  facet normal 0 0 1
    outer loop
      vertex 92.4814276634024 -58.87559877135638 5
      vertex 90.84554364213562 -1.309033011480538 5
      vertex 92.27705142441917 -58.80622238662304 5
    endloop
  endfacet
  facet normal 0 0 1
    outer loop
      vertex 93.01672618895782 -59.2332738110422 5
      vertex 90.84554364213562 -1.309033011480538 5
      vertex 92.8544563578644 -59.09096698851947 5
    endloop
  endfacet
  facet normal 0 0 1
    outer loop
      vertex 92.8544563578644 -59.09096698851947 5
      vertex 90.84554364213562 -1.309033011480538 5
      vertex 92.67500000000001 -58.97105808375568 5
    endloop
  endfacet
  facet normal 0 0 1
    outer loop
      vertex 97.85000000149012 -61.399999998509884 5
      vertex 90.84554364213562 -1.309033011480538 5
      vertex 93.27894191624434 -59.575 5
    endloop
  endfacet
  facet normal 0 0 1
    outer loop
      vertex 90.6832738110422 -59.2332738110422 5
      vertex 90.54096698851947 -1.004456357864389 5
      vertex 90.42105808375568 -0.825 5
    endloop
  endfacet
  facet normal 0 0 1
    outer loop
      vertex 90.6832738110422 -59.2332738110422 5
      vertex 90.6832738110422 -1.1667261889578033 5
      vertex 90.54096698851947 -1.004456357864389 5
    endloop
  endfacet
  facet normal 0 0 1
    outer loop
      vertex 92.27705142441917 -58.80622238662304 5
      vertex 90.84554364213562 -1.309033011480538 5
      vertex 90.6832738110422 -1.1667261889578033 5
    endloop
  endfacet
  facet normal 0 0 1
    outer loop
      vertex 97.85000000149012 -61.399999998509884 5
      vertex 91.025 -1.4289419162443235 5
      vertex 90.84554364213562 -1.309033011480538 5
    endloop
  endfacet
  facet normal 0 0 1
    outer loop
      vertex 97.85000000149012 -61.399999998509884 5
      vertex 91.63463178283692 -1.6358840212667871 5
      vertex 91.42294857558085 -1.5937776133769626 5
    endloop
  endfacet
  facet normal 0 0 1
    outer loop
      vertex 97.85000000149012 -61.399999998509884 5
      vertex 91.21857233659762 -1.524401228643623 5
      vertex 91.025 -1.4289419162443235 5
    endloop
  endfacet
  facet normal 0 0 1
    outer loop
      vertex 97.85000000149012 -61.399999998509884 5
      vertex 91.42294857558085 -1.5937776133769626 5
      vertex 91.21857233659762 -1.524401228643623 5
    endloop
  endfacet
  facet normal 0 0 1
    outer loop
      vertex 97.85000000149012 -61.399999998509884 5
      vertex 91.85000000000001 -1.65 5
      vertex 91.63463178283692 -1.6358840212667871 5
    endloop
  endfacet
  facet normal 0 0 1
    outer loop
      vertex 97.85000000149012 -61.399999998509884 5
      vertex 92.0653682171631 -1.6358840212667871 5
      vertex 91.85000000000001 -1.65 5
    endloop
  endfacet
  facet normal 0 0 1
    outer loop
      vertex 97.85000000149012 -61.399999998509884 5
      vertex 92.27705142441917 -1.5937776133769626 5
      vertex 92.0653682171631 -1.6358840212667871 5
    endloop
  endfacet
  facet normal 0 0 1
    outer loop
      vertex 97.85000000149012 -61.399999998509884 5
      vertex 92.4814276634024 -1.524401228643623 5
      vertex 92.27705142441917 -1.5937776133769626 5
    endloop
  endfacet
  facet normal 0 0 1
    outer loop
      vertex 97.85000000149012 -61.399999998509884 5
      vertex 92.67500000000001 -1.4289419162443235 5
      vertex 92.4814276634024 -1.524401228643623 5
    endloop
  endfacet
  facet normal 0 0 1
    outer loop
      vertex 97.85000000149012 -61.399999998509884 5
      vertex 93.01672618895782 -1.1667261889578033 5
      vertex 92.8544563578644 -1.309033011480538 5
    endloop
  endfacet
  facet normal 0 0 1
    outer loop
      vertex 97.85000000149012 -61.399999998509884 5
      vertex 92.8544563578644 -1.309033011480538 5
      vertex 92.67500000000001 -1.4289419162443235 5
    endloop
  endfacet
  facet normal 0 0 1
    outer loop
      vertex 97.85000000149012 -61.399999998509884 5
      vertex 93.15903301148055 -1.004456357864389 5
      vertex 93.01672618895782 -1.1667261889578033 5
    endloop
  endfacet
  facet normal 0 0 1
    outer loop
      vertex 97.85000000149012 -61.399999998509884 5
      vertex 93.27894191624434 -0.825 5
      vertex 93.15903301148055 -1.004456357864389 5
    endloop
  endfacet
  facet normal 0 0 1
    outer loop
      vertex 97.85000000149012 -61.399999998509884 5
      vertex 93.37440122864363 -0.6314276634023981 5
      vertex 93.27894191624434 -0.825 5
    endloop
  endfacet
  facet normal 0 0 1
    outer loop
      vertex 97.85000000149012 -61.399999998509884 5
      vertex 93.44377761337697 -0.4270514244191592 5
      vertex 93.37440122864363 -0.6314276634023981 5
    endloop
  endfacet
  facet normal 0 0 1
    outer loop
      vertex 97.85000000149012 -61.399999998509884 5
      vertex 93.4858840212668 -0.21536821716308507 5
      vertex 93.44377761337697 -0.4270514244191592 5
    endloop
  endfacet
  facet normal 0 0 1
    outer loop
      vertex 97.85000000149012 -61.399999998509884 5
      vertex 93.50000000000001 0 5
      vertex 93.4858840212668 -0.21536821716308507 5
    endloop
  endfacet
  facet normal 0 0 1
    outer loop
      vertex 77.34000000357628 -42.309999994933605 5
      vertex 78.43999999761581 -44.21000000089407 5
      vertex 78.43999999761581 44.21000000089407 5
    endloop
  endfacet
  facet normal 0 0 1
    outer loop
      vertex 90.25622238662305 -0.4270514244191592 5
      vertex 80.84000000357628 -45.60999999940395 5
      vertex 90.32559877135638 -0.6314276634023981 5
    endloop
  endfacet
  facet normal 0 0 1
    outer loop
      vertex 90.21411597873322 -0.21536821716308507 5
      vertex 80.84000000357628 -45.60999999940395 5
      vertex 90.25622238662305 -0.4270514244191592 5
    endloop
  endfacet
  facet normal 0 0 1
    outer loop
      vertex 90.2 0 5
      vertex 80.84000000357628 -45.60999999940395 5
      vertex 90.21411597873322 -0.21536821716308507 5
    endloop
  endfacet
  facet normal 0 0 1
    outer loop
      vertex 90.21411597873322 0.21536821716308507 5
      vertex 80.84000000357628 -45.60999999940395 5
      vertex 90.2 0 5
    endloop
  endfacet
  facet normal 0 0 1
    outer loop
      vertex 90.25622238662305 0.4270514244191592 5
      vertex 80.84000000357628 -45.60999999940395 5
      vertex 90.21411597873322 0.21536821716308507 5
    endloop
  endfacet
  facet normal 0 0 1
    outer loop
      vertex 90.32559877135638 -0.6314276634023981 5
      vertex 80.84000000357628 -45.60999999940395 5
      vertex 90.42105808375568 -0.825 5
    endloop
  endfacet
  facet normal 0 0 -1
    outer loop
      vertex 96.8167667016387 64.44380713999271 0
      vertex 0 63.50000000000001 0
      vertex -89.96283957007297 62.85939535490284 0
    endloop
  endfacet
  facet normal 0 0 -1
    outer loop
      vertex 78.14000000059605 47.50999999791384 0
      vertex -0.4046311958821599 57.32652092974119 0
      vertex 0 57.300000000000004 0
    endloop
  endfacet
  facet normal 0 0 -1
    outer loop
      vertex 78.14000000059605 47.50999999791384 0
      vertex 0 57.300000000000004 0
      vertex 0.4046311958821599 57.32652092974119 0
    endloop
  endfacet
  facet normal 0 0 -1
    outer loop
      vertex 78.14000000059605 47.50999999791384 0
      vertex 0.4046311958821599 57.32652092974119 0
      vertex 0.8023390398178143 57.40562993850389 0
    endloop
  endfacet
  facet normal 0 0 -1
    outer loop
      vertex 78.14000000059605 47.50999999791384 0
      vertex 0.8023390398178143 57.40562993850389 0
      vertex 1.1863186403317783 57.535973449215014 0
    endloop
  endfacet
  facet normal 0 0 -1
    outer loop
      vertex 78.14000000059605 47.50999999791384 0
      vertex 1.1863186403317783 57.535973449215014 0
      vertex 1.55 57.715321248268246 0
    endloop
  endfacet
  facet normal 0 0 -1
    outer loop
      vertex 78.14000000059605 47.50999999791384 0
      vertex 1.55 57.715321248268246 0
      vertex 1.8871604299270341 57.940604645097174 0
    endloop
  endfacet
  facet normal 0 0 -1
    outer loop
      vertex 78.14000000059605 47.50999999791384 0
      vertex 1.8871604299270341 57.940604645097174 0
      vertex 2.1920310216782974 58.20796897832171 0
    endloop
  endfacet
  facet normal 0 0 -1
    outer loop
      vertex 78.14000000059605 47.50999999791384 0
      vertex 2.1920310216782974 58.20796897832171 0
      vertex 2.459395354902829 58.51283957007297 0
    endloop
  endfacet
  facet normal 0 0 -1
    outer loop
      vertex 78.14000000059605 47.50999999791384 0
      vertex 2.459395354902829 58.51283957007297 0
      vertex 2.68467875173176 58.85000000000001 0
    endloop
  endfacet
  facet normal 0 0 -1
    outer loop
      vertex -94.76341716200113 66.0193976610899 0
      vertex 92.85000000149012 66.39999999850988 0
      vertex 93.50263096392155 66.35722430795431 0
    endloop
  endfacet
  facet normal 0 0 -1
    outer loop
      vertex 2.864026550784989 59.21368135966823 0
      vertex 88.75000000000001 60.400000000000006 0
      vertex 2.68467875173176 58.85000000000001 0
    endloop
  endfacet
  facet normal 0 0 -1
    outer loop
      vertex 2.9943700614961117 59.59766096018219 0
      vertex 88.75000000000001 60.400000000000006 0
      vertex 2.864026550784989 59.21368135966823 0
    endloop
  endfacet
  facet normal 0 0 -1
    outer loop
      vertex 3.0734790702588124 59.995368804117845 0
      vertex 88.75000000000001 60.400000000000006 0
      vertex 2.9943700614961117 59.59766096018219 0
    endloop
  endfacet
  facet normal 0 0 -1
    outer loop
      vertex 3.1 60.400000000000006 0
      vertex 88.75000000000001 60.400000000000006 0
      vertex 3.0734790702588124 59.995368804117845 0
    endloop
  endfacet
  facet normal 0 0 -1
    outer loop
      vertex 3.0734790702588124 60.804631195882166 0
      vertex 88.75000000000001 60.400000000000006 0
      vertex 3.1 60.400000000000006 0
    endloop
  endfacet
  facet normal 0 0 -1
    outer loop
      vertex 2.9943700614961117 61.20233903981782 0
      vertex 88.75000000000001 60.400000000000006 0
      vertex 3.0734790702588124 60.804631195882166 0
    endloop
  endfacet
  facet normal 0 0 -1
    outer loop
      vertex 2.864026550784989 61.58631864033178 0
      vertex 88.75000000000001 60.400000000000006 0
      vertex 2.9943700614961117 61.20233903981782 0
    endloop
  endfacet
  facet normal 0 0 -1
    outer loop
      vertex 2.459395354902829 62.28716042992704 0
      vertex 88.7765209297412 60.804631195882166 0
      vertex 2.68467875173176 61.95 0
    endloop
  endfacet
  facet normal 0 0 -1
    outer loop
      vertex 2.68467875173176 61.95 0
      vertex 88.75000000000001 60.400000000000006 0
      vertex 2.864026550784989 61.58631864033178 0
    endloop
  endfacet
  facet normal 0 0 -1
    outer loop
      vertex 89.6579689783217 62.5920310216783 0
      vertex 2.459395354902829 62.28716042992704 0
      vertex 2.1920310216782974 62.5920310216783 0
    endloop
  endfacet
  facet normal 0 0 -1
    outer loop
      vertex 90.66368135966823 63.264026550785 0
      vertex 2.1920310216782974 62.5920310216783 0
      vertex 1.8871604299270341 62.85939535490284 0
    endloop
  endfacet
  facet normal 0 0 -1
    outer loop
      vertex 97.1801270172 63.899999998509884 0
      vertex 1.8871604299270341 62.85939535490284 0
      vertex 1.55 63.084678751731765 0
    endloop
  endfacet
  facet normal 0 0 -1
    outer loop
      vertex 96.8167667016387 64.44380713999271 0
      vertex 0.4046311958821599 63.47347907025882 0
      vertex 0 63.50000000000001 0
    endloop
  endfacet
  facet normal 0 0 -1
    outer loop
      vertex 96.8167667016387 64.44380713999271 0
      vertex 0.8023390398178143 63.39437006149612 0
      vertex 0.4046311958821599 63.47347907025882 0
    endloop
  endfacet
  facet normal 0 0 -1
    outer loop
      vertex 97.1801270172 63.899999998509884 0
      vertex 1.1863186403317783 63.264026550785 0
      vertex 0.8023390398178143 63.39437006149612 0
    endloop
  endfacet
  facet normal 0 0 -1
    outer loop
      vertex 97.1801270172 63.899999998509884 0
      vertex 1.55 63.084678751731765 0
      vertex 1.1863186403317783 63.264026550785 0
    endloop
  endfacet
  facet normal 0 0 -1
    outer loop
      vertex -97.1801270172 63.899999998509884 0
      vertex 95.89380714297295 65.36676669865847 0
      vertex 96.38553390651941 64.93553390353918 0
    endloop
  endfacet
  facet normal 0 0 -1
    outer loop
      vertex -96.8167667016387 64.44380713999271 0
      vertex 95.35000000149012 65.73012701421976 0
      vertex 95.89380714297295 65.36676669865847 0
    endloop
  endfacet
  facet normal 0 0 -1
    outer loop
      vertex -96.38553390651941 64.93553390353918 0
      vertex 94.76341716200113 66.0193976610899 0
      vertex 95.35000000149012 65.73012701421976 0
    endloop
  endfacet
  facet normal 0 0 -1
    outer loop
      vertex -95.89380714297295 65.36676669865847 0
      vertex 94.1440952271223 66.22962912917137 0
      vertex 94.76341716200113 66.0193976610899 0
    endloop
  endfacet
  facet normal 0 0 -1
    outer loop
      vertex -95.35000000149012 65.73012701421976 0
      vertex 93.50263096392155 66.35722430795431 0
      vertex 94.1440952271223 66.22962912917137 0
    endloop
  endfacet
  facet normal 0 0 -1
    outer loop
      vertex 96.8167667016387 64.44380713999271 0
      vertex -91.0476609601822 63.39437006149612 0
      vertex 96.38553390651941 64.93553390353918 0
    endloop
  endfacet
  facet normal 0 1 0
    outer loop
      vertex -92.85000000149012 66.39999999850988 0
      vertex 92.85000000149012 66.39999999850988 5
      vertex 92.85000000149012 66.39999999850988 0
    endloop
  endfacet
  facet normal 0 0 -1
    outer loop
      vertex 81.34000000357628 -44.309999994933605 0
      vertex 81.34000000357628 44.309999994933605 0
      vertex 88.75000000000001 0 0
    endloop
  endfacet
  facet normal 0 0 -1
    outer loop
      vertex 97.85000000149012 -61.399999998509884 0
      vertex 94.95 0 0
      vertex 97.85000000149012 61.399999998509884 0
    endloop
  endfacet
  facet normal 0 0 -1
    outer loop
      vertex 88.75000000000001 0 0
      vertex 81.34000000357628 44.309999994933605 0
      vertex 88.7765209297412 0.4046311958821599 0
    endloop
  endfacet
  facet normal 0 0 -1
    outer loop
      vertex 88.7765209297412 0.4046311958821599 0
      vertex 81.34000000357628 44.309999994933605 0
      vertex 88.8556299385039 0.8023390398178143 0
    endloop
  endfacet
  facet normal 0 0 -1
    outer loop
      vertex 88.8556299385039 0.8023390398178143 0
      vertex 81.34000000357628 44.309999994933605 0
      vertex 88.98597344921502 1.1863186403317783 0
    endloop
  endfacet
  facet normal 0 0 -1
    outer loop
      vertex 88.98597344921502 1.1863186403317783 0
      vertex 81.34000000357628 44.309999994933605 0
      vertex 89.16532124826824 1.55 0
    endloop
  endfacet
  facet normal 0 0 -1
    outer loop
      vertex 89.16532124826824 1.55 0
      vertex 81.34000000357628 44.309999994933605 0
      vertex 89.39060464509718 1.8871604299270341 0
    endloop
  endfacet
  facet normal 0 0 -1
    outer loop
      vertex 89.39060464509718 1.8871604299270341 0
      vertex 81.34000000357628 44.309999994933605 0
      vertex 89.6579689783217 2.1920310216782974 0
    endloop
  endfacet
  facet normal 0 0 -1
    outer loop
      vertex 89.96283957007297 2.459395354902829 0
      vertex 89.6579689783217 2.1920310216782974 0
      vertex 81.34000000357628 44.309999994933605 0
    endloop
  endfacet
  facet normal 0 0 -1
    outer loop
      vertex 90.30000000000001 2.68467875173176 0
      vertex 89.96283957007297 2.459395354902829 0
      vertex 81.34000000357628 44.309999994933605 0
    endloop
  endfacet
  facet normal 0 0 -1
    outer loop
      vertex 90.66368135966823 2.864026550784989 0
      vertex 90.30000000000001 2.68467875173176 0
      vertex 81.34000000357628 44.309999994933605 0
    endloop
  endfacet
  facet normal 0 0 -1
    outer loop
      vertex 91.0476609601822 2.9943700614961117 0
      vertex 90.66368135966823 2.864026550784989 0
      vertex 81.34000000357628 44.309999994933605 0
    endloop
  endfacet
  facet normal 0 0 -1
    outer loop
      vertex 91.44536880411785 3.0734790702588124 0
      vertex 91.0476609601822 2.9943700614961117 0
      vertex 81.34000000357628 44.309999994933605 0
    endloop
  endfacet
  facet normal 0 0 -1
    outer loop
      vertex 91.85000000000001 3.1 0
      vertex 91.44536880411785 3.0734790702588124 0
      vertex 81.34000000357628 44.309999994933605 0
    endloop
  endfacet
  facet normal 0 0 -1
    outer loop
      vertex 92.25463119588217 3.0734790702588124 0
      vertex 91.85000000000001 3.1 0
      vertex 81.34000000357628 44.309999994933605 0
    endloop
  endfacet
  facet normal 0 0 -1
    outer loop
      vertex 92.65233903981782 2.9943700614961117 0
      vertex 92.25463119588217 3.0734790702588124 0
      vertex 81.34000000357628 44.309999994933605 0
    endloop
  endfacet
  facet normal 0 0 -1
    outer loop
      vertex 93.03631864033179 2.864026550784989 0
      vertex 92.65233903981782 2.9943700614961117 0
      vertex 81.34000000357628 44.309999994933605 0
    endloop
  endfacet
  facet normal 0 0 -1
    outer loop
      vertex 93.4 2.68467875173176 0
      vertex 93.03631864033179 2.864026550784989 0
      vertex 81.34000000357628 44.309999994933605 0
    endloop
  endfacet
  facet normal 0 0 -1
    outer loop
      vertex 97.85000000149012 61.399999998509884 0
      vertex 94.95 0 0
      vertex 94.92347907025882 0.4046311958821599 0
    endloop
  endfacet
  facet normal 0 0 -1
    outer loop
      vertex 93.73716042992704 2.459395354902829 0
      vertex 93.4 2.68467875173176 0
      vertex 93.73716042992704 57.940604645097174 0
    endloop
  endfacet
  facet normal 0 0 -1
    outer loop
      vertex 94.04203102167831 2.1920310216782974 0
      vertex 93.73716042992704 2.459395354902829 0
      vertex 94.04203102167831 58.20796897832171 0
    endloop
  endfacet
  facet normal 0 0 -1
    outer loop
      vertex 94.04203102167831 2.1920310216782974 0
      vertex 94.30939535490283 58.51283957007297 0
      vertex 94.30939535490283 1.8871604299270341 0
    endloop
  endfacet
  facet normal 0 0 -1
    outer loop
      vertex 94.30939535490283 1.8871604299270341 0
      vertex 94.53467875173178 58.85000000000001 0
      vertex 94.53467875173178 1.55 0
    endloop
  endfacet
  facet normal 0 0 -1
    outer loop
      vertex 97.85000000149012 61.399999998509884 0
      vertex 94.92347907025882 0.4046311958821599 0
      vertex 94.84437006149612 0.8023390398178143 0
    endloop
  endfacet
  facet normal 0 0 -1
    outer loop
      vertex 97.85000000149012 61.399999998509884 0
      vertex 94.84437006149612 0.8023390398178143 0
      vertex 94.714026550785 1.1863186403317783 0
    endloop
  endfacet
  facet normal 0 0 -1
    outer loop
      vertex 97.85000000149012 61.399999998509884 0
      vertex 94.714026550785 1.1863186403317783 0
      vertex 94.53467875173178 1.55 0
    endloop
  endfacet
  facet normal 0 0 -1
    outer loop
      vertex 78.14000000059605 47.50999999791384 0
      vertex 2.68467875173176 58.85000000000001 0
      vertex 88.7765209297412 59.995368804117845 0
    endloop
  endfacet
  facet normal 0 0 -1
    outer loop
      vertex 2.68467875173176 58.85000000000001 0
      vertex 88.75000000000001 60.400000000000006 0
      vertex 88.7765209297412 59.995368804117845 0
    endloop
  endfacet
  facet normal 0 0 -1
    outer loop
      vertex 2.68467875173176 61.95 0
      vertex 88.7765209297412 60.804631195882166 0
      vertex 88.75000000000001 60.400000000000006 0
    endloop
  endfacet
  facet normal 0 0 -1
    outer loop
      vertex 2.459395354902829 62.28716042992704 0
      vertex 88.8556299385039 61.20233903981782 0
      vertex 88.7765209297412 60.804631195882166 0
    endloop
  endfacet
  facet normal 0 0 -1
    outer loop
      vertex 2.459395354902829 62.28716042992704 0
      vertex 88.98597344921502 61.58631864033178 0
      vertex 88.8556299385039 61.20233903981782 0
    endloop
  endfacet
  facet normal 0 0 -1
    outer loop
      vertex 2.459395354902829 62.28716042992704 0
      vertex 89.16532124826824 61.95 0
      vertex 88.98597344921502 61.58631864033178 0
    endloop
  endfacet
  facet normal 0 0 -1
    outer loop
      vertex 2.459395354902829 62.28716042992704 0
      vertex 89.39060464509718 62.28716042992704 0
      vertex 89.16532124826824 61.95 0
    endloop
  endfacet
  facet normal 0 0 -1
    outer loop
      vertex 2.459395354902829 62.28716042992704 0
      vertex 89.6579689783217 62.5920310216783 0
      vertex 89.39060464509718 62.28716042992704 0
    endloop
  endfacet
  facet normal 0 0 -1
    outer loop
      vertex 2.1920310216782974 62.5920310216783 0
      vertex 89.96283957007297 62.85939535490284 0
      vertex 89.6579689783217 62.5920310216783 0
    endloop
  endfacet
  facet normal 0 0 -1
    outer loop
      vertex 2.1920310216782974 62.5920310216783 0
      vertex 90.30000000000001 63.084678751731765 0
      vertex 89.96283957007297 62.85939535490284 0
    endloop
  endfacet
  facet normal 0 0 -1
    outer loop
      vertex 2.1920310216782974 62.5920310216783 0
      vertex 90.66368135966823 63.264026550785 0
      vertex 90.30000000000001 63.084678751731765 0
    endloop
  endfacet
  facet normal 0 0 -1
    outer loop
      vertex 1.8871604299270341 62.85939535490284 0
      vertex 91.0476609601822 63.39437006149612 0
      vertex 90.66368135966823 63.264026550785 0
    endloop
  endfacet
  facet normal 0 0 -1
    outer loop
      vertex 1.8871604299270341 62.85939535490284 0
      vertex 91.44536880411785 63.47347907025882 0
      vertex 91.0476609601822 63.39437006149612 0
    endloop
  endfacet
  facet normal 0 0 -1
    outer loop
      vertex 97.1801270172 63.899999998509884 0
      vertex 91.44536880411785 63.47347907025882 0
      vertex 1.8871604299270341 62.85939535490284 0
    endloop
  endfacet
  facet normal 0 0 -1
    outer loop
      vertex 97.1801270172 63.899999998509884 0
      vertex 0.8023390398178143 63.39437006149612 0
      vertex 96.8167667016387 64.44380713999271 0
    endloop
  endfacet
  facet normal 0 0 -1
    outer loop
      vertex 81.23096264153719 45.13822093605995 0
      vertex 91.85000000000001 57.300000000000004 0
      vertex 81.31262356042862 44.72768381237984 0
    endloop
  endfacet
  facet normal 0 0 -1
    outer loop
      vertex 81.0964145064354 45.53458698093891 0
      vertex 91.44536880411785 57.32652092974119 0
      vertex 81.23096264153719 45.13822093605995 0
    endloop
  endfacet
  facet normal 0 0 -1
    outer loop
      vertex 91.44536880411785 57.32652092974119 0
      vertex 81.0964145064354 45.53458698093891 0
      vertex 80.91128129512072 45.90999999642372 0
    endloop
  endfacet
  facet normal 0 0 -1
    outer loop
      vertex 81.34000000357628 44.309999994933605 0
      vertex 81.31262356042862 44.72768381237984 0
      vertex 92.25463119588217 57.32652092974119 0
    endloop
  endfacet
  facet normal 0 0 -1
    outer loop
      vertex 93.4 2.68467875173176 0
      vertex 81.34000000357628 44.309999994933605 0
      vertex 92.25463119588217 57.32652092974119 0
    endloop
  endfacet
  facet normal 0 0 -1
    outer loop
      vertex 93.4 2.68467875173176 0
      vertex 92.25463119588217 57.32652092974119 0
      vertex 92.65233903981782 57.40562993850389 0
    endloop
  endfacet
  facet normal 0 0 -1
    outer loop
      vertex 93.4 2.68467875173176 0
      vertex 92.65233903981782 57.40562993850389 0
      vertex 93.03631864033179 57.535973449215014 0
    endloop
  endfacet
  facet normal 0 0 -1
    outer loop
      vertex 93.4 2.68467875173176 0
      vertex 93.03631864033179 57.535973449215014 0
      vertex 93.4 57.715321248268246 0
    endloop
  endfacet
  facet normal 0 0 -1
    outer loop
      vertex 93.4 2.68467875173176 0
      vertex 93.4 57.715321248268246 0
      vertex 93.73716042992704 57.940604645097174 0
    endloop
  endfacet
  facet normal 0 0 -1
    outer loop
      vertex 93.73716042992704 2.459395354902829 0
      vertex 93.73716042992704 57.940604645097174 0
      vertex 94.04203102167831 58.20796897832171 0
    endloop
  endfacet
  facet normal 0 0 -1
    outer loop
      vertex 94.04203102167831 2.1920310216782974 0
      vertex 94.04203102167831 58.20796897832171 0
      vertex 94.30939535490283 58.51283957007297 0
    endloop
  endfacet
  facet normal 0 0 -1
    outer loop
      vertex 94.30939535490283 1.8871604299270341 0
      vertex 94.30939535490283 58.51283957007297 0
      vertex 94.53467875173178 58.85000000000001 0
    endloop
  endfacet
  facet normal 0 0 -1
    outer loop
      vertex 97.85000000149012 61.399999998509884 0
      vertex 94.53467875173178 1.55 0
      vertex 94.53467875173178 58.85000000000001 0
    endloop
  endfacet
  facet normal 0 0 -1
    outer loop
      vertex 91.44536880411785 57.32652092974119 0
      vertex 78.55768381804228 47.48262355476618 0
      vertex 78.14000000059605 47.50999999791384 0
    endloop
  endfacet
  facet normal 0 0 -1
    outer loop
      vertex 91.44536880411785 57.32652092974119 0
      vertex 78.9682209417224 47.40096263587475 0
      vertex 78.55768381804228 47.48262355476618 0
    endloop
  endfacet
  facet normal 0 0 -1
    outer loop
      vertex 91.44536880411785 57.32652092974119 0
      vertex 79.36458698660135 47.26641450077295 0
      vertex 78.9682209417224 47.40096263587475 0
    endloop
  endfacet
  facet normal 0 0 -1
    outer loop
      vertex 91.44536880411785 57.32652092974119 0
      vertex 80.40274170041084 46.5727416947484 0
      vertex 80.08803657442331 46.84873068332672 0
    endloop
  endfacet
  facet normal 0 0 -1
    outer loop
      vertex 91.44536880411785 57.32652092974119 0
      vertex 79.74000000208616 47.081281289458275 0
      vertex 79.36458698660135 47.26641450077295 0
    endloop
  endfacet
  facet normal 0 0 -1
    outer loop
      vertex 91.44536880411785 57.32652092974119 0
      vertex 80.08803657442331 46.84873068332672 0
      vertex 79.74000000208616 47.081281289458275 0
    endloop
  endfacet
  facet normal 0 0 -1
    outer loop
      vertex 91.44536880411785 57.32652092974119 0
      vertex 80.67873068898916 46.25803656876087 0
      vertex 80.40274170041084 46.5727416947484 0
    endloop
  endfacet
  facet normal 0 0 -1
    outer loop
      vertex 91.44536880411785 57.32652092974119 0
      vertex 80.91128129512072 45.90999999642372 0
      vertex 80.67873068898916 46.25803656876087 0
    endloop
  endfacet
  facet normal 0 0 -1
    outer loop
      vertex 78.14000000059605 47.50999999791384 0
      vertex 89.16532124826824 58.85000000000001 0
      vertex 89.39060464509718 58.51283957007297 0
    endloop
  endfacet
  facet normal 0 0 -1
    outer loop
      vertex 78.14000000059605 47.50999999791384 0
      vertex 88.98597344921502 59.21368135966823 0
      vertex 89.16532124826824 58.85000000000001 0
    endloop
  endfacet
  facet normal 0 0 -1
    outer loop
      vertex 78.14000000059605 47.50999999791384 0
      vertex 88.8556299385039 59.59766096018219 0
      vertex 88.98597344921502 59.21368135966823 0
    endloop
  endfacet
  facet normal 0 0 -1
    outer loop
      vertex 78.14000000059605 47.50999999791384 0
      vertex 88.7765209297412 59.995368804117845 0
      vertex 88.8556299385039 59.59766096018219 0
    endloop
  endfacet
  facet normal 0 0 -1
    outer loop
      vertex 91.44536880411785 57.32652092974119 0
      vertex 91.85000000000001 57.300000000000004 0
      vertex 81.23096264153719 45.13822093605995 0
    endloop
  endfacet
  facet normal 0 0 -1
    outer loop
      vertex 91.85000000000001 57.300000000000004 0
      vertex 92.25463119588217 57.32652092974119 0
      vertex 81.31262356042862 44.72768381237984 0
    endloop
  endfacet
  facet normal 0 0 -1
    outer loop
      vertex 78.14000000059605 47.50999999791384 0
      vertex 89.96283957007297 57.940604645097174 0
      vertex 90.30000000000001 57.715321248268246 0
    endloop
  endfacet
  facet normal 0 0 -1
    outer loop
      vertex 78.14000000059605 47.50999999791384 0
      vertex 90.30000000000001 57.715321248268246 0
      vertex 90.66368135966823 57.535973449215014 0
    endloop
  endfacet
  facet normal 0 0 -1
    outer loop
      vertex 78.14000000059605 47.50999999791384 0
      vertex 89.6579689783217 58.20796897832171 0
      vertex 89.96283957007297 57.940604645097174 0
    endloop
  endfacet
  facet normal 0 0 -1
    outer loop
      vertex 78.14000000059605 47.50999999791384 0
      vertex 89.39060464509718 58.51283957007297 0
      vertex 89.6579689783217 58.20796897832171 0
    endloop
  endfacet
  facet normal 0 0 -1
    outer loop
      vertex 78.14000000059605 47.50999999791384 0
      vertex 90.66368135966823 57.535973449215014 0
      vertex 91.0476609601822 57.40562993850389 0
    endloop
  endfacet
  facet normal 0 0 -1
    outer loop
      vertex 78.14000000059605 47.50999999791384 0
      vertex 91.0476609601822 57.40562993850389 0
      vertex 91.44536880411785 57.32652092974119 0
    endloop
  endfacet
  facet normal 0 0 -1
    outer loop
      vertex 97.85000000149012 61.399999998509884 0
      vertex 94.53467875173178 58.85000000000001 0
      vertex 94.714026550785 59.21368135966823 0
    endloop
  endfacet
  facet normal 0 0 -1
    outer loop
      vertex 97.85000000149012 61.399999998509884 0
      vertex 94.714026550785 59.21368135966823 0
      vertex 94.84437006149612 59.59766096018219 0
    endloop
  endfacet
  facet normal 0 0 -1
    outer loop
      vertex 97.85000000149012 61.399999998509884 0
      vertex 94.84437006149612 59.59766096018219 0
      vertex 94.92347907025882 59.995368804117845 0
    endloop
  endfacet
  facet normal 0 0 -1
    outer loop
      vertex 97.85000000149012 61.399999998509884 0
      vertex 94.92347907025882 59.995368804117845 0
      vertex 94.95 60.400000000000006 0
    endloop
  endfacet
  facet normal 0 0 -1
    outer loop
      vertex 97.80722431093454 62.052630960941315 0
      vertex 94.95 60.400000000000006 0
      vertex 94.92347907025882 60.804631195882166 0
    endloop
  endfacet
  facet normal 0 0 -1
    outer loop
      vertex 97.80722431093454 62.052630960941315 0
      vertex 94.92347907025882 60.804631195882166 0
      vertex 94.84437006149612 61.20233903981782 0
    endloop
  endfacet
  facet normal 0 0 -1
    outer loop
      vertex 97.6796291321516 62.694095224142075 0
      vertex 94.84437006149612 61.20233903981782 0
      vertex 94.714026550785 61.58631864033178 0
    endloop
  endfacet
  facet normal 0 0 -1
    outer loop
      vertex 97.6796291321516 62.694095224142075 0
      vertex 94.714026550785 61.58631864033178 0
      vertex 94.53467875173178 61.95 0
    endloop
  endfacet
  facet normal 0 0 -1
    outer loop
      vertex 97.85000000149012 61.399999998509884 0
      vertex 94.95 60.400000000000006 0
      vertex 97.80722431093454 62.052630960941315 0
    endloop
  endfacet
  facet normal 0 0 -1
    outer loop
      vertex 97.80722431093454 62.052630960941315 0
      vertex 94.84437006149612 61.20233903981782 0
      vertex 97.6796291321516 62.694095224142075 0
    endloop
  endfacet
  facet normal 0 0 -1
    outer loop
      vertex 97.46939766407013 63.3134171590209 0
      vertex 93.4 63.084678751731765 0
      vertex 93.03631864033179 63.264026550785 0
    endloop
  endfacet
  facet normal 0 0 -1
    outer loop
      vertex 97.1801270172 63.899999998509884 0
      vertex 91.85000000000001 63.50000000000001 0
      vertex 91.44536880411785 63.47347907025882 0
    endloop
  endfacet
  facet normal 0 0 -1
    outer loop
      vertex 97.1801270172 63.899999998509884 0
      vertex 92.25463119588217 63.47347907025882 0
      vertex 91.85000000000001 63.50000000000001 0
    endloop
  endfacet
  facet normal 0 0 -1
    outer loop
      vertex 97.46939766407013 63.3134171590209 0
      vertex 93.03631864033179 63.264026550785 0
      vertex 92.65233903981782 63.39437006149612 0
    endloop
  endfacet
  facet normal 0 0 -1
    outer loop
      vertex 97.1801270172 63.899999998509884 0
      vertex 92.65233903981782 63.39437006149612 0
      vertex 92.25463119588217 63.47347907025882 0
    endloop
  endfacet
  facet normal 0 0 -1
    outer loop
      vertex 97.6796291321516 62.694095224142075 0
      vertex 94.04203102167831 62.5920310216783 0
      vertex 93.73716042992704 62.85939535490284 0
    endloop
  endfacet
  facet normal 0 0 -1
    outer loop
      vertex 97.6796291321516 62.694095224142075 0
      vertex 94.53467875173178 61.95 0
      vertex 94.30939535490283 62.28716042992704 0
    endloop
  endfacet
  facet normal 0 0 -1
    outer loop
      vertex 97.6796291321516 62.694095224142075 0
      vertex 94.30939535490283 62.28716042992704 0
      vertex 94.04203102167831 62.5920310216783 0
    endloop
  endfacet
  facet normal 0 0 -1
    outer loop
      vertex 97.46939766407013 63.3134171590209 0
      vertex 93.73716042992704 62.85939535490284 0
      vertex 93.4 63.084678751731765 0
    endloop
  endfacet
  facet normal 0 0 -1
    outer loop
      vertex 97.6796291321516 62.694095224142075 0
      vertex 93.73716042992704 62.85939535490284 0
      vertex 97.46939766407013 63.3134171590209 0
    endloop
  endfacet
  facet normal 0 0 -1
    outer loop
      vertex 97.46939766407013 63.3134171590209 0
      vertex 92.65233903981782 63.39437006149612 0
      vertex 97.1801270172 63.899999998509884 0
    endloop
  endfacet
  facet normal 0.997858923504296 0.06540312517646005 0
    outer loop
      vertex 97.85000000149012 61.399999998509884 0
      vertex 97.80722431093454 62.052630960941315 0
      vertex 97.85000000149012 61.399999998509884 5
    endloop
  endfacet
  facet normal 0.06540312517646005 0.997858923504296 0
    outer loop
      vertex 92.85000000149012 66.39999999850988 0
      vertex 93.50263096392155 66.35722430795431 5
      vertex 93.50263096392155 66.35722430795431 0
    endloop
  endfacet
  facet normal 0.1950903273112926 0.9807852793499569 0
    outer loop
      vertex 93.50263096392155 66.35722430795431 0
      vertex 94.1440952271223 66.22962912917137 5
      vertex 94.1440952271223 66.22962912917137 0
    endloop
  endfacet
  facet normal 0.3214394648635512 0.9469301296443332 0
    outer loop
      vertex 94.1440952271223 66.22962912917137 0
      vertex 94.76341716200113 66.0193976610899 5
      vertex 94.76341716200113 66.0193976610899 0
    endloop
  endfacet
  facet normal 0.9807852793499569 0.1950903273112926 0
    outer loop
      vertex 97.80722431093454 62.052630960941315 0
      vertex 97.6796291321516 62.694095224142075 0
      vertex 97.80722431093454 62.052630960941315 5
    endloop
  endfacet
  facet normal 0.9469301296443332 0.3214394648635512 0
    outer loop
      vertex 97.6796291321516 62.694095224142075 0
      vertex 97.46939766407013 63.3134171590209 0
      vertex 97.6796291321516 62.694095224142075 5
    endloop
  endfacet
  facet normal 0.8314696119674009 0.5555702335211812 0
    outer loop
      vertex 97.1801270172 63.899999998509884 0
      vertex 96.8167667016387 64.44380713999271 0
      vertex 97.1801270172 63.899999998509884 5
    endloop
  endfacet
  facet normal 0.8968727399632281 0.44228869340155175 0
    outer loop
      vertex 97.46939766407013 63.3134171590209 0
      vertex 97.1801270172 63.899999998509884 0
      vertex 97.46939766407013 63.3134171590209 5
    endloop
  endfacet
  facet normal 0.659345812736647 0.7518398095516428 0
    outer loop
      vertex 95.89380714297295 65.36676669865847 0
      vertex 96.38553390651941 64.93553390353918 5
      vertex 96.38553390651941 64.93553390353918 0
    endloop
  endfacet
  facet normal 0.44228869340155175 0.8968727399632281 0
    outer loop
      vertex 94.76341716200113 66.0193976610899 0
      vertex 95.35000000149012 65.73012701421976 5
      vertex 95.35000000149012 65.73012701421976 0
    endloop
  endfacet
  facet normal 0.5555702335211812 0.8314696119674009 0
    outer loop
      vertex 95.35000000149012 65.73012701421976 0
      vertex 95.89380714297295 65.36676669865847 5
      vertex 95.89380714297295 65.36676669865847 0
    endloop
  endfacet
  facet normal 0.7518398095516428 0.659345812736647 0
    outer loop
      vertex 96.8167667016387 64.44380713999271 0
      vertex 96.38553390651941 64.93553390353918 0
      vertex 96.8167667016387 64.44380713999271 5
    endloop
  endfacet
  facet normal 0 0 1
    outer loop
      vertex 97.46939766407013 63.3134171590209 5
      vertex -90.54096698851947 61.4044563578644 5
      vertex 0 62.050000000000004 5
    endloop
  endfacet
  facet normal 0 0 1
    outer loop
      vertex -78.03999999910593 44.60999999940395 5
      vertex 76.14000000059605 43.50999999791384 5
      vertex 78.03999999910593 44.60999999940395 5
    endloop
  endfacet
  facet normal 0 0 1
    outer loop
      vertex -0.21536821716308507 58.764115978733216 5
      vertex 79.4400000050664 47.00999999791384 5
      vertex 0 58.75000000000001 5
    endloop
  endfacet
  facet normal 0 0 1
    outer loop
      vertex 0 58.75000000000001 5
      vertex 79.4400000050664 47.00999999791384 5
      vertex 0.21536821716308507 58.764115978733216 5
    endloop
  endfacet
  facet normal 0 0 1
    outer loop
      vertex 0.21536821716308507 58.764115978733216 5
      vertex 79.4400000050664 47.00999999791384 5
      vertex 0.4270514244191592 58.80622238662304 5
    endloop
  endfacet
  facet normal 0 0 1
    outer loop
      vertex -94.76341716200113 66.0193976610899 5
      vertex 93.50263096392155 66.35722430795431 5
      vertex 92.85000000149012 66.39999999850988 5
    endloop
  endfacet
  facet normal 0 0 1
    outer loop
      vertex 97.6796291321516 62.694095224142075 5
      vertex 0.6314276634023981 58.87559877135638 5
      vertex 0.4270514244191592 58.80622238662304 5
    endloop
  endfacet
  facet normal 0 0 1
    outer loop
      vertex 97.6796291321516 62.694095224142075 5
      vertex 0.825 58.97105808375568 5
      vertex 0.6314276634023981 58.87559877135638 5
    endloop
  endfacet
  facet normal 0 0 1
    outer loop
      vertex 97.6796291321516 62.694095224142075 5
      vertex 1.004456357864389 59.09096698851947 5
      vertex 0.825 58.97105808375568 5
    endloop
  endfacet
  facet normal 0 0 1
    outer loop
      vertex 97.6796291321516 62.694095224142075 5
      vertex 1.1667261889578033 59.2332738110422 5
      vertex 1.004456357864389 59.09096698851947 5
    endloop
  endfacet
  facet normal 0 0 1
    outer loop
      vertex 97.6796291321516 62.694095224142075 5
      vertex 1.309033011480538 59.395543642135614 5
      vertex 1.1667261889578033 59.2332738110422 5
    endloop
  endfacet
  facet normal 0 0 1
    outer loop
      vertex 97.6796291321516 62.694095224142075 5
      vertex 1.4289419162443235 59.575 5
      vertex 1.309033011480538 59.395543642135614 5
    endloop
  endfacet
  facet normal 0 0 1
    outer loop
      vertex 97.6796291321516 62.694095224142075 5
      vertex 1.524401228643623 59.76857233659761 5
      vertex 1.4289419162443235 59.575 5
    endloop
  endfacet
  facet normal 0 0 1
    outer loop
      vertex 97.6796291321516 62.694095224142075 5
      vertex 1.5937776133769626 59.972948575580844 5
      vertex 1.524401228643623 59.76857233659761 5
    endloop
  endfacet
  facet normal 0 0 1
    outer loop
      vertex 97.6796291321516 62.694095224142075 5
      vertex 0.21536821716308507 62.035884021266796 5
      vertex 0.4270514244191592 61.99377761337697 5
    endloop
  endfacet
  facet normal 0 0 1
    outer loop
      vertex 97.6796291321516 62.694095224142075 5
      vertex 1.524401228643623 61.031427663402404 5
      vertex 1.5937776133769626 60.82705142441917 5
    endloop
  endfacet
  facet normal 0 0 1
    outer loop
      vertex 97.6796291321516 62.694095224142075 5
      vertex 1.4289419162443235 61.22500000000001 5
      vertex 1.524401228643623 61.031427663402404 5
    endloop
  endfacet
  facet normal 0 0 1
    outer loop
      vertex 97.6796291321516 62.694095224142075 5
      vertex 0.4270514244191592 61.99377761337697 5
      vertex 0.6314276634023981 61.92440122864363 5
    endloop
  endfacet
  facet normal 0 0 1
    outer loop
      vertex 97.6796291321516 62.694095224142075 5
      vertex 0.6314276634023981 61.92440122864363 5
      vertex 0.825 61.82894191624433 5
    endloop
  endfacet
  facet normal 0 0 1
    outer loop
      vertex 97.6796291321516 62.694095224142075 5
      vertex 0.825 61.82894191624433 5
      vertex 1.004456357864389 61.70903301148054 5
    endloop
  endfacet
  facet normal 0 0 1
    outer loop
      vertex 97.6796291321516 62.694095224142075 5
      vertex 1.004456357864389 61.70903301148054 5
      vertex 1.1667261889578033 61.56672618895781 5
    endloop
  endfacet
  facet normal 0 0 1
    outer loop
      vertex 97.6796291321516 62.694095224142075 5
      vertex 1.1667261889578033 61.56672618895781 5
      vertex 1.309033011480538 61.4044563578644 5
    endloop
  endfacet
  facet normal 0 0 1
    outer loop
      vertex 97.6796291321516 62.694095224142075 5
      vertex 1.309033011480538 61.4044563578644 5
      vertex 1.4289419162443235 61.22500000000001 5
    endloop
  endfacet
  facet normal 0 0 1
    outer loop
      vertex 97.6796291321516 62.694095224142075 5
      vertex 1.6358840212667871 60.184631782836924 5
      vertex 1.5937776133769626 59.972948575580844 5
    endloop
  endfacet
  facet normal 0 0 1
    outer loop
      vertex 97.6796291321516 62.694095224142075 5
      vertex 1.65 60.400000000000006 5
      vertex 1.6358840212667871 60.184631782836924 5
    endloop
  endfacet
  facet normal 0 0 1
    outer loop
      vertex 97.6796291321516 62.694095224142075 5
      vertex 1.6358840212667871 60.61536821716309 5
      vertex 1.65 60.400000000000006 5
    endloop
  endfacet
  facet normal 0 0 1
    outer loop
      vertex 97.6796291321516 62.694095224142075 5
      vertex 1.5937776133769626 60.82705142441917 5
      vertex 1.6358840212667871 60.61536821716309 5
    endloop
  endfacet
  facet normal 0 0 1
    outer loop
      vertex -97.6796291321516 62.694095224142075 5
      vertex 97.1801270172 63.899999998509884 5
      vertex 96.8167667016387 64.44380713999271 5
    endloop
  endfacet
  facet normal 0 0 1
    outer loop
      vertex -97.46939766407013 63.3134171590209 5
      vertex 96.8167667016387 64.44380713999271 5
      vertex 96.38553390651941 64.93553390353918 5
    endloop
  endfacet
  facet normal 0 0 1
    outer loop
      vertex 97.46939766407013 63.3134171590209 5
      vertex 0 62.050000000000004 5
      vertex 0.21536821716308507 62.035884021266796 5
    endloop
  endfacet
  facet normal 0 0 1
    outer loop
      vertex -97.80722431093454 62.052630960941315 5
      vertex 97.46939766407013 63.3134171590209 5
      vertex 97.1801270172 63.899999998509884 5
    endloop
  endfacet
  facet normal 0 0 1
    outer loop
      vertex -97.1801270172 63.899999998509884 5
      vertex 96.38553390651941 64.93553390353918 5
      vertex 95.89380714297295 65.36676669865847 5
    endloop
  endfacet
  facet normal 0 0 1
    outer loop
      vertex -96.8167667016387 64.44380713999271 5
      vertex 95.89380714297295 65.36676669865847 5
      vertex 95.35000000149012 65.73012701421976 5
    endloop
  endfacet
  facet normal 0 0 1
    outer loop
      vertex -96.38553390651941 64.93553390353918 5
      vertex 95.35000000149012 65.73012701421976 5
      vertex 94.76341716200113 66.0193976610899 5
    endloop
  endfacet
  facet normal 0 0 1
    outer loop
      vertex -95.89380714297295 65.36676669865847 5
      vertex 94.76341716200113 66.0193976610899 5
      vertex 94.1440952271223 66.22962912917137 5
    endloop
  endfacet
  facet normal 0 0 1
    outer loop
      vertex -95.35000000149012 65.73012701421976 5
      vertex 94.1440952271223 66.22962912917137 5
      vertex 93.50263096392155 66.35722430795431 5
    endloop
  endfacet
  facet normal 1 0 0
    outer loop
      vertex 97.85000000149012 -61.399999998509884 5
      vertex 97.85000000149012 61.399999998509884 0
      vertex 97.85000000149012 61.399999998509884 5
    endloop
  endfacet
  facet normal 0 0 1
    outer loop
      vertex 80.84000000357628 -45.60999999940395 5
      vertex 90.25622238662305 0.4270514244191592 5
      vertex 80.84000000357628 45.60999999940395 5
    endloop
  endfacet
  facet normal 0 0 1
    outer loop
      vertex 78.43999999761581 44.21000000089407 5
      vertex 77.34000000357628 42.309999994933605 5
      vertex 77.34000000357628 -42.309999994933605 5
    endloop
  endfacet
  facet normal 0 0 1
    outer loop
      vertex 97.85000000149012 -61.399999998509884 5
      vertex 97.85000000149012 61.399999998509884 5
      vertex 93.50000000000001 0 5
    endloop
  endfacet
  facet normal 0 0 1
    outer loop
      vertex 90.32559877135638 0.6314276634023981 5
      vertex 80.84000000357628 45.60999999940395 5
      vertex 90.25622238662305 0.4270514244191592 5
    endloop
  endfacet
  facet normal 0 0 1
    outer loop
      vertex 90.42105808375568 0.825 5
      vertex 80.84000000357628 45.60999999940395 5
      vertex 90.32559877135638 0.6314276634023981 5
    endloop
  endfacet
  facet normal 0 0 1
    outer loop
      vertex 90.54096698851947 1.004456357864389 5
      vertex 80.84000000357628 45.60999999940395 5
      vertex 90.42105808375568 0.825 5
    endloop
  endfacet
  facet normal 0 0 1
    outer loop
      vertex 90.6832738110422 1.1667261889578033 5
      vertex 80.84000000357628 45.60999999940395 5
      vertex 90.54096698851947 1.004456357864389 5
    endloop
  endfacet
  facet normal 0 0 1
    outer loop
      vertex 90.84554364213562 1.309033011480538 5
      vertex 80.84000000357628 45.60999999940395 5
      vertex 90.6832738110422 1.1667261889578033 5
    endloop
  endfacet
  facet normal 0 0 1
    outer loop
      vertex 91.21857233659762 1.524401228643623 5
      vertex 80.84000000357628 45.60999999940395 5
      vertex 91.025 1.4289419162443235 5
    endloop
  endfacet
  facet normal 0 0 1
    outer loop
      vertex 91.025 1.4289419162443235 5
      vertex 80.84000000357628 45.60999999940395 5
      vertex 90.84554364213562 1.309033011480538 5
    endloop
  endfacet
  facet normal 0 0 1
    outer loop
      vertex 91.42294857558085 1.5937776133769626 5
      vertex 80.84000000357628 45.60999999940395 5
      vertex 91.21857233659762 1.524401228643623 5
    endloop
  endfacet
  facet normal 0 0 1
    outer loop
      vertex 91.63463178283692 1.6358840212667871 5
      vertex 80.84000000357628 45.60999999940395 5
      vertex 91.42294857558085 1.5937776133769626 5
    endloop
  endfacet
  facet normal 0 0 1
    outer loop
      vertex 92.0653682171631 1.6358840212667871 5
      vertex 80.84000000357628 45.60999999940395 5
      vertex 91.85000000000001 1.65 5
    endloop
  endfacet
  facet normal 0 0 1
    outer loop
      vertex 91.85000000000001 1.65 5
      vertex 80.84000000357628 45.60999999940395 5
      vertex 91.63463178283692 1.6358840212667871 5
    endloop
  endfacet
  facet normal 0 0 1
    outer loop
      vertex 92.67500000000001 1.4289419162443235 5
      vertex 80.82802280783653 45.792736671864986 5
      vertex 92.4814276634024 1.524401228643623 5
    endloop
  endfacet
  facet normal 0 0 1
    outer loop
      vertex 92.4814276634024 1.524401228643623 5
      vertex 80.82802280783653 45.792736671864986 5
      vertex 92.27705142441917 1.5937776133769626 5
    endloop
  endfacet
  facet normal 0 0 1
    outer loop
      vertex 92.27705142441917 1.5937776133769626 5
      vertex 80.82802280783653 45.792736671864986 5
      vertex 92.0653682171631 1.6358840212667871 5
    endloop
  endfacet
  facet normal 0 0 1
    outer loop
      vertex 93.15903301148055 1.004456357864389 5
      vertex 80.82802280783653 45.792736671864986 5
      vertex 93.01672618895782 1.1667261889578033 5
    endloop
  endfacet
  facet normal 0 0 1
    outer loop
      vertex 93.44377761337697 0.4270514244191592 5
      vertex 80.82802280783653 45.792736671864986 5
      vertex 93.37440122864363 0.6314276634023981 5
    endloop
  endfacet
  facet normal 0 0 1
    outer loop
      vertex 93.37440122864363 0.6314276634023981 5
      vertex 80.82802280783653 45.792736671864986 5
      vertex 93.27894191624434 0.825 5
    endloop
  endfacet
  facet normal 0 0 1
    outer loop
      vertex 93.27894191624434 0.825 5
      vertex 80.82802280783653 45.792736671864986 5
      vertex 93.15903301148055 1.004456357864389 5
    endloop
  endfacet
  facet normal 0 0 1
    outer loop
      vertex 92.8544563578644 1.309033011480538 5
      vertex 80.82802280783653 45.792736671864986 5
      vertex 92.67500000000001 1.4289419162443235 5
    endloop
  endfacet
  facet normal 0 0 1
    outer loop
      vertex 93.01672618895782 1.1667261889578033 5
      vertex 80.82802280783653 45.792736671864986 5
      vertex 92.8544563578644 1.309033011480538 5
    endloop
  endfacet
  facet normal 0 0 1
    outer loop
      vertex 92.0653682171631 1.6358840212667871 5
      vertex 80.82802280783653 45.792736671864986 5
      vertex 80.84000000357628 45.60999999940395 5
    endloop
  endfacet
  facet normal 0 0 1
    outer loop
      vertex 97.85000000149012 61.399999998509884 5
      vertex 93.4858840212668 0.21536821716308507 5
      vertex 93.50000000000001 0 5
    endloop
  endfacet
  facet normal 0 0 1
    outer loop
      vertex 97.85000000149012 61.399999998509884 5
      vertex 93.44377761337697 0.4270514244191592 5
      vertex 93.4858840212668 0.21536821716308507 5
    endloop
  endfacet
  facet normal 0.997858923504296 0.06540312517646005 0
    outer loop
      vertex 97.80722431093454 62.052630960941315 0
      vertex 97.80722431093454 62.052630960941315 5
      vertex 97.85000000149012 61.399999998509884 5
    endloop
  endfacet
  facet normal 0.06540312517646005 0.997858923504296 0
    outer loop
      vertex 92.85000000149012 66.39999999850988 0
      vertex 92.85000000149012 66.39999999850988 5
      vertex 93.50263096392155 66.35722430795431 5
    endloop
  endfacet
  facet normal 0.1950903273112926 0.9807852793499569 0
    outer loop
      vertex 93.50263096392155 66.35722430795431 0
      vertex 93.50263096392155 66.35722430795431 5
      vertex 94.1440952271223 66.22962912917137 5
    endloop
  endfacet
  facet normal 0.3214394648635512 0.9469301296443332 0
    outer loop
      vertex 94.1440952271223 66.22962912917137 0
      vertex 94.1440952271223 66.22962912917137 5
      vertex 94.76341716200113 66.0193976610899 5
    endloop
  endfacet
  facet normal 0.9807852793499569 0.1950903273112926 0
    outer loop
      vertex 97.6796291321516 62.694095224142075 0
      vertex 97.6796291321516 62.694095224142075 5
      vertex 97.80722431093454 62.052630960941315 5
    endloop
  endfacet
  facet normal 0.9469301296443332 0.3214394648635512 0
    outer loop
      vertex 97.46939766407013 63.3134171590209 0
      vertex 97.46939766407013 63.3134171590209 5
      vertex 97.6796291321516 62.694095224142075 5
    endloop
  endfacet
  facet normal 0.8314696119674009 0.5555702335211812 0
    outer loop
      vertex 96.8167667016387 64.44380713999271 0
      vertex 96.8167667016387 64.44380713999271 5
      vertex 97.1801270172 63.899999998509884 5
    endloop
  endfacet
  facet normal 0.8968727399632281 0.44228869340155175 0
    outer loop
      vertex 97.1801270172 63.899999998509884 0
      vertex 97.1801270172 63.899999998509884 5
      vertex 97.46939766407013 63.3134171590209 5
    endloop
  endfacet
  facet normal 0.659345812736647 0.7518398095516428 0
    outer loop
      vertex 95.89380714297295 65.36676669865847 0
      vertex 95.89380714297295 65.36676669865847 5
      vertex 96.38553390651941 64.93553390353918 5
    endloop
  endfacet
  facet normal 0.5555702335211812 0.8314696119674009 0
    outer loop
      vertex 95.35000000149012 65.73012701421976 0
      vertex 95.35000000149012 65.73012701421976 5
      vertex 95.89380714297295 65.36676669865847 5
    endloop
  endfacet
  facet normal 0.44228869340155175 0.8968727399632281 0
    outer loop
      vertex 94.76341716200113 66.0193976610899 0
      vertex 94.76341716200113 66.0193976610899 5
      vertex 95.35000000149012 65.73012701421976 5
    endloop
  endfacet
  facet normal 0.7518398095516428 0.659345812736647 0
    outer loop
      vertex 96.38553390651941 64.93553390353918 0
      vertex 96.38553390651941 64.93553390353918 5
      vertex 96.8167667016387 64.44380713999271 5
    endloop
  endfacet
  facet normal 0 0 1
    outer loop
      vertex 0.4270514244191592 58.80622238662304 5
      vertex 79.4400000050664 47.00999999791384 5
      vertex 90.54096698851947 61.4044563578644 5
    endloop
  endfacet
  facet normal 0 0 1
    outer loop
      vertex 0.4270514244191592 58.80622238662304 5
      vertex 90.54096698851947 61.4044563578644 5
      vertex 90.6832738110422 61.56672618895781 5
    endloop
  endfacet
  facet normal 0 0 1
    outer loop
      vertex 0.4270514244191592 58.80622238662304 5
      vertex 90.6832738110422 61.56672618895781 5
      vertex 90.84554364213562 61.70903301148054 5
    endloop
  endfacet
  facet normal 0 0 1
    outer loop
      vertex 0.4270514244191592 58.80622238662304 5
      vertex 90.84554364213562 61.70903301148054 5
      vertex 91.025 61.82894191624433 5
    endloop
  endfacet
  facet normal 0 0 1
    outer loop
      vertex 0.4270514244191592 58.80622238662304 5
      vertex 91.025 61.82894191624433 5
      vertex 91.21857233659762 61.92440122864363 5
    endloop
  endfacet
  facet normal 0 0 1
    outer loop
      vertex 0.4270514244191592 58.80622238662304 5
      vertex 91.21857233659762 61.92440122864363 5
      vertex 91.42294857558085 61.99377761337697 5
    endloop
  endfacet
  facet normal 0 0 1
    outer loop
      vertex 0.4270514244191592 58.80622238662304 5
      vertex 91.42294857558085 61.99377761337697 5
      vertex 91.63463178283692 62.035884021266796 5
    endloop
  endfacet
  facet normal 0 0 1
    outer loop
      vertex 0.4270514244191592 58.80622238662304 5
      vertex 91.63463178283692 62.035884021266796 5
      vertex 91.85000000000001 62.050000000000004 5
    endloop
  endfacet
  facet normal 0 0 1
    outer loop
      vertex 97.6796291321516 62.694095224142075 5
      vertex 0.4270514244191592 58.80622238662304 5
      vertex 91.85000000000001 62.050000000000004 5
    endloop
  endfacet
  facet normal 0 0 1
    outer loop
      vertex 97.6796291321516 62.694095224142075 5
      vertex 97.46939766407013 63.3134171590209 5
      vertex 0.21536821716308507 62.035884021266796 5
    endloop
  endfacet
  facet normal 0 0 1
    outer loop
      vertex 77.32973383367062 42.466631427407265 5
      vertex 77.34000000357628 42.309999994933605 5
      vertex 78.43999999761581 44.21000000089407 5
    endloop
  endfacet
  facet normal 0 0 1
    outer loop
      vertex 78.03999999910593 44.60999999940395 5
      vertex 77.0920240059495 43.04051370918751 5
      vertex 77.17923048883677 42.90999999642372 5
    endloop
  endfacet
  facet normal 0 0 1
    outer loop
      vertex 77.29911099374294 42.62058284878731 5
      vertex 77.32973383367062 42.466631427407265 5
      vertex 78.43999999761581 44.21000000089407 5
    endloop
  endfacet
  facet normal 0 0 1
    outer loop
      vertex 77.17923048883677 42.90999999642372 5
      vertex 77.24865543842316 42.76922011375427 5
      vertex 78.43999999761581 44.21000000089407 5
    endloop
  endfacet
  facet normal 0 0 1
    outer loop
      vertex 77.24865543842316 42.76922011375427 5
      vertex 77.29911099374294 42.62058284878731 5
      vertex 78.43999999761581 44.21000000089407 5
    endloop
  endfacet
  facet normal 0 0 1
    outer loop
      vertex 78.03999999910593 44.60999999940395 5
      vertex 76.14000000059605 43.50999999791384 5
      vertex 76.2966314330697 43.499733828008175 5
    endloop
  endfacet
  facet normal 0 0 1
    outer loop
      vertex 78.03999999910593 44.60999999940395 5
      vertex 76.45058285444975 43.4691109880805 5
      vertex 76.59922011941671 43.418655432760715 5
    endloop
  endfacet
  facet normal 0 0 1
    outer loop
      vertex 78.03999999910593 44.60999999940395 5
      vertex 76.59922011941671 43.418655432760715 5
      vertex 76.74000000208616 43.349230483174324 5
    endloop
  endfacet
  facet normal 0 0 1
    outer loop
      vertex 78.03999999910593 44.60999999940395 5
      vertex 76.2966314330697 43.499733828008175 5
      vertex 76.45058285444975 43.4691109880805 5
    endloop
  endfacet
  facet normal 0 0 1
    outer loop
      vertex 78.03999999910593 44.60999999940395 5
      vertex 76.87051371484995 43.262024000287056 5
      vertex 76.98852813988924 43.1585281342268 5
    endloop
  endfacet
  facet normal 0 0 1
    outer loop
      vertex 78.03999999910593 44.60999999940395 5
      vertex 76.98852813988924 43.1585281342268 5
      vertex 77.0920240059495 43.04051370918751 5
    endloop
  endfacet
  facet normal 0 0 1
    outer loop
      vertex 78.03999999910593 44.60999999940395 5
      vertex 76.74000000208616 43.349230483174324 5
      vertex 76.87051371484995 43.262024000287056 5
    endloop
  endfacet
  facet normal 0 0 1
    outer loop
      vertex 77.17923048883677 42.90999999642372 5
      vertex 78.09221047908068 44.606577947735786 5
      vertex 78.03999999910593 44.60999999940395 5
    endloop
  endfacet
  facet normal 0 0 1
    outer loop
      vertex 77.17923048883677 42.90999999642372 5
      vertex 78.35734133422375 44.45350456982851 5
      vertex 78.32284270972013 44.492842711508274 5
    endloop
  endfacet
  facet normal 0 0 1
    outer loop
      vertex 77.17923048883677 42.90999999642372 5
      vertex 78.14352761954069 44.596370331943035 5
      vertex 78.09221047908068 44.606577947735786 5
    endloop
  endfacet
  facet normal 0 0 1
    outer loop
      vertex 77.17923048883677 42.90999999642372 5
      vertex 78.19307336956263 44.57955181598663 5
      vertex 78.14352761954069 44.596370331943035 5
    endloop
  endfacet
  facet normal 0 0 1
    outer loop
      vertex 77.17923048883677 42.90999999642372 5
      vertex 78.24000000208616 44.556410163640976 5
      vertex 78.19307336956263 44.57955181598663 5
    endloop
  endfacet
  facet normal 0 0 1
    outer loop
      vertex 77.17923048883677 42.90999999642372 5
      vertex 78.28350456804037 44.52734133601189 5
      vertex 78.24000000208616 44.556410163640976 5
    endloop
  endfacet
  facet normal 0 0 1
    outer loop
      vertex 77.17923048883677 42.90999999642372 5
      vertex 78.32284270972013 44.492842711508274 5
      vertex 78.28350456804037 44.52734133601189 5
    endloop
  endfacet
  facet normal 0 0 1
    outer loop
      vertex 77.17923048883677 42.90999999642372 5
      vertex 78.43657794594765 44.262210480868816 5
      vertex 78.4263703301549 44.31352762132883 5
    endloop
  endfacet
  facet normal 0 0 1
    outer loop
      vertex 77.17923048883677 42.90999999642372 5
      vertex 78.43999999761581 44.21000000089407 5
      vertex 78.43657794594765 44.262210480868816 5
    endloop
  endfacet
  facet normal 0 0 1
    outer loop
      vertex 77.17923048883677 42.90999999642372 5
      vertex 78.38641016185284 44.4100000038743 5
      vertex 78.35734133422375 44.45350456982851 5
    endloop
  endfacet
  facet normal 0 0 1
    outer loop
      vertex 77.17923048883677 42.90999999642372 5
      vertex 78.4095518141985 44.363073371350765 5
      vertex 78.38641016185284 44.4100000038743 5
    endloop
  endfacet
  facet normal 0 0 1
    outer loop
      vertex 77.17923048883677 42.90999999642372 5
      vertex 78.4263703301549 44.31352762132883 5
      vertex 78.4095518141985 44.363073371350765 5
    endloop
  endfacet
  facet normal 0 0 1
    outer loop
      vertex 97.85000000149012 61.399999998509884 5
      vertex 80.82802280783653 45.792736671864986 5
      vertex 93.44377761337697 0.4270514244191592 5
    endloop
  endfacet
  facet normal 0 0 1
    outer loop
      vertex 97.85000000149012 61.399999998509884 5
      vertex 79.4400000050664 47.00999999791384 5
      vertex 79.62273667752743 46.99802280217409 5
    endloop
  endfacet
  facet normal 0 0 1
    outer loop
      vertex 97.85000000149012 61.399999998509884 5
      vertex 79.62273667752743 46.99802280217409 5
      vertex 79.80234666913748 46.96229615807533 5
    endloop
  endfacet
  facet normal 0 0 1
    outer loop
      vertex 97.85000000149012 61.399999998509884 5
      vertex 79.97575680911541 46.903431348502636 5
      vertex 80.14000000804663 46.822435565292835 5
    endloop
  endfacet
  facet normal 0 0 1
    outer loop
      vertex 97.85000000149012 61.399999998509884 5
      vertex 79.80234666913748 46.96229615807533 5
      vertex 79.97575680911541 46.903431348502636 5
    endloop
  endfacet
  facet normal 0 0 1
    outer loop
      vertex 97.85000000149012 61.399999998509884 5
      vertex 80.29226600378752 46.7206946760416 5
      vertex 80.42994949966669 46.59994949400425 5
    endloop
  endfacet
  facet normal 0 0 1
    outer loop
      vertex 97.85000000149012 61.399999998509884 5
      vertex 80.55069468170404 46.462265998125076 5
      vertex 80.65243557095528 46.310000002384186 5
    endloop
  endfacet
  facet normal 0 0 1
    outer loop
      vertex 97.85000000149012 61.399999998509884 5
      vertex 80.42994949966669 46.59994949400425 5
      vertex 80.55069468170404 46.462265998125076 5
    endloop
  endfacet
  facet normal 0 0 1
    outer loop
      vertex 97.85000000149012 61.399999998509884 5
      vertex 80.14000000804663 46.822435565292835 5
      vertex 80.29226600378752 46.7206946760416 5
    endloop
  endfacet
  facet normal 0 0 1
    outer loop
      vertex 97.85000000149012 61.399999998509884 5
      vertex 80.79229616373777 45.97234666347504 5
      vertex 80.82802280783653 45.792736671864986 5
    endloop
  endfacet
  facet normal 0 0 1
    outer loop
      vertex 97.85000000149012 61.399999998509884 5
      vertex 80.73343135416508 46.14575680345297 5
      vertex 80.79229616373777 45.97234666347504 5
    endloop
  endfacet
  facet normal 0 0 1
    outer loop
      vertex 97.85000000149012 61.399999998509884 5
      vertex 80.65243557095528 46.310000002384186 5
      vertex 80.73343135416508 46.14575680345297 5
    endloop
  endfacet
  facet normal 0 0 1
    outer loop
      vertex 79.4400000050664 47.00999999791384 5
      vertex 90.42105808375568 59.575 5
      vertex 90.32559877135638 59.76857233659761 5
    endloop
  endfacet
  facet normal 0 0 1
    outer loop
      vertex 79.4400000050664 47.00999999791384 5
      vertex 90.6832738110422 59.2332738110422 5
      vertex 90.54096698851947 59.395543642135614 5
    endloop
  endfacet
  facet normal 0 0 1
    outer loop
      vertex 79.4400000050664 47.00999999791384 5
      vertex 91.025 58.97105808375568 5
      vertex 90.84554364213562 59.09096698851947 5
    endloop
  endfacet
  facet normal 0 0 1
    outer loop
      vertex 79.4400000050664 47.00999999791384 5
      vertex 90.84554364213562 59.09096698851947 5
      vertex 90.6832738110422 59.2332738110422 5
    endloop
  endfacet
  facet normal 0 0 1
    outer loop
      vertex 79.4400000050664 47.00999999791384 5
      vertex 90.54096698851947 59.395543642135614 5
      vertex 90.42105808375568 59.575 5
    endloop
  endfacet
  facet normal 0 0 1
    outer loop
      vertex 79.4400000050664 47.00999999791384 5
      vertex 90.32559877135638 59.76857233659761 5
      vertex 90.25622238662305 59.972948575580844 5
    endloop
  endfacet
  facet normal 0 0 1
    outer loop
      vertex 79.4400000050664 47.00999999791384 5
      vertex 90.25622238662305 59.972948575580844 5
      vertex 90.21411597873322 60.184631782836924 5
    endloop
  endfacet
  facet normal 0 0 1
    outer loop
      vertex 79.4400000050664 47.00999999791384 5
      vertex 90.21411597873322 60.184631782836924 5
      vertex 90.2 60.400000000000006 5
    endloop
  endfacet
  facet normal 0 0 1
    outer loop
      vertex 79.4400000050664 47.00999999791384 5
      vertex 90.2 60.400000000000006 5
      vertex 90.21411597873322 60.61536821716309 5
    endloop
  endfacet
  facet normal 0 0 1
    outer loop
      vertex 79.4400000050664 47.00999999791384 5
      vertex 91.21857233659762 58.87559877135638 5
      vertex 91.025 58.97105808375568 5
    endloop
  endfacet
  facet normal 0 0 1
    outer loop
      vertex 79.4400000050664 47.00999999791384 5
      vertex 91.42294857558085 58.80622238662304 5
      vertex 91.21857233659762 58.87559877135638 5
    endloop
  endfacet
  facet normal 0 0 1
    outer loop
      vertex 91.42294857558085 58.80622238662304 5
      vertex 79.4400000050664 47.00999999791384 5
      vertex 91.63463178283692 58.764115978733216 5
    endloop
  endfacet
  facet normal 0 0 1
    outer loop
      vertex 79.4400000050664 47.00999999791384 5
      vertex 91.85000000000001 58.75000000000001 5
      vertex 91.63463178283692 58.764115978733216 5
    endloop
  endfacet
  facet normal 0 0 1
    outer loop
      vertex 79.4400000050664 47.00999999791384 5
      vertex 92.0653682171631 58.764115978733216 5
      vertex 91.85000000000001 58.75000000000001 5
    endloop
  endfacet
  facet normal 0 0 1
    outer loop
      vertex 79.4400000050664 47.00999999791384 5
      vertex 92.27705142441917 58.80622238662304 5
      vertex 92.0653682171631 58.764115978733216 5
    endloop
  endfacet
  facet normal 0 0 1
    outer loop
      vertex 79.4400000050664 47.00999999791384 5
      vertex 92.4814276634024 58.87559877135638 5
      vertex 92.27705142441917 58.80622238662304 5
    endloop
  endfacet
  facet normal 0 0 1
    outer loop
      vertex 79.4400000050664 47.00999999791384 5
      vertex 92.67500000000001 58.97105808375568 5
      vertex 92.4814276634024 58.87559877135638 5
    endloop
  endfacet
  facet normal 0 0 1
    outer loop
      vertex 79.4400000050664 47.00999999791384 5
      vertex 90.21411597873322 60.61536821716309 5
      vertex 90.25622238662305 60.82705142441917 5
    endloop
  endfacet
  facet normal 0 0 1
    outer loop
      vertex 79.4400000050664 47.00999999791384 5
      vertex 90.25622238662305 60.82705142441917 5
      vertex 90.32559877135638 61.031427663402404 5
    endloop
  endfacet
  facet normal 0 0 1
    outer loop
      vertex 79.4400000050664 47.00999999791384 5
      vertex 90.32559877135638 61.031427663402404 5
      vertex 90.42105808375568 61.22500000000001 5
    endloop
  endfacet
  facet normal 0 0 1
    outer loop
      vertex 79.4400000050664 47.00999999791384 5
      vertex 90.42105808375568 61.22500000000001 5
      vertex 90.54096698851947 61.4044563578644 5
    endloop
  endfacet
  facet normal 0 0 1
    outer loop
      vertex 97.80722431093454 62.052630960941315 5
      vertex 92.67500000000001 58.97105808375568 5
      vertex 79.4400000050664 47.00999999791384 5
    endloop
  endfacet
  facet normal 0 0 1
    outer loop
      vertex 97.85000000149012 61.399999998509884 5
      vertex 97.80722431093454 62.052630960941315 5
      vertex 79.4400000050664 47.00999999791384 5
    endloop
  endfacet
  facet normal 0 0 1
    outer loop
      vertex 97.80722431093454 62.052630960941315 5
      vertex 92.8544563578644 59.09096698851947 5
      vertex 92.67500000000001 58.97105808375568 5
    endloop
  endfacet
  facet normal 0 0 1
    outer loop
      vertex 97.80722431093454 62.052630960941315 5
      vertex 93.01672618895782 59.2332738110422 5
      vertex 92.8544563578644 59.09096698851947 5
    endloop
  endfacet
  facet normal 0 0 1
    outer loop
      vertex 97.80722431093454 62.052630960941315 5
      vertex 93.15903301148055 59.395543642135614 5
      vertex 93.01672618895782 59.2332738110422 5
    endloop
  endfacet
  facet normal 0 0 1
    outer loop
      vertex 97.80722431093454 62.052630960941315 5
      vertex 93.27894191624434 59.575 5
      vertex 93.15903301148055 59.395543642135614 5
    endloop
  endfacet
  facet normal 0 0 1
    outer loop
      vertex 97.6796291321516 62.694095224142075 5
      vertex 92.0653682171631 62.035884021266796 5
      vertex 92.27705142441917 61.99377761337697 5
    endloop
  endfacet
  facet normal 0 0 1
    outer loop
      vertex 97.6796291321516 62.694095224142075 5
      vertex 93.27894191624434 61.22500000000001 5
      vertex 93.37440122864363 61.031427663402404 5
    endloop
  endfacet
  facet normal 0 0 1
    outer loop
      vertex 97.6796291321516 62.694095224142075 5
      vertex 92.27705142441917 61.99377761337697 5
      vertex 92.4814276634024 61.92440122864363 5
    endloop
  endfacet
  facet normal 0 0 1
    outer loop
      vertex 97.6796291321516 62.694095224142075 5
      vertex 92.67500000000001 61.82894191624433 5
      vertex 92.8544563578644 61.70903301148054 5
    endloop
  endfacet
  facet normal 0 0 1
    outer loop
      vertex 97.6796291321516 62.694095224142075 5
      vertex 92.4814276634024 61.92440122864363 5
      vertex 92.67500000000001 61.82894191624433 5
    endloop
  endfacet
  facet normal 0 0 1
    outer loop
      vertex 97.6796291321516 62.694095224142075 5
      vertex 92.8544563578644 61.70903301148054 5
      vertex 93.01672618895782 61.56672618895781 5
    endloop
  endfacet
  facet normal 0 0 1
    outer loop
      vertex 97.6796291321516 62.694095224142075 5
      vertex 93.15903301148055 61.4044563578644 5
      vertex 93.27894191624434 61.22500000000001 5
    endloop
  endfacet
  facet normal 0 0 1
    outer loop
      vertex 97.6796291321516 62.694095224142075 5
      vertex 93.01672618895782 61.56672618895781 5
      vertex 93.15903301148055 61.4044563578644 5
    endloop
  endfacet
  facet normal 0 0 1
    outer loop
      vertex 97.80722431093454 62.052630960941315 5
      vertex 93.37440122864363 59.76857233659761 5
      vertex 93.27894191624434 59.575 5
    endloop
  endfacet
  facet normal 0 0 1
    outer loop
      vertex 97.80722431093454 62.052630960941315 5
      vertex 93.44377761337697 59.972948575580844 5
      vertex 93.37440122864363 59.76857233659761 5
    endloop
  endfacet
  facet normal 0 0 1
    outer loop
      vertex 97.6796291321516 62.694095224142075 5
      vertex 93.4858840212668 60.184631782836924 5
      vertex 93.44377761337697 59.972948575580844 5
    endloop
  endfacet
  facet normal 0 0 1
    outer loop
      vertex 97.6796291321516 62.694095224142075 5
      vertex 93.50000000000001 60.400000000000006 5
      vertex 93.4858840212668 60.184631782836924 5
    endloop
  endfacet
  facet normal 0 0 1
    outer loop
      vertex 97.6796291321516 62.694095224142075 5
      vertex 93.4858840212668 60.61536821716309 5
      vertex 93.50000000000001 60.400000000000006 5
    endloop
  endfacet
  facet normal 0 0 1
    outer loop
      vertex 97.6796291321516 62.694095224142075 5
      vertex 93.44377761337697 60.82705142441917 5
      vertex 93.4858840212668 60.61536821716309 5
    endloop
  endfacet
  facet normal 0 0 1
    outer loop
      vertex 97.6796291321516 62.694095224142075 5
      vertex 93.37440122864363 61.031427663402404 5
      vertex 93.44377761337697 60.82705142441917 5
    endloop
  endfacet
  facet normal 0 0 1
    outer loop
      vertex 97.80722431093454 62.052630960941315 5
      vertex 97.6796291321516 62.694095224142075 5
      vertex 93.44377761337697 59.972948575580844 5
    endloop
  endfacet
  facet normal 0 0 1
    outer loop
      vertex 97.6796291321516 62.694095224142075 5
      vertex 91.85000000000001 62.050000000000004 5
      vertex 92.0653682171631 62.035884021266796 5
    endloop
  endfacet
  facet normal 0.8968727416694137 0.4422886899417497 0
    outer loop
      vertex -81.0964145064354 -45.53458698093891 2.4
      vertex -80.91128129512072 -45.90999999642372 0
      vertex -81.0964145064354 -45.53458698093891 0
    endloop
  endfacet
  facet normal 0.5555702384389738 0.831469608681437 0
    outer loop
      vertex -80.08803657442331 -46.84873068332672 2.4
      vertex -79.74000000208616 -47.081281289458275 0
      vertex -80.08803657442331 -46.84873068332672 0
    endloop
  endfacet
  facet normal 0.4422886899417497 0.8968727416694137 0
    outer loop
      vertex -79.74000000208616 -47.081281289458275 2.4
      vertex -79.36458698660135 -47.26641450077295 0
      vertex -79.74000000208616 -47.081281289458275 0
    endloop
  endfacet
  facet normal 0.6593458155107155 0.7518398071188499 0
    outer loop
      vertex -80.40274170041084 -46.5727416947484 2.4
      vertex -80.08803657442331 -46.84873068332672 0
      vertex -80.40274170041084 -46.5727416947484 0
    endloop
  endfacet
  facet normal 0.7518398071188499 0.6593458155107155 0
    outer loop
      vertex -80.67873068898916 -46.25803656876087 2.4
      vertex -80.40274170041084 -46.5727416947484 0
      vertex -80.67873068898916 -46.25803656876087 0
    endloop
  endfacet
  facet normal 0.831469608681437 0.5555702384389738 0
    outer loop
      vertex -80.91128129512072 -45.90999999642372 2.4
      vertex -80.67873068898916 -46.25803656876087 0
      vertex -80.91128129512072 -45.90999999642372 0
    endloop
  endfacet
  facet normal 0.9469301345134818 0.32143945051950196 0
    outer loop
      vertex -81.23096264153719 -45.13822093605995 2.4
      vertex -81.0964145064354 -45.53458698093891 0
      vertex -81.23096264153719 -45.13822093605995 0
    endloop
  endfacet
  facet normal 0.9807852768728927 0.1950903397643338 0
    outer loop
      vertex -81.31262356042862 -44.72768381237984 2.4
      vertex -81.23096264153719 -45.13822093605995 0
      vertex -81.31262356042862 -44.72768381237984 0
    endloop
  endfacet
  facet normal 0.9978589233336581 0.06540312777989063 0
    outer loop
      vertex -81.34000000357628 -44.309999994933605 2.4
      vertex -81.31262356042862 -44.72768381237984 0
      vertex -81.34000000357628 -44.309999994933605 0
    endloop
  endfacet
  facet normal 0.32143945051950196 0.9469301345134818 0
    outer loop
      vertex -79.36458698660135 -47.26641450077295 2.4
      vertex -78.9682209417224 -47.40096263587475 0
      vertex -79.36458698660135 -47.26641450077295 0
    endloop
  endfacet
  facet normal 0.1950903397643338 0.9807852768728927 0
    outer loop
      vertex -78.9682209417224 -47.40096263587475 2.4
      vertex -78.55768381804228 -47.48262355476618 0
      vertex -78.9682209417224 -47.40096263587475 0
    endloop
  endfacet
  facet normal 0.06540312777989063 0.9978589233336581 0
    outer loop
      vertex -78.55768381804228 -47.48262355476618 2.4
      vertex -78.14000000059605 -47.50999999791384 0
      vertex -78.55768381804228 -47.48262355476618 0
    endloop
  endfacet
  facet normal 0.6593458155107155 0.7518398071188499 0
    outer loop
      vertex -80.40274170041084 -46.5727416947484 2.4
      vertex -80.08803657442331 -46.84873068332672 2.4
      vertex -80.08803657442331 -46.84873068332672 0
    endloop
  endfacet
  facet normal 0.5555702384389738 0.831469608681437 0
    outer loop
      vertex -80.08803657442331 -46.84873068332672 2.4
      vertex -79.74000000208616 -47.081281289458275 2.4
      vertex -79.74000000208616 -47.081281289458275 0
    endloop
  endfacet
  facet normal 0.7518398071188499 0.6593458155107155 0
    outer loop
      vertex -80.67873068898916 -46.25803656876087 2.4
      vertex -80.40274170041084 -46.5727416947484 2.4
      vertex -80.40274170041084 -46.5727416947484 0
    endloop
  endfacet
  facet normal 0.831469608681437 0.5555702384389738 0
    outer loop
      vertex -80.91128129512072 -45.90999999642372 2.4
      vertex -80.67873068898916 -46.25803656876087 2.4
      vertex -80.67873068898916 -46.25803656876087 0
    endloop
  endfacet
  facet normal 0.8968727416694137 0.4422886899417497 0
    outer loop
      vertex -80.91128129512072 -45.90999999642372 2.4
      vertex -80.91128129512072 -45.90999999642372 0
      vertex -81.0964145064354 -45.53458698093891 2.4
    endloop
  endfacet
  facet normal 0.9469301345134818 0.32143945051950196 0
    outer loop
      vertex -81.0964145064354 -45.53458698093891 2.4
      vertex -81.0964145064354 -45.53458698093891 0
      vertex -81.23096264153719 -45.13822093605995 2.4
    endloop
  endfacet
  facet normal 0.9807852768728927 0.1950903397643338 0
    outer loop
      vertex -81.23096264153719 -45.13822093605995 2.4
      vertex -81.23096264153719 -45.13822093605995 0
      vertex -81.31262356042862 -44.72768381237984 2.4
    endloop
  endfacet
  facet normal 0.9978589233336581 0.06540312777989063 0
    outer loop
      vertex -81.31262356042862 -44.72768381237984 2.4
      vertex -81.31262356042862 -44.72768381237984 0
      vertex -81.34000000357628 -44.309999994933605 2.4
    endloop
  endfacet
  facet normal 0.32143945051950196 0.9469301345134818 0
    outer loop
      vertex -79.36458698660135 -47.26641450077295 2.4
      vertex -78.9682209417224 -47.40096263587475 2.4
      vertex -78.9682209417224 -47.40096263587475 0
    endloop
  endfacet
  facet normal 0.4422886899417497 0.8968727416694137 0
    outer loop
      vertex -79.74000000208616 -47.081281289458275 2.4
      vertex -79.36458698660135 -47.26641450077295 2.4
      vertex -79.36458698660135 -47.26641450077295 0
    endloop
  endfacet
  facet normal 0.1950903397643338 0.9807852768728927 0
    outer loop
      vertex -78.9682209417224 -47.40096263587475 2.4
      vertex -78.55768381804228 -47.48262355476618 2.4
      vertex -78.55768381804228 -47.48262355476618 0
    endloop
  endfacet
  facet normal 0.06540312777989063 0.9978589233336581 0
    outer loop
      vertex -78.55768381804228 -47.48262355476618 2.4
      vertex -78.14000000059605 -47.50999999791384 2.4
      vertex -78.14000000059605 -47.50999999791384 0
    endloop
  endfacet
  facet normal 0 0 -1
    outer loop
      vertex -81.23096264153719 -45.13822093605995 2.4
      vertex -81.31262356042862 -44.72768381237984 2.4
      vertex -77.24865543842316 -42.76922011375427 2.4
    endloop
  endfacet
  facet normal 0 0 -1
    outer loop
      vertex -81.31262356042862 -44.72768381237984 2.4
      vertex -81.34000000357628 -44.309999994933605 2.4
      vertex -77.32973383367062 -42.466631427407265 2.4
    endloop
  endfacet
  facet normal 0 0 -1
    outer loop
      vertex -81.23096264153719 -45.13822093605995 2.4
      vertex -76.98852813988924 -43.1585281342268 2.4
      vertex -76.87051371484995 -43.262024000287056 2.4
    endloop
  endfacet
  facet normal 0 0 -1
    outer loop
      vertex -81.23096264153719 -45.13822093605995 2.4
      vertex -77.24865543842316 -42.76922011375427 2.4
      vertex -77.17923048883677 -42.90999999642372 2.4
    endloop
  endfacet
  facet normal 0 0 -1
    outer loop
      vertex -81.23096264153719 -45.13822093605995 2.4
      vertex -77.0920240059495 -43.04051370918751 2.4
      vertex -76.98852813988924 -43.1585281342268 2.4
    endloop
  endfacet
  facet normal 0 0 -1
    outer loop
      vertex -81.23096264153719 -45.13822093605995 2.4
      vertex -77.17923048883677 -42.90999999642372 2.4
      vertex -77.0920240059495 -43.04051370918751 2.4
    endloop
  endfacet
  facet normal 0 0 -1
    outer loop
      vertex -81.23096264153719 -45.13822093605995 2.4
      vertex -76.74000000208616 -43.349230483174324 2.4
      vertex -76.59922011941671 -43.418655432760715 2.4
    endloop
  endfacet
  facet normal 0 0 -1
    outer loop
      vertex -81.23096264153719 -45.13822093605995 2.4
      vertex -76.87051371484995 -43.262024000287056 2.4
      vertex -76.74000000208616 -43.349230483174324 2.4
    endloop
  endfacet
  facet normal 0 0 -1
    outer loop
      vertex -81.23096264153719 -45.13822093605995 2.4
      vertex -76.59922011941671 -43.418655432760715 2.4
      vertex -76.45058285444975 -43.4691109880805 2.4
    endloop
  endfacet
  facet normal 0 0 -1
    outer loop
      vertex -81.23096264153719 -45.13822093605995 2.4
      vertex -76.45058285444975 -43.4691109880805 2.4
      vertex -76.2966314330697 -43.499733828008175 2.4
    endloop
  endfacet
  facet normal 0 0 -1
    outer loop
      vertex -81.23096264153719 -45.13822093605995 2.4
      vertex -76.2966314330697 -43.499733828008175 2.4
      vertex -76.14000000059605 -43.50999999791384 2.4
    endloop
  endfacet
  facet normal 0 0 -1
    outer loop
      vertex -81.31262356042862 -44.72768381237984 2.4
      vertex -77.29911099374294 -42.62058284878731 2.4
      vertex -77.24865543842316 -42.76922011375427 2.4
    endloop
  endfacet
  facet normal 0 0 -1
    outer loop
      vertex -81.31262356042862 -44.72768381237984 2.4
      vertex -77.32973383367062 -42.466631427407265 2.4
      vertex -77.29911099374294 -42.62058284878731 2.4
    endloop
  endfacet
  facet normal 0 0 -1
    outer loop
      vertex -81.34000000357628 -44.309999994933605 2.4
      vertex -77.34000000357628 -42.309999994933605 2.4
      vertex -77.32973383367062 -42.466631427407265 2.4
    endloop
  endfacet
  facet normal 1 0 0
    outer loop
      vertex -81.34000000357628 -44.309999994933605 2.4
      vertex -81.34000000357628 -44.309999994933605 0
      vertex -81.34000000357628 44.309999994933605 2.4
    endloop
  endfacet
  facet normal 0 0 -1
    outer loop
      vertex -81.34000000357628 -44.309999994933605 2.4
      vertex -77.34000000357628 42.309999994933605 2.4
      vertex -77.34000000357628 -42.309999994933605 2.4
    endloop
  endfacet
  facet normal 0 1 0
    outer loop
      vertex -78.14000000059605 -47.50999999791384 2.4
      vertex 78.14000000059605 -47.50999999791384 0
      vertex -78.14000000059605 -47.50999999791384 0
    endloop
  endfacet
  facet normal 0 0 -1
    outer loop
      vertex -80.08803657442331 -46.84873068332672 2.4
      vertex 80.67873068898916 -46.25803656876087 2.4
      vertex -79.74000000208616 -47.081281289458275 2.4
    endloop
  endfacet
  facet normal 0 0 -1
    outer loop
      vertex -79.74000000208616 -47.081281289458275 2.4
      vertex 80.40274170041084 -46.5727416947484 2.4
      vertex -79.36458698660135 -47.26641450077295 2.4
    endloop
  endfacet
  facet normal 0 0 -1
    outer loop
      vertex -79.36458698660135 -47.26641450077295 2.4
      vertex 80.08803657442331 -46.84873068332672 2.4
      vertex -78.9682209417224 -47.40096263587475 2.4
    endloop
  endfacet
  facet normal 0 0 -1
    outer loop
      vertex -80.91128129512072 -45.90999999642372 2.4
      vertex 81.23096264153719 -45.13822093605995 2.4
      vertex -80.67873068898916 -46.25803656876087 2.4
    endloop
  endfacet
  facet normal 0 0 -1
    outer loop
      vertex -80.40274170041084 -46.5727416947484 2.4
      vertex 80.91128129512072 -45.90999999642372 2.4
      vertex -80.08803657442331 -46.84873068332672 2.4
    endloop
  endfacet
  facet normal 0 0 -1
    outer loop
      vertex -80.67873068898916 -46.25803656876087 2.4
      vertex 81.0964145064354 -45.53458698093891 2.4
      vertex -80.40274170041084 -46.5727416947484 2.4
    endloop
  endfacet
  facet normal 0 0 -1
    outer loop
      vertex -78.9682209417224 -47.40096263587475 2.4
      vertex 79.74000000208616 -47.081281289458275 2.4
      vertex -78.55768381804228 -47.48262355476618 2.4
    endloop
  endfacet
  facet normal 0 0 -1
    outer loop
      vertex -78.55768381804228 -47.48262355476618 2.4
      vertex 79.36458698660135 -47.26641450077295 2.4
      vertex -78.14000000059605 -47.50999999791384 2.4
    endloop
  endfacet
  facet normal 0 0 -1
    outer loop
      vertex -80.91128129512072 -45.90999999642372 2.4
      vertex -81.0964145064354 -45.53458698093891 2.4
      vertex 81.31262356042862 -44.72768381237984 2.4
    endloop
  endfacet
  facet normal 0 0 -1
    outer loop
      vertex -81.0964145064354 -45.53458698093891 2.4
      vertex -81.23096264153719 -45.13822093605995 2.4
      vertex 81.34000000357628 -44.309999994933605 2.4
    endloop
  endfacet
  facet normal 0 0 -1
    outer loop
      vertex -81.23096264153719 -45.13822093605995 2.4
      vertex -76.14000000059605 -43.50999999791384 2.4
      vertex 81.34000000357628 -44.309999994933605 2.4
    endloop
  endfacet
  facet normal 1 0 0
    outer loop
      vertex -81.34000000357628 44.309999994933605 2.4
      vertex -81.34000000357628 -44.309999994933605 0
      vertex -81.34000000357628 44.309999994933605 0
    endloop
  endfacet
  facet normal 0 0 -1
    outer loop
      vertex -81.34000000357628 -44.309999994933605 2.4
      vertex -81.34000000357628 44.309999994933605 2.4
      vertex -77.34000000357628 42.309999994933605 2.4
    endloop
  endfacet
  facet normal 0.9978589233336581 -0.06540312777989063 0
    outer loop
      vertex -81.31262356042862 44.72768381237984 2.4
      vertex -81.34000000357628 44.309999994933605 0
      vertex -81.31262356042862 44.72768381237984 0
    endloop
  endfacet
  facet normal 0.9807852768728927 -0.1950903397643338 0
    outer loop
      vertex -81.23096264153719 45.13822093605995 2.4
      vertex -81.31262356042862 44.72768381237984 0
      vertex -81.23096264153719 45.13822093605995 0
    endloop
  endfacet
  facet normal 0.9469301345134818 -0.32143945051950196 0
    outer loop
      vertex -81.0964145064354 45.53458698093891 2.4
      vertex -81.23096264153719 45.13822093605995 0
      vertex -81.0964145064354 45.53458698093891 0
    endloop
  endfacet
  facet normal 0.8968727416694137 -0.4422886899417497 0
    outer loop
      vertex -80.91128129512072 45.90999999642372 2.4
      vertex -81.0964145064354 45.53458698093891 0
      vertex -80.91128129512072 45.90999999642372 0
    endloop
  endfacet
  facet normal 0.831469608681437 -0.5555702384389738 0
    outer loop
      vertex -80.67873068898916 46.25803656876087 2.4
      vertex -80.91128129512072 45.90999999642372 0
      vertex -80.67873068898916 46.25803656876087 0
    endloop
  endfacet
  facet normal 0.7518398071188499 -0.6593458155107155 0
    outer loop
      vertex -80.40274170041084 46.5727416947484 2.4
      vertex -80.67873068898916 46.25803656876087 0
      vertex -80.40274170041084 46.5727416947484 0
    endloop
  endfacet
  facet normal 0.6593458155107155 -0.7518398071188499 0
    outer loop
      vertex -80.08803657442331 46.84873068332672 2.4
      vertex -80.40274170041084 46.5727416947484 0
      vertex -80.08803657442331 46.84873068332672 0
    endloop
  endfacet
  facet normal 0.5555702384389738 -0.831469608681437 0
    outer loop
      vertex -79.74000000208616 47.081281289458275 2.4
      vertex -80.08803657442331 46.84873068332672 0
      vertex -79.74000000208616 47.081281289458275 0
    endloop
  endfacet
  facet normal 0.4422886899417497 -0.8968727416694137 0
    outer loop
      vertex -79.36458698660135 47.26641450077295 2.4
      vertex -79.74000000208616 47.081281289458275 0
      vertex -79.36458698660135 47.26641450077295 0
    endloop
  endfacet
  facet normal 0.32143945051950196 -0.9469301345134818 0
    outer loop
      vertex -78.9682209417224 47.40096263587475 2.4
      vertex -79.36458698660135 47.26641450077295 0
      vertex -78.9682209417224 47.40096263587475 0
    endloop
  endfacet
  facet normal 0.1950903397643338 -0.9807852768728927 0
    outer loop
      vertex -78.55768381804228 47.48262355476618 2.4
      vertex -78.9682209417224 47.40096263587475 0
      vertex -78.55768381804228 47.48262355476618 0
    endloop
  endfacet
  facet normal 0.06540312777989063 -0.9978589233336581 0
    outer loop
      vertex -78.14000000059605 47.50999999791384 2.4
      vertex -78.55768381804228 47.48262355476618 0
      vertex -78.14000000059605 47.50999999791384 0
    endloop
  endfacet
  facet normal 0.9978589233336581 -0.06540312777989063 0
    outer loop
      vertex -81.34000000357628 44.309999994933605 2.4
      vertex -81.34000000357628 44.309999994933605 0
      vertex -81.31262356042862 44.72768381237984 2.4
    endloop
  endfacet
  facet normal 0.9807852768728927 -0.1950903397643338 0
    outer loop
      vertex -81.31262356042862 44.72768381237984 2.4
      vertex -81.31262356042862 44.72768381237984 0
      vertex -81.23096264153719 45.13822093605995 2.4
    endloop
  endfacet
  facet normal 0.9469301345134818 -0.32143945051950196 0
    outer loop
      vertex -81.23096264153719 45.13822093605995 2.4
      vertex -81.23096264153719 45.13822093605995 0
      vertex -81.0964145064354 45.53458698093891 2.4
    endloop
  endfacet
  facet normal 0.8968727416694137 -0.4422886899417497 0
    outer loop
      vertex -81.0964145064354 45.53458698093891 2.4
      vertex -81.0964145064354 45.53458698093891 0
      vertex -80.91128129512072 45.90999999642372 2.4
    endloop
  endfacet
  facet normal 0.831469608681437 -0.5555702384389738 0
    outer loop
      vertex -80.91128129512072 45.90999999642372 2.4
      vertex -80.91128129512072 45.90999999642372 0
      vertex -80.67873068898916 46.25803656876087 2.4
    endloop
  endfacet
  facet normal 0.7518398071188499 -0.6593458155107155 0
    outer loop
      vertex -80.67873068898916 46.25803656876087 2.4
      vertex -80.67873068898916 46.25803656876087 0
      vertex -80.40274170041084 46.5727416947484 2.4
    endloop
  endfacet
  facet normal 0.6593458155107155 -0.7518398071188499 0
    outer loop
      vertex -80.40274170041084 46.5727416947484 2.4
      vertex -80.40274170041084 46.5727416947484 0
      vertex -80.08803657442331 46.84873068332672 2.4
    endloop
  endfacet
  facet normal 0.5555702384389738 -0.831469608681437 0
    outer loop
      vertex -80.08803657442331 46.84873068332672 2.4
      vertex -80.08803657442331 46.84873068332672 0
      vertex -79.74000000208616 47.081281289458275 2.4
    endloop
  endfacet
  facet normal 0.4422886899417497 -0.8968727416694137 0
    outer loop
      vertex -79.74000000208616 47.081281289458275 2.4
      vertex -79.74000000208616 47.081281289458275 0
      vertex -79.36458698660135 47.26641450077295 2.4
    endloop
  endfacet
  facet normal 0.32143945051950196 -0.9469301345134818 0
    outer loop
      vertex -79.36458698660135 47.26641450077295 2.4
      vertex -79.36458698660135 47.26641450077295 0
      vertex -78.9682209417224 47.40096263587475 2.4
    endloop
  endfacet
  facet normal 0.1950903397643338 -0.9807852768728927 0
    outer loop
      vertex -78.9682209417224 47.40096263587475 2.4
      vertex -78.9682209417224 47.40096263587475 0
      vertex -78.55768381804228 47.48262355476618 2.4
    endloop
  endfacet
  facet normal 0.06540312777989063 -0.9978589233336581 0
    outer loop
      vertex -78.55768381804228 47.48262355476618 2.4
      vertex -78.55768381804228 47.48262355476618 0
      vertex -78.14000000059605 47.50999999791384 2.4
    endloop
  endfacet
  facet normal 0 0 -1
    outer loop
      vertex -77.34000000357628 42.309999994933605 2.4
      vertex -81.34000000357628 44.309999994933605 2.4
      vertex -77.32973383367062 42.466631427407265 2.4
    endloop
  endfacet
  facet normal 0 0 -1
    outer loop
      vertex -77.32973383367062 42.466631427407265 2.4
      vertex -81.34000000357628 44.309999994933605 2.4
      vertex -77.29911099374294 42.62058284878731 2.4
    endloop
  endfacet
  facet normal 0 0 -1
    outer loop
      vertex -77.29911099374294 42.62058284878731 2.4
      vertex -81.34000000357628 44.309999994933605 2.4
      vertex -77.24865543842316 42.76922011375427 2.4
    endloop
  endfacet
  facet normal 0 0 -1
    outer loop
      vertex -77.24865543842316 42.76922011375427 2.4
      vertex -81.34000000357628 44.309999994933605 2.4
      vertex -77.17923048883677 42.90999999642372 2.4
    endloop
  endfacet
  facet normal 0 0 -1
    outer loop
      vertex -77.17923048883677 42.90999999642372 2.4
      vertex -81.34000000357628 44.309999994933605 2.4
      vertex -77.0920240059495 43.04051370918751 2.4
    endloop
  endfacet
  facet normal 0 0 -1
    outer loop
      vertex -81.34000000357628 44.309999994933605 2.4
      vertex -76.98852813988924 43.1585281342268 2.4
      vertex -77.0920240059495 43.04051370918751 2.4
    endloop
  endfacet
  facet normal 0 0 -1
    outer loop
      vertex -81.34000000357628 44.309999994933605 2.4
      vertex -76.87051371484995 43.262024000287056 2.4
      vertex -76.98852813988924 43.1585281342268 2.4
    endloop
  endfacet
  facet normal 0 0 -1
    outer loop
      vertex -81.34000000357628 44.309999994933605 2.4
      vertex -76.74000000208616 43.349230483174324 2.4
      vertex -76.87051371484995 43.262024000287056 2.4
    endloop
  endfacet
  facet normal 0 0 -1
    outer loop
      vertex -81.34000000357628 44.309999994933605 2.4
      vertex -76.59922011941671 43.418655432760715 2.4
      vertex -76.74000000208616 43.349230483174324 2.4
    endloop
  endfacet
  facet normal 0 0 -1
    outer loop
      vertex -81.34000000357628 44.309999994933605 2.4
      vertex -76.45058285444975 43.4691109880805 2.4
      vertex -76.59922011941671 43.418655432760715 2.4
    endloop
  endfacet
  facet normal 0 0 -1
    outer loop
      vertex -81.34000000357628 44.309999994933605 2.4
      vertex -76.2966314330697 43.499733828008175 2.4
      vertex -76.45058285444975 43.4691109880805 2.4
    endloop
  endfacet
  facet normal 0 0 -1
    outer loop
      vertex -81.34000000357628 44.309999994933605 2.4
      vertex -76.14000000059605 43.50999999791384 2.4
      vertex -76.2966314330697 43.499733828008175 2.4
    endloop
  endfacet
  facet normal 0 0 -1
    outer loop
      vertex -78.9682209417224 47.40096263587475 2.4
      vertex -78.55768381804228 47.48262355476618 2.4
      vertex -78.14000000059605 47.50999999791384 2.4
    endloop
  endfacet
  facet normal 0 -1 0
    outer loop
      vertex -78.14000000059605 47.50999999791384 2.4
      vertex -78.14000000059605 47.50999999791384 0
      vertex 78.14000000059605 47.50999999791384 2.4
    endloop
  endfacet
  facet normal 0 0 -1
    outer loop
      vertex -81.34000000357628 44.309999994933605 2.4
      vertex 76.14000000059605 43.50999999791384 2.4
      vertex -76.14000000059605 43.50999999791384 2.4
    endloop
  endfacet
  facet normal 0 0 -1
    outer loop
      vertex -81.34000000357628 44.309999994933605 2.4
      vertex -81.31262356042862 44.72768381237984 2.4
      vertex 81.0964145064354 45.53458698093891 2.4
    endloop
  endfacet
  facet normal 0 0 -1
    outer loop
      vertex -81.31262356042862 44.72768381237984 2.4
      vertex -81.23096264153719 45.13822093605995 2.4
      vertex 80.91128129512072 45.90999999642372 2.4
    endloop
  endfacet
  facet normal 0 0 -1
    outer loop
      vertex -81.23096264153719 45.13822093605995 2.4
      vertex -81.0964145064354 45.53458698093891 2.4
      vertex 80.67873068898916 46.25803656876087 2.4
    endloop
  endfacet
  facet normal 0 0 -1
    outer loop
      vertex -81.0964145064354 45.53458698093891 2.4
      vertex -80.91128129512072 45.90999999642372 2.4
      vertex 80.40274170041084 46.5727416947484 2.4
    endloop
  endfacet
  facet normal 0 0 -1
    outer loop
      vertex -80.91128129512072 45.90999999642372 2.4
      vertex -80.67873068898916 46.25803656876087 2.4
      vertex 80.08803657442331 46.84873068332672 2.4
    endloop
  endfacet
  facet normal 0 0 -1
    outer loop
      vertex -80.67873068898916 46.25803656876087 2.4
      vertex -80.40274170041084 46.5727416947484 2.4
      vertex 79.74000000208616 47.081281289458275 2.4
    endloop
  endfacet
  facet normal 0 0 -1
    outer loop
      vertex -80.40274170041084 46.5727416947484 2.4
      vertex -80.08803657442331 46.84873068332672 2.4
      vertex 79.36458698660135 47.26641450077295 2.4
    endloop
  endfacet
  facet normal 0 0 -1
    outer loop
      vertex -80.08803657442331 46.84873068332672 2.4
      vertex -79.74000000208616 47.081281289458275 2.4
      vertex 78.9682209417224 47.40096263587475 2.4
    endloop
  endfacet
  facet normal 0 0 -1
    outer loop
      vertex -79.74000000208616 47.081281289458275 2.4
      vertex -79.36458698660135 47.26641450077295 2.4
      vertex 78.55768381804228 47.48262355476618 2.4
    endloop
  endfacet
  facet normal 0 0 -1
    outer loop
      vertex -79.36458698660135 47.26641450077295 2.4
      vertex -78.9682209417224 47.40096263587475 2.4
      vertex 78.14000000059605 47.50999999791384 2.4
    endloop
  endfacet
  facet normal 0 0 -1
    outer loop
      vertex -78.9682209417224 47.40096263587475 2.4
      vertex -78.14000000059605 47.50999999791384 2.4
      vertex 78.14000000059605 47.50999999791384 2.4
    endloop
  endfacet
  facet normal 0 1 0
    outer loop
      vertex -78.14000000059605 -47.50999999791384 2.4
      vertex 78.14000000059605 -47.50999999791384 2.4
      vertex 78.14000000059605 -47.50999999791384 0
    endloop
  endfacet
  facet normal 0 0 -1
    outer loop
      vertex -78.14000000059605 -47.50999999791384 2.4
      vertex 78.9682209417224 -47.40096263587475 2.4
      vertex 78.14000000059605 -47.50999999791384 2.4
    endloop
  endfacet
  facet normal 0 0 -1
    outer loop
      vertex -78.14000000059605 -47.50999999791384 2.4
      vertex 79.36458698660135 -47.26641450077295 2.4
      vertex 78.9682209417224 -47.40096263587475 2.4
    endloop
  endfacet
  facet normal 0 0 -1
    outer loop
      vertex -78.55768381804228 -47.48262355476618 2.4
      vertex 79.74000000208616 -47.081281289458275 2.4
      vertex 79.36458698660135 -47.26641450077295 2.4
    endloop
  endfacet
  facet normal 0 0 -1
    outer loop
      vertex -78.9682209417224 -47.40096263587475 2.4
      vertex 80.08803657442331 -46.84873068332672 2.4
      vertex 79.74000000208616 -47.081281289458275 2.4
    endloop
  endfacet
  facet normal 0 0 -1
    outer loop
      vertex -79.36458698660135 -47.26641450077295 2.4
      vertex 80.40274170041084 -46.5727416947484 2.4
      vertex 80.08803657442331 -46.84873068332672 2.4
    endloop
  endfacet
  facet normal 0 0 -1
    outer loop
      vertex -79.74000000208616 -47.081281289458275 2.4
      vertex 80.67873068898916 -46.25803656876087 2.4
      vertex 80.40274170041084 -46.5727416947484 2.4
    endloop
  endfacet
  facet normal 0 0 -1
    outer loop
      vertex -80.08803657442331 -46.84873068332672 2.4
      vertex 80.91128129512072 -45.90999999642372 2.4
      vertex 80.67873068898916 -46.25803656876087 2.4
    endloop
  endfacet
  facet normal 0 0 -1
    outer loop
      vertex -80.40274170041084 -46.5727416947484 2.4
      vertex 81.0964145064354 -45.53458698093891 2.4
      vertex 80.91128129512072 -45.90999999642372 2.4
    endloop
  endfacet
  facet normal 0 0 -1
    outer loop
      vertex -80.67873068898916 -46.25803656876087 2.4
      vertex 81.23096264153719 -45.13822093605995 2.4
      vertex 81.0964145064354 -45.53458698093891 2.4
    endloop
  endfacet
  facet normal 0 0 -1
    outer loop
      vertex -80.91128129512072 -45.90999999642372 2.4
      vertex 81.31262356042862 -44.72768381237984 2.4
      vertex 81.23096264153719 -45.13822093605995 2.4
    endloop
  endfacet
  facet normal 0 0 -1
    outer loop
      vertex -81.0964145064354 -45.53458698093891 2.4
      vertex 81.34000000357628 -44.309999994933605 2.4
      vertex 81.31262356042862 -44.72768381237984 2.4
    endloop
  endfacet
  facet normal 0 0 -1
    outer loop
      vertex -76.14000000059605 -43.50999999791384 2.4
      vertex 76.14000000059605 -43.50999999791384 2.4
      vertex 81.34000000357628 -44.309999994933605 2.4
    endloop
  endfacet
  facet normal -0.06540312777989063 0.9978589233336581 0
    outer loop
      vertex 78.14000000059605 -47.50999999791384 2.4
      vertex 78.55768381804228 -47.48262355476618 0
      vertex 78.14000000059605 -47.50999999791384 0
    endloop
  endfacet
  facet normal -0.1950903397643338 0.9807852768728927 0
    outer loop
      vertex 78.55768381804228 -47.48262355476618 2.4
      vertex 78.9682209417224 -47.40096263587475 0
      vertex 78.55768381804228 -47.48262355476618 0
    endloop
  endfacet
  facet normal -0.32143945051950196 0.9469301345134818 0
    outer loop
      vertex 78.9682209417224 -47.40096263587475 2.4
      vertex 79.36458698660135 -47.26641450077295 0
      vertex 78.9682209417224 -47.40096263587475 0
    endloop
  endfacet
  facet normal -0.4422886899417497 0.8968727416694137 0
    outer loop
      vertex 79.36458698660135 -47.26641450077295 2.4
      vertex 79.74000000208616 -47.081281289458275 0
      vertex 79.36458698660135 -47.26641450077295 0
    endloop
  endfacet
  facet normal -0.5555702384389738 0.831469608681437 0
    outer loop
      vertex 79.74000000208616 -47.081281289458275 2.4
      vertex 80.08803657442331 -46.84873068332672 0
      vertex 79.74000000208616 -47.081281289458275 0
    endloop
  endfacet
  facet normal -0.6593458155107155 0.7518398071188499 0
    outer loop
      vertex 80.08803657442331 -46.84873068332672 2.4
      vertex 80.40274170041084 -46.5727416947484 0
      vertex 80.08803657442331 -46.84873068332672 0
    endloop
  endfacet
  facet normal -0.7518398071188499 0.6593458155107155 0
    outer loop
      vertex 80.40274170041084 -46.5727416947484 2.4
      vertex 80.67873068898916 -46.25803656876087 0
      vertex 80.40274170041084 -46.5727416947484 0
    endloop
  endfacet
  facet normal -0.831469608681437 0.5555702384389738 0
    outer loop
      vertex 80.67873068898916 -46.25803656876087 2.4
      vertex 80.91128129512072 -45.90999999642372 0
      vertex 80.67873068898916 -46.25803656876087 0
    endloop
  endfacet
  facet normal -0.8968727416694137 0.4422886899417497 0
    outer loop
      vertex 80.91128129512072 -45.90999999642372 2.4
      vertex 81.0964145064354 -45.53458698093891 0
      vertex 80.91128129512072 -45.90999999642372 0
    endloop
  endfacet
  facet normal -0.9469301345134818 0.32143945051950196 0
    outer loop
      vertex 81.0964145064354 -45.53458698093891 2.4
      vertex 81.23096264153719 -45.13822093605995 0
      vertex 81.0964145064354 -45.53458698093891 0
    endloop
  endfacet
  facet normal -0.9807852768728927 0.1950903397643338 0
    outer loop
      vertex 81.23096264153719 -45.13822093605995 2.4
      vertex 81.31262356042862 -44.72768381237984 0
      vertex 81.23096264153719 -45.13822093605995 0
    endloop
  endfacet
  facet normal -0.9978589233336581 0.06540312777989063 0
    outer loop
      vertex 81.31262356042862 -44.72768381237984 2.4
      vertex 81.34000000357628 -44.309999994933605 0
      vertex 81.31262356042862 -44.72768381237984 0
    endloop
  endfacet
  facet normal -0.06540312777989063 0.9978589233336581 0
    outer loop
      vertex 78.14000000059605 -47.50999999791384 2.4
      vertex 78.55768381804228 -47.48262355476618 2.4
      vertex 78.55768381804228 -47.48262355476618 0
    endloop
  endfacet
  facet normal -0.1950903397643338 0.9807852768728927 0
    outer loop
      vertex 78.55768381804228 -47.48262355476618 2.4
      vertex 78.9682209417224 -47.40096263587475 2.4
      vertex 78.9682209417224 -47.40096263587475 0
    endloop
  endfacet
  facet normal -0.32143945051950196 0.9469301345134818 0
    outer loop
      vertex 78.9682209417224 -47.40096263587475 2.4
      vertex 79.36458698660135 -47.26641450077295 2.4
      vertex 79.36458698660135 -47.26641450077295 0
    endloop
  endfacet
  facet normal -0.4422886899417497 0.8968727416694137 0
    outer loop
      vertex 79.36458698660135 -47.26641450077295 2.4
      vertex 79.74000000208616 -47.081281289458275 2.4
      vertex 79.74000000208616 -47.081281289458275 0
    endloop
  endfacet
  facet normal -0.5555702384389738 0.831469608681437 0
    outer loop
      vertex 79.74000000208616 -47.081281289458275 2.4
      vertex 80.08803657442331 -46.84873068332672 2.4
      vertex 80.08803657442331 -46.84873068332672 0
    endloop
  endfacet
  facet normal -0.6593458155107155 0.7518398071188499 0
    outer loop
      vertex 80.08803657442331 -46.84873068332672 2.4
      vertex 80.40274170041084 -46.5727416947484 2.4
      vertex 80.40274170041084 -46.5727416947484 0
    endloop
  endfacet
  facet normal -0.7518398071188499 0.6593458155107155 0
    outer loop
      vertex 80.40274170041084 -46.5727416947484 2.4
      vertex 80.67873068898916 -46.25803656876087 2.4
      vertex 80.67873068898916 -46.25803656876087 0
    endloop
  endfacet
  facet normal -0.831469608681437 0.5555702384389738 0
    outer loop
      vertex 80.67873068898916 -46.25803656876087 2.4
      vertex 80.91128129512072 -45.90999999642372 2.4
      vertex 80.91128129512072 -45.90999999642372 0
    endloop
  endfacet
  facet normal -0.8968727416694137 0.4422886899417497 0
    outer loop
      vertex 80.91128129512072 -45.90999999642372 2.4
      vertex 81.0964145064354 -45.53458698093891 2.4
      vertex 81.0964145064354 -45.53458698093891 0
    endloop
  endfacet
  facet normal -0.9469301345134818 0.32143945051950196 0
    outer loop
      vertex 81.0964145064354 -45.53458698093891 2.4
      vertex 81.23096264153719 -45.13822093605995 2.4
      vertex 81.23096264153719 -45.13822093605995 0
    endloop
  endfacet
  facet normal -0.9807852768728927 0.1950903397643338 0
    outer loop
      vertex 81.23096264153719 -45.13822093605995 2.4
      vertex 81.31262356042862 -44.72768381237984 2.4
      vertex 81.31262356042862 -44.72768381237984 0
    endloop
  endfacet
  facet normal -0.9978589233336581 0.06540312777989063 0
    outer loop
      vertex 81.31262356042862 -44.72768381237984 2.4
      vertex 81.34000000357628 -44.309999994933605 2.4
      vertex 81.34000000357628 -44.309999994933605 0
    endloop
  endfacet
  facet normal 0 0 -1
    outer loop
      vertex 78.14000000059605 -47.50999999791384 2.4
      vertex 78.9682209417224 -47.40096263587475 2.4
      vertex 78.55768381804228 -47.48262355476618 2.4
    endloop
  endfacet
  facet normal 0 0 -1
    outer loop
      vertex 76.14000000059605 -43.50999999791384 2.4
      vertex 76.2966314330697 -43.499733828008175 2.4
      vertex 81.34000000357628 -44.309999994933605 2.4
    endloop
  endfacet
  facet normal 0 0 -1
    outer loop
      vertex 76.2966314330697 -43.499733828008175 2.4
      vertex 76.45058285444975 -43.4691109880805 2.4
      vertex 81.34000000357628 -44.309999994933605 2.4
    endloop
  endfacet
  facet normal 0 0 -1
    outer loop
      vertex 76.45058285444975 -43.4691109880805 2.4
      vertex 76.59922011941671 -43.418655432760715 2.4
      vertex 81.34000000357628 -44.309999994933605 2.4
    endloop
  endfacet
  facet normal 0 0 -1
    outer loop
      vertex 76.59922011941671 -43.418655432760715 2.4
      vertex 76.74000000208616 -43.349230483174324 2.4
      vertex 81.34000000357628 -44.309999994933605 2.4
    endloop
  endfacet
  facet normal 0 0 -1
    outer loop
      vertex 76.74000000208616 -43.349230483174324 2.4
      vertex 76.87051371484995 -43.262024000287056 2.4
      vertex 81.34000000357628 -44.309999994933605 2.4
    endloop
  endfacet
  facet normal 0 0 -1
    outer loop
      vertex 76.87051371484995 -43.262024000287056 2.4
      vertex 76.98852813988924 -43.1585281342268 2.4
      vertex 81.34000000357628 -44.309999994933605 2.4
    endloop
  endfacet
  facet normal 0 0 -1
    outer loop
      vertex 76.98852813988924 -43.1585281342268 2.4
      vertex 77.0920240059495 -43.04051370918751 2.4
      vertex 81.34000000357628 -44.309999994933605 2.4
    endloop
  endfacet
  facet normal 0 0 -1
    outer loop
      vertex 77.0920240059495 -43.04051370918751 2.4
      vertex 77.17923048883677 -42.90999999642372 2.4
      vertex 81.34000000357628 -44.309999994933605 2.4
    endloop
  endfacet
  facet normal 0 0 -1
    outer loop
      vertex 81.34000000357628 -44.309999994933605 2.4
      vertex 77.17923048883677 -42.90999999642372 2.4
      vertex 77.24865543842316 -42.76922011375427 2.4
    endloop
  endfacet
  facet normal 0 0 -1
    outer loop
      vertex 81.34000000357628 -44.309999994933605 2.4
      vertex 77.24865543842316 -42.76922011375427 2.4
      vertex 77.29911099374294 -42.62058284878731 2.4
    endloop
  endfacet
  facet normal 0 0 -1
    outer loop
      vertex 81.34000000357628 -44.309999994933605 2.4
      vertex 77.29911099374294 -42.62058284878731 2.4
      vertex 77.32973383367062 -42.466631427407265 2.4
    endloop
  endfacet
  facet normal 0 0 -1
    outer loop
      vertex 81.34000000357628 -44.309999994933605 2.4
      vertex 77.32973383367062 -42.466631427407265 2.4
      vertex 77.34000000357628 -42.309999994933605 2.4
    endloop
  endfacet
  facet normal -1 0 0
    outer loop
      vertex 81.34000000357628 -44.309999994933605 2.4
      vertex 81.34000000357628 44.309999994933605 0
      vertex 81.34000000357628 -44.309999994933605 0
    endloop
  endfacet
  facet normal 0 0 -1
    outer loop
      vertex 81.34000000357628 -44.309999994933605 2.4
      vertex 77.34000000357628 -42.309999994933605 2.4
      vertex 81.34000000357628 44.309999994933605 2.4
    endloop
  endfacet
  facet normal 0 -1 0
    outer loop
      vertex 78.14000000059605 47.50999999791384 2.4
      vertex -78.14000000059605 47.50999999791384 0
      vertex 78.14000000059605 47.50999999791384 0
    endloop
  endfacet
  facet normal 0 0 -1
    outer loop
      vertex -81.34000000357628 44.309999994933605 2.4
      vertex 81.23096264153719 45.13822093605995 2.4
      vertex 76.14000000059605 43.50999999791384 2.4
    endloop
  endfacet
  facet normal 0 0 -1
    outer loop
      vertex -81.34000000357628 44.309999994933605 2.4
      vertex 81.0964145064354 45.53458698093891 2.4
      vertex 81.23096264153719 45.13822093605995 2.4
    endloop
  endfacet
  facet normal 0 0 -1
    outer loop
      vertex -81.31262356042862 44.72768381237984 2.4
      vertex 80.91128129512072 45.90999999642372 2.4
      vertex 81.0964145064354 45.53458698093891 2.4
    endloop
  endfacet
  facet normal 0 0 -1
    outer loop
      vertex -79.36458698660135 47.26641450077295 2.4
      vertex 78.14000000059605 47.50999999791384 2.4
      vertex 78.55768381804228 47.48262355476618 2.4
    endloop
  endfacet
  facet normal 0 0 -1
    outer loop
      vertex -79.74000000208616 47.081281289458275 2.4
      vertex 78.55768381804228 47.48262355476618 2.4
      vertex 78.9682209417224 47.40096263587475 2.4
    endloop
  endfacet
  facet normal 0 0 -1
    outer loop
      vertex -81.0964145064354 45.53458698093891 2.4
      vertex 80.40274170041084 46.5727416947484 2.4
      vertex 80.67873068898916 46.25803656876087 2.4
    endloop
  endfacet
  facet normal 0 0 -1
    outer loop
      vertex -80.91128129512072 45.90999999642372 2.4
      vertex 80.08803657442331 46.84873068332672 2.4
      vertex 80.40274170041084 46.5727416947484 2.4
    endloop
  endfacet
  facet normal 0 0 -1
    outer loop
      vertex -81.23096264153719 45.13822093605995 2.4
      vertex 80.67873068898916 46.25803656876087 2.4
      vertex 80.91128129512072 45.90999999642372 2.4
    endloop
  endfacet
  facet normal 0 0 -1
    outer loop
      vertex -80.08803657442331 46.84873068332672 2.4
      vertex 78.9682209417224 47.40096263587475 2.4
      vertex 79.36458698660135 47.26641450077295 2.4
    endloop
  endfacet
  facet normal 0 0 -1
    outer loop
      vertex -80.40274170041084 46.5727416947484 2.4
      vertex 79.36458698660135 47.26641450077295 2.4
      vertex 79.74000000208616 47.081281289458275 2.4
    endloop
  endfacet
  facet normal 0 0 -1
    outer loop
      vertex -80.67873068898916 46.25803656876087 2.4
      vertex 79.74000000208616 47.081281289458275 2.4
      vertex 80.08803657442331 46.84873068332672 2.4
    endloop
  endfacet
  facet normal -1 0 0
    outer loop
      vertex 81.34000000357628 -44.309999994933605 2.4
      vertex 81.34000000357628 44.309999994933605 2.4
      vertex 81.34000000357628 44.309999994933605 0
    endloop
  endfacet
  facet normal 0 0 -1
    outer loop
      vertex 77.34000000357628 -42.309999994933605 2.4
      vertex 77.34000000357628 42.309999994933605 2.4
      vertex 81.34000000357628 44.309999994933605 2.4
    endloop
  endfacet
  facet normal -0.06540312777989063 -0.9978589233336581 0
    outer loop
      vertex 78.55768381804228 47.48262355476618 2.4
      vertex 78.14000000059605 47.50999999791384 0
      vertex 78.55768381804228 47.48262355476618 0
    endloop
  endfacet
  facet normal -0.1950903397643338 -0.9807852768728927 0
    outer loop
      vertex 78.9682209417224 47.40096263587475 2.4
      vertex 78.55768381804228 47.48262355476618 0
      vertex 78.9682209417224 47.40096263587475 0
    endloop
  endfacet
  facet normal -0.32143945051950196 -0.9469301345134818 0
    outer loop
      vertex 79.36458698660135 47.26641450077295 2.4
      vertex 78.9682209417224 47.40096263587475 0
      vertex 79.36458698660135 47.26641450077295 0
    endloop
  endfacet
  facet normal -0.9978589233336581 -0.06540312777989063 0
    outer loop
      vertex 81.34000000357628 44.309999994933605 2.4
      vertex 81.31262356042862 44.72768381237984 0
      vertex 81.34000000357628 44.309999994933605 0
    endloop
  endfacet
  facet normal -0.9807852768728927 -0.1950903397643338 0
    outer loop
      vertex 81.31262356042862 44.72768381237984 2.4
      vertex 81.23096264153719 45.13822093605995 0
      vertex 81.31262356042862 44.72768381237984 0
    endloop
  endfacet
  facet normal -0.9469301345134818 -0.32143945051950196 0
    outer loop
      vertex 81.23096264153719 45.13822093605995 2.4
      vertex 81.0964145064354 45.53458698093891 0
      vertex 81.23096264153719 45.13822093605995 0
    endloop
  endfacet
  facet normal -0.831469608681437 -0.5555702384389738 0
    outer loop
      vertex 80.91128129512072 45.90999999642372 2.4
      vertex 80.67873068898916 46.25803656876087 0
      vertex 80.91128129512072 45.90999999642372 0
    endloop
  endfacet
  facet normal -0.7518398071188499 -0.6593458155107155 0
    outer loop
      vertex 80.67873068898916 46.25803656876087 2.4
      vertex 80.40274170041084 46.5727416947484 0
      vertex 80.67873068898916 46.25803656876087 0
    endloop
  endfacet
  facet normal -0.6593458155107155 -0.7518398071188499 0
    outer loop
      vertex 80.40274170041084 46.5727416947484 2.4
      vertex 80.08803657442331 46.84873068332672 0
      vertex 80.40274170041084 46.5727416947484 0
    endloop
  endfacet
  facet normal -0.4422886899417497 -0.8968727416694137 0
    outer loop
      vertex 79.74000000208616 47.081281289458275 2.4
      vertex 79.36458698660135 47.26641450077295 0
      vertex 79.74000000208616 47.081281289458275 0
    endloop
  endfacet
  facet normal -0.5555702384389738 -0.831469608681437 0
    outer loop
      vertex 80.08803657442331 46.84873068332672 2.4
      vertex 79.74000000208616 47.081281289458275 0
      vertex 80.08803657442331 46.84873068332672 0
    endloop
  endfacet
  facet normal -0.8968727416694137 -0.4422886899417497 0
    outer loop
      vertex 81.0964145064354 45.53458698093891 2.4
      vertex 80.91128129512072 45.90999999642372 0
      vertex 81.0964145064354 45.53458698093891 0
    endloop
  endfacet
  facet normal -0.06540312777989063 -0.9978589233336581 0
    outer loop
      vertex 78.14000000059605 47.50999999791384 2.4
      vertex 78.14000000059605 47.50999999791384 0
      vertex 78.55768381804228 47.48262355476618 2.4
    endloop
  endfacet
  facet normal -0.1950903397643338 -0.9807852768728927 0
    outer loop
      vertex 78.55768381804228 47.48262355476618 2.4
      vertex 78.55768381804228 47.48262355476618 0
      vertex 78.9682209417224 47.40096263587475 2.4
    endloop
  endfacet
  facet normal -0.4422886899417497 -0.8968727416694137 0
    outer loop
      vertex 79.36458698660135 47.26641450077295 2.4
      vertex 79.36458698660135 47.26641450077295 0
      vertex 79.74000000208616 47.081281289458275 2.4
    endloop
  endfacet
  facet normal -0.32143945051950196 -0.9469301345134818 0
    outer loop
      vertex 78.9682209417224 47.40096263587475 2.4
      vertex 78.9682209417224 47.40096263587475 0
      vertex 79.36458698660135 47.26641450077295 2.4
    endloop
  endfacet
  facet normal -0.9978589233336581 -0.06540312777989063 0
    outer loop
      vertex 81.34000000357628 44.309999994933605 2.4
      vertex 81.31262356042862 44.72768381237984 2.4
      vertex 81.31262356042862 44.72768381237984 0
    endloop
  endfacet
  facet normal -0.9807852768728927 -0.1950903397643338 0
    outer loop
      vertex 81.31262356042862 44.72768381237984 2.4
      vertex 81.23096264153719 45.13822093605995 2.4
      vertex 81.23096264153719 45.13822093605995 0
    endloop
  endfacet
  facet normal -0.9469301345134818 -0.32143945051950196 0
    outer loop
      vertex 81.23096264153719 45.13822093605995 2.4
      vertex 81.0964145064354 45.53458698093891 2.4
      vertex 81.0964145064354 45.53458698093891 0
    endloop
  endfacet
  facet normal -0.8968727416694137 -0.4422886899417497 0
    outer loop
      vertex 81.0964145064354 45.53458698093891 2.4
      vertex 80.91128129512072 45.90999999642372 2.4
      vertex 80.91128129512072 45.90999999642372 0
    endloop
  endfacet
  facet normal -0.831469608681437 -0.5555702384389738 0
    outer loop
      vertex 80.67873068898916 46.25803656876087 2.4
      vertex 80.67873068898916 46.25803656876087 0
      vertex 80.91128129512072 45.90999999642372 2.4
    endloop
  endfacet
  facet normal -0.7518398071188499 -0.6593458155107155 0
    outer loop
      vertex 80.40274170041084 46.5727416947484 2.4
      vertex 80.40274170041084 46.5727416947484 0
      vertex 80.67873068898916 46.25803656876087 2.4
    endloop
  endfacet
  facet normal -0.5555702384389738 -0.831469608681437 0
    outer loop
      vertex 79.74000000208616 47.081281289458275 2.4
      vertex 79.74000000208616 47.081281289458275 0
      vertex 80.08803657442331 46.84873068332672 2.4
    endloop
  endfacet
  facet normal -0.6593458155107155 -0.7518398071188499 0
    outer loop
      vertex 80.08803657442331 46.84873068332672 2.4
      vertex 80.08803657442331 46.84873068332672 0
      vertex 80.40274170041084 46.5727416947484 2.4
    endloop
  endfacet
  facet normal 0 0 -1
    outer loop
      vertex 77.34000000357628 42.309999994933605 2.4
      vertex 77.32973383367062 42.466631427407265 2.4
      vertex 81.34000000357628 44.309999994933605 2.4
    endloop
  endfacet
  facet normal 0 0 -1
    outer loop
      vertex 77.32973383367062 42.466631427407265 2.4
      vertex 77.29911099374294 42.62058284878731 2.4
      vertex 81.31262356042862 44.72768381237984 2.4
    endloop
  endfacet
  facet normal 0 0 -1
    outer loop
      vertex 77.29911099374294 42.62058284878731 2.4
      vertex 77.24865543842316 42.76922011375427 2.4
      vertex 81.31262356042862 44.72768381237984 2.4
    endloop
  endfacet
  facet normal 0 0 -1
    outer loop
      vertex 76.14000000059605 43.50999999791384 2.4
      vertex 81.23096264153719 45.13822093605995 2.4
      vertex 76.2966314330697 43.499733828008175 2.4
    endloop
  endfacet
  facet normal 0 0 -1
    outer loop
      vertex 76.2966314330697 43.499733828008175 2.4
      vertex 81.23096264153719 45.13822093605995 2.4
      vertex 76.45058285444975 43.4691109880805 2.4
    endloop
  endfacet
  facet normal 0 0 -1
    outer loop
      vertex 76.45058285444975 43.4691109880805 2.4
      vertex 81.23096264153719 45.13822093605995 2.4
      vertex 76.59922011941671 43.418655432760715 2.4
    endloop
  endfacet
  facet normal 0 0 -1
    outer loop
      vertex 76.74000000208616 43.349230483174324 2.4
      vertex 81.23096264153719 45.13822093605995 2.4
      vertex 76.87051371484995 43.262024000287056 2.4
    endloop
  endfacet
  facet normal 0 0 -1
    outer loop
      vertex 76.74000000208616 43.349230483174324 2.4
      vertex 76.59922011941671 43.418655432760715 2.4
      vertex 81.23096264153719 45.13822093605995 2.4
    endloop
  endfacet
  facet normal 0 0 -1
    outer loop
      vertex 77.0920240059495 43.04051370918751 2.4
      vertex 81.23096264153719 45.13822093605995 2.4
      vertex 77.17923048883677 42.90999999642372 2.4
    endloop
  endfacet
  facet normal 0 0 -1
    outer loop
      vertex 76.98852813988924 43.1585281342268 2.4
      vertex 81.23096264153719 45.13822093605995 2.4
      vertex 77.0920240059495 43.04051370918751 2.4
    endloop
  endfacet
  facet normal 0 0 -1
    outer loop
      vertex 77.24865543842316 42.76922011375427 2.4
      vertex 77.17923048883677 42.90999999642372 2.4
      vertex 81.23096264153719 45.13822093605995 2.4
    endloop
  endfacet
  facet normal 0 0 -1
    outer loop
      vertex 76.98852813988924 43.1585281342268 2.4
      vertex 76.87051371484995 43.262024000287056 2.4
      vertex 81.23096264153719 45.13822093605995 2.4
    endloop
  endfacet
  facet normal 0 0 -1
    outer loop
      vertex 77.32973383367062 42.466631427407265 2.4
      vertex 81.31262356042862 44.72768381237984 2.4
      vertex 81.34000000357628 44.309999994933605 2.4
    endloop
  endfacet
  facet normal 0 0 -1
    outer loop
      vertex 77.24865543842316 42.76922011375427 2.4
      vertex 81.23096264153719 45.13822093605995 2.4
      vertex 81.31262356042862 44.72768381237984 2.4
    endloop
  endfacet
  facet normal 0.8968727557585646 0.44228866137177675 0
    outer loop
      vertex -77.17923048883677 -42.90999999642372 2.4
      vertex -77.24865543842316 -42.76922011375427 2.4
      vertex -77.24865543842316 -42.76922011375427 5
    endloop
  endfacet
  facet normal 0.9469301242576152 0.3214394807323106 0
    outer loop
      vertex -77.24865543842316 -42.76922011375427 2.4
      vertex -77.29911099374294 -42.62058284878731 2.4
      vertex -77.29911099374294 -42.62058284878731 5
    endloop
  endfacet
  facet normal 0.7518398295631653 0.659345789917878 0
    outer loop
      vertex -77.0920240059495 -43.04051370918751 2.4
      vertex -77.0920240059495 -43.04051370918751 5
      vertex -76.98852813988924 -43.1585281342268 2.4
    endloop
  endfacet
  facet normal 0.659345789917878 0.7518398295631653 0
    outer loop
      vertex -76.87051371484995 -43.262024000287056 2.4
      vertex -76.98852813988924 -43.1585281342268 2.4
      vertex -76.98852813988924 -43.1585281342268 5
    endloop
  endfacet
  facet normal 0.44228866137177675 0.8968727557585646 0
    outer loop
      vertex -76.59922011941671 -43.418655432760715 2.4
      vertex -76.74000000208616 -43.349230483174324 2.4
      vertex -76.74000000208616 -43.349230483174324 5
    endloop
  endfacet
  facet normal 0.3214394807323106 0.9469301242576152 0
    outer loop
      vertex -76.59922011941671 -43.418655432760715 2.4
      vertex -76.59922011941671 -43.418655432760715 5
      vertex -76.45058285444975 -43.4691109880805 2.4
    endloop
  endfacet
  facet normal 0.555570268531842 0.8314695885740242 0
    outer loop
      vertex -76.87051371484995 -43.262024000287056 2.4
      vertex -76.87051371484995 -43.262024000287056 5
      vertex -76.74000000208616 -43.349230483174324 2.4
    endloop
  endfacet
  facet normal 0.8314695885740242 0.555570268531842 0
    outer loop
      vertex -77.17923048883677 -42.90999999642372 2.4
      vertex -77.17923048883677 -42.90999999642372 5
      vertex -77.0920240059495 -43.04051370918751 2.4
    endloop
  endfacet
  facet normal 0.9807852825492541 0.19509031122733816 0
    outer loop
      vertex -77.29911099374294 -42.62058284878731 2.4
      vertex -77.32973383367062 -42.466631427407265 2.4
      vertex -77.32973383367062 -42.466631427407265 5
    endloop
  endfacet
  facet normal 0.9978589218101568 0.0654031510240261 0
    outer loop
      vertex -77.32973383367062 -42.466631427407265 2.4
      vertex -77.34000000357628 -42.309999994933605 2.4
      vertex -77.34000000357628 -42.309999994933605 5
    endloop
  endfacet
  facet normal 0.19509031122733816 0.9807852825492541 0
    outer loop
      vertex -76.45058285444975 -43.4691109880805 2.4
      vertex -76.45058285444975 -43.4691109880805 5
      vertex -76.2966314330697 -43.499733828008175 2.4
    endloop
  endfacet
  facet normal 0.0654031510240261 0.9978589218101568 0
    outer loop
      vertex -76.2966314330697 -43.499733828008175 2.4
      vertex -76.2966314330697 -43.499733828008175 5
      vertex -76.14000000059605 -43.50999999791384 2.4
    endloop
  endfacet
  facet normal 0.9469301242576152 0.3214394807323106 0
    outer loop
      vertex -77.24865543842316 -42.76922011375427 2.4
      vertex -77.29911099374294 -42.62058284878731 5
      vertex -77.24865543842316 -42.76922011375427 5
    endloop
  endfacet
  facet normal 0.9807852825492541 0.19509031122733816 0
    outer loop
      vertex -77.29911099374294 -42.62058284878731 2.4
      vertex -77.32973383367062 -42.466631427407265 5
      vertex -77.29911099374294 -42.62058284878731 5
    endloop
  endfacet
  facet normal 0.7518398295631653 0.659345789917878 0
    outer loop
      vertex -76.98852813988924 -43.1585281342268 2.4
      vertex -77.0920240059495 -43.04051370918751 5
      vertex -76.98852813988924 -43.1585281342268 5
    endloop
  endfacet
  facet normal 0.659345789917878 0.7518398295631653 0
    outer loop
      vertex -76.87051371484995 -43.262024000287056 2.4
      vertex -76.98852813988924 -43.1585281342268 5
      vertex -76.87051371484995 -43.262024000287056 5
    endloop
  endfacet
  facet normal 0.555570268531842 0.8314695885740242 0
    outer loop
      vertex -76.74000000208616 -43.349230483174324 2.4
      vertex -76.87051371484995 -43.262024000287056 5
      vertex -76.74000000208616 -43.349230483174324 5
    endloop
  endfacet
  facet normal 0.44228866137177675 0.8968727557585646 0
    outer loop
      vertex -76.59922011941671 -43.418655432760715 2.4
      vertex -76.74000000208616 -43.349230483174324 5
      vertex -76.59922011941671 -43.418655432760715 5
    endloop
  endfacet
  facet normal 0.3214394807323106 0.9469301242576152 0
    outer loop
      vertex -76.45058285444975 -43.4691109880805 2.4
      vertex -76.59922011941671 -43.418655432760715 5
      vertex -76.45058285444975 -43.4691109880805 5
    endloop
  endfacet
  facet normal 0.8314695885740242 0.555570268531842 0
    outer loop
      vertex -77.0920240059495 -43.04051370918751 2.4
      vertex -77.17923048883677 -42.90999999642372 5
      vertex -77.0920240059495 -43.04051370918751 5
    endloop
  endfacet
  facet normal 0.8968727557585646 0.44228866137177675 0
    outer loop
      vertex -77.17923048883677 -42.90999999642372 2.4
      vertex -77.24865543842316 -42.76922011375427 5
      vertex -77.17923048883677 -42.90999999642372 5
    endloop
  endfacet
  facet normal 0.9978589218101568 0.0654031510240261 0
    outer loop
      vertex -77.32973383367062 -42.466631427407265 2.4
      vertex -77.34000000357628 -42.309999994933605 5
      vertex -77.32973383367062 -42.466631427407265 5
    endloop
  endfacet
  facet normal 0.19509031122733816 0.9807852825492541 0
    outer loop
      vertex -76.2966314330697 -43.499733828008175 2.4
      vertex -76.45058285444975 -43.4691109880805 5
      vertex -76.2966314330697 -43.499733828008175 5
    endloop
  endfacet
  facet normal 0.0654031510240261 0.9978589218101568 0
    outer loop
      vertex -76.14000000059605 -43.50999999791384 2.4
      vertex -76.2966314330697 -43.499733828008175 5
      vertex -76.14000000059605 -43.50999999791384 5
    endloop
  endfacet
  facet normal 1 0 0
    outer loop
      vertex -77.34000000357628 -42.309999994933605 2.4
      vertex -77.34000000357628 42.309999994933605 5
      vertex -77.34000000357628 -42.309999994933605 5
    endloop
  endfacet
  facet normal 0 1 0
    outer loop
      vertex -76.14000000059605 -43.50999999791384 2.4
      vertex -76.14000000059605 -43.50999999791384 5
      vertex 76.14000000059605 -43.50999999791384 2.4
    endloop
  endfacet
  facet normal 1 0 0
    outer loop
      vertex -77.34000000357628 -42.309999994933605 2.4
      vertex -77.34000000357628 42.309999994933605 2.4
      vertex -77.34000000357628 42.309999994933605 5
    endloop
  endfacet
  facet normal 0.9978589218101568 -0.0654031510240261 0
    outer loop
      vertex -77.34000000357628 42.309999994933605 2.4
      vertex -77.32973383367062 42.466631427407265 2.4
      vertex -77.32973383367062 42.466631427407265 5
    endloop
  endfacet
  facet normal 0.9807852825492541 -0.19509031122733816 0
    outer loop
      vertex -77.32973383367062 42.466631427407265 2.4
      vertex -77.29911099374294 42.62058284878731 2.4
      vertex -77.29911099374294 42.62058284878731 5
    endloop
  endfacet
  facet normal 0.9469301242576152 -0.3214394807323106 0
    outer loop
      vertex -77.29911099374294 42.62058284878731 2.4
      vertex -77.24865543842316 42.76922011375427 2.4
      vertex -77.24865543842316 42.76922011375427 5
    endloop
  endfacet
  facet normal 0.8968727557585646 -0.44228866137177675 0
    outer loop
      vertex -77.24865543842316 42.76922011375427 2.4
      vertex -77.17923048883677 42.90999999642372 2.4
      vertex -77.17923048883677 42.90999999642372 5
    endloop
  endfacet
  facet normal 0.8314695885740242 -0.555570268531842 0
    outer loop
      vertex -77.17923048883677 42.90999999642372 2.4
      vertex -77.0920240059495 43.04051370918751 2.4
      vertex -77.0920240059495 43.04051370918751 5
    endloop
  endfacet
  facet normal 0.7518398295631653 -0.659345789917878 0
    outer loop
      vertex -77.0920240059495 43.04051370918751 2.4
      vertex -76.98852813988924 43.1585281342268 2.4
      vertex -76.98852813988924 43.1585281342268 5
    endloop
  endfacet
  facet normal 0.659345789917878 -0.7518398295631653 0
    outer loop
      vertex -76.98852813988924 43.1585281342268 2.4
      vertex -76.87051371484995 43.262024000287056 2.4
      vertex -76.87051371484995 43.262024000287056 5
    endloop
  endfacet
  facet normal 0.555570268531842 -0.8314695885740242 0
    outer loop
      vertex -76.87051371484995 43.262024000287056 2.4
      vertex -76.74000000208616 43.349230483174324 2.4
      vertex -76.74000000208616 43.349230483174324 5
    endloop
  endfacet
  facet normal 0.44228866137177675 -0.8968727557585646 0
    outer loop
      vertex -76.74000000208616 43.349230483174324 2.4
      vertex -76.59922011941671 43.418655432760715 2.4
      vertex -76.59922011941671 43.418655432760715 5
    endloop
  endfacet
  facet normal 0.3214394807323106 -0.9469301242576152 0
    outer loop
      vertex -76.59922011941671 43.418655432760715 2.4
      vertex -76.45058285444975 43.4691109880805 2.4
      vertex -76.45058285444975 43.4691109880805 5
    endloop
  endfacet
  facet normal 0.19509031122733816 -0.9807852825492541 0
    outer loop
      vertex -76.45058285444975 43.4691109880805 2.4
      vertex -76.2966314330697 43.499733828008175 2.4
      vertex -76.2966314330697 43.499733828008175 5
    endloop
  endfacet
  facet normal 0.0654031510240261 -0.9978589218101568 0
    outer loop
      vertex -76.2966314330697 43.499733828008175 2.4
      vertex -76.14000000059605 43.50999999791384 2.4
      vertex -76.14000000059605 43.50999999791384 5
    endloop
  endfacet
  facet normal 0.9978589218101568 -0.0654031510240261 0
    outer loop
      vertex -77.34000000357628 42.309999994933605 2.4
      vertex -77.32973383367062 42.466631427407265 5
      vertex -77.34000000357628 42.309999994933605 5
    endloop
  endfacet
  facet normal 0.9807852825492541 -0.19509031122733816 0
    outer loop
      vertex -77.32973383367062 42.466631427407265 2.4
      vertex -77.29911099374294 42.62058284878731 5
      vertex -77.32973383367062 42.466631427407265 5
    endloop
  endfacet
  facet normal 0.9469301242576152 -0.3214394807323106 0
    outer loop
      vertex -77.29911099374294 42.62058284878731 2.4
      vertex -77.24865543842316 42.76922011375427 5
      vertex -77.29911099374294 42.62058284878731 5
    endloop
  endfacet
  facet normal 0.8968727557585646 -0.44228866137177675 0
    outer loop
      vertex -77.24865543842316 42.76922011375427 2.4
      vertex -77.17923048883677 42.90999999642372 5
      vertex -77.24865543842316 42.76922011375427 5
    endloop
  endfacet
  facet normal 0.8314695885740242 -0.555570268531842 0
    outer loop
      vertex -77.17923048883677 42.90999999642372 2.4
      vertex -77.0920240059495 43.04051370918751 5
      vertex -77.17923048883677 42.90999999642372 5
    endloop
  endfacet
  facet normal 0.7518398295631653 -0.659345789917878 0
    outer loop
      vertex -77.0920240059495 43.04051370918751 2.4
      vertex -76.98852813988924 43.1585281342268 5
      vertex -77.0920240059495 43.04051370918751 5
    endloop
  endfacet
  facet normal 0.659345789917878 -0.7518398295631653 0
    outer loop
      vertex -76.98852813988924 43.1585281342268 2.4
      vertex -76.87051371484995 43.262024000287056 5
      vertex -76.98852813988924 43.1585281342268 5
    endloop
  endfacet
  facet normal 0.555570268531842 -0.8314695885740242 0
    outer loop
      vertex -76.87051371484995 43.262024000287056 2.4
      vertex -76.74000000208616 43.349230483174324 5
      vertex -76.87051371484995 43.262024000287056 5
    endloop
  endfacet
  facet normal 0.44228866137177675 -0.8968727557585646 0
    outer loop
      vertex -76.74000000208616 43.349230483174324 2.4
      vertex -76.59922011941671 43.418655432760715 5
      vertex -76.74000000208616 43.349230483174324 5
    endloop
  endfacet
  facet normal 0.3214394807323106 -0.9469301242576152 0
    outer loop
      vertex -76.59922011941671 43.418655432760715 2.4
      vertex -76.45058285444975 43.4691109880805 5
      vertex -76.59922011941671 43.418655432760715 5
    endloop
  endfacet
  facet normal 0.19509031122733816 -0.9807852825492541 0
    outer loop
      vertex -76.45058285444975 43.4691109880805 2.4
      vertex -76.2966314330697 43.499733828008175 5
      vertex -76.45058285444975 43.4691109880805 5
    endloop
  endfacet
  facet normal 0.0654031510240261 -0.9978589218101568 0
    outer loop
      vertex -76.2966314330697 43.499733828008175 2.4
      vertex -76.14000000059605 43.50999999791384 5
      vertex -76.2966314330697 43.499733828008175 5
    endloop
  endfacet
  facet normal 0 -1 0
    outer loop
      vertex -76.14000000059605 43.50999999791384 2.4
      vertex 76.14000000059605 43.50999999791384 5
      vertex -76.14000000059605 43.50999999791384 5
    endloop
  endfacet
  facet normal 0 1 0
    outer loop
      vertex 76.14000000059605 -43.50999999791384 2.4
      vertex -76.14000000059605 -43.50999999791384 5
      vertex 76.14000000059605 -43.50999999791384 5
    endloop
  endfacet
  facet normal -0.0654031510240261 0.9978589218101568 0
    outer loop
      vertex 76.14000000059605 -43.50999999791384 2.4
      vertex 76.14000000059605 -43.50999999791384 5
      vertex 76.2966314330697 -43.499733828008175 2.4
    endloop
  endfacet
  facet normal -0.19509031122733816 0.9807852825492541 0
    outer loop
      vertex 76.2966314330697 -43.499733828008175 2.4
      vertex 76.2966314330697 -43.499733828008175 5
      vertex 76.45058285444975 -43.4691109880805 2.4
    endloop
  endfacet
  facet normal -0.3214394807323106 0.9469301242576152 0
    outer loop
      vertex 76.45058285444975 -43.4691109880805 2.4
      vertex 76.45058285444975 -43.4691109880805 5
      vertex 76.59922011941671 -43.418655432760715 2.4
    endloop
  endfacet
  facet normal -0.44228866137177675 0.8968727557585646 0
    outer loop
      vertex 76.59922011941671 -43.418655432760715 2.4
      vertex 76.59922011941671 -43.418655432760715 5
      vertex 76.74000000208616 -43.349230483174324 2.4
    endloop
  endfacet
  facet normal -0.555570268531842 0.8314695885740242 0
    outer loop
      vertex 76.74000000208616 -43.349230483174324 2.4
      vertex 76.74000000208616 -43.349230483174324 5
      vertex 76.87051371484995 -43.262024000287056 2.4
    endloop
  endfacet
  facet normal -0.659345789917878 0.7518398295631653 0
    outer loop
      vertex 76.87051371484995 -43.262024000287056 2.4
      vertex 76.87051371484995 -43.262024000287056 5
      vertex 76.98852813988924 -43.1585281342268 2.4
    endloop
  endfacet
  facet normal -0.7518398295631653 0.659345789917878 0
    outer loop
      vertex 76.98852813988924 -43.1585281342268 2.4
      vertex 76.98852813988924 -43.1585281342268 5
      vertex 77.0920240059495 -43.04051370918751 2.4
    endloop
  endfacet
  facet normal -0.8314695885740242 0.555570268531842 0
    outer loop
      vertex 77.0920240059495 -43.04051370918751 2.4
      vertex 77.0920240059495 -43.04051370918751 5
      vertex 77.17923048883677 -42.90999999642372 2.4
    endloop
  endfacet
  facet normal -0.8968727557585646 0.44228866137177675 0
    outer loop
      vertex 77.17923048883677 -42.90999999642372 2.4
      vertex 77.17923048883677 -42.90999999642372 5
      vertex 77.24865543842316 -42.76922011375427 2.4
    endloop
  endfacet
  facet normal -0.9469301242576152 0.3214394807323106 0
    outer loop
      vertex 77.24865543842316 -42.76922011375427 2.4
      vertex 77.24865543842316 -42.76922011375427 5
      vertex 77.29911099374294 -42.62058284878731 2.4
    endloop
  endfacet
  facet normal -0.9807852825492541 0.19509031122733816 0
    outer loop
      vertex 77.29911099374294 -42.62058284878731 2.4
      vertex 77.29911099374294 -42.62058284878731 5
      vertex 77.32973383367062 -42.466631427407265 2.4
    endloop
  endfacet
  facet normal -0.9978589218101568 0.0654031510240261 0
    outer loop
      vertex 77.32973383367062 -42.466631427407265 2.4
      vertex 77.32973383367062 -42.466631427407265 5
      vertex 77.34000000357628 -42.309999994933605 2.4
    endloop
  endfacet
  facet normal -0.0654031510240261 0.9978589218101568 0
    outer loop
      vertex 76.2966314330697 -43.499733828008175 2.4
      vertex 76.14000000059605 -43.50999999791384 5
      vertex 76.2966314330697 -43.499733828008175 5
    endloop
  endfacet
  facet normal -0.19509031122733816 0.9807852825492541 0
    outer loop
      vertex 76.45058285444975 -43.4691109880805 2.4
      vertex 76.2966314330697 -43.499733828008175 5
      vertex 76.45058285444975 -43.4691109880805 5
    endloop
  endfacet
  facet normal -0.3214394807323106 0.9469301242576152 0
    outer loop
      vertex 76.59922011941671 -43.418655432760715 2.4
      vertex 76.45058285444975 -43.4691109880805 5
      vertex 76.59922011941671 -43.418655432760715 5
    endloop
  endfacet
  facet normal -0.44228866137177675 0.8968727557585646 0
    outer loop
      vertex 76.74000000208616 -43.349230483174324 2.4
      vertex 76.59922011941671 -43.418655432760715 5
      vertex 76.74000000208616 -43.349230483174324 5
    endloop
  endfacet
  facet normal -0.555570268531842 0.8314695885740242 0
    outer loop
      vertex 76.87051371484995 -43.262024000287056 2.4
      vertex 76.74000000208616 -43.349230483174324 5
      vertex 76.87051371484995 -43.262024000287056 5
    endloop
  endfacet
  facet normal -0.659345789917878 0.7518398295631653 0
    outer loop
      vertex 76.98852813988924 -43.1585281342268 2.4
      vertex 76.87051371484995 -43.262024000287056 5
      vertex 76.98852813988924 -43.1585281342268 5
    endloop
  endfacet
  facet normal -0.7518398295631653 0.659345789917878 0
    outer loop
      vertex 77.0920240059495 -43.04051370918751 2.4
      vertex 76.98852813988924 -43.1585281342268 5
      vertex 77.0920240059495 -43.04051370918751 5
    endloop
  endfacet
  facet normal -0.8314695885740242 0.555570268531842 0
    outer loop
      vertex 77.17923048883677 -42.90999999642372 2.4
      vertex 77.0920240059495 -43.04051370918751 5
      vertex 77.17923048883677 -42.90999999642372 5
    endloop
  endfacet
  facet normal -0.8968727557585646 0.44228866137177675 0
    outer loop
      vertex 77.24865543842316 -42.76922011375427 2.4
      vertex 77.17923048883677 -42.90999999642372 5
      vertex 77.24865543842316 -42.76922011375427 5
    endloop
  endfacet
  facet normal -0.9469301242576152 0.3214394807323106 0
    outer loop
      vertex 77.29911099374294 -42.62058284878731 2.4
      vertex 77.24865543842316 -42.76922011375427 5
      vertex 77.29911099374294 -42.62058284878731 5
    endloop
  endfacet
  facet normal -0.9807852825492541 0.19509031122733816 0
    outer loop
      vertex 77.32973383367062 -42.466631427407265 2.4
      vertex 77.29911099374294 -42.62058284878731 5
      vertex 77.32973383367062 -42.466631427407265 5
    endloop
  endfacet
  facet normal -0.9978589218101568 0.0654031510240261 0
    outer loop
      vertex 77.34000000357628 -42.309999994933605 2.4
      vertex 77.32973383367062 -42.466631427407265 5
      vertex 77.34000000357628 -42.309999994933605 5
    endloop
  endfacet
  facet normal -1 0 0
    outer loop
      vertex 77.34000000357628 -42.309999994933605 2.4
      vertex 77.34000000357628 -42.309999994933605 5
      vertex 77.34000000357628 42.309999994933605 2.4
    endloop
  endfacet
  facet normal 0 -1 0
    outer loop
      vertex -76.14000000059605 43.50999999791384 2.4
      vertex 76.14000000059605 43.50999999791384 2.4
      vertex 76.14000000059605 43.50999999791384 5
    endloop
  endfacet
  facet normal -1 0 0
    outer loop
      vertex 77.34000000357628 42.309999994933605 2.4
      vertex 77.34000000357628 -42.309999994933605 5
      vertex 77.34000000357628 42.309999994933605 5
    endloop
  endfacet
  facet normal -0.0654031510240261 -0.9978589218101568 0
    outer loop
      vertex 76.14000000059605 43.50999999791384 2.4
      vertex 76.2966314330697 43.499733828008175 2.4
      vertex 76.2966314330697 43.499733828008175 5
    endloop
  endfacet
  facet normal -0.19509031122733816 -0.9807852825492541 0
    outer loop
      vertex 76.2966314330697 43.499733828008175 2.4
      vertex 76.45058285444975 43.4691109880805 2.4
      vertex 76.45058285444975 43.4691109880805 5
    endloop
  endfacet
  facet normal -0.9978589218101568 -0.0654031510240261 0
    outer loop
      vertex 77.34000000357628 42.309999994933605 2.4
      vertex 77.34000000357628 42.309999994933605 5
      vertex 77.32973383367062 42.466631427407265 2.4
    endloop
  endfacet
  facet normal -0.9807852825492541 -0.19509031122733816 0
    outer loop
      vertex 77.32973383367062 42.466631427407265 2.4
      vertex 77.32973383367062 42.466631427407265 5
      vertex 77.29911099374294 42.62058284878731 2.4
    endloop
  endfacet
  facet normal -0.8314695885740242 -0.555570268531842 0
    outer loop
      vertex 77.0920240059495 43.04051370918751 2.4
      vertex 77.17923048883677 42.90999999642372 2.4
      vertex 77.17923048883677 42.90999999642372 5
    endloop
  endfacet
  facet normal -0.555570268531842 -0.8314695885740242 0
    outer loop
      vertex 76.74000000208616 43.349230483174324 2.4
      vertex 76.87051371484995 43.262024000287056 2.4
      vertex 76.87051371484995 43.262024000287056 5
    endloop
  endfacet
  facet normal -0.3214394807323106 -0.9469301242576152 0
    outer loop
      vertex 76.45058285444975 43.4691109880805 2.4
      vertex 76.59922011941671 43.418655432760715 2.4
      vertex 76.59922011941671 43.418655432760715 5
    endloop
  endfacet
  facet normal -0.44228866137177675 -0.8968727557585646 0
    outer loop
      vertex 76.74000000208616 43.349230483174324 2.4
      vertex 76.74000000208616 43.349230483174324 5
      vertex 76.59922011941671 43.418655432760715 2.4
    endloop
  endfacet
  facet normal -0.659345789917878 -0.7518398295631653 0
    outer loop
      vertex 76.98852813988924 43.1585281342268 2.4
      vertex 76.98852813988924 43.1585281342268 5
      vertex 76.87051371484995 43.262024000287056 2.4
    endloop
  endfacet
  facet normal -0.7518398295631653 -0.659345789917878 0
    outer loop
      vertex 76.98852813988924 43.1585281342268 2.4
      vertex 77.0920240059495 43.04051370918751 2.4
      vertex 77.0920240059495 43.04051370918751 5
    endloop
  endfacet
  facet normal -0.9469301242576152 -0.3214394807323106 0
    outer loop
      vertex 77.29911099374294 42.62058284878731 2.4
      vertex 77.29911099374294 42.62058284878731 5
      vertex 77.24865543842316 42.76922011375427 2.4
    endloop
  endfacet
  facet normal -0.8968727557585646 -0.44228866137177675 0
    outer loop
      vertex 77.24865543842316 42.76922011375427 2.4
      vertex 77.24865543842316 42.76922011375427 5
      vertex 77.17923048883677 42.90999999642372 2.4
    endloop
  endfacet
  facet normal -0.0654031510240261 -0.9978589218101568 0
    outer loop
      vertex 76.14000000059605 43.50999999791384 2.4
      vertex 76.2966314330697 43.499733828008175 5
      vertex 76.14000000059605 43.50999999791384 5
    endloop
  endfacet
  facet normal -0.19509031122733816 -0.9807852825492541 0
    outer loop
      vertex 76.2966314330697 43.499733828008175 2.4
      vertex 76.45058285444975 43.4691109880805 5
      vertex 76.2966314330697 43.499733828008175 5
    endloop
  endfacet
  facet normal -0.9978589218101568 -0.0654031510240261 0
    outer loop
      vertex 77.32973383367062 42.466631427407265 2.4
      vertex 77.34000000357628 42.309999994933605 5
      vertex 77.32973383367062 42.466631427407265 5
    endloop
  endfacet
  facet normal -0.8968727557585646 -0.44228866137177675 0
    outer loop
      vertex 77.17923048883677 42.90999999642372 2.4
      vertex 77.24865543842316 42.76922011375427 5
      vertex 77.17923048883677 42.90999999642372 5
    endloop
  endfacet
  facet normal -0.8314695885740242 -0.555570268531842 0
    outer loop
      vertex 77.0920240059495 43.04051370918751 2.4
      vertex 77.17923048883677 42.90999999642372 5
      vertex 77.0920240059495 43.04051370918751 5
    endloop
  endfacet
  facet normal -0.3214394807323106 -0.9469301242576152 0
    outer loop
      vertex 76.45058285444975 43.4691109880805 2.4
      vertex 76.59922011941671 43.418655432760715 5
      vertex 76.45058285444975 43.4691109880805 5
    endloop
  endfacet
  facet normal -0.44228866137177675 -0.8968727557585646 0
    outer loop
      vertex 76.59922011941671 43.418655432760715 2.4
      vertex 76.74000000208616 43.349230483174324 5
      vertex 76.59922011941671 43.418655432760715 5
    endloop
  endfacet
  facet normal -0.555570268531842 -0.8314695885740242 0
    outer loop
      vertex 76.74000000208616 43.349230483174324 2.4
      vertex 76.87051371484995 43.262024000287056 5
      vertex 76.74000000208616 43.349230483174324 5
    endloop
  endfacet
  facet normal -0.659345789917878 -0.7518398295631653 0
    outer loop
      vertex 76.87051371484995 43.262024000287056 2.4
      vertex 76.98852813988924 43.1585281342268 5
      vertex 76.87051371484995 43.262024000287056 5
    endloop
  endfacet
  facet normal -0.7518398295631653 -0.659345789917878 0
    outer loop
      vertex 76.98852813988924 43.1585281342268 2.4
      vertex 77.0920240059495 43.04051370918751 5
      vertex 76.98852813988924 43.1585281342268 5
    endloop
  endfacet
  facet normal -0.9807852825492541 -0.19509031122733816 0
    outer loop
      vertex 77.29911099374294 42.62058284878731 2.4
      vertex 77.32973383367062 42.466631427407265 5
      vertex 77.29911099374294 42.62058284878731 5
    endloop
  endfacet
  facet normal -0.9469301242576152 -0.3214394807323106 0
    outer loop
      vertex 77.24865543842316 42.76922011375427 2.4
      vertex 77.29911099374294 42.62058284878731 5
      vertex 77.24865543842316 42.76922011375427 5
    endloop
  endfacet
  facet normal 0 0 1
    outer loop
      vertex -80.29226600378752 -46.7206946760416 3.55
      vertex -78.28350456804037 -44.52734133601189 3.55
      vertex -80.42994949966669 -46.59994949400425 3.55
    endloop
  endfacet
  facet normal 0 0 1
    outer loop
      vertex -80.14000000804663 -46.822435565292835 3.55
      vertex -78.24000000208616 -44.556410163640976 3.55
      vertex -80.29226600378752 -46.7206946760416 3.55
    endloop
  endfacet
  facet normal 0 0 1
    outer loop
      vertex -80.55069468170404 -46.462265998125076 3.55
      vertex -80.42994949966669 -46.59994949400425 3.55
      vertex -78.32284270972013 -44.492842711508274 3.55
    endloop
  endfacet
  facet normal 0 0 1
    outer loop
      vertex -80.55069468170404 -46.462265998125076 3.55
      vertex -78.32284270972013 -44.492842711508274 3.55
      vertex -80.65243557095528 -46.310000002384186 3.55
    endloop
  endfacet
  facet normal 0 0 1
    outer loop
      vertex -80.73343135416508 -46.14575680345297 3.55
      vertex -80.65243557095528 -46.310000002384186 3.55
      vertex -78.32284270972013 -44.492842711508274 3.55
    endloop
  endfacet
  facet normal 0 0 1
    outer loop
      vertex -80.73343135416508 -46.14575680345297 3.55
      vertex -78.32284270972013 -44.492842711508274 3.55
      vertex -80.79229616373777 -45.97234666347504 3.55
    endloop
  endfacet
  facet normal 0 0 1
    outer loop
      vertex -80.79229616373777 -45.97234666347504 3.55
      vertex -78.32284270972013 -44.492842711508274 3.55
      vertex -80.82802280783653 -45.792736671864986 3.55
    endloop
  endfacet
  facet normal 0 0 1
    outer loop
      vertex -80.82802280783653 -45.792736671864986 3.55
      vertex -78.32284270972013 -44.492842711508274 3.55
      vertex -80.84000000357628 -45.60999999940395 3.55
    endloop
  endfacet
  facet normal 0 0 1
    outer loop
      vertex -79.80234666913748 -46.96229615807533 3.55
      vertex -79.62273667752743 -46.99802280217409 3.55
      vertex -78.24000000208616 -44.556410163640976 3.55
    endloop
  endfacet
  facet normal 0 0 1
    outer loop
      vertex -79.62273667752743 -46.99802280217409 3.55
      vertex -79.4400000050664 -47.00999999791384 3.55
      vertex -78.24000000208616 -44.556410163640976 3.55
    endloop
  endfacet
  facet normal 0 0 1
    outer loop
      vertex -80.14000000804663 -46.822435565292835 3.55
      vertex -79.97575680911541 -46.903431348502636 3.55
      vertex -78.24000000208616 -44.556410163640976 3.55
    endloop
  endfacet
  facet normal 0 0 1
    outer loop
      vertex -79.97575680911541 -46.903431348502636 3.55
      vertex -79.80234666913748 -46.96229615807533 3.55
      vertex -78.24000000208616 -44.556410163640976 3.55
    endloop
  endfacet
  facet normal 0 0 1
    outer loop
      vertex -80.29226600378752 -46.7206946760416 3.55
      vertex -78.24000000208616 -44.556410163640976 3.55
      vertex -78.28350456804037 -44.52734133601189 3.55
    endloop
  endfacet
  facet normal 0 0 1
    outer loop
      vertex -80.42994949966669 -46.59994949400425 3.55
      vertex -78.28350456804037 -44.52734133601189 3.55
      vertex -78.32284270972013 -44.492842711508274 3.55
    endloop
  endfacet
  facet normal 0 0 1
    outer loop
      vertex -80.84000000357628 -45.60999999940395 3.55
      vertex -78.35734133422375 -44.45350456982851 3.55
      vertex -78.38641016185284 -44.4100000038743 3.55
    endloop
  endfacet
  facet normal 0 0 1
    outer loop
      vertex -80.84000000357628 -45.60999999940395 3.55
      vertex -78.38641016185284 -44.4100000038743 3.55
      vertex -78.4095518141985 -44.363073371350765 3.55
    endloop
  endfacet
  facet normal 0 0 1
    outer loop
      vertex -80.84000000357628 -45.60999999940395 3.55
      vertex -78.4095518141985 -44.363073371350765 3.55
      vertex -78.4263703301549 -44.31352762132883 3.55
    endloop
  endfacet
  facet normal 0 0 1
    outer loop
      vertex -80.84000000357628 -45.60999999940395 3.55
      vertex -78.32284270972013 -44.492842711508274 3.55
      vertex -78.35734133422375 -44.45350456982851 3.55
    endloop
  endfacet
  facet normal 0 0 1
    outer loop
      vertex -80.84000000357628 -45.60999999940395 3.55
      vertex -78.4263703301549 -44.31352762132883 3.55
      vertex -78.43657794594765 -44.262210480868816 3.55
    endloop
  endfacet
  facet normal 0 0 1
    outer loop
      vertex -80.84000000357628 -45.60999999940395 3.55
      vertex -78.43657794594765 -44.262210480868816 3.55
      vertex -78.43999999761581 -44.21000000089407 3.55
    endloop
  endfacet
  facet normal 0 0 1
    outer loop
      vertex -79.4400000050664 -47.00999999791384 3.55
      vertex -78.14352761954069 -44.596370331943035 3.55
      vertex -78.19307336956263 -44.57955181598663 3.55
    endloop
  endfacet
  facet normal 0 0 1
    outer loop
      vertex -79.4400000050664 -47.00999999791384 3.55
      vertex -78.09221047908068 -44.606577947735786 3.55
      vertex -78.14352761954069 -44.596370331943035 3.55
    endloop
  endfacet
  facet normal 0 0 1
    outer loop
      vertex -79.4400000050664 -47.00999999791384 3.55
      vertex -78.03999999910593 -44.60999999940395 3.55
      vertex -78.09221047908068 -44.606577947735786 3.55
    endloop
  endfacet
  facet normal 0 0 1
    outer loop
      vertex -79.4400000050664 -47.00999999791384 3.55
      vertex -78.19307336956263 -44.57955181598663 3.55
      vertex -78.24000000208616 -44.556410163640976 3.55
    endloop
  endfacet
  facet normal 0.4422886941727235 0.8968727395829281 0
    outer loop
      vertex -80.14000000804663 -46.822435565292835 3.55
      vertex -80.14000000804663 -46.822435565292835 5
      vertex -79.97575680911541 -46.903431348502636 3.55
    endloop
  endfacet
  facet normal 0.555570246669317 0.8314696031820973 0
    outer loop
      vertex -80.14000000804663 -46.822435565292835 3.55
      vertex -80.29226600378752 -46.7206946760416 3.55
      vertex -80.29226600378752 -46.7206946760416 5
    endloop
  endfacet
  facet normal 0.32143946053939565 0.9469301311121863 0
    outer loop
      vertex -79.97575680911541 -46.903431348502636 3.55
      vertex -79.97575680911541 -46.903431348502636 5
      vertex -79.80234666913748 -46.96229615807533 3.55
    endloop
  endfacet
  facet normal 0.1950902981818543 0.9807852851441622 0
    outer loop
      vertex -79.80234666913748 -46.96229615807533 3.55
      vertex -79.80234666913748 -46.96229615807533 5
      vertex -79.62273667752743 -46.99802280217409 3.55
    endloop
  endfacet
  facet normal 0.06540313707785685 0.9978589227242372 0
    outer loop
      vertex -79.62273667752743 -46.99802280217409 3.55
      vertex -79.62273667752743 -46.99802280217409 5
      vertex -79.4400000050664 -47.00999999791384 3.55
    endloop
  endfacet
  facet normal 0.8968727395829281 0.4422886941727235 0
    outer loop
      vertex -80.73343135416508 -46.14575680345297 3.55
      vertex -80.73343135416508 -46.14575680345297 5
      vertex -80.65243557095528 -46.310000002384186 3.55
    endloop
  endfacet
  facet normal 0.7518398161175442 0.6593458052496711 0
    outer loop
      vertex -80.55069468170404 -46.462265998125076 3.55
      vertex -80.55069468170404 -46.462265998125076 5
      vertex -80.42994949966669 -46.59994949400425 3.55
    endloop
  endfacet
  facet normal 0.6593458052496711 0.7518398161175442 0
    outer loop
      vertex -80.29226600378752 -46.7206946760416 3.55
      vertex -80.42994949966669 -46.59994949400425 3.55
      vertex -80.42994949966669 -46.59994949400425 5
    endloop
  endfacet
  facet normal 0.8314696031820973 0.555570246669317 0
    outer loop
      vertex -80.55069468170404 -46.462265998125076 3.55
      vertex -80.65243557095528 -46.310000002384186 3.55
      vertex -80.65243557095528 -46.310000002384186 5
    endloop
  endfacet
  facet normal 0.9469301311121863 0.32143946053939565 0
    outer loop
      vertex -80.73343135416508 -46.14575680345297 3.55
      vertex -80.79229616373777 -45.97234666347504 3.55
      vertex -80.79229616373777 -45.97234666347504 5
    endloop
  endfacet
  facet normal 0.9807852851441622 0.1950902981818543 0
    outer loop
      vertex -80.79229616373777 -45.97234666347504 3.55
      vertex -80.82802280783653 -45.792736671864986 3.55
      vertex -80.82802280783653 -45.792736671864986 5
    endloop
  endfacet
  facet normal 0.9978589227242372 0.06540313707785685 0
    outer loop
      vertex -80.82802280783653 -45.792736671864986 3.55
      vertex -80.84000000357628 -45.60999999940395 3.55
      vertex -80.84000000357628 -45.60999999940395 5
    endloop
  endfacet
  facet normal -0.8314695592726234 -0.5555703123844806 0
    outer loop
      vertex -78.35734133422375 -44.45350456982851 3.55
      vertex -78.35734133422375 -44.45350456982851 5
      vertex -78.38641016185284 -44.4100000038743 3.55
    endloop
  endfacet
  facet normal -0.8968727555004395 -0.4422886618952023 0
    outer loop
      vertex -78.38641016185284 -44.4100000038743 3.55
      vertex -78.38641016185284 -44.4100000038743 5
      vertex -78.4095518141985 -44.363073371350765 3.55
    endloop
  endfacet
  facet normal -0.9469301288966354 -0.321439467066198 0
    outer loop
      vertex -78.4095518141985 -44.363073371350765 3.55
      vertex -78.4095518141985 -44.363073371350765 5
      vertex -78.4263703301549 -44.31352762132883 3.55
    endloop
  endfacet
  facet normal -0.9807852734670754 -0.19509035688653092 0
    outer loop
      vertex -78.4263703301549 -44.31352762132883 3.55
      vertex -78.4263703301549 -44.31352762132883 5
      vertex -78.43657794594765 -44.262210480868816 3.55
    endloop
  endfacet
  facet normal -0.9978589282087155 -0.06540305340084455 0
    outer loop
      vertex -78.43657794594765 -44.262210480868816 3.55
      vertex -78.43657794594765 -44.262210480868816 5
      vertex -78.43999999761581 -44.21000000089407 3.55
    endloop
  endfacet
  facet normal -0.5555703123844806 -0.8314695592726234 0
    outer loop
      vertex -78.28350456804037 -44.52734133601189 3.55
      vertex -78.24000000208616 -44.556410163640976 3.55
      vertex -78.24000000208616 -44.556410163640976 5
    endloop
  endfacet
  facet normal -0.6593458167485154 -0.7518398060333287 0
    outer loop
      vertex -78.28350456804037 -44.52734133601189 3.55
      vertex -78.28350456804037 -44.52734133601189 5
      vertex -78.32284270972013 -44.492842711508274 3.55
    endloop
  endfacet
  facet normal -0.4422886618952023 -0.8968727555004395 0
    outer loop
      vertex -78.19307336956263 -44.57955181598663 3.55
      vertex -78.19307336956263 -44.57955181598663 5
      vertex -78.24000000208616 -44.556410163640976 3.55
    endloop
  endfacet
  facet normal -0.7518398060333287 -0.6593458167485154 0
    outer loop
      vertex -78.32284270972013 -44.492842711508274 3.55
      vertex -78.32284270972013 -44.492842711508274 5
      vertex -78.35734133422375 -44.45350456982851 3.55
    endloop
  endfacet
  facet normal -0.321439467066198 -0.9469301288966354 0
    outer loop
      vertex -78.19307336956263 -44.57955181598663 3.55
      vertex -78.14352761954069 -44.596370331943035 3.55
      vertex -78.14352761954069 -44.596370331943035 5
    endloop
  endfacet
  facet normal -0.06540305340084455 -0.9978589282087155 0
    outer loop
      vertex -78.09221047908068 -44.606577947735786 3.55
      vertex -78.03999999910593 -44.60999999940395 3.55
      vertex -78.03999999910593 -44.60999999940395 5
    endloop
  endfacet
  facet normal -0.19509035688653092 -0.9807852734670754 0
    outer loop
      vertex -78.09221047908068 -44.606577947735786 3.55
      vertex -78.09221047908068 -44.606577947735786 5
      vertex -78.14352761954069 -44.596370331943035 3.55
    endloop
  endfacet
  facet normal 0.555570246669317 0.8314696031820973 0
    outer loop
      vertex -80.14000000804663 -46.822435565292835 3.55
      vertex -80.29226600378752 -46.7206946760416 5
      vertex -80.14000000804663 -46.822435565292835 5
    endloop
  endfacet
  facet normal 0.4422886941727235 0.8968727395829281 0
    outer loop
      vertex -79.97575680911541 -46.903431348502636 3.55
      vertex -80.14000000804663 -46.822435565292835 5
      vertex -79.97575680911541 -46.903431348502636 5
    endloop
  endfacet
  facet normal 0.1950902981818543 0.9807852851441622 0
    outer loop
      vertex -79.62273667752743 -46.99802280217409 3.55
      vertex -79.80234666913748 -46.96229615807533 5
      vertex -79.62273667752743 -46.99802280217409 5
    endloop
  endfacet
  facet normal 0.32143946053939565 0.9469301311121863 0
    outer loop
      vertex -79.80234666913748 -46.96229615807533 3.55
      vertex -79.97575680911541 -46.903431348502636 5
      vertex -79.80234666913748 -46.96229615807533 5
    endloop
  endfacet
  facet normal 0.8968727395829281 0.4422886941727235 0
    outer loop
      vertex -80.65243557095528 -46.310000002384186 3.55
      vertex -80.73343135416508 -46.14575680345297 5
      vertex -80.65243557095528 -46.310000002384186 5
    endloop
  endfacet
  facet normal 0.7518398161175442 0.6593458052496711 0
    outer loop
      vertex -80.42994949966669 -46.59994949400425 3.55
      vertex -80.55069468170404 -46.462265998125076 5
      vertex -80.42994949966669 -46.59994949400425 5
    endloop
  endfacet
  facet normal 0.6593458052496711 0.7518398161175442 0
    outer loop
      vertex -80.29226600378752 -46.7206946760416 3.55
      vertex -80.42994949966669 -46.59994949400425 5
      vertex -80.29226600378752 -46.7206946760416 5
    endloop
  endfacet
  facet normal 0.8314696031820973 0.555570246669317 0
    outer loop
      vertex -80.55069468170404 -46.462265998125076 3.55
      vertex -80.65243557095528 -46.310000002384186 5
      vertex -80.55069468170404 -46.462265998125076 5
    endloop
  endfacet
  facet normal 0.9469301311121863 0.32143946053939565 0
    outer loop
      vertex -80.73343135416508 -46.14575680345297 3.55
      vertex -80.79229616373777 -45.97234666347504 5
      vertex -80.73343135416508 -46.14575680345297 5
    endloop
  endfacet
  facet normal 0.9807852851441622 0.1950902981818543 0
    outer loop
      vertex -80.79229616373777 -45.97234666347504 3.55
      vertex -80.82802280783653 -45.792736671864986 5
      vertex -80.79229616373777 -45.97234666347504 5
    endloop
  endfacet
  facet normal 0.9978589227242372 0.06540313707785685 0
    outer loop
      vertex -80.82802280783653 -45.792736671864986 3.55
      vertex -80.84000000357628 -45.60999999940395 5
      vertex -80.82802280783653 -45.792736671864986 5
    endloop
  endfacet
  facet normal 0.06540313707785685 0.9978589227242372 0
    outer loop
      vertex -79.4400000050664 -47.00999999791384 3.55
      vertex -79.62273667752743 -46.99802280217409 5
      vertex -79.4400000050664 -47.00999999791384 5
    endloop
  endfacet
  facet normal -0.8314695592726234 -0.5555703123844806 0
    outer loop
      vertex -78.38641016185284 -44.4100000038743 3.55
      vertex -78.35734133422375 -44.45350456982851 5
      vertex -78.38641016185284 -44.4100000038743 5
    endloop
  endfacet
  facet normal -0.8968727555004395 -0.4422886618952023 0
    outer loop
      vertex -78.4095518141985 -44.363073371350765 3.55
      vertex -78.38641016185284 -44.4100000038743 5
      vertex -78.4095518141985 -44.363073371350765 5
    endloop
  endfacet
  facet normal -0.9469301288966354 -0.321439467066198 0
    outer loop
      vertex -78.4263703301549 -44.31352762132883 3.55
      vertex -78.4095518141985 -44.363073371350765 5
      vertex -78.4263703301549 -44.31352762132883 5
    endloop
  endfacet
  facet normal -0.9807852734670754 -0.19509035688653092 0
    outer loop
      vertex -78.43657794594765 -44.262210480868816 3.55
      vertex -78.4263703301549 -44.31352762132883 5
      vertex -78.43657794594765 -44.262210480868816 5
    endloop
  endfacet
  facet normal -0.9978589282087155 -0.06540305340084455 0
    outer loop
      vertex -78.43999999761581 -44.21000000089407 3.55
      vertex -78.43657794594765 -44.262210480868816 5
      vertex -78.43999999761581 -44.21000000089407 5
    endloop
  endfacet
  facet normal -0.5555703123844806 -0.8314695592726234 0
    outer loop
      vertex -78.28350456804037 -44.52734133601189 3.55
      vertex -78.24000000208616 -44.556410163640976 5
      vertex -78.28350456804037 -44.52734133601189 5
    endloop
  endfacet
  facet normal -0.6593458167485154 -0.7518398060333287 0
    outer loop
      vertex -78.32284270972013 -44.492842711508274 3.55
      vertex -78.28350456804037 -44.52734133601189 5
      vertex -78.32284270972013 -44.492842711508274 5
    endloop
  endfacet
  facet normal -0.321439467066198 -0.9469301288966354 0
    outer loop
      vertex -78.19307336956263 -44.57955181598663 3.55
      vertex -78.14352761954069 -44.596370331943035 5
      vertex -78.19307336956263 -44.57955181598663 5
    endloop
  endfacet
  facet normal -0.4422886618952023 -0.8968727555004395 0
    outer loop
      vertex -78.24000000208616 -44.556410163640976 3.55
      vertex -78.19307336956263 -44.57955181598663 5
      vertex -78.24000000208616 -44.556410163640976 5
    endloop
  endfacet
  facet normal -0.7518398060333287 -0.6593458167485154 0
    outer loop
      vertex -78.35734133422375 -44.45350456982851 3.55
      vertex -78.32284270972013 -44.492842711508274 5
      vertex -78.35734133422375 -44.45350456982851 5
    endloop
  endfacet
  facet normal -0.06540305340084455 -0.9978589282087155 0
    outer loop
      vertex -78.09221047908068 -44.606577947735786 3.55
      vertex -78.03999999910593 -44.60999999940395 5
      vertex -78.09221047908068 -44.606577947735786 5
    endloop
  endfacet
  facet normal -0.19509035688653092 -0.9807852734670754 0
    outer loop
      vertex -78.14352761954069 -44.596370331943035 3.55
      vertex -78.09221047908068 -44.606577947735786 5
      vertex -78.14352761954069 -44.596370331943035 5
    endloop
  endfacet
  facet normal 0 0 1
    outer loop
      vertex -80.84000000357628 -45.60999999940395 3.55
      vertex -78.43999999761581 -44.21000000089407 3.55
      vertex -78.43999999761581 44.21000000089407 3.55
    endloop
  endfacet
  facet normal -1 0 0
    outer loop
      vertex -78.43999999761581 -44.21000000089407 3.55
      vertex -78.43999999761581 -44.21000000089407 5
      vertex -78.43999999761581 44.21000000089407 3.55
    endloop
  endfacet
  facet normal 1 0 0
    outer loop
      vertex -80.84000000357628 -45.60999999940395 3.55
      vertex -80.84000000357628 45.60999999940395 5
      vertex -80.84000000357628 -45.60999999940395 5
    endloop
  endfacet
  facet normal 0 0 1
    outer loop
      vertex -79.4400000050664 -47.00999999791384 3.55
      vertex 78.03999999910593 -44.60999999940395 3.55
      vertex -78.03999999910593 -44.60999999940395 3.55
    endloop
  endfacet
  facet normal 0 1 0
    outer loop
      vertex -79.4400000050664 -47.00999999791384 3.55
      vertex -79.4400000050664 -47.00999999791384 5
      vertex 79.4400000050664 -47.00999999791384 3.55
    endloop
  endfacet
  facet normal 0 -1 0
    outer loop
      vertex -78.03999999910593 -44.60999999940395 3.55
      vertex 78.03999999910593 -44.60999999940395 5
      vertex -78.03999999910593 -44.60999999940395 5
    endloop
  endfacet
  facet normal 0 0 1
    outer loop
      vertex -80.84000000357628 -45.60999999940395 3.55
      vertex -78.43999999761581 44.21000000089407 3.55
      vertex -80.84000000357628 45.60999999940395 3.55
    endloop
  endfacet
  facet normal 1 0 0
    outer loop
      vertex -80.84000000357628 -45.60999999940395 3.55
      vertex -80.84000000357628 45.60999999940395 3.55
      vertex -80.84000000357628 45.60999999940395 5
    endloop
  endfacet
  facet normal -1 0 0
    outer loop
      vertex -78.43999999761581 44.21000000089407 3.55
      vertex -78.43999999761581 -44.21000000089407 5
      vertex -78.43999999761581 44.21000000089407 5
    endloop
  endfacet
  facet normal 0 0 1
    outer loop
      vertex -80.84000000357628 45.60999999940395 3.55
      vertex -78.38641016185284 44.4100000038743 3.55
      vertex -80.82802280783653 45.792736671864986 3.55
    endloop
  endfacet
  facet normal 0 0 1
    outer loop
      vertex -80.82802280783653 45.792736671864986 3.55
      vertex -78.38641016185284 44.4100000038743 3.55
      vertex -80.79229616373777 45.97234666347504 3.55
    endloop
  endfacet
  facet normal 0 0 1
    outer loop
      vertex -80.79229616373777 45.97234666347504 3.55
      vertex -78.38641016185284 44.4100000038743 3.55
      vertex -80.73343135416508 46.14575680345297 3.55
    endloop
  endfacet
  facet normal 0 0 1
    outer loop
      vertex -80.73343135416508 46.14575680345297 3.55
      vertex -78.38641016185284 44.4100000038743 3.55
      vertex -80.65243557095528 46.310000002384186 3.55
    endloop
  endfacet
  facet normal 0 0 1
    outer loop
      vertex -80.65243557095528 46.310000002384186 3.55
      vertex -78.38641016185284 44.4100000038743 3.55
      vertex -80.55069468170404 46.462265998125076 3.55
    endloop
  endfacet
  facet normal 0 0 1
    outer loop
      vertex -80.55069468170404 46.462265998125076 3.55
      vertex -78.35734133422375 44.45350456982851 3.55
      vertex -80.42994949966669 46.59994949400425 3.55
    endloop
  endfacet
  facet normal 0 0 1
    outer loop
      vertex -80.42994949966669 46.59994949400425 3.55
      vertex -78.32284270972013 44.492842711508274 3.55
      vertex -80.29226600378752 46.7206946760416 3.55
    endloop
  endfacet
  facet normal 0 0 1
    outer loop
      vertex -80.29226600378752 46.7206946760416 3.55
      vertex -78.32284270972013 44.492842711508274 3.55
      vertex -80.14000000804663 46.822435565292835 3.55
    endloop
  endfacet
  facet normal 0 0 1
    outer loop
      vertex -80.84000000357628 45.60999999940395 3.55
      vertex -78.43999999761581 44.21000000089407 3.55
      vertex -78.43657794594765 44.262210480868816 3.55
    endloop
  endfacet
  facet normal 0 0 1
    outer loop
      vertex -80.84000000357628 45.60999999940395 3.55
      vertex -78.43657794594765 44.262210480868816 3.55
      vertex -78.4263703301549 44.31352762132883 3.55
    endloop
  endfacet
  facet normal 0 0 1
    outer loop
      vertex -80.84000000357628 45.60999999940395 3.55
      vertex -78.4263703301549 44.31352762132883 3.55
      vertex -78.4095518141985 44.363073371350765 3.55
    endloop
  endfacet
  facet normal 0 0 1
    outer loop
      vertex -80.84000000357628 45.60999999940395 3.55
      vertex -78.4095518141985 44.363073371350765 3.55
      vertex -78.38641016185284 44.4100000038743 3.55
    endloop
  endfacet
  facet normal 0 0 1
    outer loop
      vertex -80.55069468170404 46.462265998125076 3.55
      vertex -78.38641016185284 44.4100000038743 3.55
      vertex -78.35734133422375 44.45350456982851 3.55
    endloop
  endfacet
  facet normal 0 0 1
    outer loop
      vertex -80.42994949966669 46.59994949400425 3.55
      vertex -78.35734133422375 44.45350456982851 3.55
      vertex -78.32284270972013 44.492842711508274 3.55
    endloop
  endfacet
  facet normal 0 0 1
    outer loop
      vertex -78.32284270972013 44.492842711508274 3.55
      vertex -78.28350456804037 44.52734133601189 3.55
      vertex -79.4400000050664 47.00999999791384 3.55
    endloop
  endfacet
  facet normal 0 0 1
    outer loop
      vertex -78.28350456804037 44.52734133601189 3.55
      vertex -78.24000000208616 44.556410163640976 3.55
      vertex -79.4400000050664 47.00999999791384 3.55
    endloop
  endfacet
  facet normal 0 0 1
    outer loop
      vertex -78.24000000208616 44.556410163640976 3.55
      vertex -78.19307336956263 44.57955181598663 3.55
      vertex -79.4400000050664 47.00999999791384 3.55
    endloop
  endfacet
  facet normal 0 0 1
    outer loop
      vertex -78.14352761954069 44.596370331943035 3.55
      vertex -78.09221047908068 44.606577947735786 3.55
      vertex -79.4400000050664 47.00999999791384 3.55
    endloop
  endfacet
  facet normal 0 0 1
    outer loop
      vertex -78.19307336956263 44.57955181598663 3.55
      vertex -78.14352761954069 44.596370331943035 3.55
      vertex -79.4400000050664 47.00999999791384 3.55
    endloop
  endfacet
  facet normal 0 0 1
    outer loop
      vertex -78.09221047908068 44.606577947735786 3.55
      vertex -78.03999999910593 44.60999999940395 3.55
      vertex -79.4400000050664 47.00999999791384 3.55
    endloop
  endfacet
  facet normal 0 0 1
    outer loop
      vertex -80.14000000804663 46.822435565292835 3.55
      vertex -78.32284270972013 44.492842711508274 3.55
      vertex -79.97575680911541 46.903431348502636 3.55
    endloop
  endfacet
  facet normal 0 0 1
    outer loop
      vertex -78.32284270972013 44.492842711508274 3.55
      vertex -79.80234666913748 46.96229615807533 3.55
      vertex -79.97575680911541 46.903431348502636 3.55
    endloop
  endfacet
  facet normal 0 0 1
    outer loop
      vertex -78.32284270972013 44.492842711508274 3.55
      vertex -79.62273667752743 46.99802280217409 3.55
      vertex -79.80234666913748 46.96229615807533 3.55
    endloop
  endfacet
  facet normal 0 0 1
    outer loop
      vertex -78.32284270972013 44.492842711508274 3.55
      vertex -79.4400000050664 47.00999999791384 3.55
      vertex -79.62273667752743 46.99802280217409 3.55
    endloop
  endfacet
  facet normal 0.9978589227242372 -0.06540313707785685 0
    outer loop
      vertex -80.84000000357628 45.60999999940395 3.55
      vertex -80.82802280783653 45.792736671864986 3.55
      vertex -80.82802280783653 45.792736671864986 5
    endloop
  endfacet
  facet normal 0.9807852851441622 -0.1950902981818543 0
    outer loop
      vertex -80.82802280783653 45.792736671864986 3.55
      vertex -80.79229616373777 45.97234666347504 3.55
      vertex -80.79229616373777 45.97234666347504 5
    endloop
  endfacet
  facet normal 0.9469301311121863 -0.32143946053939565 0
    outer loop
      vertex -80.79229616373777 45.97234666347504 3.55
      vertex -80.73343135416508 46.14575680345297 3.55
      vertex -80.73343135416508 46.14575680345297 5
    endloop
  endfacet
  facet normal 0.8968727395829281 -0.4422886941727235 0
    outer loop
      vertex -80.73343135416508 46.14575680345297 3.55
      vertex -80.65243557095528 46.310000002384186 3.55
      vertex -80.65243557095528 46.310000002384186 5
    endloop
  endfacet
  facet normal 0.8314696031820973 -0.555570246669317 0
    outer loop
      vertex -80.65243557095528 46.310000002384186 3.55
      vertex -80.55069468170404 46.462265998125076 3.55
      vertex -80.55069468170404 46.462265998125076 5
    endloop
  endfacet
  facet normal 0.7518398161175442 -0.6593458052496711 0
    outer loop
      vertex -80.55069468170404 46.462265998125076 3.55
      vertex -80.42994949966669 46.59994949400425 3.55
      vertex -80.42994949966669 46.59994949400425 5
    endloop
  endfacet
  facet normal 0.6593458052496711 -0.7518398161175442 0
    outer loop
      vertex -80.42994949966669 46.59994949400425 3.55
      vertex -80.29226600378752 46.7206946760416 3.55
      vertex -80.29226600378752 46.7206946760416 5
    endloop
  endfacet
  facet normal 0.555570246669317 -0.8314696031820973 0
    outer loop
      vertex -80.29226600378752 46.7206946760416 3.55
      vertex -80.14000000804663 46.822435565292835 3.55
      vertex -80.14000000804663 46.822435565292835 5
    endloop
  endfacet
  facet normal 0.4422886941727235 -0.8968727395829281 0
    outer loop
      vertex -80.14000000804663 46.822435565292835 3.55
      vertex -79.97575680911541 46.903431348502636 3.55
      vertex -79.97575680911541 46.903431348502636 5
    endloop
  endfacet
  facet normal 0.32143946053939565 -0.9469301311121863 0
    outer loop
      vertex -79.97575680911541 46.903431348502636 3.55
      vertex -79.80234666913748 46.96229615807533 3.55
      vertex -79.80234666913748 46.96229615807533 5
    endloop
  endfacet
  facet normal 0.1950902981818543 -0.9807852851441622 0
    outer loop
      vertex -79.80234666913748 46.96229615807533 3.55
      vertex -79.62273667752743 46.99802280217409 3.55
      vertex -79.62273667752743 46.99802280217409 5
    endloop
  endfacet
  facet normal -0.9978589282087155 0.06540305340084455 0
    outer loop
      vertex -78.43999999761581 44.21000000089407 3.55
      vertex -78.43999999761581 44.21000000089407 5
      vertex -78.43657794594765 44.262210480868816 3.55
    endloop
  endfacet
  facet normal -0.9807852734670754 0.19509035688653092 0
    outer loop
      vertex -78.43657794594765 44.262210480868816 3.55
      vertex -78.43657794594765 44.262210480868816 5
      vertex -78.4263703301549 44.31352762132883 3.55
    endloop
  endfacet
  facet normal -0.9469301288966354 0.321439467066198 0
    outer loop
      vertex -78.4263703301549 44.31352762132883 3.55
      vertex -78.4263703301549 44.31352762132883 5
      vertex -78.4095518141985 44.363073371350765 3.55
    endloop
  endfacet
  facet normal -0.8968727555004395 0.4422886618952023 0
    outer loop
      vertex -78.4095518141985 44.363073371350765 3.55
      vertex -78.4095518141985 44.363073371350765 5
      vertex -78.38641016185284 44.4100000038743 3.55
    endloop
  endfacet
  facet normal -0.8314695592726234 0.5555703123844806 0
    outer loop
      vertex -78.38641016185284 44.4100000038743 3.55
      vertex -78.38641016185284 44.4100000038743 5
      vertex -78.35734133422375 44.45350456982851 3.55
    endloop
  endfacet
  facet normal -0.7518398060333287 0.6593458167485154 0
    outer loop
      vertex -78.35734133422375 44.45350456982851 3.55
      vertex -78.35734133422375 44.45350456982851 5
      vertex -78.32284270972013 44.492842711508274 3.55
    endloop
  endfacet
  facet normal -0.6593458167485154 0.7518398060333287 0
    outer loop
      vertex -78.32284270972013 44.492842711508274 3.55
      vertex -78.32284270972013 44.492842711508274 5
      vertex -78.28350456804037 44.52734133601189 3.55
    endloop
  endfacet
  facet normal -0.5555703123844806 0.8314695592726234 0
    outer loop
      vertex -78.28350456804037 44.52734133601189 3.55
      vertex -78.28350456804037 44.52734133601189 5
      vertex -78.24000000208616 44.556410163640976 3.55
    endloop
  endfacet
  facet normal -0.4422886618952023 0.8968727555004395 0
    outer loop
      vertex -78.24000000208616 44.556410163640976 3.55
      vertex -78.24000000208616 44.556410163640976 5
      vertex -78.19307336956263 44.57955181598663 3.55
    endloop
  endfacet
  facet normal -0.321439467066198 0.9469301288966354 0
    outer loop
      vertex -78.19307336956263 44.57955181598663 3.55
      vertex -78.19307336956263 44.57955181598663 5
      vertex -78.14352761954069 44.596370331943035 3.55
    endloop
  endfacet
  facet normal -0.19509035688653092 0.9807852734670754 0
    outer loop
      vertex -78.14352761954069 44.596370331943035 3.55
      vertex -78.14352761954069 44.596370331943035 5
      vertex -78.09221047908068 44.606577947735786 3.55
    endloop
  endfacet
  facet normal -0.06540305340084455 0.9978589282087155 0
    outer loop
      vertex -78.09221047908068 44.606577947735786 3.55
      vertex -78.09221047908068 44.606577947735786 5
      vertex -78.03999999910593 44.60999999940395 3.55
    endloop
  endfacet
  facet normal 0.06540313707785685 -0.9978589227242372 0
    outer loop
      vertex -79.62273667752743 46.99802280217409 3.55
      vertex -79.4400000050664 47.00999999791384 3.55
      vertex -79.4400000050664 47.00999999791384 5
    endloop
  endfacet
  facet normal 0.9978589227242372 -0.06540313707785685 0
    outer loop
      vertex -80.84000000357628 45.60999999940395 3.55
      vertex -80.82802280783653 45.792736671864986 5
      vertex -80.84000000357628 45.60999999940395 5
    endloop
  endfacet
  facet normal 0.9807852851441622 -0.1950902981818543 0
    outer loop
      vertex -80.82802280783653 45.792736671864986 3.55
      vertex -80.79229616373777 45.97234666347504 5
      vertex -80.82802280783653 45.792736671864986 5
    endloop
  endfacet
  facet normal 0.9469301311121863 -0.32143946053939565 0
    outer loop
      vertex -80.79229616373777 45.97234666347504 3.55
      vertex -80.73343135416508 46.14575680345297 5
      vertex -80.79229616373777 45.97234666347504 5
    endloop
  endfacet
  facet normal 0.8968727395829281 -0.4422886941727235 0
    outer loop
      vertex -80.73343135416508 46.14575680345297 3.55
      vertex -80.65243557095528 46.310000002384186 5
      vertex -80.73343135416508 46.14575680345297 5
    endloop
  endfacet
  facet normal 0.8314696031820973 -0.555570246669317 0
    outer loop
      vertex -80.65243557095528 46.310000002384186 3.55
      vertex -80.55069468170404 46.462265998125076 5
      vertex -80.65243557095528 46.310000002384186 5
    endloop
  endfacet
  facet normal 0.7518398161175442 -0.6593458052496711 0
    outer loop
      vertex -80.55069468170404 46.462265998125076 3.55
      vertex -80.42994949966669 46.59994949400425 5
      vertex -80.55069468170404 46.462265998125076 5
    endloop
  endfacet
  facet normal 0.6593458052496711 -0.7518398161175442 0
    outer loop
      vertex -80.42994949966669 46.59994949400425 3.55
      vertex -80.29226600378752 46.7206946760416 5
      vertex -80.42994949966669 46.59994949400425 5
    endloop
  endfacet
  facet normal 0.555570246669317 -0.8314696031820973 0
    outer loop
      vertex -80.29226600378752 46.7206946760416 3.55
      vertex -80.14000000804663 46.822435565292835 5
      vertex -80.29226600378752 46.7206946760416 5
    endloop
  endfacet
  facet normal 0.4422886941727235 -0.8968727395829281 0
    outer loop
      vertex -80.14000000804663 46.822435565292835 3.55
      vertex -79.97575680911541 46.903431348502636 5
      vertex -80.14000000804663 46.822435565292835 5
    endloop
  endfacet
  facet normal 0.32143946053939565 -0.9469301311121863 0
    outer loop
      vertex -79.97575680911541 46.903431348502636 3.55
      vertex -79.80234666913748 46.96229615807533 5
      vertex -79.97575680911541 46.903431348502636 5
    endloop
  endfacet
  facet normal 0.1950902981818543 -0.9807852851441622 0
    outer loop
      vertex -79.80234666913748 46.96229615807533 3.55
      vertex -79.62273667752743 46.99802280217409 5
      vertex -79.80234666913748 46.96229615807533 5
    endloop
  endfacet
  facet normal 0.06540313707785685 -0.9978589227242372 0
    outer loop
      vertex -79.62273667752743 46.99802280217409 3.55
      vertex -79.4400000050664 47.00999999791384 5
      vertex -79.62273667752743 46.99802280217409 5
    endloop
  endfacet
  facet normal -0.9978589282087155 0.06540305340084455 0
    outer loop
      vertex -78.43657794594765 44.262210480868816 3.55
      vertex -78.43999999761581 44.21000000089407 5
      vertex -78.43657794594765 44.262210480868816 5
    endloop
  endfacet
  facet normal -0.9807852734670754 0.19509035688653092 0
    outer loop
      vertex -78.4263703301549 44.31352762132883 3.55
      vertex -78.43657794594765 44.262210480868816 5
      vertex -78.4263703301549 44.31352762132883 5
    endloop
  endfacet
  facet normal -0.9469301288966354 0.321439467066198 0
    outer loop
      vertex -78.4095518141985 44.363073371350765 3.55
      vertex -78.4263703301549 44.31352762132883 5
      vertex -78.4095518141985 44.363073371350765 5
    endloop
  endfacet
  facet normal -0.8968727555004395 0.4422886618952023 0
    outer loop
      vertex -78.38641016185284 44.4100000038743 3.55
      vertex -78.4095518141985 44.363073371350765 5
      vertex -78.38641016185284 44.4100000038743 5
    endloop
  endfacet
  facet normal -0.8314695592726234 0.5555703123844806 0
    outer loop
      vertex -78.35734133422375 44.45350456982851 3.55
      vertex -78.38641016185284 44.4100000038743 5
      vertex -78.35734133422375 44.45350456982851 5
    endloop
  endfacet
  facet normal -0.7518398060333287 0.6593458167485154 0
    outer loop
      vertex -78.32284270972013 44.492842711508274 3.55
      vertex -78.35734133422375 44.45350456982851 5
      vertex -78.32284270972013 44.492842711508274 5
    endloop
  endfacet
  facet normal -0.6593458167485154 0.7518398060333287 0
    outer loop
      vertex -78.28350456804037 44.52734133601189 3.55
      vertex -78.32284270972013 44.492842711508274 5
      vertex -78.28350456804037 44.52734133601189 5
    endloop
  endfacet
  facet normal -0.5555703123844806 0.8314695592726234 0
    outer loop
      vertex -78.24000000208616 44.556410163640976 3.55
      vertex -78.28350456804037 44.52734133601189 5
      vertex -78.24000000208616 44.556410163640976 5
    endloop
  endfacet
  facet normal -0.4422886618952023 0.8968727555004395 0
    outer loop
      vertex -78.19307336956263 44.57955181598663 3.55
      vertex -78.24000000208616 44.556410163640976 5
      vertex -78.19307336956263 44.57955181598663 5
    endloop
  endfacet
  facet normal -0.321439467066198 0.9469301288966354 0
    outer loop
      vertex -78.14352761954069 44.596370331943035 3.55
      vertex -78.19307336956263 44.57955181598663 5
      vertex -78.14352761954069 44.596370331943035 5
    endloop
  endfacet
  facet normal -0.19509035688653092 0.9807852734670754 0
    outer loop
      vertex -78.09221047908068 44.606577947735786 3.55
      vertex -78.14352761954069 44.596370331943035 5
      vertex -78.09221047908068 44.606577947735786 5
    endloop
  endfacet
  facet normal -0.06540305340084455 0.9978589282087155 0
    outer loop
      vertex -78.03999999910593 44.60999999940395 3.55
      vertex -78.09221047908068 44.606577947735786 5
      vertex -78.03999999910593 44.60999999940395 5
    endloop
  endfacet
  facet normal 0 0 1
    outer loop
      vertex -78.03999999910593 44.60999999940395 3.55
      vertex 78.03999999910593 44.60999999940395 3.55
      vertex -79.4400000050664 47.00999999791384 3.55
    endloop
  endfacet
  facet normal 0 1 0
    outer loop
      vertex -78.03999999910593 44.60999999940395 3.55
      vertex -78.03999999910593 44.60999999940395 5
      vertex 78.03999999910593 44.60999999940395 3.55
    endloop
  endfacet
  facet normal 0 -1 0
    outer loop
      vertex -79.4400000050664 47.00999999791384 3.55
      vertex 79.4400000050664 47.00999999791384 5
      vertex -79.4400000050664 47.00999999791384 5
    endloop
  endfacet
  facet normal 0 0 1
    outer loop
      vertex -79.4400000050664 -47.00999999791384 3.55
      vertex 79.4400000050664 -47.00999999791384 3.55
      vertex 78.03999999910593 -44.60999999940395 3.55
    endloop
  endfacet
  facet normal 0 -1 0
    outer loop
      vertex -78.03999999910593 -44.60999999940395 3.55
      vertex 78.03999999910593 -44.60999999940395 3.55
      vertex 78.03999999910593 -44.60999999940395 5
    endloop
  endfacet
  facet normal 0 1 0
    outer loop
      vertex 79.4400000050664 -47.00999999791384 3.55
      vertex -79.4400000050664 -47.00999999791384 5
      vertex 79.4400000050664 -47.00999999791384 5
    endloop
  endfacet
  facet normal 0 0 1
    outer loop
      vertex 79.4400000050664 -47.00999999791384 3.55
      vertex 79.62273667752743 -46.99802280217409 3.55
      vertex 78.24000000208616 -44.556410163640976 3.55
    endloop
  endfacet
  facet normal 0 0 1
    outer loop
      vertex 79.62273667752743 -46.99802280217409 3.55
      vertex 79.80234666913748 -46.96229615807533 3.55
      vertex 78.24000000208616 -44.556410163640976 3.55
    endloop
  endfacet
  facet normal 0 0 1
    outer loop
      vertex 79.80234666913748 -46.96229615807533 3.55
      vertex 79.97575680911541 -46.903431348502636 3.55
      vertex 78.24000000208616 -44.556410163640976 3.55
    endloop
  endfacet
  facet normal 0 0 1
    outer loop
      vertex 79.97575680911541 -46.903431348502636 3.55
      vertex 80.14000000804663 -46.822435565292835 3.55
      vertex 78.24000000208616 -44.556410163640976 3.55
    endloop
  endfacet
  facet normal 0 0 1
    outer loop
      vertex 79.4400000050664 -47.00999999791384 3.55
      vertex 78.09221047908068 -44.606577947735786 3.55
      vertex 78.03999999910593 -44.60999999940395 3.55
    endloop
  endfacet
  facet normal 0 0 1
    outer loop
      vertex 79.4400000050664 -47.00999999791384 3.55
      vertex 78.19307336956263 -44.57955181598663 3.55
      vertex 78.14352761954069 -44.596370331943035 3.55
    endloop
  endfacet
  facet normal 0 0 1
    outer loop
      vertex 79.4400000050664 -47.00999999791384 3.55
      vertex 78.14352761954069 -44.596370331943035 3.55
      vertex 78.09221047908068 -44.606577947735786 3.55
    endloop
  endfacet
  facet normal 0 0 1
    outer loop
      vertex 79.4400000050664 -47.00999999791384 3.55
      vertex 78.24000000208616 -44.556410163640976 3.55
      vertex 78.19307336956263 -44.57955181598663 3.55
    endloop
  endfacet
  facet normal 0 0 1
    outer loop
      vertex 78.24000000208616 -44.556410163640976 3.55
      vertex 80.29226600378752 -46.7206946760416 3.55
      vertex 78.28350456804037 -44.52734133601189 3.55
    endloop
  endfacet
  facet normal 0 0 1
    outer loop
      vertex 78.28350456804037 -44.52734133601189 3.55
      vertex 80.42994949966669 -46.59994949400425 3.55
      vertex 78.32284270972013 -44.492842711508274 3.55
    endloop
  endfacet
  facet normal 0 0 1
    outer loop
      vertex 78.35734133422375 -44.45350456982851 3.55
      vertex 78.32284270972013 -44.492842711508274 3.55
      vertex 80.84000000357628 -45.60999999940395 3.55
    endloop
  endfacet
  facet normal 0 0 1
    outer loop
      vertex 78.35734133422375 -44.45350456982851 3.55
      vertex 80.84000000357628 -45.60999999940395 3.55
      vertex 78.38641016185284 -44.4100000038743 3.55
    endloop
  endfacet
  facet normal 0 0 1
    outer loop
      vertex 78.38641016185284 -44.4100000038743 3.55
      vertex 80.84000000357628 -45.60999999940395 3.55
      vertex 78.4095518141985 -44.363073371350765 3.55
    endloop
  endfacet
  facet normal 0 0 1
    outer loop
      vertex 78.4095518141985 -44.363073371350765 3.55
      vertex 80.84000000357628 -45.60999999940395 3.55
      vertex 78.4263703301549 -44.31352762132883 3.55
    endloop
  endfacet
  facet normal 0 0 1
    outer loop
      vertex 78.4263703301549 -44.31352762132883 3.55
      vertex 80.84000000357628 -45.60999999940395 3.55
      vertex 78.43657794594765 -44.262210480868816 3.55
    endloop
  endfacet
  facet normal 0 0 1
    outer loop
      vertex 78.43657794594765 -44.262210480868816 3.55
      vertex 80.84000000357628 -45.60999999940395 3.55
      vertex 78.43999999761581 -44.21000000089407 3.55
    endloop
  endfacet
  facet normal 0 0 1
    outer loop
      vertex 78.24000000208616 -44.556410163640976 3.55
      vertex 80.14000000804663 -46.822435565292835 3.55
      vertex 80.29226600378752 -46.7206946760416 3.55
    endloop
  endfacet
  facet normal 0 0 1
    outer loop
      vertex 78.28350456804037 -44.52734133601189 3.55
      vertex 80.29226600378752 -46.7206946760416 3.55
      vertex 80.42994949966669 -46.59994949400425 3.55
    endloop
  endfacet
  facet normal 0 0 1
    outer loop
      vertex 78.32284270972013 -44.492842711508274 3.55
      vertex 80.42994949966669 -46.59994949400425 3.55
      vertex 80.55069468170404 -46.462265998125076 3.55
    endloop
  endfacet
  facet normal 0 0 1
    outer loop
      vertex 78.32284270972013 -44.492842711508274 3.55
      vertex 80.55069468170404 -46.462265998125076 3.55
      vertex 80.65243557095528 -46.310000002384186 3.55
    endloop
  endfacet
  facet normal 0 0 1
    outer loop
      vertex 78.32284270972013 -44.492842711508274 3.55
      vertex 80.65243557095528 -46.310000002384186 3.55
      vertex 80.73343135416508 -46.14575680345297 3.55
    endloop
  endfacet
  facet normal 0 0 1
    outer loop
      vertex 78.32284270972013 -44.492842711508274 3.55
      vertex 80.73343135416508 -46.14575680345297 3.55
      vertex 80.79229616373777 -45.97234666347504 3.55
    endloop
  endfacet
  facet normal 0 0 1
    outer loop
      vertex 78.32284270972013 -44.492842711508274 3.55
      vertex 80.79229616373777 -45.97234666347504 3.55
      vertex 80.82802280783653 -45.792736671864986 3.55
    endloop
  endfacet
  facet normal 0 0 1
    outer loop
      vertex 78.32284270972013 -44.492842711508274 3.55
      vertex 80.82802280783653 -45.792736671864986 3.55
      vertex 80.84000000357628 -45.60999999940395 3.55
    endloop
  endfacet
  facet normal -0.06540313707785685 0.9978589227242372 0
    outer loop
      vertex 79.4400000050664 -47.00999999791384 3.55
      vertex 79.4400000050664 -47.00999999791384 5
      vertex 79.62273667752743 -46.99802280217409 3.55
    endloop
  endfacet
  facet normal 0.06540305340084455 -0.9978589282087155 0
    outer loop
      vertex 78.03999999910593 -44.60999999940395 3.55
      vertex 78.09221047908068 -44.606577947735786 3.55
      vertex 78.09221047908068 -44.606577947735786 5
    endloop
  endfacet
  facet normal 0.19509035688653092 -0.9807852734670754 0
    outer loop
      vertex 78.14352761954069 -44.596370331943035 3.55
      vertex 78.14352761954069 -44.596370331943035 5
      vertex 78.09221047908068 -44.606577947735786 3.55
    endloop
  endfacet
  facet normal 0.321439467066198 -0.9469301288966354 0
    outer loop
      vertex 78.14352761954069 -44.596370331943035 3.55
      vertex 78.19307336956263 -44.57955181598663 3.55
      vertex 78.19307336956263 -44.57955181598663 5
    endloop
  endfacet
  facet normal 0.5555703123844806 -0.8314695592726234 0
    outer loop
      vertex 78.24000000208616 -44.556410163640976 3.55
      vertex 78.28350456804037 -44.52734133601189 3.55
      vertex 78.28350456804037 -44.52734133601189 5
    endloop
  endfacet
  facet normal 0.4422886618952023 -0.8968727555004395 0
    outer loop
      vertex 78.24000000208616 -44.556410163640976 3.55
      vertex 78.24000000208616 -44.556410163640976 5
      vertex 78.19307336956263 -44.57955181598663 3.55
    endloop
  endfacet
  facet normal 0.6593458167485154 -0.7518398060333287 0
    outer loop
      vertex 78.28350456804037 -44.52734133601189 3.55
      vertex 78.32284270972013 -44.492842711508274 3.55
      vertex 78.32284270972013 -44.492842711508274 5
    endloop
  endfacet
  facet normal 0.7518398060333287 -0.6593458167485154 0
    outer loop
      vertex 78.35734133422375 -44.45350456982851 3.55
      vertex 78.35734133422375 -44.45350456982851 5
      vertex 78.32284270972013 -44.492842711508274 3.55
    endloop
  endfacet
  facet normal 0.8314695592726234 -0.5555703123844806 0
    outer loop
      vertex 78.35734133422375 -44.45350456982851 3.55
      vertex 78.38641016185284 -44.4100000038743 3.55
      vertex 78.38641016185284 -44.4100000038743 5
    endloop
  endfacet
  facet normal 0.8968727555004395 -0.4422886618952023 0
    outer loop
      vertex 78.38641016185284 -44.4100000038743 3.55
      vertex 78.4095518141985 -44.363073371350765 3.55
      vertex 78.4095518141985 -44.363073371350765 5
    endloop
  endfacet
  facet normal 0.9807852734670754 -0.19509035688653092 0
    outer loop
      vertex 78.4263703301549 -44.31352762132883 3.55
      vertex 78.43657794594765 -44.262210480868816 3.55
      vertex 78.43657794594765 -44.262210480868816 5
    endloop
  endfacet
  facet normal 0.9469301288966354 -0.321439467066198 0
    outer loop
      vertex 78.4095518141985 -44.363073371350765 3.55
      vertex 78.4263703301549 -44.31352762132883 3.55
      vertex 78.4263703301549 -44.31352762132883 5
    endloop
  endfacet
  facet normal 0.9978589282087155 -0.06540305340084455 0
    outer loop
      vertex 78.43657794594765 -44.262210480868816 3.55
      vertex 78.43999999761581 -44.21000000089407 3.55
      vertex 78.43999999761581 -44.21000000089407 5
    endloop
  endfacet
  facet normal -0.1950902981818543 0.9807852851441622 0
    outer loop
      vertex 79.62273667752743 -46.99802280217409 3.55
      vertex 79.62273667752743 -46.99802280217409 5
      vertex 79.80234666913748 -46.96229615807533 3.55
    endloop
  endfacet
  facet normal -0.32143946053939565 0.9469301311121863 0
    outer loop
      vertex 79.80234666913748 -46.96229615807533 3.55
      vertex 79.80234666913748 -46.96229615807533 5
      vertex 79.97575680911541 -46.903431348502636 3.55
    endloop
  endfacet
  facet normal -0.4422886941727235 0.8968727395829281 0
    outer loop
      vertex 79.97575680911541 -46.903431348502636 3.55
      vertex 79.97575680911541 -46.903431348502636 5
      vertex 80.14000000804663 -46.822435565292835 3.55
    endloop
  endfacet
  facet normal -0.555570246669317 0.8314696031820973 0
    outer loop
      vertex 80.14000000804663 -46.822435565292835 3.55
      vertex 80.14000000804663 -46.822435565292835 5
      vertex 80.29226600378752 -46.7206946760416 3.55
    endloop
  endfacet
  facet normal -0.6593458052496711 0.7518398161175442 0
    outer loop
      vertex 80.29226600378752 -46.7206946760416 3.55
      vertex 80.29226600378752 -46.7206946760416 5
      vertex 80.42994949966669 -46.59994949400425 3.55
    endloop
  endfacet
  facet normal -0.7518398161175442 0.6593458052496711 0
    outer loop
      vertex 80.42994949966669 -46.59994949400425 3.55
      vertex 80.42994949966669 -46.59994949400425 5
      vertex 80.55069468170404 -46.462265998125076 3.55
    endloop
  endfacet
  facet normal -0.8314696031820973 0.555570246669317 0
    outer loop
      vertex 80.55069468170404 -46.462265998125076 3.55
      vertex 80.55069468170404 -46.462265998125076 5
      vertex 80.65243557095528 -46.310000002384186 3.55
    endloop
  endfacet
  facet normal -0.8968727395829281 0.4422886941727235 0
    outer loop
      vertex 80.65243557095528 -46.310000002384186 3.55
      vertex 80.65243557095528 -46.310000002384186 5
      vertex 80.73343135416508 -46.14575680345297 3.55
    endloop
  endfacet
  facet normal -0.9469301311121863 0.32143946053939565 0
    outer loop
      vertex 80.73343135416508 -46.14575680345297 3.55
      vertex 80.73343135416508 -46.14575680345297 5
      vertex 80.79229616373777 -45.97234666347504 3.55
    endloop
  endfacet
  facet normal -0.9807852851441622 0.1950902981818543 0
    outer loop
      vertex 80.79229616373777 -45.97234666347504 3.55
      vertex 80.79229616373777 -45.97234666347504 5
      vertex 80.82802280783653 -45.792736671864986 3.55
    endloop
  endfacet
  facet normal -0.9978589227242372 0.06540313707785685 0
    outer loop
      vertex 80.82802280783653 -45.792736671864986 3.55
      vertex 80.82802280783653 -45.792736671864986 5
      vertex 80.84000000357628 -45.60999999940395 3.55
    endloop
  endfacet
  facet normal 0.06540305340084455 -0.9978589282087155 0
    outer loop
      vertex 78.03999999910593 -44.60999999940395 3.55
      vertex 78.09221047908068 -44.606577947735786 5
      vertex 78.03999999910593 -44.60999999940395 5
    endloop
  endfacet
  facet normal 0.19509035688653092 -0.9807852734670754 0
    outer loop
      vertex 78.09221047908068 -44.606577947735786 3.55
      vertex 78.14352761954069 -44.596370331943035 5
      vertex 78.09221047908068 -44.606577947735786 5
    endloop
  endfacet
  facet normal 0.321439467066198 -0.9469301288966354 0
    outer loop
      vertex 78.14352761954069 -44.596370331943035 3.55
      vertex 78.19307336956263 -44.57955181598663 5
      vertex 78.14352761954069 -44.596370331943035 5
    endloop
  endfacet
  facet normal 0.5555703123844806 -0.8314695592726234 0
    outer loop
      vertex 78.24000000208616 -44.556410163640976 3.55
      vertex 78.28350456804037 -44.52734133601189 5
      vertex 78.24000000208616 -44.556410163640976 5
    endloop
  endfacet
  facet normal 0.4422886618952023 -0.8968727555004395 0
    outer loop
      vertex 78.19307336956263 -44.57955181598663 3.55
      vertex 78.24000000208616 -44.556410163640976 5
      vertex 78.19307336956263 -44.57955181598663 5
    endloop
  endfacet
  facet normal 0.6593458167485154 -0.7518398060333287 0
    outer loop
      vertex 78.28350456804037 -44.52734133601189 3.55
      vertex 78.32284270972013 -44.492842711508274 5
      vertex 78.28350456804037 -44.52734133601189 5
    endloop
  endfacet
  facet normal 0.7518398060333287 -0.6593458167485154 0
    outer loop
      vertex 78.32284270972013 -44.492842711508274 3.55
      vertex 78.35734133422375 -44.45350456982851 5
      vertex 78.32284270972013 -44.492842711508274 5
    endloop
  endfacet
  facet normal 0.8314695592726234 -0.5555703123844806 0
    outer loop
      vertex 78.35734133422375 -44.45350456982851 3.55
      vertex 78.38641016185284 -44.4100000038743 5
      vertex 78.35734133422375 -44.45350456982851 5
    endloop
  endfacet
  facet normal 0.8968727555004395 -0.4422886618952023 0
    outer loop
      vertex 78.38641016185284 -44.4100000038743 3.55
      vertex 78.4095518141985 -44.363073371350765 5
      vertex 78.38641016185284 -44.4100000038743 5
    endloop
  endfacet
  facet normal 0.9807852734670754 -0.19509035688653092 0
    outer loop
      vertex 78.4263703301549 -44.31352762132883 3.55
      vertex 78.43657794594765 -44.262210480868816 5
      vertex 78.4263703301549 -44.31352762132883 5
    endloop
  endfacet
  facet normal 0.9469301288966354 -0.321439467066198 0
    outer loop
      vertex 78.4095518141985 -44.363073371350765 3.55
      vertex 78.4263703301549 -44.31352762132883 5
      vertex 78.4095518141985 -44.363073371350765 5
    endloop
  endfacet
  facet normal 0.9978589282087155 -0.06540305340084455 0
    outer loop
      vertex 78.43657794594765 -44.262210480868816 3.55
      vertex 78.43999999761581 -44.21000000089407 5
      vertex 78.43657794594765 -44.262210480868816 5
    endloop
  endfacet
  facet normal -0.06540313707785685 0.9978589227242372 0
    outer loop
      vertex 79.62273667752743 -46.99802280217409 3.55
      vertex 79.4400000050664 -47.00999999791384 5
      vertex 79.62273667752743 -46.99802280217409 5
    endloop
  endfacet
  facet normal -0.1950902981818543 0.9807852851441622 0
    outer loop
      vertex 79.80234666913748 -46.96229615807533 3.55
      vertex 79.62273667752743 -46.99802280217409 5
      vertex 79.80234666913748 -46.96229615807533 5
    endloop
  endfacet
  facet normal -0.32143946053939565 0.9469301311121863 0
    outer loop
      vertex 79.97575680911541 -46.903431348502636 3.55
      vertex 79.80234666913748 -46.96229615807533 5
      vertex 79.97575680911541 -46.903431348502636 5
    endloop
  endfacet
  facet normal -0.4422886941727235 0.8968727395829281 0
    outer loop
      vertex 80.14000000804663 -46.822435565292835 3.55
      vertex 79.97575680911541 -46.903431348502636 5
      vertex 80.14000000804663 -46.822435565292835 5
    endloop
  endfacet
  facet normal -0.555570246669317 0.8314696031820973 0
    outer loop
      vertex 80.29226600378752 -46.7206946760416 3.55
      vertex 80.14000000804663 -46.822435565292835 5
      vertex 80.29226600378752 -46.7206946760416 5
    endloop
  endfacet
  facet normal -0.6593458052496711 0.7518398161175442 0
    outer loop
      vertex 80.42994949966669 -46.59994949400425 3.55
      vertex 80.29226600378752 -46.7206946760416 5
      vertex 80.42994949966669 -46.59994949400425 5
    endloop
  endfacet
  facet normal -0.7518398161175442 0.6593458052496711 0
    outer loop
      vertex 80.55069468170404 -46.462265998125076 3.55
      vertex 80.42994949966669 -46.59994949400425 5
      vertex 80.55069468170404 -46.462265998125076 5
    endloop
  endfacet
  facet normal -0.8314696031820973 0.555570246669317 0
    outer loop
      vertex 80.65243557095528 -46.310000002384186 3.55
      vertex 80.55069468170404 -46.462265998125076 5
      vertex 80.65243557095528 -46.310000002384186 5
    endloop
  endfacet
  facet normal -0.8968727395829281 0.4422886941727235 0
    outer loop
      vertex 80.73343135416508 -46.14575680345297 3.55
      vertex 80.65243557095528 -46.310000002384186 5
      vertex 80.73343135416508 -46.14575680345297 5
    endloop
  endfacet
  facet normal -0.9469301311121863 0.32143946053939565 0
    outer loop
      vertex 80.79229616373777 -45.97234666347504 3.55
      vertex 80.73343135416508 -46.14575680345297 5
      vertex 80.79229616373777 -45.97234666347504 5
    endloop
  endfacet
  facet normal -0.9807852851441622 0.1950902981818543 0
    outer loop
      vertex 80.82802280783653 -45.792736671864986 3.55
      vertex 80.79229616373777 -45.97234666347504 5
      vertex 80.82802280783653 -45.792736671864986 5
    endloop
  endfacet
  facet normal -0.9978589227242372 0.06540313707785685 0
    outer loop
      vertex 80.84000000357628 -45.60999999940395 3.55
      vertex 80.82802280783653 -45.792736671864986 5
      vertex 80.84000000357628 -45.60999999940395 5
    endloop
  endfacet
  facet normal 0 0 1
    outer loop
      vertex 78.43999999761581 -44.21000000089407 3.55
      vertex 80.84000000357628 -45.60999999940395 3.55
      vertex 78.43999999761581 44.21000000089407 3.55
    endloop
  endfacet
  facet normal -1 0 0
    outer loop
      vertex 80.84000000357628 -45.60999999940395 3.55
      vertex 80.84000000357628 -45.60999999940395 5
      vertex 80.84000000357628 45.60999999940395 3.55
    endloop
  endfacet
  facet normal 1 0 0
    outer loop
      vertex 78.43999999761581 -44.21000000089407 3.55
      vertex 78.43999999761581 44.21000000089407 5
      vertex 78.43999999761581 -44.21000000089407 5
    endloop
  endfacet
  facet normal 0 0 1
    outer loop
      vertex -79.4400000050664 47.00999999791384 3.55
      vertex 78.03999999910593 44.60999999940395 3.55
      vertex 79.4400000050664 47.00999999791384 3.55
    endloop
  endfacet
  facet normal 0 -1 0
    outer loop
      vertex -79.4400000050664 47.00999999791384 3.55
      vertex 79.4400000050664 47.00999999791384 3.55
      vertex 79.4400000050664 47.00999999791384 5
    endloop
  endfacet
  facet normal 0 1 0
    outer loop
      vertex 78.03999999910593 44.60999999940395 3.55
      vertex -78.03999999910593 44.60999999940395 5
      vertex 78.03999999910593 44.60999999940395 5
    endloop
  endfacet
  facet normal 0 0 1
    outer loop
      vertex 80.84000000357628 -45.60999999940395 3.55
      vertex 80.84000000357628 45.60999999940395 3.55
      vertex 78.43999999761581 44.21000000089407 3.55
    endloop
  endfacet
  facet normal 1 0 0
    outer loop
      vertex 78.43999999761581 -44.21000000089407 3.55
      vertex 78.43999999761581 44.21000000089407 3.55
      vertex 78.43999999761581 44.21000000089407 5
    endloop
  endfacet
  facet normal -1 0 0
    outer loop
      vertex 80.84000000357628 45.60999999940395 3.55
      vertex 80.84000000357628 -45.60999999940395 5
      vertex 80.84000000357628 45.60999999940395 5
    endloop
  endfacet
  facet normal 0 0 1
    outer loop
      vertex 78.19307336956263 44.57955181598663 3.55
      vertex 78.24000000208616 44.556410163640976 3.55
      vertex 79.4400000050664 47.00999999791384 3.55
    endloop
  endfacet
  facet normal 0 0 1
    outer loop
      vertex 78.03999999910593 44.60999999940395 3.55
      vertex 78.09221047908068 44.606577947735786 3.55
      vertex 79.4400000050664 47.00999999791384 3.55
    endloop
  endfacet
  facet normal 0 0 1
    outer loop
      vertex 78.14352761954069 44.596370331943035 3.55
      vertex 78.19307336956263 44.57955181598663 3.55
      vertex 79.4400000050664 47.00999999791384 3.55
    endloop
  endfacet
  facet normal 0 0 1
    outer loop
      vertex 78.09221047908068 44.606577947735786 3.55
      vertex 78.14352761954069 44.596370331943035 3.55
      vertex 79.4400000050664 47.00999999791384 3.55
    endloop
  endfacet
  facet normal 0 0 1
    outer loop
      vertex 78.43999999761581 44.21000000089407 3.55
      vertex 80.84000000357628 45.60999999940395 3.55
      vertex 78.43657794594765 44.262210480868816 3.55
    endloop
  endfacet
  facet normal 0 0 1
    outer loop
      vertex 78.43657794594765 44.262210480868816 3.55
      vertex 80.84000000357628 45.60999999940395 3.55
      vertex 78.4263703301549 44.31352762132883 3.55
    endloop
  endfacet
  facet normal 0 0 1
    outer loop
      vertex 78.32284270972013 44.492842711508274 3.55
      vertex 78.35734133422375 44.45350456982851 3.55
      vertex 80.84000000357628 45.60999999940395 3.55
    endloop
  endfacet
  facet normal 0 0 1
    outer loop
      vertex 78.4263703301549 44.31352762132883 3.55
      vertex 80.84000000357628 45.60999999940395 3.55
      vertex 78.4095518141985 44.363073371350765 3.55
    endloop
  endfacet
  facet normal 0 0 1
    outer loop
      vertex 78.4095518141985 44.363073371350765 3.55
      vertex 80.84000000357628 45.60999999940395 3.55
      vertex 78.38641016185284 44.4100000038743 3.55
    endloop
  endfacet
  facet normal 0 0 1
    outer loop
      vertex 78.38641016185284 44.4100000038743 3.55
      vertex 80.84000000357628 45.60999999940395 3.55
      vertex 78.35734133422375 44.45350456982851 3.55
    endloop
  endfacet
  facet normal 0 0 1
    outer loop
      vertex 78.32284270972013 44.492842711508274 3.55
      vertex 80.42994949966669 46.59994949400425 3.55
      vertex 78.28350456804037 44.52734133601189 3.55
    endloop
  endfacet
  facet normal 0 0 1
    outer loop
      vertex 78.24000000208616 44.556410163640976 3.55
      vertex 78.28350456804037 44.52734133601189 3.55
      vertex 80.29226600378752 46.7206946760416 3.55
    endloop
  endfacet
  facet normal 0 0 1
    outer loop
      vertex 78.24000000208616 44.556410163640976 3.55
      vertex 79.97575680911541 46.903431348502636 3.55
      vertex 79.80234666913748 46.96229615807533 3.55
    endloop
  endfacet
  facet normal 0 0 1
    outer loop
      vertex 78.24000000208616 44.556410163640976 3.55
      vertex 80.14000000804663 46.822435565292835 3.55
      vertex 79.97575680911541 46.903431348502636 3.55
    endloop
  endfacet
  facet normal 0 0 1
    outer loop
      vertex 78.24000000208616 44.556410163640976 3.55
      vertex 79.62273667752743 46.99802280217409 3.55
      vertex 79.4400000050664 47.00999999791384 3.55
    endloop
  endfacet
  facet normal 0 0 1
    outer loop
      vertex 78.24000000208616 44.556410163640976 3.55
      vertex 79.80234666913748 46.96229615807533 3.55
      vertex 79.62273667752743 46.99802280217409 3.55
    endloop
  endfacet
  facet normal 0 0 1
    outer loop
      vertex 78.32284270972013 44.492842711508274 3.55
      vertex 80.84000000357628 45.60999999940395 3.55
      vertex 80.82802280783653 45.792736671864986 3.55
    endloop
  endfacet
  facet normal 0 0 1
    outer loop
      vertex 78.32284270972013 44.492842711508274 3.55
      vertex 80.82802280783653 45.792736671864986 3.55
      vertex 80.79229616373777 45.97234666347504 3.55
    endloop
  endfacet
  facet normal 0 0 1
    outer loop
      vertex 78.32284270972013 44.492842711508274 3.55
      vertex 80.79229616373777 45.97234666347504 3.55
      vertex 80.73343135416508 46.14575680345297 3.55
    endloop
  endfacet
  facet normal 0 0 1
    outer loop
      vertex 78.32284270972013 44.492842711508274 3.55
      vertex 80.73343135416508 46.14575680345297 3.55
      vertex 80.65243557095528 46.310000002384186 3.55
    endloop
  endfacet
  facet normal 0 0 1
    outer loop
      vertex 78.32284270972013 44.492842711508274 3.55
      vertex 80.65243557095528 46.310000002384186 3.55
      vertex 80.55069468170404 46.462265998125076 3.55
    endloop
  endfacet
  facet normal 0 0 1
    outer loop
      vertex 78.32284270972013 44.492842711508274 3.55
      vertex 80.55069468170404 46.462265998125076 3.55
      vertex 80.42994949966669 46.59994949400425 3.55
    endloop
  endfacet
  facet normal 0 0 1
    outer loop
      vertex 78.24000000208616 44.556410163640976 3.55
      vertex 80.29226600378752 46.7206946760416 3.55
      vertex 80.14000000804663 46.822435565292835 3.55
    endloop
  endfacet
  facet normal 0 0 1
    outer loop
      vertex 78.28350456804037 44.52734133601189 3.55
      vertex 80.42994949966669 46.59994949400425 3.55
      vertex 80.29226600378752 46.7206946760416 3.55
    endloop
  endfacet
  facet normal 0.06540305340084455 0.9978589282087155 0
    outer loop
      vertex 78.03999999910593 44.60999999940395 3.55
      vertex 78.03999999910593 44.60999999940395 5
      vertex 78.09221047908068 44.606577947735786 3.55
    endloop
  endfacet
  facet normal 0.19509035688653092 0.9807852734670754 0
    outer loop
      vertex 78.09221047908068 44.606577947735786 3.55
      vertex 78.09221047908068 44.606577947735786 5
      vertex 78.14352761954069 44.596370331943035 3.55
    endloop
  endfacet
  facet normal 0.321439467066198 0.9469301288966354 0
    outer loop
      vertex 78.14352761954069 44.596370331943035 3.55
      vertex 78.14352761954069 44.596370331943035 5
      vertex 78.19307336956263 44.57955181598663 3.55
    endloop
  endfacet
  facet normal 0.7518398060333287 0.6593458167485154 0
    outer loop
      vertex 78.32284270972013 44.492842711508274 3.55
      vertex 78.32284270972013 44.492842711508274 5
      vertex 78.35734133422375 44.45350456982851 3.55
    endloop
  endfacet
  facet normal 0.4422886618952023 0.8968727555004395 0
    outer loop
      vertex 78.19307336956263 44.57955181598663 3.55
      vertex 78.19307336956263 44.57955181598663 5
      vertex 78.24000000208616 44.556410163640976 3.55
    endloop
  endfacet
  facet normal 0.6593458167485154 0.7518398060333287 0
    outer loop
      vertex 78.32284270972013 44.492842711508274 3.55
      vertex 78.28350456804037 44.52734133601189 3.55
      vertex 78.28350456804037 44.52734133601189 5
    endloop
  endfacet
  facet normal 0.5555703123844806 0.8314695592726234 0
    outer loop
      vertex 78.24000000208616 44.556410163640976 3.55
      vertex 78.24000000208616 44.556410163640976 5
      vertex 78.28350456804037 44.52734133601189 3.55
    endloop
  endfacet
  facet normal 0.9978589282087155 0.06540305340084455 0
    outer loop
      vertex 78.43999999761581 44.21000000089407 3.55
      vertex 78.43657794594765 44.262210480868816 3.55
      vertex 78.43657794594765 44.262210480868816 5
    endloop
  endfacet
  facet normal 0.9469301288966354 0.321439467066198 0
    outer loop
      vertex 78.4263703301549 44.31352762132883 3.55
      vertex 78.4095518141985 44.363073371350765 3.55
      vertex 78.4095518141985 44.363073371350765 5
    endloop
  endfacet
  facet normal 0.9807852734670754 0.19509035688653092 0
    outer loop
      vertex 78.43657794594765 44.262210480868816 3.55
      vertex 78.4263703301549 44.31352762132883 3.55
      vertex 78.4263703301549 44.31352762132883 5
    endloop
  endfacet
  facet normal 0.8968727555004395 0.4422886618952023 0
    outer loop
      vertex 78.4095518141985 44.363073371350765 3.55
      vertex 78.38641016185284 44.4100000038743 3.55
      vertex 78.38641016185284 44.4100000038743 5
    endloop
  endfacet
  facet normal 0.8314695592726234 0.5555703123844806 0
    outer loop
      vertex 78.38641016185284 44.4100000038743 3.55
      vertex 78.35734133422375 44.45350456982851 3.55
      vertex 78.35734133422375 44.45350456982851 5
    endloop
  endfacet
  facet normal -0.9978589227242372 -0.06540313707785685 0
    outer loop
      vertex 80.84000000357628 45.60999999940395 3.55
      vertex 80.84000000357628 45.60999999940395 5
      vertex 80.82802280783653 45.792736671864986 3.55
    endloop
  endfacet
  facet normal -0.9807852851441622 -0.1950902981818543 0
    outer loop
      vertex 80.82802280783653 45.792736671864986 3.55
      vertex 80.82802280783653 45.792736671864986 5
      vertex 80.79229616373777 45.97234666347504 3.55
    endloop
  endfacet
  facet normal -0.9469301311121863 -0.32143946053939565 0
    outer loop
      vertex 80.79229616373777 45.97234666347504 3.55
      vertex 80.79229616373777 45.97234666347504 5
      vertex 80.73343135416508 46.14575680345297 3.55
    endloop
  endfacet
  facet normal -0.8314696031820973 -0.555570246669317 0
    outer loop
      vertex 80.65243557095528 46.310000002384186 3.55
      vertex 80.65243557095528 46.310000002384186 5
      vertex 80.55069468170404 46.462265998125076 3.55
    endloop
  endfacet
  facet normal -0.6593458052496711 -0.7518398161175442 0
    outer loop
      vertex 80.42994949966669 46.59994949400425 3.55
      vertex 80.42994949966669 46.59994949400425 5
      vertex 80.29226600378752 46.7206946760416 3.55
    endloop
  endfacet
  facet normal -0.7518398161175442 -0.6593458052496711 0
    outer loop
      vertex 80.42994949966669 46.59994949400425 3.55
      vertex 80.55069468170404 46.462265998125076 3.55
      vertex 80.55069468170404 46.462265998125076 5
    endloop
  endfacet
  facet normal -0.8968727395829281 -0.4422886941727235 0
    outer loop
      vertex 80.65243557095528 46.310000002384186 3.55
      vertex 80.73343135416508 46.14575680345297 3.55
      vertex 80.73343135416508 46.14575680345297 5
    endloop
  endfacet
  facet normal -0.06540313707785685 -0.9978589227242372 0
    outer loop
      vertex 79.4400000050664 47.00999999791384 3.55
      vertex 79.62273667752743 46.99802280217409 3.55
      vertex 79.62273667752743 46.99802280217409 5
    endloop
  endfacet
  facet normal -0.1950902981818543 -0.9807852851441622 0
    outer loop
      vertex 79.62273667752743 46.99802280217409 3.55
      vertex 79.80234666913748 46.96229615807533 3.55
      vertex 79.80234666913748 46.96229615807533 5
    endloop
  endfacet
  facet normal -0.32143946053939565 -0.9469301311121863 0
    outer loop
      vertex 79.80234666913748 46.96229615807533 3.55
      vertex 79.97575680911541 46.903431348502636 3.55
      vertex 79.97575680911541 46.903431348502636 5
    endloop
  endfacet
  facet normal -0.555570246669317 -0.8314696031820973 0
    outer loop
      vertex 80.29226600378752 46.7206946760416 3.55
      vertex 80.29226600378752 46.7206946760416 5
      vertex 80.14000000804663 46.822435565292835 3.55
    endloop
  endfacet
  facet normal -0.4422886941727235 -0.8968727395829281 0
    outer loop
      vertex 79.97575680911541 46.903431348502636 3.55
      vertex 80.14000000804663 46.822435565292835 3.55
      vertex 80.14000000804663 46.822435565292835 5
    endloop
  endfacet
  facet normal 0.06540305340084455 0.9978589282087155 0
    outer loop
      vertex 78.09221047908068 44.606577947735786 3.55
      vertex 78.03999999910593 44.60999999940395 5
      vertex 78.09221047908068 44.606577947735786 5
    endloop
  endfacet
  facet normal 0.19509035688653092 0.9807852734670754 0
    outer loop
      vertex 78.14352761954069 44.596370331943035 3.55
      vertex 78.09221047908068 44.606577947735786 5
      vertex 78.14352761954069 44.596370331943035 5
    endloop
  endfacet
  facet normal 0.7518398060333287 0.6593458167485154 0
    outer loop
      vertex 78.35734133422375 44.45350456982851 3.55
      vertex 78.32284270972013 44.492842711508274 5
      vertex 78.35734133422375 44.45350456982851 5
    endloop
  endfacet
  facet normal 0.321439467066198 0.9469301288966354 0
    outer loop
      vertex 78.19307336956263 44.57955181598663 3.55
      vertex 78.14352761954069 44.596370331943035 5
      vertex 78.19307336956263 44.57955181598663 5
    endloop
  endfacet
  facet normal 0.4422886618952023 0.8968727555004395 0
    outer loop
      vertex 78.24000000208616 44.556410163640976 3.55
      vertex 78.19307336956263 44.57955181598663 5
      vertex 78.24000000208616 44.556410163640976 5
    endloop
  endfacet
  facet normal 0.6593458167485154 0.7518398060333287 0
    outer loop
      vertex 78.32284270972013 44.492842711508274 3.55
      vertex 78.28350456804037 44.52734133601189 5
      vertex 78.32284270972013 44.492842711508274 5
    endloop
  endfacet
  facet normal 0.5555703123844806 0.8314695592726234 0
    outer loop
      vertex 78.28350456804037 44.52734133601189 3.55
      vertex 78.24000000208616 44.556410163640976 5
      vertex 78.28350456804037 44.52734133601189 5
    endloop
  endfacet
  facet normal 0.9978589282087155 0.06540305340084455 0
    outer loop
      vertex 78.43999999761581 44.21000000089407 3.55
      vertex 78.43657794594765 44.262210480868816 5
      vertex 78.43999999761581 44.21000000089407 5
    endloop
  endfacet
  facet normal 0.9469301288966354 0.321439467066198 0
    outer loop
      vertex 78.4263703301549 44.31352762132883 3.55
      vertex 78.4095518141985 44.363073371350765 5
      vertex 78.4263703301549 44.31352762132883 5
    endloop
  endfacet
  facet normal 0.9807852734670754 0.19509035688653092 0
    outer loop
      vertex 78.43657794594765 44.262210480868816 3.55
      vertex 78.4263703301549 44.31352762132883 5
      vertex 78.43657794594765 44.262210480868816 5
    endloop
  endfacet
  facet normal 0.8968727555004395 0.4422886618952023 0
    outer loop
      vertex 78.4095518141985 44.363073371350765 3.55
      vertex 78.38641016185284 44.4100000038743 5
      vertex 78.4095518141985 44.363073371350765 5
    endloop
  endfacet
  facet normal 0.8314695592726234 0.5555703123844806 0
    outer loop
      vertex 78.38641016185284 44.4100000038743 3.55
      vertex 78.35734133422375 44.45350456982851 5
      vertex 78.38641016185284 44.4100000038743 5
    endloop
  endfacet
  facet normal -0.06540313707785685 -0.9978589227242372 0
    outer loop
      vertex 79.4400000050664 47.00999999791384 3.55
      vertex 79.62273667752743 46.99802280217409 5
      vertex 79.4400000050664 47.00999999791384 5
    endloop
  endfacet
  facet normal -0.9978589227242372 -0.06540313707785685 0
    outer loop
      vertex 80.82802280783653 45.792736671864986 3.55
      vertex 80.84000000357628 45.60999999940395 5
      vertex 80.82802280783653 45.792736671864986 5
    endloop
  endfacet
  facet normal -0.9807852851441622 -0.1950902981818543 0
    outer loop
      vertex 80.79229616373777 45.97234666347504 3.55
      vertex 80.82802280783653 45.792736671864986 5
      vertex 80.79229616373777 45.97234666347504 5
    endloop
  endfacet
  facet normal -0.9469301311121863 -0.32143946053939565 0
    outer loop
      vertex 80.73343135416508 46.14575680345297 3.55
      vertex 80.79229616373777 45.97234666347504 5
      vertex 80.73343135416508 46.14575680345297 5
    endloop
  endfacet
  facet normal -0.8314696031820973 -0.555570246669317 0
    outer loop
      vertex 80.55069468170404 46.462265998125076 3.55
      vertex 80.65243557095528 46.310000002384186 5
      vertex 80.55069468170404 46.462265998125076 5
    endloop
  endfacet
  facet normal -0.6593458052496711 -0.7518398161175442 0
    outer loop
      vertex 80.29226600378752 46.7206946760416 3.55
      vertex 80.42994949966669 46.59994949400425 5
      vertex 80.29226600378752 46.7206946760416 5
    endloop
  endfacet
  facet normal -0.7518398161175442 -0.6593458052496711 0
    outer loop
      vertex 80.42994949966669 46.59994949400425 3.55
      vertex 80.55069468170404 46.462265998125076 5
      vertex 80.42994949966669 46.59994949400425 5
    endloop
  endfacet
  facet normal -0.8968727395829281 -0.4422886941727235 0
    outer loop
      vertex 80.65243557095528 46.310000002384186 3.55
      vertex 80.73343135416508 46.14575680345297 5
      vertex 80.65243557095528 46.310000002384186 5
    endloop
  endfacet
  facet normal -0.32143946053939565 -0.9469301311121863 0
    outer loop
      vertex 79.80234666913748 46.96229615807533 3.55
      vertex 79.97575680911541 46.903431348502636 5
      vertex 79.80234666913748 46.96229615807533 5
    endloop
  endfacet
  facet normal -0.1950902981818543 -0.9807852851441622 0
    outer loop
      vertex 79.62273667752743 46.99802280217409 3.55
      vertex 79.80234666913748 46.96229615807533 5
      vertex 79.62273667752743 46.99802280217409 5
    endloop
  endfacet
  facet normal -0.4422886941727235 -0.8968727395829281 0
    outer loop
      vertex 79.97575680911541 46.903431348502636 3.55
      vertex 80.14000000804663 46.822435565292835 5
      vertex 79.97575680911541 46.903431348502636 5
    endloop
  endfacet
  facet normal -0.555570246669317 -0.8314696031820973 0
    outer loop
      vertex 80.14000000804663 46.822435565292835 3.55
      vertex 80.29226600378752 46.7206946760416 5
      vertex 80.14000000804663 46.822435565292835 5
    endloop
  endfacet
endsolid OpenSCAD_Model
